,0
EEF1A1,0.0024296044813362
S100A6,0.0022578322924432
B2M,0.0020675115337538
PTMA,0.0019850228551336
TMSB10,0.0019049164091198
SNCG,0.0018839783590364
HLA-B,0.0018675194959258
CD63,0.0017469776145812
FTH1,0.0017236843692754
CD74,0.0017149655547809
GSTP1,0.0017120799937407
CFB,0.0017076846761794
ACTB,0.0016937550846896
HSP90AB1,0.0016826559782641
H3F3A,0.0016724369170729
ATP1B1,0.001669125461916
CSTB,0.0016078942141905
TPT1,0.0015915343161394
HSP90AA1,0.0015757898363734
HLA-A,0.0015617808661638
SSR4,0.0015021785656304
HLA-DRA,0.0014994717988088
PRDX1,0.0014884887860759
EEF1G,0.0014843829474499
IGFBP2,0.0014831169913089
LCN2,0.0014539776262777
HSPA5,0.0014498717961553
CALR,0.0014363071401268
CLIC1,0.001429225457209
EIF1,0.0014209401790493
FAU,0.0014206668839029
CYBA,0.0014065464634656
MDK,0.0014032098332188
TMSB4X,0.0013951886794589
WFDC2,0.0013947795696912
IFI27,0.0013567110112804
UBA52,0.0013502139976299
KRT18,0.0013251153846751
S100A11,0.0013109117984855
PSAP,0.0012982860401234
CST3,0.0012943171179097
UBC,0.001277426364538
TMBIM6,0.0012682156578544
HSP90B1,0.0012663956956031
EPCAM,0.0012592776816899
S100P,0.0012573060610261
ACTG1,0.0012506218919717
NACA,0.0012492996168371
CANX,0.0012343012755674
UQCRB,0.0012342799434381
COX4I1,0.0012320090333332
GAPDH,0.001229391471643
P4HB,0.0012289106505209
KDELR2,0.0012283328557093
PDIA3,0.0012270561343412
SPINT2,0.0012242143857831
CFL1,0.0012152601810356
TSPAN8,0.0012034282911025
FTL,0.0011852236401067
IFI6,0.001165817981755
HSPA8,0.0011646381627342
PPIB,0.0011599283070179
NME2,0.001153577800546
ATP6V0C,0.0011436444134588
NDUFA4,0.0011429209316597
SERPINA3,0.0011371201280352
ATP5F1E,0.001136428265994
COX6C,0.0011328532387755
MYL12B,0.0011242547941685
BST2,0.0011195301550245
KRT8,0.001113558034781
RACK1,0.0010987147407102
EEF1B2,0.0010940791619617
ITM2B,0.0010842133625725
EEF2,0.0010752995263461
NDUFA13,0.0010740184806398
TUBA1B,0.0010635414545708
PPIA,0.0010634710528689
CHCHD2,0.0010617729140623
ISG15,0.0010544049987981
SLC25A5,0.001051014590405
SLPI,0.0010444020038465
ATP1A1,0.0010429711749877
MYL6,0.0010379204177611
OAZ1,0.0010365912067766
TM9SF3,0.0010256766875928
SSR3,0.0010162539620432
NPM1,0.0010150659327736
SOD1,0.0009948144000329
PPDPF,0.00099398407627
IGFBP3,0.0009870680036089
APLP2,0.000984255129151
LGALS3BP,0.0009806992248915
LSR,0.0009798916187186
TMED9,0.0009735861308483
YBX1,0.0009735419746866
SERF2,0.000965036474474
HLA-C,0.0009620314514567
TM4SF1,0.0009575709146886
HLA-DPA1,0.000946656485959
LAMP1,0.0009422072062675
RABAC1,0.0009416688149139
PFN1,0.0009370381235062
HLA-DRB5,0.0009290179677329
SET,0.0009263674159294
ARL6IP1,0.0009239132416936
COX6B1,0.0009126861948674
TFF3,0.0009116989592682
NDUFB4,0.0009110253971666
TMED2,0.0009064703555494
PSME2,0.0009008844822463
PRDX4,0.0008965985704653
HLA-DPB1,0.0008949494578682
YIF1A,0.0008922202517588
ATP5F1B,0.0008892509119229
MUC1,0.0008827388976643
HSPE1,0.0008826192394372
S100A10,0.0008803171398689
LDHA,0.0008763192085885
CTSS,0.0008739729335988
CD24,0.0008668072885865
MIF,0.0008649081262798
COX7C,0.0008633531297379
COX7A2,0.0008610275193611
CYCS,0.0008607855671955
GRN,0.0008578149284686
TACSTD2,0.0008565769616007
TAGLN2,0.000856556440932
NDUFC2,0.0008540584028483
RPN2,0.0008534666760517
TMEM258,0.0008529174216631
BSG,0.0008475880418626
SEC62,0.0008472675289069
EIF5A,0.0008468802304009
CSNK2B,0.00084411656126
SYNGR2,0.000843218656628
MT2A,0.0008430800752753
SLC2A1,0.0008430050395851
PDIA4,0.0008353750490898
HLA-DMA,0.0008350110562353
LY6E,0.0008291085529643
NDUFS5,0.0008286350940155
FXYD3,0.0008259680522126
KDELR1,0.0008259014156875
SEC61G,0.0008208232373319
ELOB,0.0008173133855392
RTRAF,0.0008170191863403
UQCRH,0.0008159120654284
RPN1,0.0008148921849247
PRDX5,0.0008047454088795
ATP6V0B,0.0007998381382212
NCL,0.0007991451046947
H3F3B,0.0007986893964597
EEF1D,0.0007982910603928
ATP5MC3,0.0007954848534524
LAPTM4A,0.0007948494074086
HNRNPA1,0.0007943695392809
TMBIM4,0.0007923110702411
SEC11C,0.0007918242435958
PDIA6,0.0007883217484534
COX8A,0.0007880098718798
CTSB,0.0007873351764433
TXN,0.0007870054623365
IFI30,0.0007855862150896
C19orf33,0.0007842413093657
OS9,0.0007836276897961
OSTC,0.000783474132115
SNRPD2,0.0007794876177504
SAP18,0.0007759311340478
BCAP31,0.0007730517214566
JTB,0.0007727948144408
ATP5MF,0.0007727206622953
UBL5,0.0007641878456694
DBI,0.0007629652670241
FABP5,0.0007610194451528
MYL12A,0.0007580810180955
LMAN2,0.0007557279632907
DYNLL1,0.0007489832085058
ADIRF,0.000748892107645
CCND2-AS1,0.0007476666755502823
SPCS2,0.0007461691172868
DDOST,0.0007418175592519
SLC25A6,0.0007417228941456
SSR2,0.00074025935268
TGOLN2,0.0007388804757838
NME1,0.0007362414941486
COX6A1,0.000735658806424
GPX4,0.0007319154219573
TSPO,0.0007291795781821
UQCRQ,0.0007285669032993
TMBIM1,0.0007274491119415
PSMA7,0.0007257072554863
NOP53,0.0007215241891243
PFDN5,0.0007209025358735
PABPC1,0.000717116880065
CLDN7,0.0007165075144045
TMED7,0.0007158458929858
SKP1,0.0007124153236065
HMGB1,0.0007118801229336
TMEM59,0.0007106393883127
NQO1,0.0007102852151417
HLA-E,0.0007076899751442
PIGR,0.0007046486397456
PARK7,0.0007032840571996
SH3BGRL3,0.0006981526443703
KRT19,0.0006964682164989
TSPAN13,0.0006963440669453
COX7B,0.0006942850372781
MYDGF,0.0006938682588674
COX5B,0.0006937803849019
TMED3,0.0006931566221637
BTF3,0.0006904219873601
SDC4,0.0006897070175779
NDUFB11,0.0006894558705021
TRMT112,0.0006877159606019
CTSD,0.0006856265782388
RNASE4,0.0006849638367906
TUBB4B,0.0006844690733126
NDUFB7,0.0006841413215239
CLU,0.0006828580815863
PSMB3,0.0006795797793687
PSME1,0.0006792949809379
STMN1,0.0006773148517278
PRELID1,0.0006750908332016
KRTCAP2,0.0006744375614714
ATP5MC2,0.0006742697269781
PRDX2,0.0006741756788963
ERO1A,0.0006736697232927
MT1E,0.0006724769579202
CD59,0.0006712993301762
ARPC1B,0.0006687429943208
TUFM,0.000662373284704
VDAC1,0.0006608887569118
POMP,0.00065801951465
GUK1,0.0006574225463926
SEZ6L2,0.0006543757230297
CD81,0.0006536450475092
PI3,0.0006533682692525
LDHB,0.0006532118059017
LRPAP1,0.0006524558441696
EMC7,0.0006521505273184
PSMB4,0.0006510491511032
NDUFB10,0.000650593244459
SURF4,0.0006493010799603
TMEM123,0.0006488845340217
ATP5MG,0.000648374180206
PDZK1IP1,0.0006475757507135
APRT,0.0006467482080522
TMCO1,0.0006463252338338
DNAJB11,0.000639304551329
ATP5F1D,0.0006383811834836
NPC2,0.0006378766712027
CTSH,0.0006370992214586
MT1G,0.0006370821874421
KRT17,0.0006369555814405
CTSA,0.000636915961687
LMAN1,0.0006358710239345
TMEM50A,0.0006340608158677
ALG3,0.0006316561072547
RNASEK,0.0006307087932052
ATP5PD,0.0006287282944763
LGALS1,0.0006252456478659
DYNLRB1,0.0006240550699442
TMEM54,0.0006232079145376
SERP1,0.0006210115662912
ENO1,0.0006196699531426
ERGIC3,0.0006194929659381
CTSC,0.0006190408838336
HLA-DQB1,0.0006187165666664
ATP6AP2,0.0006186569293322
SRP14,0.0006183070505571
SDF2L1,0.0006167547793153
TECR,0.0006158531099419
TMEM147,0.0006123275484248
DAD1,0.0006120937304574
MDH2,0.000611492216204
RAN,0.0006104683369334
SNRPD3,0.0006082946665906
NPW,0.0006075083373146
IFITM3,0.0006071827266334
EIF4A1,0.0006061726541882
CALM2,0.000604396421939
UQCR11,0.0006024314002333
SUMO2,0.0006016194371355
ZNHIT1,0.0005990279356894
ATP5PF,0.0005986582860738
H2AFZ,0.000598422315929
YIPF3,0.0005983797902808
ERP29,0.0005980135774759
CD55,0.0005974253404576
GHITM,0.0005965112538491
HSPD1,0.0005943350701444
ANXA5,0.0005941634879552
DNAJC3,0.0005935139832551
CHCHD10,0.0005924956770949
GABARAP,0.0005901132635425
CEACAM6,0.0005873773281756
TMEM205,0.000587237810135
AURKAIP1,0.000585909284573
H1F0,0.0005853773130449
BUD31,0.0005849304796273
TPI1,0.0005842887130331
PRKCSH,0.0005835878007631
PERP,0.0005833043726678
RAB5IF,0.000583025512682
NDUFC1,0.0005814077831498
SDF4,0.0005813548934595
NDUFS6,0.0005804928153802
CRELD2,0.0005775727094722
ERLEC1,0.000575898830289
MIA,0.0005740007613115
ALKBH7,0.0005724576989505
BLOC1S1,0.0005719291847003
EI24,0.000571319020938
GNAS,0.0005712358027277
SELENOM,0.00057122872672
PDCD5,0.0005698005880114
MKNK2,0.000569200679756
IL32,0.000566546549742
SLC39A7,0.0005649437972824
LYZ,0.000564285613293
TOMM20,0.0005634322723665
STT3A,0.0005633699517129
ORMDL2,0.0005621446454375
CNPY2,0.0005593493815812
SELENOT,0.0005590639799602
SPCS1,0.0005580477836306
MLEC,0.0005575030818764
TRAM1,0.0005567408743559
MTRNR2L12,0.0005557094900414
AP2S1,0.0005555630387947
CALM3,0.0005546427588833
EDF1,0.0005519474277485
RNF181,0.000550342138429
COX17,0.0005500866226785
NUCB2,0.0005488671800545
TMEM141,0.0005480028842431
YWHAB,0.000547482040737
C12orf57,0.0005468557776907
BZW1,0.0005467458499133
MFSD10,0.0005460226439393
RAB13,0.0005460099061278
EMC10,0.0005458445720607
CALM1,0.0005447124337557
SUB1,0.000543934514477
EMP2,0.0005425692910541
TXNDC17,0.0005399792649496
FKBP11,0.0005378349682644
LRRC59,0.0005377308107472
RER1,0.0005372963515632
LAMTOR5,0.0005365256475167
CKAP4,0.0005354876743042
TSPAN1,0.0005354763889996
TMED10,0.000535381644291
SELENOS,0.0005350161297855
NUDC,0.0005345949339805
ARL1,0.0005339356130464
ATP5MD,0.0005338656330061
SNRPB,0.0005338178102339
HMGA1,0.0005322637396935
PGRMC1,0.0005297079450184
LGALS3,0.0005288572344727
TMEM208,0.000528824747053
NDUFA1,0.0005276835367103
CYP51A1,0.0005274966538473
HMGN2,0.0005258423952373
TOMM7,0.0005252405894588
ST14,0.000524764537672
GALNT3,0.000522567494019
SLC6A8,0.0005222784811413
NDUFA6,0.0005221515769727
SLC1A5,0.0005216259571818
RCN2,0.0005214489110119
SRPRA,0.000519400313715
TXNDC5,0.0005176727790375
VKORC1,0.0005173518602392
TUBA1C,0.0005171625822904
EIF3I,0.0005168795648399
TMEM238,0.0005164477358633
COPE,0.0005162248068168
HINT1,0.0005162195022174
PSMB6,0.0005141350258386
APH1A,0.0005137241949464
MTDH,0.0005135474439258
EIF3K,0.0005132977552371
STARD10,0.0005132866707135
CD164,0.0005123950769072
TMED4,0.0005121447082267
CTSZ,0.0005120438945494
RRBP1,0.0005116556162417
TIMM13,0.0005103274579623
CYSTM1,0.000510216152776
RNASET2,0.0005086269836914
PSENEN,0.0005082496439263
MZT2B,0.0005076221166352
ATP5F1A,0.0005059736175011
SLC25A3,0.000505807796783
LAPTM4B,0.0005056595337046
TMEM98,0.000505015398789
AKR7A3,0.000504980683001
TUBB,0.0005039249508644
PPIC,0.0005030184318551
KDELR3,0.0005024098883844
PHLDA2,0.0005023541018724
SPCS3,0.0005023189122135
TM9SF2,0.000501875101773
CMTM6,0.0005014175132544
CLPTM1L,0.0005000365496727
PLPP2,0.0004992525606133
C19orf53,0.0004987386826314
TMEM30A,0.0004985353445762
NDUFAB1,0.000498534410001
PTP4A2,0.0004977515509462
PLP2,0.0004976520259631
NHP2,0.0004967350411459
PHB,0.0004966069128875
CCND1,0.0004942702315135
CHPF,0.0004942667392536
CD9,0.0004926877011657
RAC1,0.0004924968025014
ARL6IP5,0.0004920878847041
OCIAD2,0.0004919637721842
CHMP2A,0.0004917805307523
TSPAN3,0.0004884358606794
SRPRB,0.0004881556666986
ATP5PO,0.00048797460184
EEF1A2,0.0004872003100592
CXCL16,0.0004870204399324
HLA-DRB1,0.0004867799004086
PPP1R14B,0.000486324722005
BSCL2,0.0004859239609521
CIB1,0.0004850459040562
POLR2L,0.0004849718571198
FXYD2,0.0004849156481892
APOE,0.0004848613339696
GNB2,0.0004838042452606
VDAC2,0.000483560197279
XBP1,0.0004832749342225
ITGB1,0.0004821092918617
TRAPPC1,0.0004817197606715
HSBP1,0.0004814516022359
NDUFA3,0.0004807292315371
LSM3,0.0004796903428611
FXYD5,0.0004787122769048
PTTG1IP,0.0004779166200632
QSOX1,0.000477032203147
AGRN,0.0004770094711857
MANF,0.0004767986726126
NDUFA2,0.0004765427006775
EIF4G1,0.0004745641163727
NMB,0.0004727846468217
FBL,0.0004721293746708
RANBP1,0.00047121717722
DSTN,0.0004701101319536
AGPAT1,0.0004697150842005
ITM2C,0.0004694699844183
MRPL51,0.0004689916759047
GOLM1,0.0004682346837225
DHCR24,0.0004677413190541
TSTA3,0.0004669982679358
PSMB10,0.0004665306010514
C3,0.0004659183908687
HNRNPK,0.0004637486175884
COX5A,0.0004630007920053
SNHG32,0.0004629870458116
UQCR10,0.0004621265364559
GNG5,0.0004611031716057
TM4SF4,0.000461016007672
IGFBP6,0.00046071681524
HYOU1,0.0004605027848836
IGLC1,0.0004604438427874
CLDN4,0.0004600838579578
UBE2S,0.0004598310690163
NUCKS1,0.0004590774125686
NDUFB2,0.0004585558629211
CREG1,0.0004585480990128
NAXE,0.000457351689565
MPC2,0.000456955504378
PSMA2,0.0004569189066543
MAL2,0.0004562061346337
MESD,0.0004513944031307
C15orf48,0.0004509256219903
ATP6V1G1,0.0004504906429225
MYADM,0.0004498021372317
HSPA1A,0.0004492924355532
AUP1,0.0004489520212814
ATP5ME,0.0004477737069566
TAPBP,0.0004456940584015
RNASE1,0.0004456705192463
SNRPF,0.0004454188931715
PA2G4,0.000443698194117
CUTA,0.0004433005520798
CAPG,0.0004429595903345
TKT,0.0004425931571387
NDUFV2,0.0004421477914824
MRFAP1,0.0004420740202703
MICOS10,0.0004413057700418
ARPC3,0.0004405772921071
CERS2,0.000438387603108
NDUFA11,0.0004376828973311
EMC4,0.0004374469340291
HSPA1B,0.0004365158114099
STOML2,0.0004356043282084
MPZL2,0.0004349636485726
DPP7,0.0004348799731202
SCD,0.0004342723106312
CXCL14,0.0004341049134688944
PRR4,0.0004340422592397
ZDHHC12,0.0004338234432206
RAMP1,0.0004331041812028
OST4,0.0004327371590916
ANAPC11,0.000432061898494
S100A14,0.0004314150565287
POLR2I,0.0004305408453115
EPHX1,0.0004304172199277
CRIP1,0.000430359450063
SLC39A4,0.0004297746575811
PGK1,0.0004294488891717
TALDO1,0.0004285098444116
MMP15,0.00042847853167
LRG1,0.0004280358959203
NDUFA4L2,0.000427891647333
FAM3C,0.0004272097722602
WDR83OS,0.0004271197787289
TAP1,0.0004263287066116
DNASE2,0.0004262353075748
DRAP1,0.0004259791367204
BEX3,0.0004256559766865
ANG,0.0004256399301665
AGPAT2,0.0004248472250025
COMMD6,0.0004226718876927
PRRC2A,0.0004224891967467
TMEM97,0.0004219148815558
SYPL1,0.0004215598183672
GAS5,0.0004212243625798
CCT2,0.0004210366308932
HNRNPAB,0.0004203725080078
RBM8A,0.0004200895080221
TMEM179B,0.0004200296465243
GUSB,0.0004197441680498
NDUFB9,0.0004192552053969
CALU,0.0004184152435548
SLC35A2,0.0004180108350782
LAMP2,0.0004162347876269
TMA7,0.0004160085705325
COPS9,0.0004154117752638
DSG2,0.0004135243849757
ARF6,0.0004134691937073
MAN2B1,0.0004134344028075
ARF3,0.00041320130791
NENF,0.000412565385653
ISOC2,0.0004123684841057
AQP1,0.0004119061690118
PSMB1,0.0004117255269609
MT1X,0.000411663188407
ARMCX3,0.0004116392973974
ROMO1,0.0004115494356938
PSMC3,0.0004101659811708
CCT8,0.0004092404616495
PKM,0.0004088182183142
MARCKSL1,0.000408538158624
TOMM22,0.0004078819617273
NDUFB5,0.0004078199370138
MGAT2,0.0004073392002099
POLR2K,0.0004071878133797
HDLBP,0.0004066060485411
CCT7,0.0004064075702661
CCT6A,0.0004051453251109
GSTO1,0.000404965646057
S100A4,0.0004044915885576
SLC44A4,0.0004043517127084
EBP,0.0004032729762518
SARAF,0.0004025214330691
TMEM33,0.0004023428037966
MUC5B,0.000402324542824
NDUFB8,0.0004021572172924
SNRPE,0.0004018336907046
SLC16A3,0.0004017676180477
GLUL,0.0004012134639318
F11R,0.0004011937622648
ERG28,0.0004008389372647
CAPNS1,0.0004005674938114
SF3B6,0.0004001816037496
C1GALT1C1,0.0004001687700883
ADAM15,0.0003991268679862
ASAH1,0.0003989376631051
ACP5,0.0003987483688118
YIPF2,0.0003986771601263
VAMP8,0.0003979088448782
TMX1,0.0003973529663057
STOM,0.0003970987058837
PTPMT1,0.0003958172986494
YWHAE,0.0003958010683112
POLR2J,0.0003951782271546
CYC1,0.0003945253855401
BIK,0.0003943635816629
GPRC5A,0.0003938740732202
PLAAT4,0.0003934767864006
CCT5,0.0003930948011416
MRPL12,0.0003920628381338
PSMD2,0.0003916169922045
SEC61B,0.0003915207991199
JPT1,0.0003897755236929
BRI3BP,0.0003895525161605
TCEAL9,0.0003892147364876
SLC52A2,0.0003888896670606
PSMB8,0.000388541081793
SMIM15,0.0003881719081321
EIF3G,0.000388070820771
EIF4A3,0.0003877712650003
GABARAPL2,0.0003877523067943
DCTN3,0.0003877050570074
SOX9,0.0003859211708661
FCGRT,0.0003859021959117
PHB2,0.0003854446359619
MIEN1,0.0003853658377977
MRPL47,0.000385119927518
PRSS8,0.0003850124006111
BOLA3,0.000384854079617
TMEM70,0.0003828664747305
TPM3,0.0003815743443093
FZD5,0.0003813343878339
GADD45GIP1,0.0003789821659957
SEC11A,0.0003786334605507
C17orf49,0.0003773566987695
ARL6IP4,0.0003772763923259
SELENOP,0.0003770578814259
AP2M1,0.0003768967454243
DDT,0.0003765413665607
UBB,0.0003747183616371
TRIM28,0.0003746363549525
HLA-F,0.0003734916004171
RBX1,0.0003733553381707
CYB5R3,0.0003731962501315
SBDS,0.0003726917426146
PARP1,0.0003726611583706
CPS1,0.0003721347240239
NORAD,0.0003720805218287
EIF4G2,0.0003718453393169
PRDX3,0.0003715735058735
SLC35B1,0.0003706291286579
ST13,0.0003699281467611
NUCB1,0.0003693020011063
ECH1,0.000368952899601
TPM2,0.000368822604929
MRPS15,0.0003672355787736
CETN2,0.0003669589535593
LLPH,0.000366892405165
TIMM10,0.0003667479428885
MYH9,0.0003659281421481
PSMC5,0.0003657232115568
YIPF5,0.000365197871349
HLA-DMB,0.0003645987369149
PSMA4,0.000364071476587
ERH,0.0003635433560343
NNMT,0.000363384178948
SSR1,0.0003632941967048
SMIM26,0.0003632392488672
ARPC5L,0.0003629201348882
BAG6,0.0003627526761945
HSPB1,0.000362073664277
ECHS1,0.0003619377500596
NCOA4,0.0003608904013511
C4orf3,0.000360792997819
PSMB2,0.0003607124336128
SEM1,0.0003607085360709
CIAO2B,0.0003601974886271
IMPDH2,0.0003595844372164
ATRAID,0.0003594075817538
EIF2S2,0.0003592420256929
LMNA,0.0003586203985314
ARF1,0.0003579284251206
MAGT1,0.000357289389348
ATP6AP1,0.0003564424507771
MRPL21,0.0003548312596941
GDF15,0.0003539830871508
FIS1,0.0003534527018992
SSB,0.0003530819837621
PSMD8,0.0003518500913533
NDUFB6,0.0003516464402225
NEDD8,0.0003515902736773
CD68,0.0003509364401425
ETFB,0.0003508907752394
UBE2C,0.0003506909085369
C2,0.0003499421771674
LRP10,0.0003498854815613
SRM,0.000349424863361
TMEM248,0.0003480248627584
MICOS13,0.0003480170377579
CREB3,0.0003458698242566
ATP5PB,0.0003451783263551
SELENOH,0.0003447618096682
FUCA1,0.0003440783207634
PIGT,0.0003439119847433
SLC7A5,0.0003437573036035
APOL1,0.0003436850105881
GPAA1,0.0003422968295959
LSM4,0.0003417412805815
SFTA2,0.0003407295384169
MRPL11,0.0003407007255572
ZNRD2,0.000340553081108
GPX2,0.0003404070214528
SHMT2,0.0003397407427536
SNRPB2,0.0003388681065427
APMAP,0.0003384591243814
CDV3,0.0003377444377173
ALDOA,0.0003376124075839
PDAP1,0.0003364919211809
ORMDL3,0.0003346955280564
SERPINH1,0.0003335099647133
HERPUD1,0.0003334173069268
CNPY3,0.0003321434956081
DDAH2,0.0003313211787762
WDR1,0.0003304404201158
FKBP2,0.0003304199480589
ENDOD1,0.0003303806736673
ATP1B3,0.0003301053255867
GNG10,0.0003296082078396
ZC3H15,0.0003294899268014
SELENOK,0.0003290036753812
SNRPG,0.0003284550209765
PLA2G2A,0.0003276985429801
ADRM1,0.0003276904113307
DNAJB1,0.0003276767062355
TMEM176B,0.0003275059661338
S100A16,0.0003274058660453
ELOVL1,0.000327210926315
GANAB,0.0003268809003833
SPOCK2,0.0003264898407657
IFITM2,0.0003259607826295
SLC50A1,0.0003259119694908
BANF1,0.0003256718965462
KRT7,0.000325355957029
CEBPB,0.0003252801224939
CAP1,0.0003246974099303
B4GALT3,0.0003245062074597
TM9SF1,0.0003244476383042
TMEM14C,0.000324312092663
RAD23A,0.0003238410762563
PCYOX1,0.0003238201166905
XRCC6,0.0003237269968122
COPRS,0.0003235883748983
DCXR,0.0003233843784052
PPP1CA,0.0003226685517708
HSD17B10,0.0003223530707536
GPX3,0.0003223255202164
FGFR4,0.0003215267116603
STUB1,0.0003212352437062
SPR,0.0003211289753729
SERINC3,0.0003193529735634
SLC39A1,0.0003189161225009
HMGB2,0.000318788931061
SYF2,0.0003182555377585
SNHG6,0.0003170620313708
CISD2,0.0003157776292616
HLA-DQA1,0.0003157017956379
IMPAD1,0.000315540035713
VWA1,0.0003151963949118
SSU72,0.0003150400069851
CLIC3,0.0003146959395301
CKS1B,0.0003143964244096
NINJ1,0.0003142348946679
NDUFB3,0.0003135702757076
OAT,0.0003133419969126
UQCRC1,0.0003124876577437
IDI1,0.000312399055226
AHCY,0.0003120925610517
TLN1,0.0003119630732239
CNBP,0.0003110432000248
MGAT4B,0.0003109427051576
PSMC4,0.0003107989101684
DDR1,0.000310671178108
FAM32A,0.0003097389613202
PUF60,0.0003096459027779
DEPP1,0.0003089444285252
CD151,0.0003086905509266
PGAM1,0.0003085644139488
DPP4,0.0003083654566861
SEC61A1,0.0003074637930969
SDCBP,0.0003073830463726
EBPL,0.0003072828244784
TSPAN6,0.0003072519190029
RNF7,0.0003071409161528
ECI1,0.0003066920644743
TMEM160,0.0003062834992759
MAF1,0.0003055892871445
ICMT,0.0003055657253477
GNS,0.0003055576622835
CFI,0.0003055086029478
PTMS,0.0003054958778226
CAMK2N1,0.0003054126682174
UNC93B1,0.0003051747216071
MAZ,0.0003051054701411
PPT1,0.0003050270278818
SLC35B2,0.0003043960136856
EIF5B,0.0003043212725786
ANXA2,0.0003042589895485
TMEM30B,0.0003040370011167
PPP4C,0.0003039381473609
AOC1,0.0003031763911713
HEBP2,0.0003030868356628
EIF3F,0.0003027628823612
TENT5A,0.0003026275016538
MRPL41,0.0003017316041652
TMEM9,0.0003016982175008
UFC1,0.0003009545654791
ATP5MPL,0.0003008783665967
AGA,0.0003003483712668
TAF10,0.0003001386268045
HEXA,0.0002995885590831
ANTKMT,0.0002993449652247
AGTRAP,0.0002980283812526
PPP1R11,0.0002976626268037
POLR2F,0.0002974129978034
NOP10,0.00029688867878
SERINC2,0.0002963299658923
TOR4A,0.0002961886853141
NCSTN,0.0002960097728722
DSP,0.0002960019404927
HYAL2,0.0002954331635732
CSDE1,0.0002952188725036
C1orf210,0.0002951148541841
PET100,0.0002946654324988
PFDN4,0.0002945955161
MRPL14,0.0002942571505181
COPZ1,0.0002942334268253
EIF3D,0.0002938497239814
AK1,0.000293791554091
RBM42,0.0002936403934354
DEFB1,0.000293604616507
UNC50,0.0002933440027306
NDFIP1,0.0002927807627736
EIF3E,0.0002922587412324
NDUFA8,0.0002921463603683
OCIAD1,0.0002920900970998
CDIPT,0.0002917568149573
BAG1,0.0002916093893622
CKB,0.0002915226027381
SNRPC,0.0002914722229228
LAGE3,0.0002913310324654
SQLE,0.0002912122178726
PDZD11,0.0002910629018326
DNAJC19,0.0002910487703588
PRAF2,0.0002907200886669
GLB1,0.0002904339331234
SRP9,0.0002901846776836
HTATSF1,0.000289604000665
MRPL54,0.0002895620950531
TMED1,0.0002892079069511
HIGD2A,0.0002890547423741
SVIP,0.0002880637282338
NAP1L1,0.0002879810078643
FUNDC1,0.0002878980147479
APLP1,0.0002876952178077
PBXIP1,0.0002876751813439
TM4SF5,0.0002876535197665
PRR13,0.0002875637680541
HNRNPM,0.000287494791452
EIF6,0.000286652447907
PRELID3B,0.0002865528022298
DNAJC10,0.0002863491222121
VSIG2,0.0002863400946668
SDC1,0.0002860466373395
NOLC1,0.0002859344062033
COA3,0.0002858838492118
S100A9,0.0002857477361987
ATF4,0.0002856029918295
UXT,0.0002853236174289
CDK2AP2,0.0002847583558226
TNFRSF12A,0.0002846267084357
RARRES1,0.0002840276671525
HSD17B11,0.0002840089305285
PNPO,0.0002827684635401
ANAPC15,0.0002811847570271
CXADR,0.0002809176983157
NPTN,0.0002808012044462
ERLIN2,0.0002807912768768
RNF5,0.0002806184585425
FUCA2,0.0002804391955261
SNRNP25,0.0002799221153041
CORO1B,0.0002796580043292
IL2RG,0.0002794021290499
ILVBL,0.000279146671737
MRPS24,0.0002790687378454
CHCHD1,0.0002780631191408
SIVA1,0.0002778822648946
LTBP3,0.000277592090244
IRF2BP2,0.0002773167513484
TMEM176A,0.0002770765455748
GIMAP4,0.0002770404195018
ZCRB1,0.000277008271301
SSBP1,0.0002768690634122
MEA1,0.000276743780661
MSN,0.0002764837486345
MRPL32,0.0002763831168499
PTTG1,0.0002762733335932
WDR18,0.0002759323242442
TRIR,0.0002758600696513
RAB8A,0.0002753710654656
FIBP,0.0002752125966164
CACYBP,0.0002751180325332
CLPTM1,0.0002749438029283
PYCARD,0.0002748085476381
AAMP,0.0002747849571227
TST,0.000274512183138
PRDX6,0.0002744251439645
NUDT1,0.0002743710907231
METRN,0.0002742572152238
FBXO2,0.0002742124388791
TWF1,0.0002738587254716
TOMM5,0.0002738215365638
MMGT1,0.0002727551575263
DCTPP1,0.0002726745249388
CFH,0.0002725545540349
CCDC47,0.0002723621857585
LGALS4,0.0002722532223875
REEP5,0.0002720035395552
C5orf15,0.0002717203911747
GLMP,0.0002715491689189
PLA2G10,0.0002715106768218
TSTD1,0.0002711215524035
ATP6V0E1,0.0002702961621482
ITM2A,0.0002700722525936
PSMA1,0.0002697565325506
TLE5,0.0002697331537298
POLR2G,0.0002693251498814
TOB2,0.0002691138756129
SF3B2,0.0002688940043087
HNRNPA0,0.0002687792637094
PLTP,0.0002687457951717
ATP5MC1,0.0002683440583899
NARS,0.000268120565337
UBXN1,0.0002680787836835
MRPL23,0.0002678050805588
BLVRB,0.0002677860927141
FAM174C,0.0002675742153119
RCN1,0.0002674617125566
TMEM35B,0.0002668837623377
FKBP8,0.0002668575925795
MUC13,0.0002665945930443
PGRMC2,0.0002664714179534
POMGNT2,0.0002663334569889
COPB1,0.0002657201923165
MRPL18,0.0002656251586697
ERBB3,0.0002656237033928
TXNDC12,0.0002655061116329
ZFP36L2,0.0002655037820571
RAMAC,0.0002652429527599
EIF4B,0.0002648124925999
MZT2A,0.0002646189981028
LAMB3,0.000264272690332
CRB3,0.0002640504919639
CD320,0.0002635272878148
SSRP1,0.0002634228923792
NFE2L1,0.0002630765778794
PRADC1,0.0002630539999755
METRNL,0.0002629191101228
DEK,0.0002627998820004
UPK1B,0.0002627566747736
CRTAP,0.0002625501575607
TOMM6,0.0002625083225274
CXCR4,0.0002619538168381
NFKBIA,0.0002617695554497
CD99,0.0002617315001191
C11orf24,0.0002611193772299
GLRX5,0.0002608372790108
TCEAL8,0.0002605461724483
ATP2A2,0.0002603687227589
KRTCAP3,0.0002603632414284
DNAJA1,0.000260084971718
SLC3A2,0.0002600257677522
PSMD4,0.0002594938025673
HINT2,0.0002593618546577
PCBD1,0.0002593236034213
FMOD,0.0002592369991216
MAP1LC3B,0.0002591623937286
AIP,0.0002589335672495
SPTBN1,0.0002586214059589
KCNK15,0.0002585678131934
ASS1,0.0002583707459458
SLC10A3,0.0002580015118498
NDUFS8,0.0002578624653705
RRAS,0.0002575785007583
SERBP1,0.0002571282687122
TCP1,0.0002566690698417
LSM5,0.0002565742512676
RAB1B,0.0002564612519259
AHNAK,0.000256278529914
FAM162A,0.0002559577380998
ACP1,0.000255919051052
TRIM29,0.0002555826578278
CPTP,0.0002555072345419
C1orf43,0.0002553857677746
PHPT1,0.0002548705220759
ARHGDIA,0.0002547944504541
SF3B5,0.0002545653705125
CWC15,0.0002545289440301
M6PR,0.0002540532822068
SRSF9,0.0002538638156337
RSL24D1,0.000253555076244
KRT10,0.0002534181234027
HDGF,0.000253078145219
PRXL2A,0.0002528688708894
RAB25,0.0002525145822159
NOL7,0.0002523338609483
DPAGT1,0.0002522058542907
CHID1,0.000252139184953
SNRPD1,0.0002520500697173
SELENOF,0.0002520071212877
KTN1,0.0002507607256225
TM2D2,0.0002506970890213
CKS2,0.0002506581764626
CENPW,0.0002505486626306
NT5DC2,0.0002505257120247
NPDC1,0.0002503934353534
TMEM41A,0.0002501031236944
UQCRFS1,0.0002495824663645
SERINC1,0.0002491410560025
APP,0.0002487199823444
DHCR7,0.0002485095841569
NEU1,0.0002481298610768
LGMN,0.0002481240538042
TFAM,0.0002472182764709
VPS28,0.0002470808366657
EIF3A,0.0002466864762275
PSMD6,0.0002466812712229
PFDN2,0.0002466552675961
ZMAT2,0.0002458124219988
BMP2,0.0002457205346008
ABCB6,0.0002452940181111
AKR1C3,0.0002448276337682
TLCD1,0.0002445262839505
SRI,0.0002442161521779
BAD,0.0002433592579012
NAPRT,0.0002433346775264
NAA10,0.0002430733898291
MARCKS,0.0002428874801734
PSCA,0.000242823811488
C4BPA,0.0002426070020821
SDR16C5,0.0002424061938818
EZR,0.000242404359397
KLK11,0.0002423560901504
MRPL17,0.0002420951606446
ZNF593,0.0002420782292298
NPB,0.0002414350288276
ODC1,0.0002413506691106
HTATIP2,0.00024050398987
EIF4H,0.0002403085989445
COA6,0.0002399558513136
SCARB2,0.000239886538728
SLC39A6,0.0002397937811348
CD82,0.0002395736623054
RETREG2,0.000239555576995
SIPA1,0.000239533072472
LRATD2,0.0002393321632727
CBX3,0.00023922101646
C1orf35,0.0002389594459529
TNFRSF6B,0.0002384851291988
ARHGDIB,0.000238291891376
TMPPE,0.0002381903410672
COPS6,0.0002373508291006
CHMP2B,0.000237331114519
TRAPPC5,0.0002367854688275
SLC15A3,0.000236569214631
TUBA4A,0.0002364124783296
RAB34,0.0002361758669266
C1QBP,0.0002358949836895
PTRHD1,0.0002358019403422
SUPT4H1,0.000235446356854
TOR3A,0.0002351254022541
CYB561,0.0002349504715119
LAD1,0.0002349025638571
NDUFS2,0.00023449634442
RBBP7,0.0002344612884552
PBDC1,0.000234324508239
YWHAZ,0.0002340153581288
SELENOW,0.0002340019844651
LEPROT,0.0002335261423284
SUMO3,0.0002334876692487
PFDN6,0.0002333994957712
SNHG16,0.000233192642792
SRSF3,0.000233102994388
PSMB5,0.0002326485431171
ZDHHC9,0.0002319382158783
TMX4,0.0002319093159838
ALG5,0.0002315011284139
C20orf27,0.0002314784842348
HEXB,0.0002314706287566
TMEM219,0.00023147014658
TMEM14A,0.0002313927380037
CNIH1,0.0002311818972373
TSR3,0.000231141698001
SYS1,0.0002308943656212
MGST3,0.0002306946667525
CYB5A,0.0002305305198927
PELO,0.0002303341877498
DDX21,0.0002300026591106
ABCF1,0.0002296048760535
SLC4A2,0.0002295772047306
NDUFA12,0.000229564519011
ENY2,0.0002292555655894
PCAT19,0.0002292042640202
S100A13,0.0002292027255367
INSIG1,0.0002277633584371
MSMO1,0.0002276606015309
PAFAH1B3,0.000227660364041
IER3IP1,0.000227604551346
COPG1,0.0002274865002453
CMPK1,0.0002273929342657
NOMO1,0.0002270836064083
CCDC124,0.0002269964772684
CP,0.0002269857261348
MTRNR2L8,0.0002268318829597
GM2A,0.0002266587790097
CLDN10,0.0002264203728961
PSMA3,0.0002262933275989
KIF5B,0.0002261854717866
CCNQ,0.0002258642615412
CHMP1B,0.000225695700271
FAM210B,0.0002254959621475
SMDT1,0.0002253431968508
ATG101,0.0002252983665484
MRPL22,0.0002252203288609
FGL1,0.0002249575011283
S1PR1,0.0002247788550467
TSFM,0.0002247384057104
METTL26,0.0002245825997164
SFT2D1,0.0002243026338847
NDUFS7,0.0002241491845263
EPHX3,0.0002239811095135
VPS35,0.0002238520263651
MORN2,0.0002236545131149
SNHG29,0.0002234848034296
GET3,0.0002234324724673
PPA1,0.0002233318433185
AQP3,0.0002233006382808
TPPP3,0.0002229748247365
ARL4A,0.0002227394271351
MRPL28,0.0002225975116425
FASN,0.0002223696328399
TINAGL1,0.0002222195689572
ARF4,0.000222132904268
PEBP1,0.000221329172926
GTF3C6,0.0002212485977864
GGH,0.0002209733525533
DCK,0.0002208999049377
GNAI2,0.0002207641667774
RAD21,0.0002207109417815
TNFSF10,0.0002203426611758
MRPL37,0.0002199387596943
SIGMAR1,0.0002197511613443
BAX,0.0002197006671008
C1R,0.0002195828693608
C1S,0.0002193873087524
HSPBP1,0.0002193815935854
TMED5,0.0002190707069876
CTDNEP1,0.0002187829932373
DOLK,0.0002179143569423
PTGES,0.0002179132739373
ITIH2,0.0002178955451888
FBP1,0.0002177380393036
MGAT1,0.0002173682515485
ADI1,0.0002173200064458
CPD,0.0002171824484263
GPNMB,0.0002171731524958
DNPH1,0.0002168984432263
LTB,0.000216879917074
MALL,0.0002165590768698
CANT1,0.0002160286187167
RBM15B,0.0002157530436777
CD3EAP,0.0002157408412977
MLF2,0.0002155084700995
SCAMP3,0.0002155063359418
PCDH1,0.0002150682614615
ILF2,0.0002148831608548
ELOC,0.0002148712222207
DAXX,0.0002145352185185
SDF2,0.000214297462256
EIF3H,0.0002140133937404
PLBD1,0.0002139140281406
SEL1L,0.0002136621799503
TAX1BP1,0.0002136466013956
PPP1CB,0.0002135458461006
CCT3,0.0002134419711297
GEMIN6,0.0002131410664647
BAG3,0.0002125584703142
SLC26A2,0.0002125015873652
LAMTOR1,0.0002121879507442
UBE2M,0.0002119972877896
SLC44A2,0.0002119773962253
HNRNPA1P48,0.0002119132912997
CITED2,0.0002117536974359
CRABP2,0.0002117527414958
FOS,0.0002114363113557
UBALD2,0.0002113809726386
PRXL2B,0.000211066072772
ALDH9A1,0.0002108996273759
DPP3,0.0002106940827752
SMARCA5,0.0002104480044564
GIPC3,0.0002103731365078
PPP2R1A,0.000210253437262
CSRP1,0.0002100981137486
DEGS1,0.0002099752624033
DHRS7,0.000209927706885
COX16,0.0002095692327195
RDH14,0.000209564298166
B3GNT7,0.000209399371682
MSRB1,0.0002092716884124
NXT1,0.0002091567334611
G6PC3,0.0002090613452453
NIFK,0.0002090446330173
GLA,0.0002089746108378
SMC1A,0.0002087029909905
SC5D,0.0002086562459382
MRPL38,0.0002084903170286
PON3,0.0002084364003358
PCBP1,0.0002082341853619
EPHA1,0.0002078757849257
MRPS16,0.0002077297999837
TF,0.0002076952011182
TEK,0.00020767601081
ITGB2,0.0002072565935769
FKBP3,0.0002069840695085
MAPRE1,0.0002068688153021
EIF3M,0.0002066050478807
NDRG1,0.0002065030783221
LAMTOR2,0.000206450345274
IK,0.0002062946602901
SGCB,0.0002062715586775
B3GALT6,0.0002060410329616
BUD23,0.0002060149082842
NDUFAF3,0.0002059516526221
CHRAC1,0.0002058686037009
SPINT1,0.0002057981638966
NXT2,0.0002057981203422
CDC42,0.0002056425699696
MRPS18A,0.0002052940219657
ALYREF,0.0002050423293047
TEX264,0.0002050249219428
TMEM127,0.0002046855387294
GBP1,0.000204440024905
FKBP1A,0.0002037157246548
NONO,0.0002035460487123
TCEAL4,0.000203484429338
GALNT4,0.0002033170231063
DUT,0.0002032833508593
CDK2AP1,0.0002032346236726
C12orf10,0.0002032315910287
PLAAT3,0.000203137746736
SLC35F6,0.000203102489496
BTG1,0.0002030132476945
PIGO,0.000202475867065
BCAP29,0.0002023759202794
COMT,0.0002020878986404
IFNGR2,0.0002019992343851
PAXX,0.0002019578142533
SLC34A2,0.0002018904422594
MAGED2,0.000201878353448
CEACAM5,0.000201702685815
IFI27L2,0.0002015331703367
METTL7A,0.0002014262592682
NR2F6,0.0002014184858692
HNRNPH2,0.0002011832893658
PSMG1,0.0002010431448953
ANP32B,0.0002010347226382
CMBL,0.0002009631437995
TM2D3,0.0002007959954364
DUSP7,0.0002006984498336
MCL1,0.0002006486507986
C9orf16,0.0002006470885656
SFN,0.0002006112382462
SLC30A1,0.0002003950301945
B3GNT3,0.0002001940972511
TMEM101,0.0002000761022563
YWHAH,0.0002000348750058
TIMP2,0.000200025809715
NSA2,0.0001996454914933
POLDIP2,0.0001995075446539
RAB5C,0.000199357132959
LAMTOR4,0.0001992695868541
DEGS2,0.0001992509269268
MDH1,0.0001991360873958
VCP,0.0001989279789266
MT1M,0.0001987618954035
HMG20B,0.0001985583573241
SHISA4,0.0001985528671149
MORF4L1,0.000198102758642
GRINA,0.000197348512981
SLC9A3R2,0.0001971738720768
CNIH4,0.0001971667342468
PNRC1,0.0001971195777416
TWISTNB,0.000196733325365
TGM2,0.0001965933487214
EHD2,0.0001965466145782
TXNIP,0.0001964902300711
TIMM8B,0.0001961000951615
EIF4EBP1,0.0001960051598681
ATP5IF1,0.0001959488445318
CTSF,0.0001954849361434
TSKU,0.0001953658849283
CREB3L4,0.0001952769244568
YIPF6,0.0001948329390457
ZMPSTE24,0.0001945599996188
BLOC1S2,0.000194556594809
TMEM126A,0.0001945471879666
DERL1,0.0001942426141563
ADIPOR1,0.0001940100802517
TPRG1L,0.0001939615961686
EID1,0.0001938801401613
RNASEH2C,0.000193499759985
CES1,0.0001934097295907
ELOF1,0.0001931447704793
POLR3K,0.0001929656020524
PRSS22,0.0001929047098224
TMEM185B,0.0001926280867644
RDH11,0.0001924055354042
ABHD14A,0.0001923769192071
ISCU,0.0001921099862462
POP7,0.00019208487566
FKBP4,0.0001920848610176
KIAA2013,0.0001920570898305
DBNDD2,0.0001918223776512
GJB2,0.0001917801391155
CRIP2,0.0001914850171773
CES5A,0.00019146311404969363
CDKN1C,0.0001912658602547
LAMB2,0.0001912103474606
ALDH1B1,0.0001910366120998
EXOSC4,0.0001909708694754
HGH1,0.0001906592425926
COPB2,0.0001906368801124
MRPS12,0.0001905965339489
RNH1,0.0001905405335439
TCN1,0.0001905066975613
JUNB,0.0001903249335355
PCMT1,0.0001903026766294
HMGB3,0.0001900964814104
CBR1,0.000189679708526
G6PD,0.0001895764477022
SYAP1,0.000189341378562
EIF2S3,0.0001893270062171
UBA1,0.0001892232000454
RSL1D1,0.000189210267034
NAGA,0.0001891636125427
TPP1,0.0001889267586319
SRPX,0.0001887751449432
PRPS1,0.0001887246944642
DNAJB9,0.0001886257180139
EREG,0.000188308159313
RNF141,0.0001882576157457
KRT23,0.0001881284053346
NUDT15,0.000188045585745
PSMD10,0.0001875007634384
DDRGK1,0.0001874860855553
NAA60,0.0001873283914332
C12orf49,0.0001870298507016
C1orf198,0.0001869965159809
SOD2,0.0001869580402036
CHI3L1,0.0001868091868321
CLN3,0.000186630209037
HCCS,0.0001864293464246
JMJD8,0.0001864215517502
PDCL3,0.0001862227280282
NT5E,0.0001859726697795
MRPL35,0.000185867133933
GPRC5C,0.0001857487998244
PRMT1,0.0001851562976738
CXXC5,0.0001851439722985
LBR,0.0001851305709291
FBLN1,0.0001850661499632
CCL5,0.0001849032833973
SAR1A,0.0001848217615329
MAT2B,0.0001847607713437
F10,0.0001845739370492
MARVELD2,0.0001842818647811
HIGD1A,0.0001842707036438
UBL4A,0.0001840068509403
IL13RA1,0.0001839438385352
PRNP,0.0001836228447262
C6orf47,0.0001832594427964
PLPP5,0.000183235462646
EFNB1,0.0001832297345336
PCNA,0.0001830826691807
CDC26,0.000182994008239
UBE2Q1,0.0001828269494754
RFK,0.0001824818547611
CNP,0.0001824668116031
REEP6,0.0001824123449634
LSM2,0.0001821984124934
PPCS,0.0001820958587466
PTGDS,0.0001820507025155
OCEL1,0.0001820465515264
ATF6B,0.0001820296856425
MTLN,0.0001820154772642
TMEM201,0.0001817533044426
COX14,0.0001815167386934
AKR7A2,0.0001814890556824
GPX8,0.0001814385514475
SCAMP2,0.0001814224991374
KPNA2,0.00018134637506
SDC3,0.0001811923488327
ZNF703,0.0001810184423344
DNAJB12,0.0001808019659002
HSPH1,0.0001804993276368
SLBP,0.0001804847248774
MFSD12,0.0001803448000042
BNIP3,0.0001803315830523
REEP4,0.0001803163179834
SERPING1,0.0001801976627825
PSEN2,0.0001801916791179
DCTN6,0.0001801431605539
RHOA,0.0001801323045594
TMEM246,0.0001801303403897
RETSAT,0.0001801051036303
APOD,0.0001798955237755
ASNSD1,0.0001795389191176
HAX1,0.0001792781645519
PRKAR1A,0.00017918976667
MMADHC,0.0001791516259068
C5orf24,0.0001791314651826
FBXL14,0.0001789210206751
TRIB1,0.0001786825750821
REX1BD,0.0001783343357738
YWHAG,0.0001782851008065
LSM6,0.000178244948325
GTF3A,0.0001782370541237
COPZ2,0.0001781678282256
ECSCR,0.0001778147291297
PIGX,0.0001778077034387
MRPL20,0.000177763776504
IFI35,0.0001777265082035
PNKD,0.0001774112428444
GSTK1,0.0001773488332779
PQBP1,0.0001772645840811
MEPCE,0.0001771957439995
GALNT15,0.0001766615519484
TMEM9B,0.0001765943897198
GNPNAT1,0.0001764894973069
DUSP4,0.0001763545752821
TMEM223,0.0001762934044039
SZRD1,0.0001762660521019
DYNLT1,0.0001762259629637
TIMM17B,0.0001762191088316
PSMD7,0.0001761585531529
SPG21,0.0001761496475135
BCL7C,0.0001759836557862
SOAT2,0.000175872450666
CREB3L1,0.0001754498230114
AHSA1,0.0001754211972785
ADGRL3-AS1,0.000175377411527
MAOA,0.0001753363946876
PTGES3,0.0001752251457459
CA2,0.0001751345826288
TOB1,0.000175016429013
SRD5A3,0.0001745061179988
SUCLG1,0.0001744810432132
CCPG1,0.0001744782428021
ALDOC,0.0001744255064826
SPTY2D1,0.0001743885276376
ARSD,0.0001737347358191
EIF3J,0.0001737253109816
THOC6,0.0001736349297948
PRPS2,0.0001735240158771
KNG1,0.0001735037793366
ST6GALNAC4,0.0001734591011514
TSEN34,0.0001731796664055
ACP2,0.000173109730614
MUC3A,0.0001731051493944
SLC39A3,0.0001728315634893
ATG3,0.0001727597238975
SLC22A18,0.0001726854635804
B4GAT1,0.0001725531960601
FXYD1,0.0001724920090744
PRPF19,0.0001724009964006
SCPEP1,0.0001723277979237
ACTN4,0.0001722807211442
CCL2,0.0001722520572026
LILRB1,0.0001722081309458
SCG5,0.0001721372655142
CD47,0.0001719187691328
RNF187,0.0001719061079442
GGCX,0.0001717484254082
ATOX1,0.0001715139453153
GPS1,0.0001713770779768
CD14,0.0001713225925866
CLSTN1,0.0001710029118344
FBXO45,0.0001708090015826
VARS,0.0001705619765137
CCDC59,0.0001704231221254
TAX1BP3,0.0001703656767711
DUS1L,0.0001701168288218
RHOC,0.0001700567041221
FEN1,0.0001698601438433
FUOM,0.0001696747993467
MSX1,0.000169657929752
VPS25,0.0001696407909883
ORAI1,0.0001694245344224
CHMP5,0.0001693529085443
TRAPPC2L,0.0001693361972892
HSD17B12,0.0001693172617833
MASP2,0.0001691914228437
CAV1,0.0001691617000455
MED8,0.0001690592182833
C18orf32,0.0001688737636501
SEPHS2,0.0001688210335196
GGT6,0.0001687345858068
F2RL1,0.0001685616191091
A1BG,0.0001683354879578
THEM6,0.0001679134308192
RMND5A,0.0001678914904721
LYAR,0.000167765023968
RTN4,0.0001677258604974
SCAND1,0.0001676912609158
NME4,0.0001675543877386
FOXQ1,0.0001675161770405
ADM,0.0001674761045285
ZBTB42,0.000167405252244
C9orf78,0.0001673449265395
AREG,0.0001672362102556
RAB11FIP1,0.0001669577678642
ELF3,0.0001669353639634
CAVIN1,0.000166889693186
RIOX1,0.0001667351900959
SOX4,0.0001665844579889
TINF2,0.0001665004608284
SEC16A,0.0001664790968065
EMC6,0.00016640641084
CYP2S1,0.0001662402204789
SMIM1,0.0001662098581703
KHDRBS3,0.0001658247477419
ANXA11,0.0001658213207874
GAS6,0.0001654685989203
DGCR6L,0.0001654399592278
ATP13A2,0.0001654382047379
C11orf1,0.0001654155082452
TBCC,0.0001653846190648
UBE2L6,0.0001651781566419
PLOD1,0.0001651734074489
NGRN,0.0001650824428463
GMPPA,0.000164921369538
PLEKHB1,0.0001647555940519
RTL8A,0.0001645604171441
TP53I13,0.0001644970495738
GPKOW,0.0001643282317596
MPZL1,0.0001642888700209
FASTKD5,0.0001642564463415
GNL2,0.0001639774378936
RNF167,0.0001639082606805
EVA1B,0.0001633340776982
ARPC2,0.0001632972194171
PSMB7,0.0001630505032937
FOSL2,0.000162852847798
MRPS22,0.0001628513747704
HEXIM1,0.0001626725763326
RWDD4,0.0001626117664946
ARF5,0.0001624260050694
TM7SF2,0.0001623852674299
MFSD5,0.000162152070805
GALNT1,0.0001620317429703
TTTY14,0.0001619909424815
DUSP5,0.0001618955072985
SF3B4,0.0001618618394972
EIF1B,0.0001618013046613
SMCO4,0.0001617176772641
EIF1AX,0.0001616641865737
MOB1A,0.000161636159472
MRPL4,0.0001615566062826
CTSV,0.0001615473395735
SNHG8,0.0001614551979944
DGAT2,0.0001613190832881
MRPS23,0.0001611969036008
MAP1S,0.000161056584843
ID1,0.0001608318647821
ABHD16A,0.0001605754537223
JUN,0.0001605204713742
TSPAN31,0.000160476274266
CNN2,0.0001604003840116
TMEM106B,0.0001603045251218
TMEM184C,0.0001602440410962
NPM3,0.0001601295689201
NECTIN2,0.0001600720192295
LIN7C,0.0001598388950871
TFPT,0.0001598052011895
HNRNPUL2,0.0001597415277198
SERPINB1,0.0001597011693891
RALBP1,0.0001596537529029
PAIP1,0.0001595535343558
BRI3,0.0001595306286801
GFER,0.0001592255959498
ITPRIPL2,0.0001590067853054
UBXN6,0.0001589502772772
RAP2B,0.000158913688389
SLK,0.000158434804977
LRRC8A,0.0001582559003855
RASD1,0.0001581944105623
SLC41A3,0.0001579374921787
ARPC5,0.0001578745405544
SIAE,0.0001578223012492
RRAGA,0.000157701434652
NBL1,0.0001576712377225
TCN2,0.0001575986453951
NOP9,0.0001575295618827
TMEM18,0.0001573296042996
GTF2A2,0.0001570457892999
DAG1,0.0001569545325765
HPD,0.0001569308536786
GP1BB,0.0001567387035842
PIGS,0.0001565190703916
ISOC1,0.0001564482342092
TLR3,0.0001563405793587
INSIG2,0.0001559479541592
DUSP23,0.0001559243934512
RNF26,0.0001556130407533
GSN,0.0001555882830402
MRPL13,0.0001555734551644
TPM4,0.0001555656812313
NDUFAF8,0.000155549171981
SNU13,0.0001551043074344
RNF6,0.0001550912497385
HMGCR,0.0001549867117518
EMC3,0.0001549698867902
IGSF8,0.0001549602299039
FSCN1,0.0001548775414109
CISD3,0.0001547519929394
PEF1,0.0001547260981924
C15orf61,0.0001546025681214
SH3GLB1,0.0001545366333732
FAM3B,0.000154464396615
IL1R2,0.0001544517964884
SOCS3,0.0001543009337611
PTGS2,0.0001542268210294
IARS2,0.000154005940468
ZBTB33,0.0001539838320325
ZPR1,0.0001538881847733
HIST1H1C,0.0001537798363871
A2M,0.0001537183542606
PSMB9,0.0001537071467595
SDHA,0.0001536964400694
MAGOHB,0.0001535428302108
TP53I11,0.0001531219355847
VMA21,0.0001529138791973
MRPS34,0.0001527237646095
BRD2,0.0001526540539441
BAK1,0.0001525949849551
PDLIM1,0.0001525820765195
PHLDA3,0.0001525574680648
GSTM3,0.0001523573615037
EBNA1BP2,0.0001523333713132
MRPL30,0.0001521700978904
CTSL,0.0001520490852462
FURIN,0.0001519213695645
IFNAR1,0.0001519190745921
THBS1,0.0001515486113702
MRPL55,0.0001514761340293
EMD,0.0001512605040071
C8G,0.0001512181542835
HYAL1,0.0001511535052067
HACD3,0.0001509184331743
CNN3,0.0001508486510091
TMEM109,0.0001507145503909
PIM1,0.0001506897844512
ACAT2,0.0001504150482803
MRPS30,0.0001503824138369
NOP14,0.0001501317726936
FRG1,0.0001500099191679
POLR1D,0.0001499628993469
DDX24,0.0001498229385525
CAV2,0.0001497477480857
MCM2,0.0001495458427339
ATP6V1F,0.0001495453831424
BAMBI,0.0001495356414773
UXS1,0.0001493129895983
EFHD2,0.0001493095073153
SMPDL3A,0.0001492155314251
MID1IP1,0.0001490942979415
LEPROTL1,0.000148844610156
ZNRD1,0.000148835686216
PGD,0.0001486137976708
ANKRD37,0.0001485941947324
MRPS17,0.0001484760318679
MRPL52,0.0001484313557382
EGR1,0.0001482424153688
STT3B,0.0001480553673562
LMNB2,0.000147498234765
NOB1,0.0001472075753936
EIF3L,0.0001471510322214
ZNF706,0.000147000498478
MYCBP,0.0001468658991126
FGFRL1,0.0001467295605713
SUMO1,0.0001466948003365
SPAG4,0.000146641649426
GCSH,0.0001466327303198
STIP1,0.0001464249551621
LMO7,0.0001462977410979
RBM38,0.0001462621546947
RDH10,0.0001461802255705
GNA11,0.0001460769117271
RHOG,0.0001459603650759
UTP11,0.0001459589156682
NOP16,0.0001459196454574
MCTS1,0.0001459154047336
CRYZ,0.0001456680221949
BLCAP,0.0001456318810052
RUVBL2,0.0001456083711305
DKK1,0.0001455585136657
CCDC107,0.0001455460752632
TUBB2A,0.0001454920860902
JOSD2,0.0001454799489925
IRF6,0.000145442879871
GJB3,0.0001454197132967
SERTAD1,0.0001453365279719
HIST1H2BG,0.000145048897018
PTN,0.0001450083234607
ULBP3,0.0001449933643951
LIME1,0.0001449835707535
ATMIN,0.0001449433473918
STBD1,0.0001448904286527
POLD4,0.0001448372616239
CTDSP2,0.0001445676979547
TMEM237,0.0001441121309434
TMEM230,0.0001440488846878
MRPL57,0.0001437643015723
HIST1H4C,0.0001436156570629
RHOB,0.0001435800725777
RRP8,0.0001435258812899
MANEA,0.0001434663070872
HIST1H2BD,0.0001433731669787
PAF1,0.0001429568706646
CAPN1,0.0001428538009185
LGALSL,0.0001427053248178
NUDT21,0.0001425573664751
RAI2,0.0001424979583194
HTRA2,0.0001424797808466
RRS1,0.0001424639510519
ERGIC1,0.000142398597932
PIGP,0.0001423751626182
SLC35C1,0.0001422388410379
FZD7,0.0001420706820756
NUDT3,0.000141990338376
NANS,0.0001419585137411
MTX1,0.000141922281497
IER3,0.0001416691752911
FLNA,0.0001414699414178
UCP2,0.0001413089588353
RAB14,0.0001412818299274
GADD45B,0.0001411512206586
SNAI1,0.0001411454725076
AMIGO1,0.00014110575459
ATG9A,0.0001409826051435
EFNA4,0.0001408602244994
PPM1G,0.00014078148469
P4HA2,0.0001406531930773
ATP5F1C,0.0001405209135536
RBIS,0.0001404645975568
PLRG1,0.0001404609587858
ATP13A1,0.0001402006562268
DDX18,0.000140165329272
SF3A1,0.0001400458252553
PDCD2,0.0001400144297827
YY1,0.0001399952315927
PGLS,0.0001399117732621
PSMD3,0.0001398833964892
ANXA1,0.000139806995979
GID8,0.0001397342626667
ING2,0.0001393661536649
CDC42EP1,0.0001393338501752
CDH1,0.0001393072258969
KDSR,0.0001392847953848
RBP1,0.0001392421262861
TMUB1,0.0001390597081024
GOLT1B,0.0001390573541222
SURF1,0.0001390156085401
TXN2,0.0001389307002569
TRAPPC2B,0.0001388676020528
S100A2,0.0001387955817318
SRXN1,0.0001387130290487
PMAIP1,0.0001386935230987
FGFR3,0.0001386692727894
FDXR,0.0001384821469522
CYP1B1,0.0001380557566041
CHCHD7,0.0001379723579642
PSMA5,0.0001377626403498
GORASP2,0.0001374104288144
CARD19,0.0001373491652297
TMEM38B,0.0001372581019289
IFNGR1,0.0001371691276088
HMGN1,0.0001368979378667
BRK1,0.0001368462508617
DPY30,0.0001368122711995
DKK3,0.0001365672602487
AIF1,0.0001365250587204
IRF7,0.0001364592093085
MRPS18B,0.0001364401369113
SEC63,0.0001362472503148
LYNX1,0.0001362341248591
C1orf122,0.0001362151991757
GSK3A,0.0001360010612412
TRIM54,0.0001355430807029
ITIH4,0.0001354434621099
SAC3D1,0.000135428035239
CHCHD5,0.0001353666055895
EIF5,0.0001353522606323
PRR15,0.0001349528666002
CXorf56,0.0001349444038849
MCRIP2,0.0001349190103649
BHLHE40,0.0001347464900854
ANXA6,0.0001346995006689
STEAP1B,0.0001346601517014
TUBG1,0.0001344480469172
ENDOG,0.0001343285230825
ZDHHC24,0.0001342377190373
NTHL1,0.0001342271160945
REXO2,0.0001341942148747
ARPP19,0.0001339070067307
PLK1,0.0001338174627719
SURF6,0.0001338173611747
B3GNT2,0.0001338047786495
USP1,0.0001337566599546
DTX3L,0.000133728257942
TRIM47,0.0001335019558138
EAF1,0.0001334435530176
ZBTB7A,0.0001334268175856
CCNI,0.0001334203900732
CCDC167,0.0001333918004375
MAN2B2,0.0001333333471849
LPCAT4,0.0001332456730697
RAB11B,0.0001331769542476
MCAT,0.0001330946813931
KLF16,0.0001330285244824
TSR2,0.0001329854598152
HBEGF,0.0001328054356165
SLC35A4,0.0001327969680191
ACADVL,0.0001327811270204
MRPL9,0.000132494252659
TNFSF9,0.0001324461941014
PABPC4,0.0001321725846575
SLIRP,0.0001321658506541
PELP1,0.0001321479199049
CENPM,0.0001321187658219
MATN3,0.0001320886904042
LAP3,0.0001320079370572
FAM83H,0.0001316816131919
MTPN,0.0001315961738246
GBP4,0.0001315746206481
GTF2H5,0.0001312882543801
RNPEPL1,0.0001312144426435
PSMC1,0.0001312062212687
HCFC1,0.0001311803131259
CISD1,0.0001310994447757
ACTR3,0.0001309735913625
PLOD3,0.0001306592504885
TFIP11,0.000130580930595
RGCC,0.0001305635931293
PKP3,0.0001305189445112
ACLY,0.0001304794444866
MAGOH,0.0001304184399715
TMEM256,0.0001303061923109
OAS1,0.0001302839384065
PXMP2,0.000130257764947
ADAM9,0.0001301786177874
FAM98A,0.0001300711430667
MRPS36,0.0001300475104179
MISP,0.0001299847140077
GPX7,0.0001298417904724
ESYT1,0.0001295774590646
QPCT,0.0001295323918167
SDHD,0.0001294877981464
CENPB,0.000129473197063
ELP5,0.0001294211919794
NDUFA5,0.0001294043524565
EDEM1,0.0001292455834417
TUSC2,0.0001291484928824
ERAP1,0.0001288206330292
VAT1,0.0001287764388389
DM1-AS,0.0001286273610091
POLR2E,0.000128410202263
FOXRED2,0.0001283171358436
COX7A2L,0.0001281675764125
MRPL2,0.0001280375022681
HNRNPU,0.0001280136923813
PCDHB16,0.0001279935412521
FAM207A,0.0001279245673207
ETF1,0.0001278280857077
PIGV,0.0001277443225625
CBX4,0.000127704279471
LRRC42,0.0001276784381
PDHB,0.0001275486646308
DPM3,0.0001275012293344
GUCD1,0.0001275004089955
GGPS1,0.000127447377755
JUND,0.000127410195794
DERL2,0.0001271804613183
PPAN,0.0001271662171585
KNOP1,0.0001271481269276
NDUFS3,0.0001269842752182
TGFBI,0.0001269591925353
EMP3,0.0001268736688319
CHPF2,0.0001268643702545
GCC1,0.0001264208614113
BET1L,0.0001261944537276
PIGC,0.0001261021264285
ALDH6A1,0.0001259651941341
THAP1,0.0001259586409978
ABRACL,0.0001259273118878
BOLA2,0.0001258745610014
QARS,0.0001258326095287
TMEM19,0.0001258081681462
SFPQ,0.0001257351462282
PITRM1,0.0001253971495973
PPP6R1,0.0001253456773715
FAM8A1,0.0001252644197541
FH,0.0001252566263643
MFGE8,0.0001252267394965
FOXC1,0.0001252160663866
FUNDC2,0.0001251832911048
TEX261,0.0001250607632399
KPNB1,0.0001249317961007
SELENON,0.000124858778847
APOM,0.0001247519820039
SMARCE1,0.0001246117270444
HIST1H3H,0.0001245333614387
CFAP20,0.0001244996919913
SNF8,0.0001243904299421
RPP40,0.000124241652458
IL20RA,0.0001241683137098
TSPYL1,0.000124167020083
SLC9A3R1,0.0001240758019821
S100A3,0.000124034837151
DLK2,0.0001238676117078
RPP21,0.0001238419744634
ABHD2,0.0001238345011938
MRPS7,0.0001236696644031
DNAJA2,0.0001235919406905
CLPP,0.0001235537513234
TPBG,0.0001234789879114
RNF139,0.0001234592961371
TP53TG1,0.0001234590759158
CLCN4,0.000123437894313
BST1,0.0001233655503755
IMP3,0.0001232286163451
COA4,0.0001231475588861
PPP1R15B,0.0001231216026999
OTUB1,0.000123103779843
PTAFR,0.0001230547435239
RAB4A,0.0001227962102637
FAM90A1,0.0001226814974872
TRIAP1,0.0001224965814151
SPTSSA,0.0001224737853099
BRD7,0.000122410738246
THBD,0.0001224104821332
HMGXB4,0.0001223115994341
TAF6,0.0001222629128665
LXN,0.000122185160335
TMEM132A,0.0001221297290569
ST6GALNAC6,0.0001219450068095
RAB3D,0.0001218974179622
HS6ST1,0.0001218273557665
TXNL4A,0.0001217707489945
GRM7-AS3,0.0001217361362961
STK16,0.0001216931094492
LIPA,0.0001215956582657
SSNA1,0.0001215859900793
CD46,0.0001215459091822
MYL9,0.000121480532705
SOWAHC,0.000121474312177
APOBEC3C,0.0001214527345163
NET1,0.0001214401814733
GLRX,0.000121335329634
NDUFA7,0.0001213238218412
MIDN,0.0001213137919504
CARD16,0.0001213041914635
RNF128,0.0001212769971233
PAQR7,0.0001211272626695
GTSF1,0.0001210414448763
EMC9,0.0001206969389777
MRPL49,0.0001206613871012
IFIT1,0.0001204619891954
TBRG4,0.0001204310473933
TSN,0.0001202081461813
CDKN2C,0.0001202002452525
CKMT1B,0.0001201992870617
NOC4L,0.0001200668334864
LSM10,0.0001199332036482
IFI16,0.0001197613159893
CYB561D2,0.0001197318471765
PIM3,0.0001196710575278
TP53INP2,0.0001196211434347
AMFR,0.0001195580854562
PCDH11X,0.0001195383740075
TMEM45A,0.000119442780417
CCNDBP1,0.0001194334806776
DUSP3,0.0001194292664736
PRB2,0.0001193909847733
MFSD1,0.0001192712588623
PEG3,0.0001189909802517
YBX3,0.0001185915710162
ISG20,0.0001185896543419
TWF2,0.0001184356627628
TP53RK,0.0001180840596633
DYNLL2,0.0001180648610553
AP1S1,0.0001180637570232
NUDT22,0.0001180570715367
SPNS1,0.0001180468640779
SHISA5,0.0001180162565795
SNX12,0.0001179779556275
BROX,0.0001179326526775
HSPA13,0.0001179318000968
MRPL24,0.0001179063050348
CLGN,0.0001177626380946
FADS1,0.0001177351293024
CLTA,0.0001176079346644
ZNF574,0.0001175726368551
PTOV1,0.000117346378538
SLC25A11,0.0001173291930754
TOP1,0.0001171970755847
GJA1,0.0001171947882765
UBE2A,0.00011700788659
FAM50A,0.0001169683950541
PFKP,0.0001168557125814
CAMLG,0.0001167228892018
TMEM26-AS1,0.000116712933564
ARRDC3,0.0001166549419684
SLC35E1,0.0001165186699872
ITGB4,0.0001164390718234
CUEDC2,0.0001163214676957
CLUL1,0.0001163010679452
SART1,0.0001162418773713
TOPAZ1,0.00011623807678130562
BAIAP2-DT,0.0001162293714614
SLC25A1,0.0001161671450547
FUT11,0.0001161157980615
DAZAP2,0.0001161151511769
UBE2L3,0.0001160865433391
CD79B,0.0001160619704585
PSME3,0.0001158371529517
NAPA,0.0001157085582062
RRM1,0.0001156223401586
HSPA9,0.000115330850155
CLDN18,0.000115063796732
CHST2,0.0001150295315244
CHCHD4,0.0001149592374416
SRP72,0.0001149071229922
ALDH2,0.0001148997719965
NAMPT,0.0001148178794421
TM2D1,0.0001147945897005
ALKBH5,0.000114768966219
NKRF,0.0001146754349412
PLBD2,0.0001146164152142
KHSRP,0.0001145714015633
CZIB,0.0001145178699482
PMVK,0.0001143999175608
B3GNT9,0.0001143118065531
UFD1,0.0001143053518679
HRAS,0.0001142800848316
DHFR2,0.0001142650320473
MAFF,0.0001142451511539
DNAJC21,0.0001141830564173
TMEM167B,0.0001141066449749
CYB5R1,0.0001140905929825
MCM3,0.0001139788620706
TMEM125,0.0001139604205148
UGCG,0.0001137504180768
INO80B,0.0001137476939317
DOLPP1,0.0001135287448034
HSD17B13,0.0001135130937313
NUDT9,0.0001133002937803
ACSL3,0.0001132543936067
OCLN,0.0001130707254014
RAB11A,0.0001129736450511
TNFRSF21,0.0001129601341676
GLT8D1,0.0001129369470899
OPTN,0.0001129256802482
FKBP7,0.0001127178671826
ZNF664,0.0001126927056445
IGFBP4,0.0001124515182606
APOL6,0.0001123863098765
CXCL10,0.0001123187521025
CXCL17,0.0001121542853201
CARHSP1,0.0001120784497785
GPI,0.0001120606973092
PTRH1,0.0001119515374423
NR1D1,0.0001118171341448
TMEM37,0.0001116196507189
NAA20,0.0001115111776348
PHF5A,0.0001113532740343
RTN3,0.0001113454363086
CCDC85B,0.0001113400030115
CINP,0.0001113215067609
H19,0.0001110442509106
ARSI,0.0001109812686154
B4GALT4,0.0001108483148641
MAP2K2,0.0001107273648286
CLTC,0.0001107104975313
CBX6,0.0001105934578302
INTS5,0.0001104835466341
GPS2,0.0001103400313901
TRIM8,0.0001103056843553
TMEM43,0.0001102680669701
UPF1,0.0001102454583193
MRPS14,0.0001101323045305
ID4,0.0001101275036134
CNNM3,0.0001100674239126
PPP1R9B,0.0001100438000508
CPVL,0.0001098113644487
TAF7,0.000109735419253
CEACAM7,0.0001096486103023
FLYWCH2,0.0001095619404966
NCF1,0.0001095174329655
SURF2,0.0001094947857331
ACSL5,0.0001093600946688
PLIN2,0.0001092581857679
TBCB,0.0001092110814315
CD40,0.0001091669873579
LAMTOR3,0.0001091308075682
NUDT8,0.0001090656529284
ADH5,0.0001089610052609
ERGIC2,0.0001089239887384
PNRC2,0.0001089171295874
PITX1,0.0001088891023761
C1D,0.0001088399660664
HIST2H2BE,0.0001087670533174
ZNF330,0.000108710215091
EMP1,0.0001086664364837
SFT2D2,0.0001086432421819
EEF2KMT,0.0001086395378961
SNX3,0.0001085342026747
SGTA,0.0001085280213748
CENPX,0.000108527742706
HSPA2,0.0001085107215501
ARSA,0.0001084907119568
RHOV,0.0001084549724447
S100A8,0.0001084497660595
MRPL46,0.000108370117065
TXLNA,0.0001081556968488
RAMP2,0.0001081233951049
CDK5,0.0001080436123011
GAPLINC,0.0001079310346441
RNF220,0.0001079207516193
SGMS2,0.0001078007714428
CXCL1,0.0001076794487473
NMU,0.0001076553373405
PYCR2,0.000107504750764
PLXNB2,0.0001074732035462
DBN1,0.0001074658082138
FYTTD1,0.0001071885197732
SLC7A8,0.0001071304246883
ATP7A,0.0001070375269283
RELA,0.0001069624884025
PRR34-AS1,0.0001069452379755
DKC1,0.0001069328223418
FLII,0.0001069273414434
MARCO,0.0001069222767463
GNA15,0.000106885984241
PSMA6,0.0001067468392638
NDN,0.00010673171642672427
SCP2,0.0001066847610451
PRRG4,0.0001063539727174
ZNF770,0.0001062706504955
RWDD1,0.0001062205548388
MRPL33,0.0001061766097252
SLC1A4,0.0001061173030653
MRPS10,0.0001061166154565
MRFAP1L1,0.0001060387029379
ZFPL1,0.0001060155566831
MST1,0.0001058775071927
GCNT3,0.0001057312161456
NASP,0.0001056130672491
OTUD6B-AS1,0.0001055299476604
UBE2V1,0.0001054631365495
THOC3,0.0001054001037591
MPDU1,0.0001053685044586
TIMM50,0.000105277534866
PCSK9,0.00010527289916065493
KIAA1143,0.0001051920267432
CIR1,0.0001051856386761
ARMT1,0.0001050979629411
POLE4,0.0001050493242315
AJUBA,0.0001050456276533
HNRNPF,0.0001048260617425
PCGF1,0.0001048022230893
COMMD8,0.0001047709976535
NFKBIL1,0.0001047278928737
ZBTB7B,0.0001047253530069
PNPLA2,0.0001047240673824
SLC2A8,0.000104698643668
BHLHE41,0.0001046399362383
CEBPG,0.0001046152526007
STEAP3,0.0001045910815084
ADGRG1,0.0001043820893947
GAL3ST1,0.0001042540122601
LTBR,0.0001041743889496
BMI1,0.0001039914566067
RARRES2,0.000103905083949
MYCL,0.0001037799684725
PIP4K2C,0.0001037669643036
CRIPT,0.0001037413470045
TIMP1,0.000103610465724
MMP14,0.0001035417325966
TENT5C,0.0001035212847242
OXA1L,0.000103499950206
RNF145,0.0001034153067383
CHRNA5,0.0001033495700456
ATP6V1B2,0.0001032894813074
FUT3,0.0001032867804928
CSTA,0.0001032348835266
FAM177A1,0.0001031713840347
PROC,0.0001030874367826
MAFTRR,0.0001030824496857
F3,0.0001030532532612
AP000254.2,0.0001027249157997
PEX12,0.000102688391749
AKR1C1,0.0001025151742915
CCL18,0.0001024930690584
TNFRSF1A,0.0001023213472682
CYP27C1,0.0001022682327748
SLC31A1,0.0001022307750532
CCDC28A,0.000102053594988
MAD2L2,0.0001019866069622
GCHFR,0.0001019436470429
PJA1,0.0001019193986531
GLO1,0.000101869012728
UHMK1,0.0001017902653144
COQ2,0.0001016746675554
SVBP,0.0001015524629625
HIRIP3,0.0001015445251329
AZIN1,0.0001015183923316
TMX2,0.0001015009836539
H2AFV,0.0001014708373788
PSMC6,0.0001013865871556
FAM89B,0.0001013803998546
LOX,0.0001013430238087
TMEM191C,0.000101319642204
MOB3C,0.0001012256959381
LINP1,0.0001009627744467
UBXN4,0.000100947300473
CDKN2B,0.0001008320692655
FAM3D,0.0001007974021748
MRPL34,0.0001007926987652
HPS6,0.0001007186655891
JAGN1,0.0001005481675486
TOR2A,0.0001005192089097
USE1,0.0001005032273657
TOLLIP,0.0001004087850618
KLHL21,0.0001002764658529
AIMP1,0.0001002559012012
XAB2,0.000100252714337
H1FX,0.0001001719705563
PRCP,0.000100109598041
MRPS18C,0.0001000420471553
ASGR2,0.0001000060451861
CFAP97D2,9.99103981956228e-05
PHF23,9.977532362023417e-05
PPIF,9.97553004758528e-05
ATXN7L3,9.973536104479624e-05
UNC119B,9.962512406279016e-05
MMRN1,9.959436224048756e-05
PIGK,9.957283270537136e-05
CYP2D6,9.945247306684024e-05
ZNF672,9.940855295702204e-05
TCOF1,9.930734979671766e-05
OVOL1,9.930481954758898e-05
MCAM,9.916038739776204e-05
POLRMT,9.908791894983528e-05
KRR1,9.905304350157057e-05
G0S2,9.90391087998314e-05
DNAJC12,9.903564935018415e-05
TADA3,9.88978714464692e-05
AP001062.1,9.881697128781135e-05
CDCA7L,9.871037082331088e-05
DNTTIP2,9.869857408932309e-05
SLC16A1,9.861248098093014e-05
NCLN,9.849563541314014e-05
ABCA2,9.849238243412144e-05
TPRKB,9.84875154945316e-05
TRAPPC4,9.836472082529024e-05
RAB21,9.835893520511086e-05
GAA,9.825172543108024e-05
TWSG1,9.822698053024474e-05
SPAG5,9.817351845752313e-05
COMMD2,9.81145372877601e-05
XYLT2,9.810025103133804e-05
HNRNPR,9.796868360123476e-05
TMEM99,9.789459915401458e-05
HADHA,9.789213396211118e-05
SMC3,9.767645163342631e-05
SGPP2,9.75183289231117e-05
CCDC175,9.728793746748876e-05
SMC2,9.724533690265844e-05
CLDND1,9.723877839290535e-05
GSPT1,9.70979522300547e-05
ARPC1A,9.70405167500314e-05
TMEM183A,9.702828226272652e-05
GPN3,9.698108874010504e-05
CYP2E1,9.697512476756223e-05
B3GALNT1,9.694748738040777e-05
PCNX3,9.682373657818936e-05
MPND,9.663610809904788e-05
PDE12,9.66315603188674e-05
PODXL2,9.658077449248222e-05
PLK2,9.656193556252544e-05
PAX9,9.6533371752731e-05
BTG2,9.64875475251858e-05
TMEM134,9.642496481851738e-05
DHRS13,9.6394123660842e-05
COX20,9.610071051540502e-05
PAQR8,9.598063028299574e-05
TMEM249,9.592767793952722e-05
CORO1A,9.590716152923012e-05
C14orf119,9.587295383425003e-05
LSM1,9.587271235813314e-05
PNP,9.583809604956144e-05
TMEM250,9.581318238708743e-05
MED30,9.574279663619644e-05
LNPK,9.572071261485964e-05
MBOAT7,9.570820497912018e-05
MRPL40,9.562128293571304e-05
ARL2,9.55876256405331e-05
TMF1,9.550815154289056e-05
CACFD1,9.545488798327174e-05
SLC25A39,9.54257454369678e-05
DSC2,9.5367924318878e-05
CD93,9.535869817483032e-05
MANSC1,9.533242582309312e-05
IL4I1,9.525429902947922e-05
MPHOSPH10,9.521876979194018e-05
NPSR1,9.519209987787587e-05
DDX39A,9.518844285425932e-05
GARS,9.514058354853588e-05
ARCN1,9.505462106374984e-05
DDA1,9.49996833124089e-05
THAP7,9.499965196081645e-05
PDLIM4,9.48979226730517e-05
IRF2BP1,9.487092123568812e-05
TES,9.473864275108813e-05
MOSPD3,9.47299914808884e-05
NDUFB1,9.465081595289574e-05
SNRNP27,9.464429949634883e-05
BMP7,9.458565226670005e-05
KEAP1,9.455903910464602e-05
ZNF662,9.440346741329116e-05
PORCN,9.429576909217892e-05
SAV1,9.426925012877024e-05
BCL10,9.418569216629816e-05
EFCAB14,9.414996795740728e-05
DYNLT3,9.405614003001687e-05
METTL9,9.400015757622016e-05
FZD1,9.399460539231532e-05
PEX16,9.382847028457338e-05
KCTD12,9.37488272980226e-05
CCDC25,9.356560000227135e-05
COA8,9.351286355223362e-05
NECTIN1,9.34475558362285e-05
ZNF622,9.342521354748552e-05
GABRP,9.340694646613304e-05
HEIH,9.340645263559316e-05
TK1,9.317674032021472e-05
EGLN2,9.315632336680154e-05
NUPR1,9.31011828122511e-05
PHYH,9.308044787330434e-05
AF111169.3,9.307285206440526e-05
SQSTM1,9.30103517385846e-05
SERPIND1,9.292988738157097e-05
POR,9.285835352317254e-05
EPRS,9.282591027589435e-05
GMPPB,9.279345022989632e-05
SUGT1,9.27519174436441e-05
CPT2,9.268686815951598e-05
SLC2A4RG,9.266039386411822e-05
CHODL-AS1,9.238743959259602e-05
NUTF2,9.236710491071784e-05
IRAK1,9.229208924465832e-05
FOXA1,9.228295678820474e-05
UFM1,9.224879006257609e-05
AKAP12,9.21339107424698e-05
GRSF1,9.210682246890392e-05
HNRNPUL1,9.20605979688148e-05
MUC20,9.19900129241016e-05
HPX,9.190156803196994e-05
TKFC,9.186745376789844e-05
CXCR2,9.180782163223872e-05
PYM1,9.17926806098732e-05
FARSA,9.16305440693906e-05
RRP9,9.160997632875082e-05
DOHH,9.156843966461532e-05
YPEL3,9.154417265502431e-05
VBP1,9.154078719371444e-05
SYVN1,9.152799875432064e-05
MICA,9.15105461911026e-05
P4HTM,9.140491305375224e-05
TMEM265,9.138562109613636e-05
YKT6,9.13325692387425e-05
DNMT1,9.127788911109188e-05
POP4,9.12673662302573e-05
LASP1,9.124689362770612e-05
HLX,9.117651563615248e-05
HIST2H2AC,9.110005250460608e-05
EIF2AK2,9.100887505422672e-05
RHEB,9.099400719310054e-05
CCN2,9.080289935954368e-05
PPP1CC,9.079177547336256e-05
TMEM203,9.075670527551442e-05
FOXP3,9.06907813473916e-05
TNFRSF18,9.065733631346806e-05
CD8B2,9.06569684078864e-05
SNHG5,9.06480812871172e-05
IGHA1,9.060925589138648e-05
RBM7,9.060738439203836e-05
UGT2B7,9.058266894815756e-05
COPA,9.047297203487186e-05
MEAF6,9.042774271143152e-05
MOCS2,9.034146564603107e-05
LRP1,9.032814878044554e-05
ZNF511,9.032773665354574e-05
HINT3,9.025922421197045e-05
ZNF524,9.014831718524968e-05
ASF1A,9.010846396416749e-05
PDCL,9.007394089978292e-05
LENG1,9.005200610626847e-05
APEX1,9.000906702903556e-05
ARPC4,8.999061720372458e-05
FAM162B,8.983202143344362e-05
UQCC3,8.975123285886425e-05
UAP1,8.970377334830761e-05
DDB1,8.953908792158407e-05
MRPL27,8.949053745324487e-05
GBA,8.927559588085332e-05
EFNA1,8.923313636331528e-05
TMEM167A,8.916899160062675e-05
DNAJC4,8.89533432858744e-05
SCARA3,8.883567639355813e-05
NFE2L3,8.880725773468724e-05
SYNGR1,8.873998290832349e-05
ALG1,8.873305584902798e-05
SPRYD3,8.858403029938777e-05
ZNHIT3,8.85750818989071e-05
AP3D1,8.856686043398343e-05
SUN2,8.853281515000011e-05
CRKL,8.85034573677758e-05
FBXL15,8.848722209942854e-05
GDI2,8.82650620554768e-05
APEH,8.819050935478573e-05
ATP6V0D1,8.814564689941875e-05
TNFSF13,8.791118972240367e-05
LMF2,8.791034143054454e-05
ARL4D,8.786408501466891e-05
CAVIN3,8.783974011448794e-05
RPP14,8.776034171404108e-05
DDIT3,8.772099513099049e-05
SAA4,8.765797940436427e-05
IRF2BPL,8.755421915189419e-05
WT1,8.743502179730697e-05
PDPN,8.742378324333348e-05
IL23A,8.74002637767629e-05
H2AFX,8.736573174045739e-05
MRPL50,8.729793672210269e-05
HMGN4,8.729339008830993e-05
STEAP1,8.727133919864286e-05
TOR1B,8.725882610965635e-05
PHLDA1,8.725553239407863e-05
NUDT14,8.719054530602914e-05
PCLAF,8.717325562365554e-05
SOCS5,8.702355161440877e-05
TFRC,8.696583597158456e-05
SYNCRIP,8.69333390088191e-05
CCDC71L,8.669227888510743e-05
ZNF468,8.668701724226009e-05
HSD11B1,8.667659125801577e-05
SUSD2,8.666177338746844e-05
ING1,8.658315870610937e-05
TCEA1,8.65647718460381e-05
SDSL,8.649003983736085e-05
CDKN2A,8.634878304272031e-05
GTF2F1,8.628293374485308e-05
CHMP4B,8.626859391961491e-05
MED29,8.615963125227502e-05
SP6,8.601751821904523e-05
IRS2,8.59783753363786e-05
C11orf74,8.594868027759411e-05
TIMM10B,8.589554710709086e-05
GDE1,8.583544397330901e-05
TDO2,8.577692255363682e-05
GRPEL1,8.577509104437104e-05
ACOT13,8.575570715156175e-05
HPSE,8.573493579909555e-05
SLC38A5,8.570260309858493e-05
GNAZ,8.564731865559642e-05
IFIT5,8.56261534747329e-05
PITHD1,8.562298820341261e-05
GLI1,8.560984338820045e-05
ENPP4,8.551266849497941e-05
OTUD1,8.544746759755383e-05
FDPS,8.538641009998508e-05
RRP1,8.531606806423092e-05
ZDHHC18,8.530953911508135e-05
NR1D2,8.520753111903302e-05
ID2,8.498998632394314e-05
CCN1,8.490555354901429e-05
TMEM173,8.489866655255818e-05
ADSS,8.487386297981155e-05
THOC7,8.477756470985058e-05
ADCK2,8.477644408220932e-05
PNLDC1,8.476576246389952e-05
TAF13,8.462169403540063e-05
PSMD11,8.45980043841427e-05
TLE3,8.453396959307465e-05
ABT1,8.448937343495104e-05
UGDH,8.447432705618622e-05
YPEL5,8.437056428726295e-05
RHNO1,8.427784153861404e-05
ABCB1,8.42341274341536e-05
PMP22,8.421306180809079e-05
CLN6,8.40664835401147e-05
TLCD2,8.40453953264112e-05
MARVELD1,8.402155973274526e-05
STARD7,8.393799082664621e-05
RYR1,8.390788296136264e-05
UBQLN2,8.383378648775183e-05
OVGP1,8.375068447187922e-05
UBFD1,8.36808910639506e-05
PIGM,8.350476525951428e-05
SPRY2,8.348227407955479e-05
SYT7,8.333590680774893e-05
DGUOK,8.333368611704439e-05
SCAF1,8.331837056041515e-05
ELMOD2,8.286529624920514e-05
GMPR2,8.281265203056197e-05
TXNL1,8.280684357094864e-05
CPNE3,8.278344511233231e-05
PTGS1,8.277485653483238e-05
MRPL42,8.276411824055797e-05
MPV17L2,8.273467949269881e-05
INHBA,8.271283680141325e-05
ESD,8.262741185894828e-05
TMEM50B,8.254673319918908e-05
PLEKHJ1,8.253489008671772e-05
NUDT16,8.252137255878583e-05
FAIM2,8.251602150751294e-05
AP003469.4,8.251526657514861e-05
KIAA0040,8.250862735269638e-05
WBP2,8.245480059681453e-05
ACER1,8.245302310465283e-05
GSDMD,8.244909935512054e-05
AKR1A1,8.242088536150545e-05
MXRA5,8.241143658367398e-05
QPRT,8.239339318970352e-05
SOD3,8.213972419738027e-05
TMEM255B,8.208230464297661e-05
SMIM11A,8.20743873843235e-05
TARS,8.191699397619418e-05
IQGAP1,8.183613982055803e-05
C22orf39,8.17644364161536e-05
NUBP2,8.174179475083803e-05
SMPDL3B,8.17245126359667e-05
DEXI,8.166947772404128e-05
MED19,8.161988047767295e-05
PEX19,8.148382179697035e-05
HDDC3,8.147579408554399e-05
STX4,8.142295545464282e-05
KARS,8.135635413645243e-05
TTLL12,8.132929330508995e-05
HSPA4,8.130152497246176e-05
FUT1,8.120742951093594e-05
ZYX,8.117656710591381e-05
TOR1A,8.112607812421145e-05
ATP6V1D,8.111325464275909e-05
FOXO4,8.094163979625112e-05
SLC38A2,8.086962444852306e-05
TUBB3,8.071802927131163e-05
SQOR,8.056960083425e-05
DRAM2,8.054845788625838e-05
NDST2,8.053831526494718e-05
RPP25,8.053004647595259e-05
PAGR1,8.05290300225202e-05
NAB2,8.041759673259206e-05
COMTD1,8.032756074656979e-05
MFSD3,8.028494389952762e-05
KIF19,7.997913010869984e-05
GDPD3,7.996718525445812e-05
TRIM32,7.992739280614003e-05
HOOK1,7.991606150153004e-05
CCNB1,7.990589272586098e-05
TBCA,7.988587544697996e-05
TSPAN33,7.984836415287845e-05
TYMP,7.963973958582623e-05
UGGT1,7.963945892865394e-05
FDXACB1,7.961260504460048e-05
GINM1,7.959357637292443e-05
UPK3B,7.955484178751983e-05
PTGFRN,7.954054845105279e-05
LRFN4,7.94014529371141e-05
RNF103,7.934920295870989e-05
KCTD9,7.931791913837519e-05
OAZ2,7.912636624487308e-05
POLR2C,7.907867861027323e-05
SLC25A23,7.8981811847792e-05
ANXA7,7.894519653252192e-05
SELL,7.882893320932415e-05
ZDHHC5,7.880987924492175e-05
CCL26,7.877207988335972e-05
PRSS35,7.873618023592762e-05
GADD45A,7.871471758701243e-05
FICD,7.860748526799613e-05
CDKN2D,7.852581336419934e-05
FTSJ3,7.848588578167887e-05
MINPP1,7.848336763373614e-05
PET117,7.847940161268074e-05
SOX7,7.844456541884508e-05
NDUFAF4,7.837540616996037e-05
TMEM129,7.836119397644346e-05
VWF,7.83220277116606e-05
BOP1,7.831960273555266e-05
HYI,7.823136790714831e-05
ZDHHC4,7.812811844331772e-05
KCNK6,7.812678888295059e-05
INHBB,7.801785231730782e-05
PLAUR,7.800306724028683e-05
UBE2D1,7.798314642119723e-05
CDC25A,7.796939751923148e-05
PDE4DIP,7.795241188460322e-05
PRR7,7.794575871388458e-05
CCT4,7.792484844330847e-05
GOLIM4,7.786948708404333e-05
CDC34,7.786136979624197e-05
CD276,7.781930296938764e-05
SRRD,7.774689770830725e-05
C6orf89,7.76740362949092e-05
DR1,7.766582537443024e-05
AMN,7.762393366092053e-05
SNN,7.761006114204847e-05
CIB2,7.749452250236626e-05
PNOC,7.739726616718587e-05
COPS7A,7.738980473923799e-05
DGAT1,7.737190707580478e-05
CDKN1A,7.733338251819468e-05
MTHFD2,7.729331933046853e-05
NELFE,7.721389204952375e-05
HRCT1,7.721172980283374e-05
FAHD1,7.705992367567064e-05
MAD2L1BP,7.705482224288593e-05
HTRA1,7.701711678224204e-05
TPR,7.697432418741114e-05
TMEM214,7.693423979991714e-05
CES2,7.691634320724768e-05
SLU7,7.685162912836319e-05
NDNF,7.681895067183669e-05
TSPAN17,7.680095080277897e-05
EMC2,7.671736107906795e-05
DOK4,7.670956665179873e-05
RANGRF,7.670555510280098e-05
C1orf167,7.670486781577211e-05
PLA1A,7.655681395020734e-05
BBC3,7.655436076772913e-05
ICAM3,7.643107089045654e-05
SAP30,7.636405666283961e-05
TMEM115,7.636042149321127e-05
CDC5L,7.626404142064769e-05
SELE,7.613144569355204e-05
DHPS,7.611410947085919e-05
ZBED1,7.6008871607667e-05
MLX,7.600770405577915e-05
MCM6,7.582343714504085e-05
MUL1,7.557025283836958e-05
FAM174A,7.555390739150109e-05
MRPL36,7.544141604633921e-05
GOLGA2,7.537583177216437e-05
TMEM25,7.529012940418873e-05
LRCH2,7.521534405044569e-05
FBLN2,7.520565099288919e-05
BRIX1,7.513306161221805e-05
SCYL1,7.504551469807821e-05
PRPF6,7.501041510311269e-05
RHBDD2,7.484216938764089e-05
FUT4,7.457923351795557e-05
SYPL2,7.457258646645529e-05
MAPK3,7.443417445411175e-05
MYC,7.437414969385661e-05
CD2BP2,7.435788763863717e-05
LRRC58,7.424506088743823e-05
BCAT1,7.418314809614489e-05
LMTK3,7.412328709631785e-05
IMP4,7.411962478165869e-05
SLC22A18AS,7.411312444141523e-05
IFT20,7.40981299803927e-05
PHF13,7.402026387986975e-05
IPO4,7.395385574343922e-05
WDR24,7.389603630038616e-05
EIF4E2,7.375730176401622e-05
LDLR,7.360852927026647e-05
ARL2BP,7.358101988092983e-05
MYO1A,7.352661589732031e-05
GAR1,7.342607160038636e-05
CLEC4E,7.3407312841376e-05
UBE2N,7.337942772011423e-05
ABHD4,7.304009636479768e-05
SLC35A3,7.298465093705304e-05
HJV,7.286970248879894e-05
NRBF2,7.282966429475084e-05
NIT2,7.282480275096888e-05
STRAP,7.282018379873174e-05
ACHE,7.274165536481853e-05
FAAP20,7.274037237134104e-05
SMIM10L2B-AS1,7.26375967058798e-05
CALHM2,7.24708320343103e-05
GABARAPL1,7.246537585248389e-05
YWHAQ,7.244470335144942e-05
TMEM140,7.24276682052658e-05
RNASEH1,7.241105322741773e-05
BMP4,7.233225598432166e-05
SNX17,7.225797051993361e-05
SRSF8,7.216444764733196e-05
CREG2,7.211440803376549e-05
TSR1,7.206334579960904e-05
MSRB2,7.20542979788823e-05
CD209,7.204770858211998e-05
SUMF2,7.201474727796685e-05
PYCR1,7.196171530498882e-05
ZNF408,7.194327268008442e-05
CFD,7.192243579783173e-05
EPHA2,7.182960305807183e-05
G3BP2,7.175878545572242e-05
MANEAL,7.170540031751966e-05
RHOF,7.1611440781124e-05
ALG2,7.155481364713091e-05
LPCAT1,7.153975016335066e-05
SMARCC2,7.153772154108529e-05
ADAR,7.153002378581257e-05
ALDH1A1,7.143090971358923e-05
TXNL4B,7.140332262123593e-05
NOTCH3,7.136584147445394e-05
B3GALT5,7.135606368916813e-05
ANAPC13,7.134578677792801e-05
FGD5-AS1,7.133125961364606e-05
MANBAL,7.132927459475505e-05
ZNF639,7.131015269392114e-05
DLD,7.130438297704806e-05
SUDS3,7.129267786459385e-05
UNC5B-AS1,7.111502437029303e-05
LIPK,7.109553460348676e-05
DNAJC8,7.099056446344594e-05
MKKS,7.093078560949524e-05
EMG1,7.066431441558732e-05
IRX5,7.061238647909476e-05
STEAP4,7.057036390480542e-05
PRG4,7.055685957476932e-05
CENPBD1,7.054542397910658e-05
APOBEC3A,7.050762690961898e-05
UROD,7.050589470501686e-05
MRPL19,7.050210958302177e-05
FAT4,7.048134197168601e-05
SLC41A1,7.027947131523972e-05
SEMA4F,7.013527666011488e-05
LETM1,7.009611796727525e-05
TMEM216,7.009193028361596e-05
GALK1,6.979641239885125e-05
CEBPZ,6.977490792700831e-05
PHAX,6.971144607987357e-05
PNO1,6.964325468516666e-05
FAM89A,6.960869847369937e-05
MRPL53,6.950428677445899e-05
MTCH2,6.944118860658199e-05
OSTF1,6.941329519599522e-05
NIPA2,6.940581759579351e-05
CLP1,6.924391695506177e-05
C12orf29,6.92106198164113e-05
RFXANK,6.905913054368252e-05
BCAM,6.901195420103682e-05
ILK,6.897905706082967e-05
THAP5,6.897127916043076e-05
HAGLR,6.885851218312057e-05
ABCF3,6.88288032377738e-05
UBIAD1,6.876495170172057e-05
SMIM30,6.876103390392413e-05
COL17A1,6.875351386428188e-05
CDC37,6.873978346319565e-05
PROM2,6.860772198004379e-05
TRAPPC3,6.856456803251869e-05
GPR160,6.852304832790459e-05
MED20,6.847976243006134e-05
ACO2,6.843291368735247e-05
PCDHB7,6.842430505276973e-05
LRRC45,6.8328885174629e-05
PIGA,6.823797142020395e-05
FAM234A,6.821670519594259e-05
NECTIN4,6.821109296401912e-05
IER5,6.813484738334333e-05
MPG,6.813392093292479e-05
CEBPD,6.812599556240677e-05
MRPL10,6.811586533009754e-05
SMIM19,6.811245601847957e-05
SAYSD1,6.80263607662523e-05
METAP2,6.800785065670185e-05
PPID,6.788341690531421e-05
TMEM273,6.786176695041341e-05
DNASE1L3,6.782333713762045e-05
ZNF134,6.777865864068862e-05
FAM229B,6.772826442320374e-05
COCH,6.772452291303112e-05
SPA17,6.763265988467222e-05
AP000282.1,6.755840052368771e-05
TADA2B,6.754478998185976e-05
ID3,6.749291897289248e-05
FANCF,6.747509808845755e-05
PROS1,6.741241380431121e-05
SLCO4A1,6.735149548094727e-05
MAP3K11,6.73020494294244e-05
SAR1B,6.726457872388935e-05
RNF39,6.724462306319573e-05
CNPPD1,6.720221574630655e-05
GIMAP6,6.7173648761147e-05
DBR1,6.714879298566539e-05
ADAMTS18,6.710033787712415e-05
THEMIS2,6.709685314013389e-05
DNAJB2,6.707999909853321e-05
S100B,6.694692738749662e-05
RTL5,6.673515467936486e-05
DDX54,6.660914391256936e-05
THAP11,6.658670736884608e-05
VDAC3,6.657439571059835e-05
FDX1,6.63985234442521e-05
TNNC2,6.635829836322061e-05
FAM98B,6.63175875815291e-05
CDK4,6.625210690669121e-05
SLC39A9,6.620975105670094e-05
LAG3,6.612984907520594e-05
POLH-AS1,6.600787236987834e-05
CLCN3,6.584782147598242e-05
WBP11,6.582557522654444e-05
LFNG,6.580959825815092e-05
SIRPA,6.573378452006567e-05
BTG3,6.568843482535461e-05
NFKBIB,6.567951894881105e-05
SLC29A1,6.561571416699407e-05
CCDC152,6.559291550864064e-05
HSPA14,6.552625312712028e-05
GLB1L,6.547720297839253e-05
TLNRD1,6.539960388000858e-05
NXPE3,6.539516439618424e-05
ANP32E,6.536982222859833e-05
DDX27,6.531657142061187e-05
IDH3G,6.52917002748641e-05
NSDHL,6.520676085233192e-05
ZNF768,6.519635628202407e-05
COTL1,6.51889216715619e-05
RTL6,6.517697031449622e-05
MGST2,6.515962580910695e-05
GRWD1,6.511423617218761e-05
NYNRIN,6.511300325384333e-05
ANP32A,6.506446027020644e-05
SCCPDH,6.50223950653119e-05
FADD,6.499541747020624e-05
TSPAN7,6.497957937422702e-05
JSRP1,6.493863127728684e-05
PCK1,6.489188287579794e-05
MRPL43,6.487154372863964e-05
LSM12,6.485314380123925e-05
LBH,6.473226906888118e-05
QDPR,6.46972449146021e-05
GPRC5B,6.467886680519406e-05
TNFSF12,6.458423874401667e-05
ERVW-1,6.454654173959973e-05
SETD7,6.452299611453453e-05
FZD8,6.451315244316617e-05
OLFM4,6.450549326965454e-05
MRPL15,6.44487602391994e-05
MRPS33,6.442743685077589e-05
MFSD6,6.44215610866108e-05
BID,6.434791170601076e-05
RABGGTA,6.428317919664287e-05
SMIM13,6.424822797355002e-05
AP001033.2,6.402561366332186e-05
TAF9,6.395398399506249e-05
KLHL15,6.395392906333774e-05
CMAS,6.383621032640776e-05
BABAM1,6.383500806064803e-05
SERPINF1,6.382498080481446e-05
TAS2R30,6.377700371413463e-05
NFKBIE,6.374983468629271e-05
C5orf64,6.373964420997045e-05
SRGN,6.370121308421907e-05
MFAP2,6.36910564652621e-05
GNL3,6.366461560993269e-05
GSPT2,6.362748857125327e-05
SMIM29,6.35978492293627e-05
BCL7B,6.356927501871043e-05
PDK4,6.343678781891816e-05
CKMT1A,6.340320739087978e-05
PRRC1,6.329648230615543e-05
MRPS26,6.324383419605248e-05
TMEM8A,6.316753866608323e-05
GPC1,6.313121013460102e-05
FKBP9,6.311702445942076e-05
IGHG3,6.309597815901713e-05
SFTPD,6.309285898559687e-05
MPEG1,6.293311691189845e-05
MED28,6.283885890628828e-05
C6orf62,6.283190811104609e-05
IRF9,6.283052518193485e-05
FUZ,6.282340302990129e-05
ZNF281,6.279879734353544e-05
PPM1J,6.27559927845573e-05
LYSMD3,6.275325787803654e-05
LRRC61,6.261516253029166e-05
RAD23B,6.261321952771834e-05
HES1,6.261116272443366e-05
SPATA2,6.257746408410522e-05
PRKACA,6.251707177067274e-05
ZSCAN23,6.250593080572007e-05
EXOSC9,6.243409060529717e-05
SMARCD2,6.24263990986483e-05
KIAA1191,6.233507104754189e-05
MAP9,6.22962136127638e-05
DMBT1,6.22576248857436e-05
FBXL6,6.225701711366549e-05
EGR3,6.220248068923848e-05
ALDH3B1,6.21419304717914e-05
IL10RB,6.20491005437429e-05
MIEF1,6.204668579256832e-05
NUDCD2,6.198415817103082e-05
MARCOL,6.197059100070453e-05
SLC6A6,6.191124904975696e-05
CTU1,6.190304078968715e-05
EDEM2,6.186995733480114e-05
PDHA1,6.184109506666734e-05
CLDN1,6.18374928153851e-05
HIST1H4E,6.18152687128247e-05
ELOVL2,6.177879580307692e-05
C1QC,6.172499137716169e-05
PIEZO1,6.167628906331983e-05
ALDH3A1,6.157129665573055e-05
SCO1,6.153561465863507e-05
CSTF2T,6.128954704352674e-05
ZCCHC3,6.125046029227227e-05
CNOT7,6.108340290612267e-05
UBTF,6.10788518049344e-05
AHCYL1,6.103699992731668e-05
NR1H2,6.103618261286026e-05
HIC2,6.1004634876016295e-05
NKAP,6.092552536350215e-05
CLN5,6.089815337474245e-05
COPS2,6.085287443665445e-05
FAF2,6.078603852915226e-05
NAA38,6.075294738637643e-05
FBXO30,6.0727774192269696e-05
KCTD5,6.062978526394167e-05
PPP1R7,6.060325599349732e-05
EGFL7,6.052368724798802e-05
MRC1,6.04874582985294e-05
TWNK,6.0481112316504925e-05
CCL14,6.043819249020944e-05
METTL1,6.042168972343589e-05
C3orf14,6.038836094465567e-05
HSPB8,6.03821166224032e-05
TMEM52,6.0381454476310986e-05
PTDSS2,6.021281793093459e-05
NR2F2,6.0203216614754447e-05
C1orf74,6.019785438259755e-05
ADAMTS19,6.014377214799989e-05
BRMS1,6.011867754558497e-05
PTBP1,6.0029408913300746e-05
VEGFB,6.002158813803689e-05
FAS,6.001003604659358e-05
MED21,5.9938270018718994e-05
HAUS1,5.992041670696933e-05
B9D2,5.9821170791853176e-05
CASC17,5.980477844926508e-05
RAP2A,5.976851917999317e-05
FBXO7,5.971605531410273e-05
SNAPC2,5.95314582924878e-05
TMEM120A,5.933327283138612e-05
CCN5,5.933249502680993e-05
IFRD2,5.929264721960519e-05
SEMA3B,5.928938501921191e-05
MKRN1,5.91427320588164e-05
CHURC1,5.910007551766006e-05
TIMM21,5.908294820656088e-05
DERL3,5.899413090269783e-05
PLEKHB2,5.897356062013205e-05
GPR108,5.8971692568127307e-05
ERBB2,5.896901252600528e-05
ARL4C,5.8915235086927865e-05
ORAI3,5.888972194345107e-05
METTL5,5.88836245817042e-05
S100Z,5.887453683314501e-05
SLC25A4,5.877215630547101e-05
SLC35D2,5.869757163224876e-05
LMBRD1,5.868929209384096e-05
TERF2IP,5.8583179864978046e-05
IL6ST,5.855649594373022e-05
AP1M2,5.852966126219911e-05
VIM,5.85213926141546e-05
LRWD1,5.849980092430459e-05
CFAP298,5.834119804141541e-05
PNMA8A,5.8266462549225776e-05
MPST,5.8246906990031065e-05
RRAGC,5.820546533058989e-05
TMEM189,5.818892573491959e-05
TM7SF3,5.804958662207769e-05
PRPF31,5.788322439365479e-05
IDH1,5.787060377011227e-05
MAPK8IP2,5.785138932970063e-05
ABCE1,5.781725243868527e-05
OGFOD3,5.779583653625338e-05
GRHPR,5.766346312407364e-05
IMPA2,5.763396788749938e-05
KCNK1,5.760746593619237e-05
MEST,5.751160231033243e-05
AMACR,5.7473467854405455e-05
AP005482.3,5.740420497808133e-05
TIMM8A,5.738640925942668e-05
TCEA2,5.717005186744369e-05
PALMD,5.716846138985177e-05
ITGA5,5.7156687595444056e-05
DPCD,5.703683243783159e-05
NFIL3,5.695256384996696e-05
PAX2,5.6856404512165225e-05
CALHM6,5.680358868173104e-05
ADGRE1,5.679395775787351e-05
LPL,5.678548261136105e-05
C3orf38,5.6755002995593575e-05
PDXK,5.67252247686774e-05
SNAPC5,5.661864845427954e-05
SF3A3,5.660276374798506e-05
C2CD4B,5.651819285706171e-05
TMEM102,5.650601940865773e-05
ARHGEF35,5.644776051320813e-05
RDH16,5.644392894368414e-05
ACE,5.643650618712472e-05
ANKRD9,5.636197032261865e-05
NABP2,5.634288585267533e-05
PLIN3,5.627666717907341e-05
GPBAR1,5.6267679611676175e-05
GALNT5,5.626251641835084e-05
CCDC58,5.620031398236817e-05
ERVMER34-1,5.608244307885348e-05
UNC93A,5.602726591906002e-05
UFL1,5.602186375507156e-05
CKLF,5.598779100265724e-05
FZD2,5.597614903291507e-05
FOXC2,5.596641574315845e-05
WDR54,5.595209684337423e-05
DCAF13,5.587757324214088e-05
TPM1,5.584660495993886e-05
DNASE1L1,5.578752412346525e-05
ERLIN1,5.5768272631609866e-05
SCOC,5.575440266252853e-05
SECTM1,5.573946118048084e-05
TNNT1,5.566414152142337e-05
EPB41L4A-AS1,5.5651542602619655e-05
ABHD17A,5.565143503507319e-05
EXOSC5,5.564550159183036e-05
CTBS,5.556555849077424e-05
CEP19,5.5491595667188e-05
ZNF581,5.5447526907000297e-05
SHE,5.543035999093828e-05
F2RL2,5.542316235789176e-05
TNFSF11,5.538854906169651e-05
SRF,5.537408893314048e-05
BLOC1S3,5.537319574560677e-05
STMN3,5.536876662635354e-05
UGT2B4,5.536189472940293e-05
HBP1,5.533519346004018e-05
SON,5.529531340861152e-05
KCNK3,5.528867408606781e-05
CCDC71,5.522499691751505e-05
LRFN3,5.514212428979974e-05
JAM2,5.500789023228821e-05
GGCT,5.49926122292995e-05
NAIF1,5.494875420909143e-05
MAGEH1,5.4944899050878966e-05
DDX1,5.491878183010762e-05
HM13,5.490399065398718e-05
AP003071.2,5.481453798341394e-05
SPPL2A,5.475339810069989e-05
SYN1,5.4709197379540176e-05
TNFAIP1,5.470628506859304e-05
APLNR,5.467131029811045e-05
VASP,5.455100601105759e-05
BCAS2,5.451889169272025e-05
PROCR,5.4492964024480285e-05
ICAM2,5.4492672927081306e-05
UTP15,5.444791539407804e-05
ICOSLG,5.444490641082197e-05
ADRA1A,5.4326548953128215e-05
SERPINB5,5.413764141402511e-05
SPIN4,5.41044285145087e-05
CEBPA,5.403838547987877e-05
TNKS1BP1,5.401844528146957e-05
MBLAC1,5.401138159548477e-05
BEX4,5.398388488629736e-05
GBP2,5.395876046006258e-05
HNRNPA3,5.395173295785798e-05
GPR153,5.393085129022104e-05
RBM18,5.382254538969947e-05
GNPTG,5.374510635546231e-05
DPH3,5.37442287958337e-05
MLF1,5.363608825825571e-05
PIN1,5.3567263430320456e-05
C16orf72,5.355368758645726e-05
AHNAK2,5.345442973262727e-05
LONP1,5.3428776327105984e-05
THAP12,5.342270232999487e-05
FOSB,5.3411900234319816e-05
P3H3,5.3394476729374446e-05
ACAT1,5.33932595551311e-05
TUBA1A,5.33774401802904e-05
ALDH16A1,5.336927975440929e-05
CHP1,5.33690027263506e-05
ADPRM,5.336563583056634e-05
ZNHIT2,5.3327206981301415e-05
CHST5,5.329612653490776e-05
CCDC117,5.326763545372826e-05
EMC1,5.3151618190025286e-05
HIST1H2BC,5.3142444332792165e-05
TMEM60,5.31364354382448e-05
CDC42EP5,5.313304082129748e-05
SERPINI2,5.308764906803794e-05
SGPL1,5.3057591451477445e-05
HIST1H3B,5.302256691856748e-05
ATG4A,5.299105053076352e-05
UFSP2,5.298914537015041e-05
SDCBP2,5.285926189499509e-05
GAS2L1,5.284467470765451e-05
CTU2,5.278119502461605e-05
AK2,5.277256358702318e-05
PLAAT2,5.272607281285848e-05
ALDH18A1,5.272227532171072e-05
EGFL6,5.2690103437688846e-05
MRPL16,5.264527226168823e-05
AIDA,5.2571195316921486e-05
SERPINB6,5.2552594265454514e-05
SPNS3,5.245566946539623e-05
IDH2,5.2419407237043066e-05
RXYLT1-AS1,5.237775700696792e-05
SLC5A3,5.235931419497399e-05
FBXL3,5.233982738198957e-05
VPS72,5.230776215083422e-05
TRIM21,5.228668441697331e-05
HMOX2,5.224354508122338e-05
BX470102.2,5.223657033297941e-05
NR4A1,5.219876003741123e-05
NOX1,5.209140979870049e-05
F2RL3,5.2059304839633886e-05
SIKE1,5.2055602078304736e-05
MFN2,5.205028113649746e-05
MPC1,5.203484957667367e-05
BCS1L,5.202407739751305e-05
TAF9B,5.197023135366108e-05
KCNK12,5.1898112373629137e-05
EIF1AD,5.189193121859879e-05
TMC6,5.18008050556824e-05
C6orf120,5.17768199444625e-05
ARL5B,5.172196045413912e-05
TXNDC15,5.161214658569381e-05
FGF2,5.150045090908915e-05
ANKRD40,5.1415771927448016e-05
AKR1B1,5.13882125690297e-05
DARS-AS1,5.138566562921648e-05
MYZAP,5.134183832140021e-05
MTRNR2L1,5.133492290383122e-05
AP002784.1,5.1301669847889534e-05
TRADD,5.120554146713539e-05
SH3BGRL2,5.112885506238601e-05
MIR3681HG,5.110550608201664e-05
LRCH4,5.1055515143819534e-05
FA2H,5.1047998314386766e-05
GABRD,5.100005244637224e-05
IER2,5.0958025351759946e-05
ELMO3,5.089064845953365e-05
CHMP4C,5.082863196136211e-05
VANGL1,5.080788475014651e-05
UGT8,5.080205640435e-05
UPK3A,5.0662462643795246e-05
ABHD15,5.066125156624768e-05
KCNJ12,5.0635933663038876e-05
TLCD4,5.050907681371872e-05
KLC3,5.048691760218308e-05
PSMG2,5.0479649086193406e-05
B3GNT8,5.0475924411152166e-05
C18orf63,5.045957088477167e-05
DACT1,5.0419355593242216e-05
PRMT6,5.04162040800681e-05
SPHKAP,5.041238139520823e-05
ADGRG6,5.039671817006109e-05
SREK1IP1,5.032714989488726e-05
KRAS,5.010563179798842e-05
SUCO,5.01046842075136e-05
MEOX2,4.996023533839229e-05
GGACT,4.993332989049553e-05
AADAC,4.992518793161164e-05
CENPH,4.989951179215807e-05
KBTBD6,4.988952170000144e-05
MOSPD1,4.986490387931968e-05
TMPRSS2,4.98415152017414e-05
DPEP1,4.977128513754687e-05
PAUPAR,4.976888693040207e-05
SEPTIN2,4.970221500647026e-05
STIMATE,4.969212822384065e-05
CCDC90B,4.964102744016224e-05
EPN3,4.963151410184706e-05
SOAT1,4.9598150087145554e-05
MMP16,4.959580051671613e-05
CCDC80,4.957753538103309e-05
MRPS6,4.948686354625085e-05
PCDHGA11,4.947548412500602e-05
SLC46A1,4.945744012492603e-05
PPM1K,4.940047013488856e-05
ANKLE1,4.934908155288863e-05
CPAMD8,4.934718706201685e-05
H6PD,4.927301671878975e-05
SLC27A4,4.923093727524204e-05
CDKN2AIP,4.922533765360509e-05
ARL8B,4.919523729109663e-05
EPHX4,4.915594828329287e-05
TAL1,4.9093182414551935e-05
AKR1C2,4.903892598741053e-05
DUS3L,4.9008311935016726e-05
UGT2B15,4.900769325965685e-05
WDR34,4.8988703057850896e-05
GRIA1,4.898413634483252e-05
VSIR,4.898350126961631e-05
MMD2,4.897722897603711e-05
IL1RN,4.896255673815842e-05
MFSD2A,4.889215182597411e-05
STOML1,4.888170452653808e-05
LRRN4CL,4.887354850603488e-05
STMP1,4.887145845449033e-05
PLD5,4.884350755212844e-05
ATP6V1E1,4.8813011089628254e-05
C19orf38,4.880916449423945e-05
ADAMTSL5,4.877076101863267e-05
OLFM3,4.869973526553975e-05
PLEKHA3,4.867202807862169e-05
IFT57,4.866201323558674e-05
R3HCC1,4.864655572298034e-05
GATA2,4.8625535918340666e-05
CCDC115,4.860813498528742e-05
XKRX,4.859487962987051e-05
KHK,4.851696812169584e-05
PLAU,4.844116360944772e-05
C6,4.839054507435295e-05
DUSP14,4.8361972019098105e-05
METTL18,4.835482951718342e-05
BRINP3,4.8324510113762e-05
ZNF217,4.832217572737717e-05
LRRC75A,4.8273064226082376e-05
NOL6,4.823519532271119e-05
VSIG4,4.819893944779794e-05
POLD2,4.813519902012889e-05
RCN3,4.811035741252231e-05
LRRC32,4.8091246827831216e-05
KBTBD7,4.807511226115812e-05
MED18,4.801008155468523e-05
FAM110A,4.799946538271062e-05
PHETA1,4.791034845344264e-05
HSPB11,4.788539277357949e-05
PXMP4,4.782272340024272e-05
DPM1,4.7818195450210455e-05
SLC39A5,4.78095040272411e-05
NUDT4,4.780185969709415e-05
HSPA6,4.778072152241074e-05
CTR9,4.776406167325398e-05
GPC4,4.771778212381695e-05
PFKM,4.76970821989275e-05
FKBP1B,4.766666178202912e-05
ALG10,4.764720799700588e-05
HMGCS1,4.762688382887726e-05
CA11,4.7625111904856847e-05
SIRLNT,4.760388062419149e-05
ATF5,4.75592715570115e-05
ASIP,4.75007005924857e-05
BBS10,4.74955039716029e-05
CLCA1,4.742880081004552e-05
NRK,4.740342165627414e-05
IL6,4.739764777372106e-05
FAM20B,4.73771535810277e-05
PDXP,4.73703474783786e-05
PGM2,4.7330270447177696e-05
FBXO15,4.732188518041308e-05
RNF25,4.728288213917202e-05
APOB,4.728115694621951e-05
B4GALNT1,4.728087893286064e-05
POLE3,4.7268022539527335e-05
TM6SF1,4.719757056970534e-05
C11orf52,4.717603976015152e-05
C1orf116,4.7128380318768266e-05
CFL2,4.709255012145263e-05
SMS,4.705979674906513e-05
UHRF1,4.705537850661485e-05
CLTB,4.703786021841459e-05
ADIPOR2,4.703656712934819e-05
PTPA,4.702537900796279e-05
NRN1,4.700963134311071e-05
TSSC4,4.698704453965392e-05
SLC10A1,4.6984342927911534e-05
RBM17,4.689049682593961e-05
JOSD1,4.682298052992289e-05
UPP1,4.682136524211351e-05
IL27RA,4.682040671440349e-05
PAQR3,4.679905411941109e-05
POLR2H,4.6744848170603465e-05
DDX41,4.662237207840581e-05
AMD1,4.660434457051827e-05
SEMA4G,4.656694476047613e-05
TMEM165,4.652936167679893e-05
HDAC2,4.651749094122791e-05
TUBB6,4.644225824744897e-05
RBCK1,4.641429089728748e-05
GATM,4.6389282182764696e-05
ADAMTS4,4.634409235283754e-05
MGST1,4.631135328790495e-05
YME1L1,4.627510487330775e-05
S1PR2,4.626460336804851e-05
SLC25A45,4.6221389440973e-05
LYPLA2,4.620679453858443e-05
C1orf141,4.619536852111383e-05
NDFIP2,4.618867787734806e-05
TBL3,4.6067347230287415e-05
ELAC2,4.595865787392301e-05
CIDEB,4.593361548501856e-05
HDGFL2,4.591898847847663e-05
METTL7B,4.59064614953314e-05
SCRIB,4.583547532275099e-05
CREB3L3,4.582534421754518e-05
RPP25L,4.57831554592064e-05
PCDHB9,4.577154643250032e-05
SOX5-AS1,4.570635126142358e-05
GNL1,4.567131730562679e-05
C11orf45,4.566738390603844e-05
WNT7B,4.5636922303174766e-05
WDR74,4.562007557488511e-05
FTCD,4.553200644349517e-05
ZNF428,4.548234069168872e-05
THAP10,4.541128472103312e-05
ENTPD7,4.5327636885230245e-05
LRP11,4.530094884651662e-05
MOCS1,4.5273438430903546e-05
TXNRD1,4.525703911079945e-05
TSSK6,4.525416431460002e-05
DEDD2,4.524339905356171e-05
LOXL4,4.523721404293146e-05
SLC6A17,4.52087925446932e-05
ISY1,4.519552152225648e-05
RSAD2,4.515922964180548e-05
CCDC86,4.512812960683433e-05
BRD3,4.512432418310537e-05
ZNF295-AS1,4.50911042320025e-05
SMOX,4.505044926622248e-05
MAN1B1,4.502336278077084e-05
BPGM,4.493569039793558e-05
ZNF687,4.492233692145043e-05
EXOC3L1,4.491833012748365e-05
CD69,4.483620394455432e-05
NOVA2,4.482820241970482e-05
PAIP2B,4.4824667649840094e-05
SMCR8,4.474925622977008e-05
SLC13A5,4.474821855646991e-05
SGTB,4.472993108258811e-05
ATP6V1C2,4.472894813403601e-05
DNAAF3,4.46677023352344e-05
CPB2,4.4651821609692746e-05
STRN4,4.460205623753472e-05
PXDC1,4.457611668985944e-05
C8orf82,4.456910334104148e-05
FNDC4,4.45618289888534e-05
LZTFL1,4.450183247706711e-05
CYREN,4.4432828217401295e-05
ACBD3,4.438104976074838e-05
MOAP1,4.4353411727193646e-05
PPP1R15A,4.4345805704795785e-05
HEXIM2,4.434121184711283e-05
POLR3D,4.427463925738421e-05
SOSTDC1,4.426948651278538e-05
MRGBP,4.422191376451112e-05
TNFRSF4,4.421594137839213e-05
NRBP1,4.418760804366366e-05
FXR2,4.413338149321169e-05
IL17B,4.412648611770052e-05
ELOA,4.403267339841749e-05
PDCD4,4.396441884209504e-05
SIGLEC10,4.393354823433777e-05
NOL11,4.388080272897561e-05
OPLAH,4.382385201667979e-05
NDUFA9,4.379529846438847e-05
PIGBOS1,4.3784119206117335e-05
BGN,4.371896206083516e-05
C14orf178,4.36759742236441e-05
VAMP5,4.360135261662032e-05
ADM2,4.356968797870361e-05
CTHRC1,4.349189169377023e-05
SLC25A22,4.3342010420986834e-05
HTRA3,4.332486817577918e-05
BIN1,4.329721749345039e-05
TMEM47,4.328654837903356e-05
CCN6,4.322712559175727e-05
PSMD12,4.321859069287557e-05
NOL12,4.310578043980615e-05
MRPS2,4.306963091551272e-05
ZNF395,4.306788869763647e-05
IFIT3,4.301512779973855e-05
TMPO-AS1,4.300739991239148e-05
CTDSP1,4.293500096036998e-05
ZFP91,4.292956698817286e-05
DYNC1I2,4.290381764525542e-05
PGF,4.289521308681961e-05
R3HDM4,4.288967024871093e-05
ATL3,4.286731260426265e-05
TBL2,4.283594664055829e-05
GHDC,4.282323451799702e-05
NUTM2D,4.2719456773273247e-05
SFMBT2,4.258587389848496e-05
PCDHB11,4.252607158876239e-05
SNRNP200,4.2486427028076494e-05
HSD17B8,4.2474544365688384e-05
SMIM12,4.24211112571654e-05
ALMS1-IT1,4.239781199405631e-05
ZC3H11B,4.234687379176172e-05
PGAM5,4.232753936983121e-05
ZNF358,4.228291144626954e-05
PAK1IP1,4.226258383110558e-05
ZNF787,4.222949109070127e-05
LSM14B,4.222061253172453e-05
RAB1A,4.219553170209559e-05
PAQR4,4.216517130401424e-05
RGS10,4.215364884744037e-05
PGAP3,4.212743100748941e-05
F12,4.212721646553162e-05
SLC35A5,4.212374232288637e-05
EXOC8,4.212118031067295e-05
USP51,4.211945480312944e-05
OSER1-DT,4.211270519134375e-05
PON2,4.210663651827196e-05
AMOT,4.1993978334854585e-05
VPS4A,4.198834364582523e-05
HLA-DQB2,4.1985892998837256e-05
TIPRL,4.1972719571683154e-05
HYAL3,4.169914532699789e-05
C1orf115,4.162917504677131e-05
TIGD2,4.157416931235079e-05
TOMM40,4.153948907603983e-05
UBE2I,4.1474589190573896e-05
PYURF,4.147002060008557e-05
HNRNPA2B1,4.143128105715155e-05
EIF2AK1,4.142532206644807e-05
REPIN1,4.1406131659368605e-05
CADM4,4.128255331810896e-05
SLC6A13,4.117490476459358e-05
C6orf58,4.116834498810785e-05
RAB35,4.114787419554012e-05
ATP6V0E2,4.106414397454681e-05
KLF6,4.105177844449829e-05
ZFAND5,4.103966391815332e-05
TRBC2,4.098944782922296e-05
CAPS,4.0953128557321925e-05
MORF4L2,4.095264852281466e-05
EFNA2,4.093089278695213e-05
FP671120.4,4.0882391409793166e-05
CSRNP1,4.086847661626328e-05
NBPF20,4.081350430448271e-05
RNF20,4.072024153683648e-05
CNGB3,4.0717704149370224e-05
POMGNT1,4.063814369778118e-05
BYSL,4.0625245432126e-05
GZF1,4.045402621539036e-05
CGREF1,4.042206604863582e-05
RASAL3,4.039708741415672e-05
TPRA1,4.029339944353899e-05
GPATCH11,4.028062397052935e-05
GACAT3,4.025763361026207e-05
ZNF426-DT,4.019766289384442e-05
BAZ2A,4.008074348566e-05
LAYN,4.007770798747829e-05
PKN1,4.005290701896045e-05
LRFN1,4.0048014689594505e-05
ZFAND2A,3.998503633347912e-05
FCGR1B,3.994777015198724e-05
TMEM192,3.993846696087189e-05
OR9Q1,3.993573916748647e-05
MFAP1,3.993002078216605e-05
PES1,3.991668999020784e-05
PPP1R1B,3.983773959213377e-05
HIST1H2BF,3.983594053962528e-05
MYO1C,3.980781277479842e-05
TOR1AIP1,3.978994868666531e-05
UBAC1,3.9787806497931816e-05
ECM1,3.970251962887112e-05
KLHL31,3.963558854241434e-05
KCNAB1,3.962197188741607e-05
CDK16,3.960842237610553e-05
P2RY2,3.955729544994553e-05
VILL,3.9553421532071786e-05
BACH1-IT2,3.954108966573072e-05
HIPK1,3.951336961268943e-05
EBI3,3.942232296060305e-05
PRDM1,3.93886609994089e-05
PTGER2,3.938748471359925e-05
RBMX2,3.93851313185936e-05
AKAP1,3.938412141366142e-05
GPRIN2,3.938094203249417e-05
PEA15,3.933376607751818e-05
PCK2,3.930351740195693e-05
KAT8,3.922407270821967e-05
CDHR5,3.921269605786286e-05
HNRNPC,3.909967741045804e-05
USF2,3.9091701477358936e-05
SLAMF7,3.9079040666209234e-05
MCFD2,3.907166821641655e-05
TMEM106C,3.907011106910766e-05
FAM20C,3.906886714574856e-05
CLCC1,3.905992529677989e-05
RNF11,3.89391280954512e-05
RFESD,3.892587879952185e-05
SPINT1-AS1,3.892113985473859e-05
GTPBP4,3.891450700763024e-05
MAPK13,3.889506355266295e-05
KCNH2,3.887985393118883e-05
TBX21,3.8836957617177726e-05
THRA,3.88187271430006e-05
C2orf15,3.876565734256555e-05
SMIM10,3.8714886348204185e-05
COMMD7,3.870255866050913e-05
GPATCH4,3.8682074399444064e-05
SLC25A10,3.865729056638669e-05
SCAMP1,3.83938375576723e-05
HLX-AS1,3.827805252399488e-05
GPR137,3.822739569912537e-05
MYL5,3.822207850653148e-05
NEIL2,3.820030010090769e-05
SAFB,3.811754521793446e-05
SERTAD3,3.8030576899589365e-05
VAMP3,3.8016630100448905e-05
TREH,3.800282068942361e-05
LBX2-AS1,3.7949481662611006e-05
AP001781.1,3.794174972135994e-05
BECN1,3.791201908876853e-05
PAH,3.790919619985828e-05
PLEC,3.790692086846445e-05
ROS1,3.7892508758031264e-05
IL1RL1,3.7862145837244425e-05
RFX5,3.785708178889593e-05
C7orf25,3.785399016940618e-05
CTSO,3.783601108909207e-05
PRPF8,3.782058861953109e-05
TCEAL3,3.778741146412443e-05
TBX2,3.774460148257136e-05
ZNF227,3.773590636061546e-05
FAM3A,3.772117574572556e-05
F11,3.771566890799732e-05
PJA2,3.770760146717817e-05
EIF4EBP3,3.7683392862275485e-05
ZNF233,3.767515535021607e-05
NPR1,3.760317708471023e-05
KIT,3.759982522507912e-05
TM4SF19,3.758671646381937e-05
HCFC1R1,3.738299030801312e-05
SFTA3,3.737344345273101e-05
PINK1,3.734010218799926e-05
TTC9,3.73274802332564e-05
USP38,3.724696125051696e-05
ARMCX5,3.719859962879964e-05
TSPAN12,3.718048171072157e-05
TMC4,3.714174211851618e-05
MTCH1,3.71180422730321e-05
IPO13,3.711116735079236e-05
ARL8A,3.706597351537774e-05
RASL11A,3.705681755327446e-05
RGS16,3.70368055736288e-05
SCAP,3.698512089445627e-05
C8orf33,3.697997552609412e-05
LEO1,3.691616011425336e-05
TLR7,3.687399401987899e-05
FAT1,3.686252674574167e-05
NRAV,3.684834771092509e-05
DMAP1,3.680685775764824e-05
CCDC34,3.676766017405569e-05
FRAT2,3.674225052967746e-05
TACR2,3.6732237062507096e-05
FCRL3,3.6698004507771726e-05
GIMAP8,3.6697532381373406e-05
DDIT4,3.669232104068262e-05
HCST,3.667891385963888e-05
JMJD4,3.65901604282302e-05
EIF5AL1,3.658488733197831e-05
MMEL1,3.654837095021034e-05
ADPRH,3.6518825226112296e-05
CSRP2,3.6487447634832926e-05
ABHD14B,3.64092496781001e-05
MPLKIP,3.636356448867229e-05
BCL9L,3.631339879922699e-05
OGFRL1,3.628959536250339e-05
PDCD10,3.62089190331502e-05
TNIP1,3.614932365695631e-05
B4GALT1,3.6119803083618646e-05
C1QTNF2,3.611936052667867e-05
SOCS2,3.609945760124676e-05
RBBP5,3.60836155464175e-05
CCDC43,3.608351915540171e-05
TCHH,3.604970212424443e-05
ZC3HAV1,3.604932898807609e-05
CTNNAL1,3.604054358886348e-05
TMCC3,3.598911235657836e-05
ZBTB18,3.5933023788009346e-05
DMAC1,3.589452766804436e-05
LEFTY1,3.581350573514405e-05
CPNE1,3.573645035958229e-05
LACC1,3.573324368025289e-05
MRGPRF,3.568834749672077e-05
RAB11FIP5,3.56617659826574e-05
AP002433.2,3.5614793282007874e-05
ATP1B2,3.5563916194008286e-05
ASPHD2,3.5543872697704495e-05
DIRAS3,3.554203908751614e-05
CRYBG2,3.5522756610202824e-05
BLVRA,3.55029703044654e-05
LRATD1,3.547556678047131e-05
CCRL2,3.547313603253653e-05
RHEBL1,3.546882418300552e-05
TRIM22,3.54431194031342e-05
TMEM86A,3.5423371401734755e-05
EEF1AKMT4,3.537745349908081e-05
LCMT2,3.5371904340800044e-05
RAB32,3.5315140650767674e-05
PAN3-AS1,3.5286539546131366e-05
MAPK8IP1,3.524793029572082e-05
WDR46,3.5149341901069825e-05
SNX31,3.51282089013776e-05
MCRIP1,3.5124059790913144e-05
NPTX2,3.504523236480044e-05
ZWINT,3.502987770750996e-05
NIP7,3.496592498330663e-05
SDE2,3.495977091098185e-05
PDCD2L,3.4953001875812394e-05
PLCD3,3.489839035598922e-05
PANK3,3.488495397721531e-05
SERPINB9,3.48597307502482e-05
AKT1S1,3.4846838523285215e-05
LYRM2,3.483278560101243e-05
ADA2,3.476201966391886e-05
FILNC1,3.473453040753176e-05
TMEM238L,3.4734250103851607e-05
JKAMP,3.4730323610121936e-05
SYT11,3.4721606447665884e-05
TRBC1,3.470540761893262e-05
LVRN,3.46805765622178e-05
GPR89A,3.465920520094176e-05
CSF1R,3.4599034480983144e-05
PUS3,3.458483147917106e-05
VPS4B,3.453838872420874e-05
GPAT2,3.4506981618186513e-05
CHD4,3.4466114203812624e-05
AP003392.5,3.440998234197529e-05
C1orf56,3.4372658351044005e-05
ELK4,3.4370960681263284e-05
STXBP2,3.4332587782500585e-05
UBXN8,3.430768079486613e-05
UBE2J1,3.4296585703002826e-05
COL6A2,3.427485002102054e-05
SLC31A2,3.426568674712688e-05
LAMP3,3.4244256155335224e-05
ISG20L2,3.423917989704617e-05
AQP9,3.421344134273885e-05
ZNF471,3.4190051632220685e-05
RHBDD3,3.4144260744730146e-05
LDOC1,3.411915208981111e-05
FOXJ2,3.411083293127561e-05
ISYNA1,3.409186118485629e-05
ATXN7L3B,3.40848936600257e-05
TMEM184B,3.408101553804789e-05
TGFB1I1,3.4059860304441415e-05
COPS3,3.4018818691935214e-05
PGM3,3.4002653266152155e-05
ZNF268,3.3955688635244723e-05
PPP1R14B-AS1,3.391353673325763e-05
MRPL44,3.391199273997532e-05
MLIP,3.389910054492504e-05
CASTOR1,3.386941380364977e-05
XKR8,3.38099387921863e-05
SPARC,3.377667484371197e-05
KCNT2,3.3767993566726875e-05
GRK6,3.375787690548382e-05
SLC38A10,3.375377438309284e-05
RPUSD2,3.3722626275334096e-05
FLT3,3.366359314570835e-05
INPP5K,3.362990265850389e-05
KLF9,3.348458197353107e-05
UQCC2,3.3460103302391504e-05
DNPEP,3.3459499278080176e-05
SPTLC1,3.342843578880117e-05
DYNC1H1,3.341713183961879e-05
FOLR2,3.339145321759196e-05
PLA2G15,3.327112842991116e-05
CAGE1,3.327070863076135e-05
HIST1H1B,3.326233937842417e-05
AASS,3.319585972770509e-05
AP000561.1,3.318976497982774e-05
MAN1A1,3.311329059841965e-05
TMEM200B,3.311174082367192e-05
CBX1,3.309705725356759e-05
ZNF583,3.30854789563683e-05
RAB29,3.306934494388787e-05
CCDC178,3.3061353332376304e-05
SLC3A1,3.305745179820348e-05
CLEC2B,3.3050041276962144e-05
TMEM229B,3.293805385856154e-05
TNK1,3.2875861595732334e-05
GLTP,3.283250129968975e-05
FAM199X,3.2804943243655884e-05
FADS3,3.2735113770096626e-05
DNAL4,3.267527313873039e-05
TRPT1,3.2630287666451055e-05
TRAF7,3.2620096918363616e-05
FAM104B,3.258001407644064e-05
SLC43A3,3.256675165407085e-05
YRDC,3.252271347390152e-05
MED12,3.245686313549547e-05
HLA-G,3.236714879871072e-05
DHX30,3.234503607352859e-05
ZDHHC3,3.234007821926224e-05
PPP1R14D,3.233722143986156e-05
PCDH9-AS2,3.228107911775987e-05
HR,3.2249791952325586e-05
EMILIN1,3.218408267286468e-05
LSM7,3.216898981178824e-05
COLEC11,3.215851092360925e-05
VNN2,3.215266354183138e-05
REM2,3.209904565233239e-05
SLC27A2,3.205608188297148e-05
U2AF2,3.203883198488241e-05
TEF,3.203330775678348e-05
SPNS2,3.2025070982859285e-05
SLC66A2,3.198744823769879e-05
PFN2,3.1984147720702746e-05
POLR3GL,3.1974020684076714e-05
PNCK,3.196962358244898e-05
HIST1H2BE,3.188139313944742e-05
ARSF,3.185685310043291e-05
TLR8,3.183255544993341e-05
PIAS4,3.1816772916476225e-05
CSF1,3.179926490114235e-05
PTHLH,3.1765249875280235e-05
SMG8,3.171748698452604e-05
CD302,3.170109137807938e-05
ALAS1,3.168704881300585e-05
MKI67,3.161846896000928e-05
NACC1,3.161565430832489e-05
TIMM9,3.1525505284918263e-05
DRAM1,3.148100626606774e-05
NME3,3.1466049822357286e-05
VASN,3.1431566597688185e-05
GLRX2,3.143144727329854e-05
WRNIP1,3.1403730106459635e-05
TIMM17A,3.1398922944763435e-05
STAU1,3.1387165967479515e-05
OTUB2,3.136808131631632e-05
CCDC63,3.136565155637394e-05
RNF113A,3.134721739221377e-05
IL18BP,3.129760975143619e-05
PEX11B,3.1277467364220484e-05
AEN,3.121496901150325e-05
SPINK9,3.1131207158343475e-05
ERMP1,3.1122651606221784e-05
THAP8,3.10444640028177e-05
MT1A,3.101967379053126e-05
MFSD9,3.101303772186774e-05
SNRPA1,3.094294090991067e-05
PPP1R14A,3.0873126858338315e-05
AP001469.3,3.0739901580926735e-05
SCNM1,3.073659825606912e-05
FABP6,3.071847372396921e-05
MED4,3.0717814264605806e-05
RHBDF1,3.071525703135309e-05
TRUB1,3.071197975279055e-05
ZC3H4,3.0626803053936955e-05
ALKAL2,3.055271706080378e-05
TMEM177,3.048077088585437e-05
SNAI2,3.0461357428602976e-05
SMIM35,3.043053952125672e-05
TSLP,3.041233989213884e-05
ANKEF1,3.0392334603106256e-05
DCN,3.039076176836365e-05
RAP2C,3.02574959401781e-05
RAB9B,3.02213230286582e-05
RAB5A,3.0204370041891857e-05
IATPR,3.0202134189971157e-05
MEN1,3.0182432651371516e-05
ALKBH2,3.0169619975999347e-05
TRUB2,3.0168620779052173e-05
OPRL1,3.0090165517840297e-05
LMO2,3.0054639503853414e-05
NBR1,2.998292805210064e-05
GET1,2.9969354339874456e-05
SRP68,2.9902405192702574e-05
KIAA0513,2.9828350731197147e-05
KTI12,2.9695096129660014e-05
MMP24OS,2.965557222993921e-05
ACTR1A,2.9642429578519944e-05
FASTK,2.9633282029424417e-05
ATP2B1,2.9566418385967237e-05
FEM1B,2.9497321886600493e-05
YIF1B,2.948842388746143e-05
C7,2.9484581679063515e-05
HERC5,2.948454619893803e-05
CCDC151,2.9472610742641145e-05
MIR4500HG,2.9458003013104023e-05
PYGL,2.937949113194504e-05
TMEM187,2.928119106456337e-05
MED16,2.92786388752727e-05
MARS2,2.923840446714078e-05
ARSE,2.923763537956361e-05
RASGRP2,2.913767750850521e-05
HMCES,2.9101746311676915e-05
CFAP47,2.909285422969384e-05
JAG2,2.903719740945515e-05
NUP50,2.901899113748652e-05
FDX2,2.8994558133924613e-05
HAUS7,2.8989690230598493e-05
FAM86B1,2.8910794583074097e-05
SLC48A1,2.8886567504496444e-05
ANKRD22,2.888482777718387e-05
ZNF669,2.8838769272659395e-05
PPFIA4,2.8787717875367943e-05
SOX15,2.873506618782468e-05
MIA3,2.8711778918549316e-05
CD180,2.870573138991953e-05
PIM2,2.870307821923397e-05
SCN1B,2.868402781273973e-05
DUOXA2,2.861023894237088e-05
POSTN,2.860788359449722e-05
SMPD1,2.8598383940999375e-05
FSTL3,2.856461990720423e-05
WIPI2,2.847598102699949e-05
LAS1L,2.840890226570683e-05
KCTD14,2.84081470708804e-05
ETFRF1,2.840042730400138e-05
IFITM10,2.838714498827336e-05
NHSL2,2.836928314845303e-05
KLHL26,2.8333425405298703e-05
BDKRB2,2.8312608632289644e-05
VPS9D1-AS1,2.8206760110541265e-05
MTA2,2.8157710482239805e-05
RBM12,2.8104558832372776e-05
TMEM150A,2.808460314020696e-05
RIC8A,2.805698072185172e-05
SAPCD2,2.801898608005078e-05
AP001330.4,2.7910673405895515e-05
NPFFR2,2.788740744776262e-05
GUCY1B1,2.7877467188657956e-05
THUMPD1,2.7856363694820783e-05
AP3S1,2.7856237426516817e-05
MAFK,2.7855513457811408e-05
CD36,2.7851197632811315e-05
ALG12,2.7848459425210405e-05
ZNF629,2.78401732394075e-05
CLECL1,2.7833473971584544e-05
MEX3D,2.7813912360479995e-05
MXD4,2.778903521628216e-05
IL21R,2.7731558950456865e-05
MYB,2.7731481809023e-05
TGFB1,2.77269057657734e-05
GIMAP2,2.772265845102939e-05
MORC2,2.76997519307365e-05
DCAF11,2.7684442789486136e-05
TMEM251,2.766885397206585e-05
EIF2B2,2.7661411565069824e-05
TMEM254,2.766042826550537e-05
ERP44,2.7621507982542138e-05
C2orf69,2.761101238867817e-05
ARMCX6,2.7596442700362e-05
KLF4,2.757483580988055e-05
HSF1,2.7544597880905333e-05
MXRA7,2.7518099580490954e-05
AP000892.1,2.7517844316469747e-05
RSPO4,2.7467200990312243e-05
MEX3A,2.743715358948827e-05
SMIM25,2.733869330781871e-05
CYP2U1,2.7321614099260123e-05
CRELD1,2.730771306829682e-05
WDR72,2.728875215603643e-05
TTC26,2.7286371610292383e-05
ST6GALNAC1,2.725040581635946e-05
C1orf226,2.7229117333214985e-05
CFAP410,2.7197585920426032e-05
PHKG1,2.716641930498632e-05
UTP3,2.71194113103686e-05
AMER1,2.7115396451050588e-05
CLDN12,2.7103533473842204e-05
EIF2S3B,2.710099924886428e-05
C6orf132,2.708989027501448e-05
SMYD5,2.7034283999599895e-05
PDE6C,2.703226373391003e-05
PRMT5,2.700935290586034e-05
DCC,2.6988071781712e-05
AJM1,2.6910995273459783e-05
AKIRIN2,2.689304033661052e-05
KLHL36,2.68616157349464e-05
MAGI2-AS3,2.6845891036828723e-05
ACTL6A,2.682972363424999e-05
USP22,2.6809597238031468e-05
TRMT61A,2.6742049295742173e-05
PNPLA6,2.666905542769931e-05
GNG11,2.6668912974975503e-05
TGFBR1,2.6650000834453865e-05
ROBO4,2.662939326098021e-05
ZNF319,2.660441819601066e-05
BEST4,2.656506514296593e-05
SNAPIN,2.6548073561120303e-05
RTF2,2.654551325700493e-05
SYDE1,2.653631832295281e-05
RPA3,2.653140885821851e-05
NUDT5,2.648651525375638e-05
BHMT,2.645971574421225e-05
PGM5,2.6454129476972083e-05
PRKAR2A,2.6446157708436185e-05
FAM161B,2.6435529721172946e-05
TLR6,2.641180467938681e-05
SMPD2,2.6386579944738545e-05
ZNF385A,2.638656556369597e-05
CFAP36,2.6382316125574352e-05
TMEM64,2.6337025566784877e-05
COL4A1,2.6328956724336357e-05
OOEP,2.632716114713133e-05
FCGR2B,2.630670650124081e-05
PHYHIPL,2.6287449736497142e-05
GNMT,2.6262047324570807e-05
LHFPL3-AS1,2.625500813435624e-05
RRM2B,2.624213647965341e-05
GEMIN4,2.6230020226157495e-05
SLC26A4,2.622750545570032e-05
BX649632.1,2.6208099542057784e-05
MYD88,2.6092658707335097e-05
CDK5R1,2.6075958932095226e-05
SLC40A1,2.605261818791169e-05
ERICH6,2.60083722324397e-05
LGALS2,2.594430151918949e-05
MYCT1,2.5910173670212103e-05
PCYOX1L,2.5907245302020187e-05
NTNG2,2.5849621089671653e-05
ASMT,2.5823804399196883e-05
ACVRL1,2.5795694245481188e-05
IMPDH1,2.57629370789718e-05
PCDH11Y,2.576254000478854e-05
CHST7,2.570305716810453e-05
MCM4,2.5617940617639414e-05
LILRB4,2.555826083913998e-05
ADA,2.555347463990196e-05
NSMCE3,2.555060754179245e-05
GPRC5D,2.5468573510503147e-05
BTG3-AS1,2.54680892040634e-05
PMEPA1,2.5446419926773973e-05
AK6,2.5439842767367437e-05
MTFR1L,2.543847944094571e-05
MVB12A,2.5428295386576555e-05
CDC42EP2,2.541872425028817e-05
OTOF,2.539612014563846e-05
RNF122,2.533991076938056e-05
SYNJ2BP,2.5319089340128336e-05
MYORG,2.5316924016097943e-05
SLC22A17,2.524292459122564e-05
ARR3,2.5227012481033785e-05
IAH1,2.5186419516055967e-05
UBL7,2.517522210979546e-05
CCNC,2.5168670064767195e-05
CXCR5,2.5120648659610908e-05
CDKN1B,2.50575626593412e-05
HFE,2.504800773841293e-05
BNIP3L,2.503605576441901e-05
RFX1,2.495625682625428e-05
CACNA1I,2.492512481323949e-05
TOX4,2.490832907615207e-05
SNPH,2.4887731255852103e-05
TRGC1,2.4879607350589726e-05
RAB3A,2.487840198018744e-05
PPM1M,2.486988927788298e-05
NOS3,2.4866129181718483e-05
JMY,2.484344625202209e-05
HDAC6,2.482107564538726e-05
GLB1L2,2.4816890686230907e-05
SARDH,2.4789749501331125e-05
RHCG,2.478348170775492e-05
FITM2,2.478171550363617e-05
TRMT10C,2.477836429131273e-05
YTHDF1,2.476993664967801e-05
SNX18,2.4767315449154752e-05
HOXA10,2.4732978356036667e-05
JUP,2.4689458353223852e-05
ARHGEF26,2.4686160537345872e-05
GATA3,2.467838918658179e-05
PTGES2,2.4677442141063055e-05
EBAG9,2.466009217336829e-05
AP001267.1,2.463235988360331e-05
N6AMT1,2.46133062167847e-05
HCG11,2.452238561821429e-05
FEM1A,2.4511213345257127e-05
TTYH3,2.4501283581745788e-05
STC2,2.449111397609406e-05
LARP7,2.4474147881380735e-05
ZNF792,2.4471972827582237e-05
YIPF4,2.444278818880596e-05
UTP14A,2.4426732530438176e-05
FZD4,2.440808899698934e-05
DUSP28,2.4402937021815853e-05
PINK1-AS,2.43822057288869e-05
TTC30B,2.433407179961851e-05
MYCN,2.4316550876813924e-05
BRPF1,2.426711970455918e-05
SAMD1,2.4266003832860374e-05
ADORA1,2.4265399606561243e-05
HMOX1,2.426043304335236e-05
SDHC,2.4245506711275307e-05
DBP,2.423884181736708e-05
RITA1,2.422470431133754e-05
ASAH2B,2.420941384546457e-05
FST,2.4190121334733724e-05
CCDC120,2.4151215316365004e-05
LIN28A,2.4135889598468564e-05
ZNF852,2.412577912226626e-05
IPO5,2.409722887957912e-05
OSR1,2.40923500907727e-05
FRMD6-AS2,2.40342503396979e-05
DLG5-AS1,2.4024907177504875e-05
DISC1FP1,2.38948982378812e-05
TSPAN16,2.387536023624781e-05
RAB5B,2.3871387359448e-05
TPRN,2.3857491853144007e-05
RIC3,2.3841373431991084e-05
PTGER3,2.3820371123218056e-05
TMEM126B,2.381920923081017e-05
TUSC1,2.3792643559824052e-05
OBSL1,2.3783176819839348e-05
BRD3OS,2.3761043999223608e-05
SNRPN,2.374105102236032e-05
PACSIN3,2.37334885341859e-05
SLC7A2,2.372759331258491e-05
ALOX5AP,2.3717980014699085e-05
UNC5B,2.368349656500848e-05
GJC2,2.3662838457635026e-05
TMEM255A,2.3597836667235715e-05
ACOX2,2.358205234587541e-05
ISCA2,2.357016026880452e-05
PSAT1,2.354044434677585e-05
ZNF880,2.350950997230099e-05
MTFP1,2.3504275511798516e-05
BVES,2.34897295538776e-05
ZNF512B,2.342454991056453e-05
FBXO8,2.33274305097762e-05
RGS2,2.3323548454897885e-05
PIGH,2.330792941294622e-05
ZNF625,2.3305150925734104e-05
ABHD13,2.323153034982662e-05
ZBTB14,2.3230772474214883e-05
TMEM159,2.3161581327579357e-05
TM4SF20,2.3141250395325403e-05
ACTN1,2.31337398765606e-05
AMZ2,2.308224679799809e-05
INAFM2,2.3072270625633586e-05
Z95115.1,2.3018202258788398e-05
MCOLN1,2.3008559287969935e-05
AP001604.1,2.295231636768988e-05
GYG1,2.294209209076452e-05
USP11,2.284380571861422e-05
ATP13A3,2.281772889295444e-05
ATP1A2,2.2815313044251533e-05
MRPL39,2.2813250263592927e-05
TSPYL5,2.280818699274836e-05
ZFAND2B,2.2793011194506243e-05
VMO1,2.27605815458821e-05
HDAC11,2.27492238789609e-05
TESK1,2.2748165705489413e-05
LST1,2.274181844733244e-05
ARPP21,2.271531407607141e-05
FHOD1,2.268447472091249e-05
FKBP14,2.2668893827212258e-05
DPM2,2.262996032252365e-05
TSC22D1-AS1,2.262130379133465e-05
NRXN3,2.261216455028397e-05
PEMT,2.2589567025876648e-05
SPIN2A,2.2564938116681027e-05
MTPAP,2.253997164510453e-05
ITGA6,2.2536963166184144e-05
NLRP12,2.2535796001967526e-05
GPATCH3,2.250973333375216e-05
ITIH5,2.249646839738329e-05
MEIS1-AS3,2.2474129621422467e-05
FAM83G,2.245753923043476e-05
NT5C3B,2.2443438776637536e-05
ADORA3,2.2363292985600004e-05
CRNKL1,2.233940939601128e-05
TMEM63C,2.23376962784257e-05
RAB36,2.233614340321363e-05
BASP1,2.2316856442562388e-05
CMTM3,2.2312458337895455e-05
GON7,2.2242426977422797e-05
RRP36,2.215849950082492e-05
MXD1,2.2158127495619422e-05
ZNF646,2.2119912695144792e-05
PPP2CA,2.211736209834753e-05
SLC66A3,2.210863081890609e-05
PCDH9,2.2053192557248436e-05
PPP1R3B,2.200142486107388e-05
NAGLU,2.19758972697346e-05
RARA-AS1,2.197388918518375e-05
PROB1,2.190800252800524e-05
IFT27,2.187965269909369e-05
PLCD1,2.1875399344158368e-05
SLFNL1,2.181393653742915e-05
IER5L,2.1757281695521637e-05
ANXA9,2.1729362113016897e-05
LY75,2.167770818613433e-05
AP001059.3,2.167375123991873e-05
NIF3L1,2.167040536755115e-05
GMPR,2.164010738138209e-05
SLC49A3,2.161718169431252e-05
RHAG,2.1598025059317986e-05
Z95114.1,2.157471280823106e-05
RUNDC1,2.1541824592281056e-05
CLK3,2.151831843438132e-05
FLOT1,2.1497040330565423e-05
CD44,2.1482318151131764e-05
P4HA1,2.1475535477498416e-05
ATP6V1A,2.146547438578341e-05
ZNF660,2.1464268893376318e-05
OR7A17,2.1446556752439864e-05
ZNF285,2.14426301968278e-05
TOPORS,2.1427210772636744e-05
AP001972.3,2.1420942188747545e-05
SF3A2,2.137824228410633e-05
ZC3H13,2.1373464566217777e-05
CEACAM21,2.136183667451438e-05
HTR3E,2.135282854333228e-05
CDS1,2.1314220148862532e-05
SOCS1,2.128049694946553e-05
AF129075.1,2.126638534376909e-05
DCLRE1A,2.124803657181668e-05
PAXBP1-AS1,2.12381953667434e-05
IGFBP7,2.121901269201333e-05
HIST1H1D,2.1216061122242933e-05
SLC7A1,2.1189029312713e-05
TARBP2,2.118445520295115e-05
NKAIN1,2.116810887697695e-05
GALNT12,2.108224946644428e-05
AP001021.3,2.1073780168696817e-05
THNSL1,2.106211154773435e-05
SETD1A,2.105967437942085e-05
UXT-AS1,2.1041846714389565e-05
NAA11,2.103710694114541e-05
C11orf91,2.101790378814577e-05
TMEM222,2.0986077516718103e-05
SLC37A4,2.097796402537036e-05
RGS17,2.097480113800351e-05
Z99496.2,2.0969934147295056e-05
AD000671.3,2.0938946507724823e-05
GZMA,2.0923032400369178e-05
RP1L1,2.0898109065515712e-05
ROM1,2.0895249280854116e-05
GPR55,2.0828303330498693e-05
C15orf39,2.080384126517108e-05
Z92544.2,2.075445702846861e-05
CXorf40B,2.0708758972438658e-05
SAT2,2.0707395316508925e-05
NFYB,2.0526116015456746e-05
VIL1,2.0513232509582475e-05
SNX15,2.0507891209608893e-05
GNPTAB,2.0501848661469583e-05
PLAGL2,2.049926022652552e-05
DMKN,2.04928096883728e-05
CAT,2.0455392621030187e-05
C1orf21,2.045508557656418e-05
SEMA4A,2.0430498368327227e-05
RASA4,2.0422240309685026e-05
IGIP,2.0415367443425875e-05
ZNF492,2.036976083625917e-05
UBXN10,2.03611222678386e-05
ASB8,2.0335693867707148e-05
CNDP2,2.0224007263314643e-05
ZHX1,2.0221310850694545e-05
TPMT,2.021828879455124e-05
HIST1H2BH,2.0198298360286725e-05
NOSIP,2.0194719333137303e-05
AMOTL2,2.018697216853673e-05
ZBTB39,2.0161999071118785e-05
ZNF71,2.014504273403367e-05
HTR2C,2.011959833459789e-05
AP002954.1,2.009595625577162e-05
KLF13,2.006862570896033e-05
MPZ,2.0050207300962555e-05
SLC14A2-AS1,1.999397128887772e-05
CYP4F22,1.999086211741889e-05
AIF1L,1.9972592819910265e-05
MTTP,1.9942501939567157e-05
PNPLA4,1.994097069585124e-05
PARM1,1.9884621816581262e-05
DOK1,1.986914892941948e-05
HEPACAM,1.9868533745103836e-05
AP002336.1,1.9846442074106948e-05
GRPEL2,1.98456150039887e-05
TMEM218,1.9845243720544303e-05
SERPINB9P1,1.9835538382975245e-05
DDX23,1.980439132360904e-05
DYRK1B,1.9752714234659785e-05
ZBTB41,1.973254198334953e-05
AF064860.1,1.971662140701772e-05
SCRN1,1.9696063922889984e-05
PTPRS,1.9675572317360916e-05
AP006621.1,1.9600487347457856e-05
ICAM1,1.9582792055527512e-05
VSTM2L,1.958203522792097e-05
FRAT1,1.955443719577516e-05
FCHO1,1.9545220806150528e-05
PCDHGA7,1.953594711682114e-05
SEC22B,1.9514719096474488e-05
MAP1LC3A,1.9512822384212435e-05
HENMT1,1.9508717416985573e-05
POLR1C,1.949751062645592e-05
BCL2L12,1.948584061339028e-05
ANKRD39,1.9485146564292933e-05
IQCE,1.947559875057186e-05
MIEF2,1.946692810893324e-05
PCDHGB6,1.9466076603875823e-05
RELL1,1.9465559785939944e-05
BCKDK,1.945285671240268e-05
KCNB1,1.945231010765205e-05
LILRA2,1.9438137163256948e-05
ZNF382,1.94244465081721e-05
THYN1,1.9418002256703992e-05
ACSS3,1.941592895975243e-05
PXDN,1.937862212481882e-05
HSD17B1,1.936857978766125e-05
FAM71E1,1.936419376643664e-05
PLEKHO1,1.93587408978781e-05
ZSWIM1,1.932301015762382e-05
ENTPD2,1.927810551179614e-05
DDX3X,1.9254228838847844e-05
SMN2,1.924744902904568e-05
DAO,1.9239665867811982e-05
BCL2L2,1.921672395024416e-05
GPSM3,1.920748734301428e-05
IL3RA,1.920079146885768e-05
HSPB7,1.9180005451611607e-05
NOXO1,1.9113525635926856e-05
ACTR8,1.909795827652865e-05
KLHDC8B,1.907761739388009e-05
CEACAM1,1.907260805620654e-05
BRF2,1.9062830084158106e-05
MPHOSPH6,1.9044418967302437e-05
PCDH19,1.900796859989113e-05
DNAJB4,1.900173364649137e-05
AJ011931.2,1.899095214338177e-05
RIT1,1.898768052404985e-05
STK26,1.893692586216659e-05
ZNF24,1.8925823531712763e-05
ZNF418,1.887409466443801e-05
GOLGA7,1.886968968419466e-05
PLAG1,1.884156344783997e-05
CCDC88B,1.883657632535054e-05
HOXA9,1.883522702548339e-05
CSNK2A2,1.882620079594246e-05
SMARCD1,1.8817573719596912e-05
HHIPL2,1.879095772703764e-05
SLCO2A1,1.877844541388537e-05
SNCA,1.8744535514537657e-05
GALE,1.8723013884308403e-05
IGHGP,1.8721797659946333e-05
C18orf21,1.869967198836128e-05
TATDN2,1.8614115244870123e-05
RTL8B,1.859160455407537e-05
PPP1R8,1.859097837607364e-05
GNB4,1.8583775664019022e-05
COASY,1.85761109658146e-05
ACBD5,1.8552441557288923e-05
ARL5A,1.852446105688896e-05
PHF6,1.844706784778382e-05
SRPK3,1.844573885093365e-05
MUC4,1.8441591544686338e-05
MUC16,1.8441529415842788e-05
EDEM3,1.841943890757786e-05
SEMA6B,1.841844676631508e-05
AP002449.1,1.838644360767937e-05
NDST1-AS1,1.838267835432945e-05
PRXL2C,1.83548558040642e-05
PTDSS1,1.8335763072092757e-05
MRPL58,1.833293927087344e-05
PLPBP,1.832732316004328e-05
C10orf25,1.8308486601173663e-05
CHST14,1.8269911748945932e-05
HOXB2,1.826805567108954e-05
ACRV1,1.8256970669592077e-05
B4GALT2,1.814054007712442e-05
OLFML3,1.8102666068926465e-05
BEST1,1.8063690240875185e-05
FSTL1,1.805542387582653e-05
DHFR,1.8043282848119505e-05
NRAS,1.8015804480203668e-05
UTP25,1.799909966484324e-05
CLCN7,1.7942410352449576e-05
NCAPH2,1.7859793649703157e-05
SOX12,1.7800889639063723e-05
ZNF275,1.7795968873726048e-05
KIF1C,1.7791543424266537e-05
TCF4-AS1,1.774627601657143e-05
GASAL1,1.773718215191278e-05
KLHL12,1.7735672020159767e-05
WDR61,1.771031804122771e-05
ETV3,1.7701681690243718e-05
PPIL1,1.7666457684562406e-05
CENPV,1.7645177006743452e-05
TMCC2,1.764293897508839e-05
ZC3H11A,1.763507332053603e-05
CHMP7,1.763295842126635e-05
NXPE1,1.7600125773700795e-05
GPANK1,1.758157290380334e-05
STAP2,1.751591153564233e-05
AP002433.1,1.75029986065438e-05
RFC4,1.7502676318557747e-05
THAP4,1.749496551600732e-05
TENT5B,1.7481610164727006e-05
MAPK12,1.7466020232450615e-05
DDX49,1.7440264230074214e-05
ACTR6,1.7430646269755082e-05
RBM34,1.740881022382628e-05
GMFB,1.7384724261332035e-05
GAMT,1.735228662147096e-05
C11orf53,1.7339537566858894e-05
SLC22A10,1.7320356906305203e-05
PCOLCE2,1.7308903587539082e-05
ZBTB22,1.7293728188760662e-05
SORD,1.726765823625322e-05
PCDHGA1,1.7227374056669956e-05
APOC4,1.722127344578301e-05
RGMB,1.7205027646049253e-05
PCNP,1.719956373488256e-05
SORT1,1.7196358396636373e-05
RDH12,1.7178540952236795e-05
A2ML1,1.7018861188036165e-05
MEX3C,1.701503460916868e-05
GOLGA3,1.6981077772572974e-05
TRAM2,1.6942405056504436e-05
LEMD2,1.692330955280008e-05
CYP4V2,1.6891045811842074e-05
KAZALD1,1.6884058021733556e-05
C8orf76,1.6875109253276595e-05
SELENOI,1.6868816993493137e-05
CNPY4,1.685151427971283e-05
ZNF77,1.6849361660770943e-05
SLC45A3,1.6843465962939292e-05
RGS4,1.6822582127740864e-05
MCRS1,1.6759495812950107e-05
BX004987.1,1.674928254860993e-05
LYSMD2,1.6715521638337453e-05
RRN3,1.671525240105007e-05
IFIT2,1.6710503030952587e-05
TMEM185A,1.670102159175062e-05
ATP1A3,1.6691443888512857e-05
WSB2,1.6671667590385354e-05
COPS4,1.6666574961760873e-05
ASL,1.6664584752557328e-05
WDR93,1.6661035880163642e-05
CCDC121,1.6657793975406438e-05
PROSER2-AS1,1.6637941193301207e-05
FLNC,1.6629018732012804e-05
ASXL3,1.662111463896994e-05
RNASEL,1.6591042348592434e-05
ZMAT3,1.6571763073907794e-05
AASDHPPT,1.6560529467279763e-05
TIGD6,1.6550716475870358e-05
ECI2,1.6546885508748928e-05
SLC39A14,1.652945306592761e-05
SPATC1L,1.651716639724586e-05
ZNF185,1.6456937545133718e-05
SERPINF2,1.6443455439139796e-05
ARRDC4,1.6436667461154858e-05
RTN4RL2,1.6430133653563762e-05
SLC9A3,1.641523370204706e-05
HIST3H2A,1.6318366267282524e-05
CPXM1,1.6298487654776784e-05
MMP11,1.628682081942914e-05
MAP6D1,1.6276827334093708e-05
NNAT,1.622753238342871e-05
CNMD,1.6221085035790125e-05
NMI,1.6213184941290308e-05
ADO,1.620622162769836e-05
SV2B,1.618928488843079e-05
WFS1,1.615888794292993e-05
GNPDA1,1.6154532089293665e-05
ENPP5,1.6108190701711447e-05
C1QTNF1,1.6066842757634327e-05
SESN2,1.605848577251974e-05
PCP4,1.6040539123039603e-05
GPR107,1.601779170465458e-05
CAVIN2,1.599111480815732e-05
HOMER3,1.597295871822214e-05
MRTO4,1.595728504516823e-05
SORCS3,1.595194248154628e-05
TRABD2B,1.5918161995745156e-05
LCP1,1.590111608751988e-05
SLC39A12,1.587269466435454e-05
ZFAS1,1.5867402963017987e-05
YTHDF2,1.586251331797157e-05
USP5,1.5826945405352813e-05
ZNF426,1.5805887405631388e-05
HILPDA,1.577332683449431e-05
HS1BP3,1.5754463798511476e-05
ELF3-AS1,1.5754317433971746e-05
RAD9B,1.575346895537434e-05
ISCA1,1.5753415039360593e-05
ANKRD30A,1.572769591845872e-05
SLC28A3,1.5712191012525666e-05
HOXA-AS3,1.5704514826374393e-05
STARD8,1.5692110611889234e-05
SNW1,1.5678096309323727e-05
RAB39A,1.5629606620631578e-05
C1orf146,1.560350635015506e-05
TIFA,1.5552928698325493e-05
NCF4,1.5510325864555367e-05
LRIF1,1.5499575960105884e-05
MICB,1.549843426209058e-05
YOD1,1.5484922443929278e-05
CCNG1,1.5441926434343113e-05
VRTN,1.541767561353468e-05
DHX40,1.5381602183245455e-05
BARX2,1.5369195815672194e-05
CHRNB1,1.5355614093608536e-05
LPCAT2,1.5264721078916898e-05
AAAS,1.5206196633252222e-05
LYPLAL1-AS1,1.519814427879825e-05
IRGM,1.517992945008846e-05
ADGRB2,1.5177636651497933e-05
STX10,1.5167428367400102e-05
GSG1L2,1.5067183573885802e-05
IL10RB-DT,1.5038838226205324e-05
TRIM25,1.502285028177959e-05
Z93020.1,1.4978197254417462e-05
LILRB3,1.4957841317636186e-05
ZBTB11-AS1,1.4947027196945834e-05
CXCR6,1.490863845661814e-05
TREM1,1.4893226314465906e-05
PTRH2,1.4890134995273831e-05
DSEL,1.4864350368826884e-05
MTMR4,1.4857898355078366e-05
TGM6,1.48558129051885e-05
COQ3,1.4849313464265647e-05
MACROD2-AS1,1.4847427431171724e-05
SNRNP35,1.4842549430632468e-05
TRIL,1.481105165712746e-05
SAMD14,1.4805732625361108e-05
GTPBP8,1.4780553564553004e-05
CHRNG,1.4776317492024584e-05
FMO3,1.4742033300251805e-05
FAM189B,1.4741679973821092e-05
RAB30,1.4717205101411554e-05
YIPF1,1.4696110938179609e-05
SERTAD4,1.4688983528102111e-05
WDR77,1.467402525434298e-05
TMEM68,1.46728256345094e-05
DOK2,1.4638829137359598e-05
ATP6V1G2,1.4622913307487336e-05
LRIT3,1.4601147173231452e-05
BOLA2B,1.4566064810251423e-05
ASPRV1,1.4555882223403308e-05
DHX38,1.4543945631455616e-05
LDHD,1.4524344544125984e-05
PTEN,1.4478542566362595e-05
DIPK2A,1.4471859583158876e-05
C16orf58,1.447097542405128e-05
GLDC,1.445180999194416e-05
OASL,1.444592915605458e-05
PLA2G12A,1.443716820050049e-05
TMEM191B,1.4425185904031496e-05
AP001372.2,1.441715221321129e-05
DEF8,1.4412093070158653e-05
IL17RD,1.4377864457531368e-05
MGP,1.4375657425970089e-05
FBN2,1.435712747841792e-05
AF129075.3,1.4339315992389748e-05
FAH,1.4314102545841866e-05
TMEM211,1.4306055792650585e-05
SLC7A9,1.4229350162333949e-05
TCTA,1.4162637219975896e-05
AP003464.1,1.4140816931202083e-05
CORO2B,1.412832442692871e-05
SH2D2A,1.4128060179594424e-05
TRO,1.4106633735707646e-05
HSPA14.1,1.4065364570444956e-05
RASSF10,1.405541614874355e-05
CYP4B1,1.404585696122957e-05
ZNF711,1.4029041696909178e-05
PRR14,1.402498011950248e-05
NGB,1.402268456751192e-05
TIMM44,1.4009442537882108e-05
KLHDC3,1.3936709401807385e-05
IGFLR1,1.3883483847728013e-05
CHMP1A,1.3867579535039867e-05
CD52,1.386137434605216e-05
SDS,1.3849840316427613e-05
CD1D,1.3832928738892252e-05
FOXP4,1.3830935830192247e-05
SMOC2,1.382016060305178e-05
CX3CR1,1.3819286028192745e-05
SEC13,1.376860026764839e-05
C14orf132,1.37678558419074e-05
IGKC,1.37671554231811e-05
ZFP1,1.3762088141227522e-05
HHEX,1.3749228549727966e-05
BACH1-IT1,1.3673726096126265e-05
WDR82,1.361528257275115e-05
TMTC1,1.358912738035955e-05
TMEM178A,1.35478306927535e-05
TIMM23,1.3539855131660905e-05
DONSON,1.3536963002097777e-05
HVCN1,1.351346152788648e-05
EVA1A,1.3442152260349427e-05
ZNF300,1.3440942333486162e-05
ZNF414,1.3438131446974805e-05
G3BP1,1.3429848496227104e-05
AP001885.3,1.340397165623056e-05
LACTB,1.3388447781433478e-05
SARS,1.3365090022017566e-05
IDH3B,1.3346995158512398e-05
NKIRAS1,1.3326687545877867e-05
HIST1H2BJ,1.3326219262554123e-05
HAUS2,1.328506895568419e-05
TRMT6,1.3274407252927682e-05
DAGLA,1.3175730696350387e-05
ADSL,1.3148022664260832e-05
EXOSC10-AS1,1.3134899290004954e-05
DIP2A-IT1,1.310880577218866e-05
C2orf16,1.3096094612830889e-05
LHFPL3-AS2,1.3067272862967056e-05
ENTPD4,1.3035408483906478e-05
GCA,1.3023540034385803e-05
AARS,1.3019972555161112e-05
Z93930.3,1.301042038964772e-05
NSG2,1.2994490755749794e-05
RNFT1-DT,1.2968657176772231e-05
CCDC36,1.2947986161418083e-05
SIGLEC15,1.294190755413824e-05
TMEM139,1.2919035250688015e-05
MEP1B,1.2895482244005816e-05
HIPK4,1.2875626175117943e-05
PPP1R3C,1.287474342247141e-05
FIBIN,1.286635575990912e-05
MAP1LC3B2,1.286414870581395e-05
WASF2,1.2835001615533995e-05
DDX47,1.282257927335823e-05
RHBG,1.2819518104141624e-05
CIART,1.279168844911688e-05
LRRC8E,1.278590878102416e-05
TMEM69,1.2771649854541554e-05
B3GNT4,1.27551646478558e-05
BCKDHA,1.2709730151119636e-05
UBQLNL,1.2693060833372236e-05
ITGB6,1.268788508054252e-05
COL13A1,1.2663709559643787e-05
PURG,1.2618943380207785e-05
TIMD4,1.26046718466982e-05
IBA57,1.258702797435255e-05
FLNB-AS1,1.2563799298597647e-05
TSC22D1,1.2528368958551265e-05
ZNF219,1.2506919672749162e-05
ELOVL4,1.2433794174100058e-05
ABI3,1.241092379004608e-05
NCDN,1.238938964855412e-05
TPO,1.2364896331407168e-05
PDP2,1.23646686179892e-05
SCN5A,1.2354754687494315e-05
CCDC22,1.2352186258618664e-05
KIAA0100,1.2345530545125944e-05
RILP,1.2286523427903938e-05
BHMT2,1.227780660038187e-05
SNAP91,1.2266775414501012e-05
BTF3L4,1.2258562647287538e-05
NUBP1,1.2211186708539592e-05
MFAP3,1.2174242204475464e-05
DLAT,1.212993487292826e-05
GINS2,1.20807095768833e-05
STS,1.2077960434513315e-05
SEC23B,1.2074529792169736e-05
PHGDH,1.2054963187300966e-05
NRM,1.2041410017139078e-05
CHAC1,1.2037219092226717e-05
VPS26B,1.2004598149110594e-05
NES,1.1946968736466423e-05
FAM78A,1.1941810749493108e-05
SGSH,1.1936718304699055e-05
SNX10,1.193446214611718e-05
C16orf96,1.1904277224168927e-05
DDTL,1.1886055942416116e-05
MMUT,1.1865314073481736e-05
SNAP29,1.1785980970986348e-05
MSANTD4,1.1775454436838974e-05
PLGRKT,1.1766867437894205e-05
AP3B2,1.1718390008394151e-05
PCAT6,1.1715393785447744e-05
LGI2,1.1697232297356488e-05
SNTB1,1.1636392255095386e-05
NRG1,1.1631690468371632e-05
LPA,1.16268296791758e-05
ANKRD54,1.1491015272621848e-05
ZIM2,1.1419108784618412e-05
DCTN5,1.1406056422385948e-05
CLEC12A,1.1362070355914007e-05
CD300A,1.1337831101727347e-05
TTPAL,1.13265310756514e-05
RBKS,1.1315617525349545e-05
CASR,1.1295556049790913e-05
PNPLA8,1.1287560220803338e-05
XKR3,1.1266050956101413e-05
CRY1,1.1243225441856322e-05
TMCO2,1.1237467104923992e-05
ZXDB,1.12358343461184e-05
CLDN5,1.1233617737146906e-05
PDRG1,1.1227964650746082e-05
PCIF1,1.1222851760527534e-05
IQCA1,1.1214116856800728e-05
TOR1AIP2,1.1209650162459114e-05
CCL8,1.1205180596706122e-05
SMPD3,1.1194455647912184e-05
APBB1,1.1175521158739455e-05
PANX2,1.116187581567285e-05
UBE2V2,1.1148646921741322e-05
AP001610.2,1.113561291326514e-05
CCDC127,1.113193698905464e-05
KLF8,1.1125155591491418e-05
CSTF2,1.112299300641435e-05
DNAJC14,1.112181442357088e-05
WNT4,1.1119310982411453e-05
PARVB,1.1090881382859872e-05
OBI1-AS1,1.1063638199760616e-05
AP005131.3,1.1059304663891615e-05
ZNF324B,1.1040309997683728e-05
WIZ,1.103821151705907e-05
TRIB2,1.1027276576706564e-05
STARD4,1.1023543292945775e-05
GYPC,1.1014372848340493e-05
AP002907.1,1.0973604250128957e-05
OSGIN2,1.0968435863872329e-05
CABP1,1.0966933649721754e-05
STC1,1.095872463615987e-05
FIZ1,1.0933871365363269e-05
GALNT2,1.0924672705646103e-05
VCAM1,1.0906105687125769e-05
PALM3,1.0903099827255326e-05
ADAMTS3,1.08920560406447e-05
AK4,1.0869476581609463e-05
YTHDC1,1.085034347349296e-05
ZBTB6,1.0848357804248946e-05
TNFAIP6,1.0845419584268157e-05
C1orf61,1.084533588677354e-05
PANK4,1.0829677250050832e-05
RNF222,1.0810004107778945e-05
PDCD6,1.0803710406905902e-05
BACE1,1.0801789085145794e-05
WASF3-AS1,1.0771484332859369e-05
TCAF2,1.0724292449656996e-05
LYSMD1,1.0711800143421251e-05
MYL6B,1.0700555149219212e-05
TRAF3IP2,1.0659190142350748e-05
CRYBA1,1.0656406052990928e-05
NEPRO,1.0649547587491648e-05
SRSF1,1.064057150408946e-05
B3GAT3,1.0602970855694457e-05
JCAD,1.0587886070275546e-05
GPN1,1.058675751572372e-05
NFKB2,1.0577312438236475e-05
SHC1,1.0571994190449802e-05
SELPLG,1.054460035804321e-05
FP565260.3,1.0537991457559363e-05
CCDC85C,1.0524649864133126e-05
PRKAG2-AS1,1.0521387911903111e-05
GIHCG,1.0519817657645312e-05
PSMA8,1.0517443100626096e-05
A4GALT,1.0457975465430754e-05
COMMD9,1.0451328153113276e-05
ATRNL1,1.0432016894157312e-05
COG8,1.0425494346917862e-05
FCN1,1.0387243824593303e-05
C17orf58,1.0355574172092528e-05
XIAP-AS1,1.0335645380023512e-05
STARD3NL,1.0335540206419956e-05
OVOL3,1.0335266093819828e-05
FOXD2,1.0277390112132578e-05
BDH2,1.027365389800964e-05
EPHB4,1.024874771672589e-05
C22orf24,1.024572423991375e-05
SEMA4C,1.0228531566734776e-05
NKAIN2,1.0216996178423333e-05
SLC6A1,1.0214708690229469e-05
APOBEC3G,1.0167409890987205e-05
CDR2L,1.0161112727516972e-05
ZFYVE21,1.016025996458488e-05
IL17RC,1.014143117446088e-05
HIST1H3E,1.0079412472222442e-05
TRIM59,1.0075839991861198e-05
NGDN,1.0057974184674678e-05
RCC2,1.0031394528111972e-05
TFPI,9.98936116628214e-06
REST,9.97231528750837e-06
CERNA2,9.966726611839196e-06
SLC15A1,9.938654689350172e-06
GRHL3,9.936551288679096e-06
RRAD,9.840886942498356e-06
NAALADL1,9.830588514946144e-06
TCTN2,9.822815792634368e-06
AP005482.1,9.817278055194452e-06
ACAP1,9.773319379795938e-06
KBTBD11,9.770130792020678e-06
LUADT1,9.747868670926117e-06
RARA,9.74435758590268e-06
ELAC1,9.741153610175195e-06
C10orf95,9.73755484565208e-06
E2F4,9.73397245062451e-06
LSM8,9.732134534877289e-06
MRPL3,9.72891347010431e-06
GPC6-AS2,9.713507853037329e-06
BMP8B,9.708754667669186e-06
HIST1H1E,9.687151249574896e-06
TIPARP-AS1,9.675737271199302e-06
TRIM61,9.67435514238722e-06
SV2A,9.662248847706696e-06
AP002370.2,9.650751369339223e-06
GALC,9.647408188285916e-06
TMEM107,9.604948855813236e-06
ALKBH3-AS1,9.575795730984294e-06
PPIG,9.573172436321438e-06
ZFP82,9.563333135084654e-06
ZSCAN22,9.55098496407286e-06
CD300LB,9.509363076903249e-06
UNG,9.496418520830172e-06
HABP2,9.472548055932127e-06
WAC-AS1,9.44903697295216e-06
XRCC5,9.41500028078975e-06
TTC30A,9.411287215301073e-06
PLD3,9.40325337315168e-06
GJA5,9.39097663553486e-06
ENO2,9.388206491612824e-06
ZNF296,9.383267009967662e-06
TPGS1,9.380294794962042e-06
FFAR4,9.325737092024687e-06
HK2,9.285371212131583e-06
RSPH1,9.27043031999506e-06
DPT,9.268839061822546e-06
C12orf75,9.268369323090868e-06
SLC17A5,9.248422053855274e-06
TYROBP,9.242661329800114e-06
RPP30,9.228999181552608e-06
VAV3-AS1,9.208755044938014e-06
LHFPL5,9.17898122308136e-06
PPTC7,9.171258319012073e-06
DNAJC9-AS1,9.15702413618819e-06
ZNF740,9.132876952819508e-06
TMEM128,9.091681622240696e-06
MZT1,9.086706574889734e-06
PKMYT1,9.076206263901818e-06
CGN,9.075479041357152e-06
CDH11,9.06748990689447e-06
TUB,9.055669351572604e-06
PDLIM3,9.016302444514216e-06
FBN1,9.005871597165574e-06
LAX1,9.00511041473836e-06
ANPEP,9.004239567838895e-06
DALRD3,8.992029937745789e-06
SLC28A1,8.984631045930446e-06
SMIM14,8.962999327430817e-06
RIMKLA,8.962256968130317e-06
MBTPS1,8.947435506672497e-06
HGF,8.914787672592703e-06
COMMD3,8.901842391110248e-06
KCNQ2,8.895869161548627e-06
C4orf47,8.880729729070742e-06
ZBED5-AS1,8.867203516256905e-06
GTF2E1,8.81242826809877e-06
RTF1,8.810171920164596e-06
DCTD,8.769974615442538e-06
GSR,8.758579052143069e-06
DUSP8,8.728831873344947e-06
CERS4,8.635259819452194e-06
CARNMT1-AS1,8.63403721298981e-06
COMP,8.625248396759588e-06
ARHGEF6,8.597289633727557e-06
RPE,8.555528657694227e-06
BMP8A,8.551710049110007e-06
FAM107A,8.530947530252391e-06
ATG4D,8.50601396101776e-06
TRDN,8.504169385951175e-06
GRM6,8.490575335423151e-06
TFEC,8.448960023892706e-06
CPEB2,8.447348808405974e-06
ALDH4A1,8.43262171169059e-06
GRTP1-AS1,8.41619398929365e-06
HAR1B,8.401277757062618e-06
FOXF2,8.377960573786455e-06
NKG7,8.341972604630574e-06
ERICH2,8.312173815837443e-06
ZNF22,8.309103978625658e-06
FBXO27,8.291168841818464e-06
OTC,8.291094961003673e-06
NR1H4,8.2489574963474e-06
PXN-AS1,8.24492451259372e-06
TRPM1,8.238302435730042e-06
WDCP,8.20505068720966e-06
SAP30L,8.183856371245355e-06
TMEM82,8.179205271807865e-06
PPP1R26,8.16599760763859e-06
LEAP2,8.148644326011615e-06
IRF1,8.142060822493046e-06
BCL2A1,8.125120750704692e-06
CALR3,8.124353587170145e-06
ABHD10,8.123441144128817e-06
SLC16A14,8.099822424439655e-06
CLDND2,8.077394612837035e-06
HNRNPA1L2,8.067360348974271e-06
SPACA9,8.042503538856577e-06
IFT46,8.021827083270727e-06
MEIG1,8.018702872692364e-06
B3GALT5-AS1,7.988209718457924e-06
SNTA1,7.961406813102636e-06
MS4A4A,7.95278361042116e-06
CCDC15-DT,7.92734115896826e-06
INO80-AS1,7.922905675832659e-06
ARPIN,7.887139523472043e-06
SNTG2,7.833225067312893e-06
HIST1H2AH,7.814610740523195e-06
PPP2R5D,7.768922556961706e-06
AEBP1,7.76796703169463e-06
HIF1A-AS1,7.73993491009989e-06
CBX5,7.725504942633548e-06
CYP2B6,7.717721434849895e-06
KREMEN2,7.708884883895145e-06
CTH,7.68427306421155e-06
TIMP3,7.679622612020441e-06
AP001160.3,7.675777525638952e-06
TNFRSF13C,7.675701387313755e-06
HEY1,7.671132145724583e-06
MPV17L,7.626228962980805e-06
APOBEC2,7.602582661697679e-06
AP001107.4,7.562632366853564e-06
RGS1,7.5597262768655235e-06
GRIK5,7.556922551074209e-06
MRAS,7.55539702009221e-06
LARP6,7.5468261760703075e-06
TTC29,7.5264574070907605e-06
IP6K3,7.514956841839347e-06
TUSC3,7.510195798027029e-06
FLRT3,7.480653517360198e-06
LTC4S,7.461172455537262e-06
DCTN1,7.459750475006441e-06
ZDHHC16,7.428074373951133e-06
CSPG4,7.415043744310973e-06
BPIFC,7.409759838683541e-06
FAAP24,7.354625534164245e-06
RYR3,7.325321411845795e-06
VLDLR,7.303463029222827e-06
CYP2W1,7.2770265536060275e-06
CFAP61,7.272082935889352e-06
VCPIP1,7.269383990697928e-06
PCED1B-AS1,7.245406354301232e-06
GRIK4,7.239802015378486e-06
CCR4,7.184600037275746e-06
RPF2,7.149697396268464e-06
VIPR2,7.149162626210281e-06
FGD1,7.13596164256785e-06
GCLM,7.130346019716104e-06
HELZ2,7.124791967457452e-06
IGSF22,7.116259451503152e-06
CCNA2,7.104320076132728e-06
CFAP69,7.089586184064043e-06
ZKSCAN4,7.066558942607113e-06
MAOB,7.042384248752699e-06
MYO16,7.014167434558698e-06
AP001033.1,6.998072576831955e-06
SLC30A10,6.988989668562412e-06
EVPL,6.962355210604751e-06
FAM110C,6.953422898326661e-06
PAFAH1B2,6.952300327053603e-06
TUBB2B,6.948334564117199e-06
FBXL16,6.914432011085939e-06
NUDT7,6.903350701855904e-06
PITRM1-AS1,6.89800923168301e-06
LAPTM5,6.875474805538949e-06
RUNX3,6.85485000926006e-06
LDLRAD2,6.837724547711096e-06
IFT22,6.831749518699734e-06
AF274853.1,6.809936289958846e-06
C1QB,6.797861343979155e-06
ADAMTS9-AS2,6.779080762104498e-06
EIF2S1,6.7759044850496e-06
CMC4,6.7626762246302135e-06
PAICS,6.720741530370947e-06
MEF2C,6.712751734544196e-06
CASP3,6.6711584084534935e-06
EGR2,6.67006148553645e-06
SPTAN1,6.663172866259195e-06
TLCD3A,6.638705100843836e-06
IKBKG,6.62409050659863e-06
AOX1,6.618328377712546e-06
KDM7A-DT,6.617359687966462e-06
CHST12,6.608337616167492e-06
MEDAG,6.558560438633244e-06
CNKSR2,6.5513550242700646e-06
FOXN3-AS1,6.547618628552111e-06
COL6A1,6.547184194173151e-06
FCGR3A,6.537182598785483e-06
ALAD,6.517375298036863e-06
PRCC,6.503731737538823e-06
SERPINB8,6.482198958006553e-06
VSIG10L,6.468093880399735e-06
NAA50,6.453040904133893e-06
OLFM1,6.449653091285312e-06
C4BPB,6.44879200386172e-06
OAS3,6.44220799453841e-06
COL15A1,6.428673636927083e-06
CLDN20,6.422157240331108e-06
MTMR14,6.400213793245335e-06
KXD1,6.399705457332952e-06
DCTN1-AS1,6.384193628296225e-06
BOK,6.38065532428262e-06
POLR2D,6.375227059364743e-06
CELA2B,6.3705259236889e-06
ZPLD1,6.369746205056429e-06
B4GALT1-AS1,6.346236215273864e-06
FBXO3,6.328897156265195e-06
DHX33,6.302378856333504e-06
CTSK,6.277184776381459e-06
CAPN11,6.239469731562559e-06
SLC25A30-AS1,6.232200223162537e-06
MAP1A,6.2318179767683234e-06
PPP4R1-AS1,6.218490314428193e-06
TMEM80,6.2097618782756646e-06
TEX29,6.198770813242044e-06
CXCL12,6.167229307601626e-06
STEAP3-AS1,6.1561978468339815e-06
SERPINE2,6.131642504854587e-06
ARAF,6.123118092185507e-06
VSIG1,6.099049775233399e-06
NAT14,6.088267199213678e-06
MELTF,6.036516600502779e-06
CFP,6.014802864373148e-06
CIC,6.014366326906928e-06
ADPRHL1,6.005664230597067e-06
TMCO3,6.001660973283296e-06
ST20-AS1,6.00102057561622e-06
MAP3K2-DT,5.9959880640280975e-06
CD160,5.9598828022610365e-06
RWDD2B,5.959377522862563e-06
RPUSD1,5.95102441273474e-06
ELOVL5,5.947682510690852e-06
EFNB2,5.9086413143926245e-06
VPS37D,5.893845288972514e-06
IMPACT,5.892034088016984e-06
RCAN1,5.872933445009045e-06
GLOD4,5.867703320264102e-06
CAND2,5.867671955975456e-06
CCDC39,5.843707787847904e-06
HCAR1,5.825982539038151e-06
NRTN,5.813779334419349e-06
C16orf87,5.810190410857495e-06
PLEKHF2,5.773052643745498e-06
INO80C,5.747201659182711e-06
TENM3-AS1,5.74302662348187e-06
BAZ1B,5.724292729409953e-06
BAP1,5.707858019790536e-06
GOLGA7B,5.702949203214786e-06
TMOD1,5.700661266640625e-06
SCAT2,5.682528169781915e-06
CRTAM,5.673573409316021e-06
HHIP,5.673228438458306e-06
TCIRG1,5.636335949933632e-06
LY96,5.629924962106314e-06
VAPA,5.621701008639875e-06
CCL4,5.61947022887809e-06
GNAI1,5.618059381754626e-06
KCNMB4,5.590225527645262e-06
SCEL,5.577825337174686e-06
DVL3,5.5607686916165885e-06
C9,5.555713617627661e-06
WBP1,5.545202465437942e-06
TMPRSS13,5.5117509096258295e-06
ZNF596,5.486900058284804e-06
MASP1,5.4828259165818666e-06
NRSN2,5.455430747694782e-06
RPF1,5.432731792716383e-06
TMC2,5.431148484516504e-06
PRRX2,5.400084051894445e-06
CPSF2,5.359166008157834e-06
PGLYRP2,5.347148119334157e-06
CELF5,5.337502154051739e-06
ASIC2,5.326775220282183e-06
GRK2,5.320424226896745e-06
ELAVL2,5.316575884432468e-06
PUSL1,5.264260819821434e-06
DCUN1D3,5.2634859516726365e-06
IGFBP5,5.237597237501077e-06
STX11,5.226867823614437e-06
ZSCAN29,5.204468823660828e-06
RBMS3-AS3,5.197163742764091e-06
ACSS1,5.186733588555283e-06
TINCR,5.172848000063951e-06
RHOJ,5.164843291857827e-06
PSMD6-AS1,5.130641202839354e-06
EPHA4,5.1100256185180044e-06
FAM189A2,5.085269402259751e-06
TIGD5,5.070608251000905e-06
DACT3,5.048377965247668e-06
IDO1,5.0456818165762746e-06
KCNG2,5.040846611115659e-06
RGS22,5.030025909727969e-06
ZNF436-AS1,5.020701945494837e-06
TMEM242,4.925151072167276e-06
TMEM198,4.921465002106035e-06
FZD3,4.890738281409447e-06
DISP2,4.866103961293709e-06
HDHD5,4.864739600138409e-06
MRVI1-AS1,4.833409164919497e-06
AP003486.1,4.825366358647883e-06
GABRB1,4.82390540400418e-06
SALL1,4.820212238947301e-06
SALL2,4.779737785513863e-06
ZBTB10,4.763896518592284e-06
PRR15L,4.742818158425864e-06
CNEP1R1,4.741090918485964e-06
ZNFX1,4.740081660946464e-06
CNTN4,4.716044710412656e-06
PYGO2,4.712398429903321e-06
SLC38A7,4.709814120187414e-06
NIBAN2,4.683046091938589e-06
KLHL35,4.679990339381364e-06
TPPP,4.679156629724433e-06
CDS2,4.672244162386137e-06
KIAA1586,4.632492644608874e-06
C1GALT1,4.609676756385818e-06
NEURL1,4.603651154203943e-06
ZNF436,4.596114849949513e-06
MOGS,4.596092930509927e-06
PRKAR2B,4.58906060972505e-06
ARG1,4.566017381693029e-06
MAD2L1,4.555094911302553e-06
TRGC2,4.5434362515782794e-06
TCERG1L,4.529787866206986e-06
MOB4,4.528160281140729e-06
BPNT1,4.525679400953336e-06
CD6,4.522198003918751e-06
OCIAD1-AS1,4.514462483881877e-06
ITGA3,4.483123980977492e-06
TMEM11,4.436307208209864e-06
PEX10,4.42656591249829e-06
NPAS1,4.411277885517826e-06
SRA1,4.409404305092724e-06
ZNF576,4.404825054940099e-06
PLEK2,4.377419325536476e-06
PLSCR3,4.371898322140668e-06
ZNF853,4.354321798738512e-06
C1QA,4.347534718219668e-06
FCER1G,4.326793614186448e-06
KCNIP3,4.313572689178663e-06
MUSTN1,4.312978193036975e-06
DPY19L2,4.288032782509843e-06
SLC6A9,4.267233045880744e-06
PRSS23,4.265116455554747e-06
TSC22D4,4.253075940030817e-06
RTP4,4.236724216326689e-06
HIST1H3J,4.230259550023054e-06
CD274,4.18825102479471e-06
PSMD13,4.172470775319913e-06
CDA,4.127603128292747e-06
CPE,4.108529326861299e-06
GAPDHS,4.093484002667705e-06
ZNF667-AS1,4.081121897682509e-06
FAM153CP,3.995500865923416e-06
CCDC38,3.990078337613905e-06
HDDC2,3.985475408721585e-06
ZNF99,3.941734381676907e-06
P2RY1,3.921388806641688e-06
OAS2,3.898040954576784e-06
PCGF2,3.870443996839959e-06
HIST1H4H,3.86854352512793e-06
PRPF40A,3.8665844737952295e-06
GCAT,3.853441557992176e-06
DSCAS,3.830904531954271e-06
COX18,3.823897956556693e-06
MXI1,3.812492431444323e-06
VPS18,3.8060951183737e-06
FBXO48,3.788497619592686e-06
SPAG7,3.767861602507448e-06
BMP6,3.7609410311300383e-06
ADGRA2,3.7532765774650408e-06
ATF3,3.728104782119812e-06
AJ009632.2,3.724116534081908e-06
CPED1,3.703402093870251e-06
C19orf18,3.700235889712076e-06
AGBL3,3.6842783307534574e-06
STAB1,3.679483270615408e-06
STARD13-AS,3.6667278130295695e-06
CCDC163,3.6500353651296656e-06
IQCD,3.643671318551673e-06
LPAR3,3.6115301059205337e-06
DBNL,3.6028219631678927e-06
NDRG2,3.5922790713598428e-06
IDH2-DT,3.589273677231896e-06
ALDH1A3,3.56568079200112e-06
CSF3R,3.565443851716471e-06
BAHD1,3.5619552430489724e-06
TRIM71,3.5592354087077564e-06
PNMA1,3.5226732649962558e-06
RAB9A,3.4989465514990507e-06
JCHAIN,3.483931602166825e-06
KIN,3.480297689309444e-06
PLD6,3.442526905198486e-06
C2orf81,3.3773417678319518e-06
INMT,3.3769777431596897e-06
PBX2,3.3710996376883744e-06
KDM5C,3.363108213693411e-06
CCDC181,3.3435918823083014e-06
SBSPON,3.317964838624848e-06
PLEKHO2,3.295679320806701e-06
ZNF578,3.258477593833206e-06
THOP1,3.256733512790681e-06
FAM171A2,3.222197730317036e-06
KLF2,3.2094354345951013e-06
CCDC89,3.2085249924844333e-06
RMDN3,3.201611494895077e-06
SPATA25,3.200964213728418e-06
AP003066.1,3.194537872582481e-06
PIH1D1,3.162693416244036e-06
CYB561A3,3.157045193317355e-06
ETHE1,3.1558732415603262e-06
ABHD12B,3.15256674320116e-06
EFNA3,3.1434693777423357e-06
NAV2-AS2,3.137717586618915e-06
SLC9C2,3.0828675516235614e-06
DEDD,3.0816605362262608e-06
NDUFS4,3.077366895688697e-06
LINGO1,3.0617808934376955e-06
AIM2,3.0478864503178964e-06
KCNU1,3.044385296221524e-06
LPGAT1,3.024390602641201e-06
TIMM22,3.0190491095913924e-06
BISPR,3.016306474108692e-06
ATN1,3.009609296666699e-06
DPYS,3.008789749871894e-06
DNTTIP1,3.003602170034087e-06
ATXN1L,2.988107826296609e-06
MAGIX,2.9825443501185685e-06
CECR2,2.9805539794545754e-06
BOD1,2.970019024139224e-06
RENBP,2.9695991241479404e-06
NPTXR,2.9684637062767785e-06
SOX2,2.96620548997198e-06
LRRC8B,2.963604833679324e-06
ACBD7,2.9609666070064715e-06
MIR17HG,2.957207768050715e-06
HYKK,2.948436524840695e-06
CYP39A1,2.9456735965332423e-06
PDE6B,2.9331388640148115e-06
Z99758.1,2.903663095905515e-06
CPNE2,2.836717718207032e-06
TLR1,2.8150000355920552e-06
MAN1B1-DT,2.7945922102535337e-06
HMGCL,2.794224589689879e-06
RAG1,2.7934446876260965e-06
REEP3,2.784596718346768e-06
AP5S1,2.7750913213884257e-06
SBF1,2.770412010813209e-06
ZNF503-AS2,2.748658151159048e-06
RBPMS2,2.7327969106861872e-06
DRC7,2.728225268849705e-06
HAND2-AS1,2.7263184917244384e-06
GABRA2,2.7084150456636093e-06
MBOAT4,2.6991905248697007e-06
TRMT5,2.685194245192832e-06
TCP10L,2.676191211677171e-06
PKP1,2.625086531400646e-06
TSPOAP1,2.605369037621993e-06
VEZF1,2.598858529671324e-06
TMPRSS6,2.5853663661105742e-06
UGT1A1,2.5805569370208157e-06
ZAN,2.5791031726255792e-06
CASP1,2.5563521615728486e-06
RHOD,2.540676358856685e-06
RBM22,2.536882933184e-06
NOS2,2.5347875032139825e-06
PGBD5,2.5317205442581306e-06
DCAF4L1,2.5059012408109843e-06
UCK1,2.496393580312991e-06
SLC46A3,2.4936097102351584e-06
HDAC5,2.4678509395198844e-06
NPIPA7,2.466463412260543e-06
CEBPA-DT,2.4001688426687e-06
SDR42E1,2.3921888289135516e-06
LITAF,2.3846218298879924e-06
ANAPC2,2.3546136319210923e-06
CD163L1,2.340465862665528e-06
EDN1,2.3262141224153384e-06
CPSF1,2.321190033000517e-06
ADAMTS20,2.316390411298404e-06
COX7A1,2.3121017767282835e-06
ESS2,2.2842222185582595e-06
MIS18A-AS1,2.203463781384474e-06
CACNA1H,2.195617950553282e-06
SMO,2.15739306251023e-06
APOBEC1,2.1571241051515915e-06
KLF5,2.15443030868609e-06
MDGA2,2.1539757408386445e-06
ITCH-AS1,2.112780819190592e-06
AP000662.1,2.0825634412396e-06
COIL,2.077771584665674e-06
GTPBP1,2.0721220674415237e-06
FASTKD3,2.06306787804155e-06
PLEKHF1,2.0561287940228544e-06
SASH3,2.034796194059688e-06
GFRA1,2.029057784635249e-06
LRRC63,2.02866974339958e-06
JMJD6,1.9980648368826e-06
PANX1,1.9814806071464004e-06
ZNF416,1.943073886029665e-06
TMEM199,1.9176035982130176e-06
CLTRN,1.891656853592284e-06
NSMCE1,1.8858667493381089e-06
TCEAL1,1.882057730217823e-06
USP9Y,1.880357555796236e-06
BRD4,1.8739926001388952e-06
ABHD12,1.8703344070829735e-06
AANAT,1.847338688637756e-06
TNFRSF14,1.847188135167976e-06
SYT8,1.832472341023136e-06
CXorf40A,1.8320679539234767e-06
AF064858.1,1.795453590819968e-06
CDC23,1.7924502735407854e-06
RNF125,1.758773251188179e-06
DNAJC25,1.709003307602274e-06
AVPI1,1.705775705602092e-06
CIPC,1.699324905081576e-06
ST8SIA4,1.6887957358846365e-06
GIMAP7,1.665441358848727e-06
LILRA6,1.6621730875603168e-06
ZNF329,1.659510278100369e-06
AP000812.1,1.618081150975671e-06
LPO,1.616061703637871e-06
NUTM2G,1.6014255885871432e-06
SLC35A1,1.5794429082251173e-06
NOC2L,1.5748951260249274e-06
ECHDC3,1.572225012896407e-06
ATIC,1.525296094996386e-06
Z82217.1,1.5217251418397038e-06
GPC3,1.5158511879830872e-06
C6orf226,1.4993282294240052e-06
PRKD1,1.4919864920886242e-06
ZBTB21,1.4885536169289905e-06
ZNF106,1.4654189007182203e-06
PITPNA-AS1,1.4628045296960131e-06
PADI2,1.447924754250451e-06
LZTS1,1.439111853168616e-06
DNAJC15,1.4157454950262343e-06
SHC4,1.411508895466817e-06
XPNPEP2,1.4032137222696095e-06
ZNF579,1.401920183698787e-06
PTPRU,1.3921571725109663e-06
ASMTL,1.3916575653245456e-06
SOCS2-AS1,1.3728708043430983e-06
TIPARP,1.3622563162932072e-06
FAHD2A,1.3531873336698058e-06
IL6R,1.3432680515845313e-06
RABGGTB,1.3431148822505942e-06
AF111167.1,1.327425611562989e-06
PDC,1.3108285335191896e-06
DNAJB5,1.3106183685695485e-06
SLAMF8,1.2917867260414432e-06
AP003467.1,1.2360454797579969e-06
TPM1-AS,1.2190411104948794e-06
SLC1A3,1.2069846454637613e-06
CDH8,1.192091239193895e-06
ITPK1-AS1,1.161603053488962e-06
GLRA2,1.154573468099139e-06
PON1,1.1527529738336644e-06
C15orf62,1.1472635888071515e-06
MFAP3L,1.1006132767592604e-06
BATF2,1.0711756222869907e-06
PRDM16-DT,1.0632465004047064e-06
TMEM81,1.0326336363816202e-06
NCAM1,1.0303831469925036e-06
ZNRF3-AS1,1.0214487206534586e-06
NALCN-AS1,1.0132460754250213e-06
SCUBE3,1.009846869632936e-06
GABRG3-AS1,1.008133665507494e-06
CD3E,1.0048336508896395e-06
RUNX1T1,9.88800552762664e-07
PDE2A,9.880778986559216e-07
SMOC1,9.701484618706476e-07
NMUR1,9.547300751030863e-07
ZNF135,9.259233795717746e-07
SCN7A,9.126740098658728e-07
GOLGA8M,8.69640030574072e-07
EIF4EBP2,8.61899495217215e-07
MAPK11,8.596031545046148e-07
MIER3,8.481002726735137e-07
CCDC3,8.319449397948457e-07
AP000919.4,8.315668898288237e-07
KIRREL3,8.116451776350526e-07
ZBTB45,7.936628257786908e-07
FAM214B,7.731013241058997e-07
CNTNAP3B,7.56300488710562e-07
ZNF582-AS1,7.476488651783269e-07
GALNT17,7.350927760830918e-07
ST3GAL6-AS1,7.269098652978858e-07
DAB2,7.266313445666123e-07
ZNF572,7.011489050303594e-07
SILC1,6.998713050789539e-07
SLFN5,6.989288279635589e-07
ANKRA2,6.977906644316034e-07
TBPL2,6.976430941980686e-07
IQUB,6.907159991033542e-07
NME6,6.491817147543892e-07
NT5C,6.27339439274921e-07
ADGRL1,6.072782838460972e-07
SLC52A3,5.96892692180801e-07
ZNF626,5.964498030208483e-07
TBC1D10C,5.891940243842448e-07
SLC25A34-AS1,5.821590260790133e-07
TMEM74,5.433355615864799e-07
SELENBP1,5.090852537594592e-07
ETV4,5.057472530159813e-07
TBC1D7,4.756608141225057e-07
CYP7B1,4.623217247972595e-07
CR381653.1,4.573288015841154e-07
GASK1A,4.426660145162689e-07
FBXW5,4.363897424806099e-07
CDSN,4.012082691049947e-07
ESRRA,3.995168205712218e-07
TDRD12,3.8355506485494113e-07
SIGLEC1,3.661676401274873e-07
DUSP27,3.657343809829055e-07
AMPH,3.5034259274203906e-07
HLA-DOA,3.3223820627074293e-07
ZKSCAN2,2.650010441832037e-07
FO393415.3,2.3890248867936466e-07
CAVIN4,2.028108835332515e-07
NR2C2AP,1.990802428269058e-07
SLC44A1,1.760725368339135e-07
CCR1,1.5143786087927065e-07
CPN1,1.3723980114642158e-07
B4GALT7,1.337048530086815e-07
SLC18B1,1.164814053331972e-07
AP002383.2,9.555700753347012e-08
TMEM169,6.948381462891336e-08
SNIP1,6.695769478892819e-08
USP7,5.002969997354626e-08
RBBP4,4.5920295926607764e-08
PRMT5-AS1,3.335163426989854e-08
VAT1L,2.9699412955952377e-08
MLLT11,1.656869965781345e-08
ZNF136,6.3287193693003735e-09
EIF2D,6.040319208287796e-09
ANXA13,5.654373357518401e-09
FEM1C,4.874912584897632e-10
CERCAM,-1.5943511779549938e-08
MOCS3,-2.6015123991871516e-08
BMS1,-4.1252971272493576e-08
CDC40,-4.169998258608592e-08
CNTD1,-4.6099423123009295e-08
INSL6,-4.754317469065318e-08
LSP1,-5.6937640157324195e-08
STRA6,-7.285135363865926e-08
TMEM114,-8.274993922774361e-08
LYL1,-1.045883536265325e-07
RAB2A,-1.1426244129470365e-07
TBC1D8-AS1,-1.2410634543741654e-07
CHADL,-1.4706528413830536e-07
B3GALT4,-1.7873426908696253e-07
SYT15,-1.894911211828424e-07
ZNF263,-2.06261867889653e-07
AP000640.1,-2.1027418441759293e-07
PCDHB2,-2.421754125338649e-07
RIBC1,-2.4279560389775255e-07
AMIGO2,-2.5511136697985496e-07
GOT2,-2.6183809969347774e-07
DCST2,-3.017816922182659e-07
SNX33,-3.142212776504327e-07
USP30-AS1,-3.486913066515068e-07
LRAT,-3.60609554798707e-07
LZIC,-3.772256805806652e-07
POLDIP3,-3.888617694644834e-07
MAFB,-3.956037140559912e-07
OLR1,-3.986268790548725e-07
ENTPD3,-4.092774798841522e-07
GABRG2,-4.237477578491783e-07
CNTN1,-4.421773152236143e-07
CPM,-4.6816635140209e-07
JPH3,-4.719239094630145e-07
C8orf86,-4.734751674733406e-07
MON1B,-4.793898161789653e-07
CD33,-4.856576431598333e-07
SGK1,-5.039398858733639e-07
MIF4GD,-5.375534832738547e-07
HHLA1,-5.568944397293937e-07
MED31,-5.728171558950325e-07
PINLYP,-5.977538038117479e-07
GTF2A1,-6.014065724572889e-07
ABCD2,-6.016463418438394e-07
PLIN4,-6.046756592032527e-07
RNPS1,-6.167813171733191e-07
RAC2,-6.223384657086668e-07
CCDC159,-6.399612294258454e-07
CSE1L-AS1,-6.701604591474578e-07
HYI-AS1,-6.725579464483578e-07
AR,-6.963717682081248e-07
C12orf43,-7.163485825683524e-07
ZNF101,-7.359714846190601e-07
WWC3,-7.383825751990887e-07
SOX17,-7.572315576727472e-07
DSCAM,-7.662288890233616e-07
ISLR2,-8.018774218995052e-07
CHRNA3,-8.040886101542557e-07
CDO1,-8.047561068769333e-07
AP001341.1,-8.104003384370301e-07
RABIF,-8.295186086596125e-07
CDH17,-8.439848521826859e-07
C5orf38,-8.686405181656994e-07
LIX1L,-8.753192672765808e-07
KLHL4,-9.134484533748088e-07
ACSL1,-9.296668162571284e-07
FAM167A,-9.33538803851068e-07
WFDC3,-9.44657564121054e-07
NFIC,-9.461028067066564e-07
AFAP1-AS1,-9.494189062060232e-07
MUCL1,-9.5899612932404e-07
DPF1,-9.803794245984314e-07
PCDHGA6,-9.91851423729673e-07
NR1I3,-1.0009203274530025e-06
BFAR,-1.033102847929778e-06
CARMIL3,-1.0679887250638024e-06
IMPG2,-1.0968488287662545e-06
RFLNB,-1.098423997393269e-06
C6orf99,-1.130414676037618e-06
FBXO6,-1.142008616729777e-06
SUSD5,-1.143105307868626e-06
KCNS3,-1.1454550237148715e-06
HLF,-1.1922132498275108e-06
GPR22,-1.2155625719344668e-06
ZIK1,-1.2156441672757635e-06
INHBA-AS1,-1.2170271654569367e-06
RRP1B,-1.2285426448606993e-06
RBM46,-1.2658855987954976e-06
PEX11G,-1.3292942375531916e-06
SLITRK4,-1.3405722292773595e-06
PTCH1,-1.362434408133254e-06
ADGRE5,-1.3724360465537934e-06
PRPF38A,-1.3837328364065738e-06
TEN1,-1.3853005501377913e-06
FAM120A,-1.4000801573261596e-06
PEX5,-1.4053037207793388e-06
PTGFR,-1.4099113983744537e-06
ESF1,-1.418570890136251e-06
CAPZA2,-1.4193909727783743e-06
FKRP,-1.4364975761521545e-06
ABCF2,-1.445635499822814e-06
IL17D,-1.4646475849229518e-06
MAP7D3,-1.4835357322774426e-06
SLC1A6,-1.4937900724435623e-06
MGAT3,-1.5329905911701484e-06
CLIP1-AS1,-1.5883064714131462e-06
AKR1D1,-1.635070357657127e-06
ZNF205,-1.640885094883545e-06
STON1-GTF2A1L,-1.6482051300972677e-06
MTIF2,-1.648277424914021e-06
C17orf100,-1.652762132878889e-06
HNRNPH3,-1.663425841952966e-06
SLC39A13,-1.6758907024046334e-06
JAML,-1.6955376641905082e-06
ATP8B2,-1.7149744593132011e-06
GCLC,-1.7180957116124587e-06
LIG3,-1.7350468550503245e-06
GOLGA8O,-1.7418884322742453e-06
VENTX,-1.7541419615908173e-06
FAHD2B,-1.7587523826817464e-06
LGALS8-AS1,-1.7624706457824829e-06
DSCR9,-1.77306283377819e-06
BTBD6,-1.8024273988631704e-06
RSPH4A,-1.802477985511587e-06
CASQ2,-1.810621950761078e-06
CHERP,-1.8510708448469271e-06
NAT9,-1.8610535511449693e-06
SHKBP1,-1.8638411562893416e-06
DLG4,-1.8843994288822297e-06
ZKSCAN8,-1.915943382383788e-06
RIOK1,-1.931065777475842e-06
ASTN2,-1.951137135595602e-06
PCBP2,-1.9540751992586004e-06
RIMKLB,-1.9742071708967183e-06
NOTCH2NLA,-1.974978911697244e-06
SCRG1,-1.978903998425051e-06
RAB3IL1,-1.988969685262664e-06
TBKBP1,-1.9929441060761937e-06
EMC8,-1.9969619233596592e-06
MAK16,-2.035483328227986e-06
ANKRD42,-2.0603024785345954e-06
MET,-2.117130303351341e-06
TAS2R19,-2.122880774921321e-06
HSF2BP,-2.123086187465282e-06
ETNK2,-2.1302850844459157e-06
EGLN3,-2.131630409304813e-06
WDFY3-AS2,-2.1365091261357706e-06
AKAP3,-2.139717960158779e-06
NOA1,-2.1496723456976416e-06
ARL3,-2.172954600255945e-06
TVP23A,-2.176959139560022e-06
NUP62,-2.227279189568976e-06
PCDHB10,-2.240781993705066e-06
TRPM8,-2.2653931401694765e-06
SMIM27,-2.286910637208404e-06
MTUS2,-2.2902111535044803e-06
NECAB2,-2.3109771596196663e-06
EGFLAM,-2.313556744989587e-06
FAM20A,-2.3168810079379654e-06
CACNA2D3-AS1,-2.320811500491933e-06
INPP5J,-2.323209149286079e-06
SVOP,-2.328284321094061e-06
SMIM11B,-2.34188787025278e-06
KBTBD11-OT1,-2.3604952540047138e-06
GLYAT,-2.364005481515624e-06
PLXND1,-2.4058903613671653e-06
GREM2,-2.409158690002522e-06
MPP2,-2.4102602229089133e-06
C20orf204,-2.413789815253294e-06
PTCHD1-AS,-2.415364289124807e-06
IRF5,-2.4405459791360595e-06
L1CAM,-2.4472254680214944e-06
CNRIP1,-2.450478851649982e-06
FCRL5,-2.470932712533484e-06
SLC35F1,-2.47859106409647e-06
ZNF775,-2.48926621552567e-06
MVP,-2.5082991624970943e-06
P3H4,-2.5088392536417253e-06
BORCS8,-2.5270751952442884e-06
STXBP1,-2.5337034867930813e-06
NPC1L1,-2.542245065832553e-06
FN1,-2.542631804636548e-06
PRNCR1,-2.54731437652679e-06
COL8A2,-2.550568783582249e-06
ZNF780A,-2.5554751020911886e-06
SCGB1B2P,-2.569023135307909e-06
OSCAR,-2.5750205484942568e-06
PCOLCE,-2.58857845345885e-06
SLC26A6,-2.5971003851937724e-06
CYSRT1,-2.5972880476188783e-06
SLC27A6,-2.6281081784186326e-06
PDZD4,-2.639155169367658e-06
MYBL2,-2.643611249415125e-06
C17orf64,-2.649504426730741e-06
TDRD10,-2.653539048981986e-06
PDGFA,-2.664840216828412e-06
RSF1-IT1,-2.6919084263851826e-06
GFM1,-2.6981437013720034e-06
ZNF736,-2.702675336893752e-06
DEPDC7,-2.7153830077391804e-06
IL12RB2,-2.722349041889268e-06
ATG13,-2.7299481962552066e-06
OBI1,-2.769201530588066e-06
RCE1,-2.783177253465665e-06
ZFP41,-2.78421223757256e-06
RIOK2,-2.789179991032833e-06
CHMP6,-2.813549021440834e-06
ZNF146,-2.8553108586071653e-06
TMEM74B,-2.871774267417315e-06
ADH4,-2.890647092729112e-06
CACTIN,-2.906263668887917e-06
MEIKIN,-2.9113563128103307e-06
TULP2,-2.9176125180056625e-06
SUCNR1,-2.9213246706368995e-06
PRSS36,-2.9364423672744302e-06
CNDP1,-2.9390620511385734e-06
ZNF28,-2.953363940149915e-06
KLF10,-2.958090752662435e-06
NLRP7,-2.970874723570077e-06
CD48,-2.972094381981923e-06
MNDA,-2.9729237646945494e-06
P3H1,-2.9746736975182764e-06
SDR42E2,-2.977819276677459e-06
ACTN1-AS1,-2.986789566778168e-06
FAM167A-AS1,-2.989602386491211e-06
LIPT2,-2.992176269081937e-06
ELFN1,-2.996570427355891e-06
APOL4,-2.9967546364922964e-06
ZMAT1,-3.005126330642249e-06
SMAD1-AS2,-3.0086078010220293e-06
FCRL2,-3.0123073393155744e-06
SETD9,-3.028738849658297e-06
ODF3B,-3.062397029425385e-06
SP1,-3.1046809259501358e-06
SLC25A44,-3.112048021570618e-06
FP565260.6,-3.1311999943127186e-06
PTPRH,-3.148227564112436e-06
HIF1AN,-3.149412308579954e-06
BX842242.1,-3.153900876022568e-06
PCDHGA10,-3.159621234594037e-06
HTRA4,-3.2048419660204908e-06
E2F3-IT1,-3.232652508561748e-06
TRIM7,-3.2410943148707767e-06
SMTNL2,-3.2414406329343222e-06
PRSS16,-3.2464971086142317e-06
ZMYND10,-3.2475543744509704e-06
MAL,-3.2489276868494192e-06
ACRBP,-3.286697222421505e-06
GRIA2,-3.320447118598435e-06
KNSTRN,-3.321106616700809e-06
GLT1D1,-3.323970566628245e-06
CTRL,-3.3305473454276325e-06
HIST1H2AE,-3.3837358366945923e-06
LRRC4,-3.3978434554871817e-06
EFHD1,-3.4093657569858564e-06
CHTF8,-3.418801430146242e-06
ZNF681,-3.4327192352197222e-06
CHD3,-3.440604456401662e-06
FBXL22,-3.452355900245835e-06
SMARCA1,-3.467948724447039e-06
GLRA1,-3.486298215998473e-06
TMEM252-DT,-3.487770570453258e-06
TFG,-3.4930080480831844e-06
WNK4,-3.4981621505252133e-06
MPP1,-3.5182623323289478e-06
IFT172,-3.526135284551277e-06
MRPS35,-3.5265483386639318e-06
TICAM1,-3.532413990841255e-06
RGS19,-3.543377633600207e-06
PTPRF,-3.5590891864228006e-06
PNMA8B,-3.5757315597528384e-06
RNF144B,-3.5777544443933e-06
HEG1,-3.589051688059248e-06
PIK3R5,-3.5938003458385597e-06
ARHGEF5,-3.5983331003663584e-06
COPS5,-3.606564114063554e-06
SEPTIN3,-3.609684490511883e-06
GNG4,-3.613355536399264e-06
CYB5R2,-3.615609003321886e-06
CELF2-DT,-3.6300308747297248e-06
TESC-AS1,-3.653805652291399e-06
FHL1,-3.662766635491789e-06
TIMMDC1,-3.6716037979390654e-06
FCMR,-3.673645773872829e-06
YPEL4,-3.699177351084985e-06
PRR22,-3.7055284961364616e-06
RALY-AS1,-3.706610551459105e-06
TLCD3B,-3.7098652335965855e-06
CSMD1,-3.7204659367828095e-06
PKD2L1,-3.72141124374853e-06
SMIM41,-3.745779137476824e-06
C2orf74,-3.7516676713059146e-06
TDRD6,-3.754246105583597e-06
UBE2QL1,-3.781023560883367e-06
TUFT1,-3.787945608160329e-06
PRKAR2A-AS1,-3.871093983623407e-06
SIGLEC11,-3.871949917638545e-06
DCAF8L2,-3.8899814417453694e-06
TFAP4,-3.901498306083771e-06
TTC34,-3.908965711843501e-06
ABCG2,-3.92685338769034e-06
EID2B,-3.935028511520185e-06
NPPA,-3.939625204586935e-06
CDC20,-3.955298710459963e-06
PGM1,-3.956681843612193e-06
C14orf28,-3.9836507727243565e-06
GHRL,-4.061138968571056e-06
FCGR1A,-4.085852929280275e-06
RIMS2,-4.116280004374404e-06
MIR4300HG,-4.1212240187766345e-06
IZUMO4,-4.137557156732928e-06
CHRDL1,-4.140014333454533e-06
MSH6,-4.140396884340389e-06
CDK9,-4.156515714544914e-06
HIST1H2AG,-4.159950296364977e-06
NPFFR1,-4.184049759205061e-06
RRP7A,-4.189474561747549e-06
EPHX2,-4.19985584253801e-06
RUFY4,-4.223220486634038e-06
FNDC5,-4.225878763272824e-06
SPRYD7,-4.226504765731513e-06
POLR2A,-4.230014049144442e-06
POGLUT3,-4.233223821990608e-06
SSC5D,-4.259875419816547e-06
ANKS4B,-4.261681393300297e-06
TGM3,-4.289765809546518e-06
CBX8,-4.316392193414231e-06
PTGER1,-4.351304763543882e-06
CLIC5,-4.370909063237864e-06
PHETA2,-4.382254552568167e-06
CDIP1,-4.387562844365611e-06
TEX26-AS1,-4.407982941908072e-06
CETN3,-4.422161921924623e-06
LLGL1,-4.425542010391161e-06
ZNF555,-4.432200656490628e-06
AP000688.1,-4.435434792098942e-06
AREL1,-4.439638244322932e-06
SLC22A4,-4.447396193799834e-06
BCL7A,-4.455974802099281e-06
KMT5A,-4.4589820690826425e-06
RANBP2,-4.460416942226519e-06
ASCL2,-4.471178023461946e-06
PSG8,-4.476973764712137e-06
PDK2,-4.481082684668807e-06
Z95118.2,-4.489099452180317e-06
ZNF174,-4.501096613777779e-06
OXSM,-4.516872983630263e-06
ZBTB16,-4.520305832405419e-06
RNF40,-4.522627553676903e-06
ELL3,-4.603670406555926e-06
ZNF215,-4.609484414727397e-06
CAMK1G,-4.619357783067732e-06
BMF,-4.622828546562228e-06
SLC27A3,-4.639673701541269e-06
PARS2,-4.654999723465981e-06
PARP3,-4.691651830981835e-06
TDP2,-4.715343545540323e-06
SMG7-AS1,-4.716351003919526e-06
ITGA7,-4.73537016551521e-06
AP5B1,-4.741570388890536e-06
HOXA5,-4.770694270769899e-06
PSMG3-AS1,-4.772239524932372e-06
VTI1B,-4.779003189522011e-06
AF038458.3,-4.786944024289588e-06
ALOXE3,-4.810454383304924e-06
PPOX,-4.834589062580435e-06
EXOC3L2,-4.8784326121501305e-06
PRRC2C,-4.879595879163061e-06
AP000842.2,-4.9078199397049926e-06
P2RY10,-4.918323145594805e-06
FERMT2,-4.934542612239774e-06
KCNK17,-4.941466750606005e-06
C13orf46,-4.946029662543023e-06
EPB41L3,-4.958367671179603e-06
GLP2R,-4.958528282905893e-06
DGCR6,-4.958534291814987e-06
PRG2,-4.958671539766842e-06
NLE1,-4.966724804216095e-06
IRS1,-4.998068404581628e-06
FZR1,-5.02464807654685e-06
LY86,-5.028612580700364e-06
MYPN,-5.043099546926285e-06
CAST,-5.050365602204026e-06
TFB2M,-5.068232215889746e-06
DDX56,-5.085829133849768e-06
PSPN,-5.096236995637188e-06
FRMPD1,-5.10222764234955e-06
FILIP1,-5.131128244811228e-06
THUMPD3,-5.135486299641021e-06
HIC1,-5.1502717056763725e-06
C9orf40,-5.162991412759719e-06
KCNMB1,-5.20407796843558e-06
TYW3,-5.220769938254312e-06
DCLK1,-5.222645243179994e-06
RGPD3,-5.225525644273047e-06
LUM,-5.233343819184202e-06
PBOV1,-5.243779253932341e-06
C11orf21,-5.250897970205095e-06
CHML,-5.254856833035858e-06
PWRN4,-5.2615296730296605e-06
CTNNBL1,-5.295228551980056e-06
AIFM2,-5.312916749912538e-06
SH3PXD2A-AS1,-5.314177190027746e-06
CHST8,-5.317651053786775e-06
CRTC2,-5.325786175027666e-06
PAIP2,-5.333674946834853e-06
PHF1,-5.342241377167378e-06
CISH,-5.355262472671587e-06
TBXA2R,-5.359891436506942e-06
TMEM240,-5.377294007434779e-06
WWC2-AS2,-5.400522828832743e-06
FAM91A1,-5.404437297398411e-06
ACY1,-5.404681030223319e-06
MMAA,-5.4174471834778364e-06
CRB1,-5.42078064324395e-06
ZPBP,-5.4333323002698655e-06
GABRR1,-5.4880443350608206e-06
RELL2,-5.488196516089074e-06
DHRS4L2,-5.505707514137498e-06
PHYHD1,-5.528427991513588e-06
IL23R,-5.566099843623351e-06
Z97989.1,-5.567731386713367e-06
ETV2,-5.570787505388383e-06
WAS,-5.578191782323468e-06
DDIT4-AS1,-5.61696548278747e-06
PGAP2,-5.62740905216628e-06
TMEM104,-5.634124522693135e-06
TRAPPC6A,-5.666935816373841e-06
ANKRD24,-5.66879322307828e-06
APPL1,-5.687981335445093e-06
PSMD9,-5.695400619427809e-06
TRIM69,-5.774809239224619e-06
ADORA2A,-5.791593565428982e-06
NODAL,-5.8210223717215465e-06
TGFA,-5.861809335013175e-06
SLC35C2,-5.870109654147907e-06
CCDC33,-5.889932649169468e-06
FYB2,-5.898949791574079e-06
NELFCD,-5.934867423094886e-06
LNPEP,-5.948306735260489e-06
NUAK2,-5.977884160815336e-06
MYT1,-5.9802697349873785e-06
ASIC3,-5.982634180572137e-06
C1orf162,-5.982678595515923e-06
GAU1,-5.989665901680188e-06
FECH,-5.997292386337872e-06
CXorf21,-6.013198413071408e-06
WNT5A,-6.014640628395535e-06
ZCCHC17,-6.04842191108503e-06
KCTD19,-6.060126378473264e-06
ITGAX,-6.097112265803214e-06
CNTNAP5,-6.105508990003689e-06
TMEM63B,-6.111979094396238e-06
NAAA,-6.17263292404855e-06
ST8SIA6,-6.174815391178855e-06
GADD45G,-6.182703675878074e-06
PRRT3-AS1,-6.200365177207456e-06
IL31RA,-6.206137292786711e-06
CDC42EP3,-6.2061396383177066e-06
OSTM1-AS1,-6.221124277133164e-06
FAM245A,-6.244956229027649e-06
TNIP3,-6.257873923275558e-06
TXNDC16,-6.265886832850243e-06
ATP6V0A4,-6.297134092300471e-06
RNF10,-6.300842228383648e-06
CD200R1,-6.301654457663421e-06
ZNF883,-6.312735948597332e-06
SLC6A12,-6.315882784554527e-06
FXYD6,-6.3270701645720205e-06
MDC1,-6.3326804320077975e-06
CA10,-6.341706103622424e-06
CLEC10A,-6.347713639563731e-06
PGR,-6.37508081764985e-06
CCDC183,-6.377045007680301e-06
TAS2R31,-6.390792120071794e-06
UNC13C,-6.39655605365116e-06
TRIM6,-6.408326008482315e-06
HSD3B7,-6.413490352475796e-06
WDR17,-6.427632400523629e-06
CRLF2,-6.430827941387685e-06
PRF1,-6.438626016217455e-06
NECAB3,-6.460664823728656e-06
CLEC4C,-6.485880795410447e-06
THAP9,-6.488313756625666e-06
NRGN,-6.518946379358905e-06
DGCR2,-6.534226473254748e-06
IDUA,-6.548705834780699e-06
HSDL1,-6.555340390387919e-06
TOMM40L,-6.580246728066931e-06
CIAO2A,-6.595234778520871e-06
OPN1SW,-6.612947376200778e-06
PWP1,-6.616290643756857e-06
GNAL,-6.619345508587314e-06
PLCB3,-6.630062701249752e-06
NFAM1,-6.640192150169452e-06
ZNF518B,-6.649999414317224e-06
SLC5A1,-6.663837759608146e-06
SLC29A4,-6.673107805251118e-06
SLC38A11,-6.676617564564806e-06
ZNF548,-6.679739030027345e-06
ARHGAP5-AS1,-6.701504659055387e-06
TNFAIP8L2,-6.711415620276052e-06
EPHA3,-6.721207222052759e-06
TMEM158,-6.726039819712536e-06
ZNF541,-6.726307035413219e-06
AP000936.1,-6.752793889221625e-06
FALEC,-6.771146670827372e-06
PRRT3,-6.787851437034269e-06
FFAR2,-6.789199491171287e-06
FAM217B,-6.810238444419773e-06
ELMOD1,-6.848200438985281e-06
OTOGL,-6.849880315373692e-06
RGS5,-6.852505735826931e-06
ZNF582,-6.878477561504178e-06
GOLGB1,-6.896000140577409e-06
EVI2A,-6.900994558056077e-06
OGG1,-6.901316983087204e-06
HIGD1B,-6.911040246654118e-06
SCML4,-6.911762244474677e-06
DUSP1,-6.922325111729702e-06
TENM1,-6.9398947184846425e-06
AGMAT,-6.945139252862057e-06
BMS1P14,-6.950654337593692e-06
TLE1,-6.951642394800886e-06
SCN4A,-6.955491644414931e-06
KDM8,-6.95845388334864e-06
RNFT1,-6.965963765721032e-06
CSDC2,-7.007509012771905e-06
DAND5,-7.028422163870515e-06
PLXNA1,-7.040776840359755e-06
ALKBH6,-7.044079148436662e-06
GABRG3,-7.0696078496525474e-06
SUPT16H,-7.093521670886777e-06
ZNF747,-7.093838369159927e-06
TSPYL2,-7.105855663914247e-06
Z82206.1,-7.127313893535925e-06
DPP9-AS1,-7.139389923313913e-06
DRAIC,-7.143112230791502e-06
PTGIS,-7.150584743016623e-06
YY2,-7.152006848504534e-06
TP53I3,-7.178846665375587e-06
ZNF688,-7.199339160346914e-06
GPR20,-7.23587483094115e-06
CYP26B1,-7.239053051165035e-06
NELFB,-7.243082734614291e-06
MYOM2,-7.259682243227375e-06
BEAN1,-7.271062272890602e-06
SLC52A1,-7.293972913262037e-06
NECAB1,-7.3240084101078335e-06
LYVE1,-7.3320478224426e-06
SERPINI1,-7.33239074372309e-06
RNF208,-7.33596483031154e-06
CSTF1,-7.366719586274364e-06
ZNF442,-7.371714445001033e-06
CA4,-7.374757456378511e-06
HPRT1,-7.379828407466123e-06
LRRC40,-7.4334492368320415e-06
CA5A,-7.4522472415729154e-06
ACADSB,-7.456573712798991e-06
ACSL6,-7.465127402701251e-06
ZNF710-AS1,-7.468067921041651e-06
OIP5-AS1,-7.470082442215958e-06
PIK3R2,-7.485979146896626e-06
GALR1,-7.497993898334101e-06
ZNF311,-7.505475862116956e-06
CHUK,-7.513754345719043e-06
KLB,-7.520616850464109e-06
EEF1AKMT3,-7.524391968895439e-06
FAM41C,-7.538128547741284e-06
KLHL33,-7.544990964012203e-06
LCMT1-AS2,-7.576098553330894e-06
TNFSF8,-7.577017622903423e-06
PURB,-7.597082271464301e-06
VN1R1,-7.598985476690644e-06
TCTN3,-7.604120617186726e-06
ZNF628,-7.614163810362448e-06
ASIC1,-7.63160310537963e-06
B3GAT2,-7.640211765576084e-06
DPEP2,-7.670959934721184e-06
ZNF865,-7.684181544491616e-06
ZBTB17,-7.689262434617598e-06
MPV17,-7.701737541859782e-06
BRPF3,-7.707377871194393e-06
TBC1D13,-7.728494888931899e-06
SLC25A48,-7.73455536402772e-06
CYP2C8,-7.736632707691698e-06
CMKLR1,-7.747469785667364e-06
MLC1,-7.752749921608076e-06
LRRN1,-7.763241667273992e-06
MYLIP,-7.765386446437743e-06
TRMT12,-7.768854223917802e-06
MDC1-AS1,-7.775226803710877e-06
DHODH,-7.78087012198451e-06
ABCA4,-7.787802718158237e-06
TARID,-7.820917690168944e-06
HECA,-7.823336340760472e-06
LARGE-AS1,-7.825900829136123e-06
NOD2,-7.907195694915492e-06
C5orf17,-7.93814298368531e-06
SLC35F4,-7.951732319779823e-06
ANK1,-7.96787008599395e-06
GET4,-7.980287253797966e-06
RPUSD3,-7.982832104154017e-06
EEF1E1,-7.98432618351495e-06
LRRC4B,-7.997530177886715e-06
UPK3BL2,-8.003891707595712e-06
SLC39A10,-8.01465609227339e-06
CCNB2,-8.059283592448736e-06
ZBTB34,-8.077045913140463e-06
CAPN5,-8.104604943601452e-06
TRDN-AS1,-8.10915535602376e-06
RAB44,-8.133933876530855e-06
ZNF599,-8.162364658601757e-06
DYNLRB2,-8.173219817570306e-06
GTF3C4,-8.183934067495178e-06
ATOH8,-8.185972645941655e-06
PCDHB13,-8.19663304475212e-06
DLL4,-8.206776147812233e-06
MRM2,-8.216776953903938e-06
NRXN2,-8.217351665480024e-06
ACKR1,-8.21930601893444e-06
Z93241.1,-8.222504179895318e-06
SCN3B,-8.22778737636646e-06
LRP3,-8.258375223256084e-06
TMPRSS15,-8.267173525034972e-06
EIF4E,-8.271069791954259e-06
MEGF10,-8.283229935279528e-06
LRRC25,-8.287518207745307e-06
AP002748.4,-8.296621424341614e-06
LRRC31,-8.329873491907185e-06
CRYAB,-8.353917094488502e-06
TEX36,-8.354071874484637e-06
SEMA3F,-8.375226374819589e-06
THSD7A,-8.387566043868051e-06
COL9A3,-8.444018141263474e-06
B3GNT10,-8.450275498980175e-06
ARL5C,-8.46608500238308e-06
SPTB,-8.466718633403293e-06
GBGT1,-8.46766690530552e-06
FGFR2,-8.469572874811269e-06
NAGS,-8.47923126280435e-06
RAB17,-8.483873035580322e-06
PRR16,-8.493187829914374e-06
CRLS1,-8.495886304534016e-06
BTK,-8.51464511906131e-06
ANKRD65,-8.521294566198238e-06
C1orf174,-8.527388368022191e-06
BOLL,-8.533699336652701e-06
LZTS3,-8.540092038455392e-06
PEX11A,-8.550104400610266e-06
PROX1-AS1,-8.560301029245023e-06
SAMD9,-8.562689616344634e-06
CTTNBP2,-8.592940857766111e-06
HHLA2,-8.600226596124975e-06
TMEM41B,-8.601689710667537e-06
GSEC,-8.603543007896194e-06
TEX30,-8.606503028444393e-06
ACKR2,-8.607431458239424e-06
GRB7,-8.62011641353571e-06
MIR4458HG,-8.642972320311892e-06
CHST1,-8.657187240922071e-06
KCNJ8,-8.667046876409327e-06
ZNF226,-8.67170532248609e-06
CASKIN2,-8.685204655409041e-06
VGLL3,-8.68576082975311e-06
ZNF658,-8.69801356589379e-06
TMEM184A,-8.700616238277546e-06
MMP2,-8.705626945134973e-06
CCL20,-8.717179100703238e-06
SUPT5H,-8.73343566507983e-06
YJU2,-8.739689074774205e-06
NLRP5,-8.74885567860489e-06
ZNF724,-8.7491127574545e-06
TMEM71,-8.749440903141157e-06
REXO4,-8.754090521830674e-06
RMRP,-8.764177778267552e-06
SLC37A2,-8.766886647987248e-06
SH3BP1,-8.78078853425425e-06
IGLON5,-8.783003183154478e-06
MCHR2,-8.800924991973866e-06
COL9A1,-8.810446395762703e-06
IL2RA,-8.841324069535464e-06
TMTC3,-8.84736289052712e-06
RRP15,-8.866739748382163e-06
CGRRF1,-8.869635207004737e-06
TNFRSF1B,-8.87867961138417e-06
RNF112,-8.892051472284855e-06
HMCN2,-8.910017908128898e-06
CRAT,-8.926881694996854e-06
BORCS7,-8.934636089420747e-06
F2R,-8.952878658081554e-06
RASSF9,-8.958565779338528e-06
ACSBG2,-8.964646631648689e-06
TRPM2,-8.964690248259477e-06
PNLIPRP3,-8.9650872047961e-06
ZNF580,-8.984749806597986e-06
NPIPB9,-8.992158996878898e-06
ALPL,-8.993004184531555e-06
CSRNP3,-9.005403987864069e-06
ARMCX2,-9.016894179265648e-06
FAM136A,-9.024401113655923e-06
NCBP2,-9.028459499611213e-06
CLEC14A,-9.05357770337553e-06
SLCO1B3,-9.054563724929648e-06
KL,-9.059244324171084e-06
ENOPH1,-9.080781798343677e-06
NOL4,-9.08894172190658e-06
Z96074.1,-9.093768062081493e-06
FAM241B,-9.10838457408879e-06
RASSF10-DT,-9.114761462116115e-06
CBARP,-9.115473399201025e-06
SNHG7,-9.123890086037568e-06
PDE6G,-9.137807349280062e-06
AP003117.1,-9.138410793376943e-06
IL5RA,-9.157414971473334e-06
FOSL1,-9.157572557532565e-06
TMEM121,-9.202179810788335e-06
KCNK2,-9.210610937977786e-06
ASTE1,-9.211663830821296e-06
TRPC4,-9.216012165366424e-06
AKT1,-9.220787591731224e-06
ISM1,-9.234435617717002e-06
CHAMP1,-9.237901942930903e-06
FAM110B,-9.242794090103027e-06
AOC2,-9.26946458308338e-06
CDH6,-9.276316036623504e-06
MRVI1,-9.2768781069546e-06
DHX9,-9.280850843436851e-06
CDC20B,-9.292781699579195e-06
GSTM4,-9.293537691729529e-06
KAT5,-9.296827007900067e-06
AP000757.1,-9.300010845209178e-06
PAPPA,-9.31234914648192e-06
PTCHD1,-9.318001693740622e-06
FGFBP3,-9.328810952776065e-06
U91328.1,-9.330528446243624e-06
C9orf50,-9.338708730954417e-06
CYP2J2,-9.348277470862082e-06
FOXO6,-9.366768600448469e-06
GABBR2,-9.367914400536425e-06
SLC25A18,-9.37165324734286e-06
NUTM1,-9.372991121357096e-06
LYG2,-9.376011232051105e-06
NCAM2,-9.393605968304995e-06
CERS3,-9.404029727457478e-06
HNRNPL,-9.451993722273943e-06
CREB3L2,-9.452481778777295e-06
MARCH9,-9.460879163613928e-06
SLC66A1,-9.48348506679928e-06
H2AFY,-9.505806959931615e-06
MAS1,-9.512678439690938e-06
FHL3,-9.519295823169146e-06
SLC43A1,-9.52640482517788e-06
MTIF3,-9.532518351236462e-06
BAALC,-9.543790843895011e-06
GIT1,-9.55249071181719e-06
RPGRIP1,-9.556506631882574e-06
SMNDC1,-9.562923290019743e-06
LILRB5,-9.564362482613888e-06
FAM210A,-9.571536850021467e-06
FGR,-9.595884936929156e-06
CACNA2D4,-9.607135481335858e-06
RAD1,-9.615286311188528e-06
MYO16-AS1,-9.61703651642606e-06
GPR161,-9.61720973450563e-06
OR2F1,-9.629113265834609e-06
DCTN2,-9.632561431443255e-06
HM13-IT1,-9.632759183933631e-06
USP44,-9.656700289641746e-06
KIF9,-9.659725228045684e-06
SCIMP,-9.668661336797496e-06
ALCAM,-9.676973004182029e-06
PPP2R1B,-9.696322585570416e-06
ASTN1,-9.704867150538745e-06
FAXC,-9.717467601266816e-06
LYRM1,-9.722962963461555e-06
TSIX,-9.726858182913872e-06
PANO1,-9.729271708645649e-06
FPGT,-9.766651477962085e-06
C11orf16,-9.796928604558024e-06
CDPF1,-9.80466405184006e-06
COA5,-9.813044006507637e-06
LRTOMT,-9.814615807944362e-06
CYP27B1,-9.845059084736488e-06
PPP1R36,-9.848579613033922e-06
ZAP70,-9.85539508231028e-06
NKAPD1,-9.90789770227121e-06
PADI4,-9.951042983227527e-06
COPS7B,-9.955586870944354e-06
RO60,-9.971553342435294e-06
GPSM1,-9.986139289248384e-06
PCYT1B,-9.986392369031218e-06
RASGRF1,-9.997511173470729e-06
RGMA,-1.000039535985964e-05
CASP9,-1.0006912813589867e-05
GNAO1,-1.0019822415315925e-05
SATL1,-1.002007954473456e-05
MGAT4C,-1.0046057885881574e-05
ACD,-1.006797894773987e-05
SOX18,-1.0071036284730771e-05
ADGRF3,-1.0078061277918902e-05
C7orf61,-1.0078097570713308e-05
CYB5D1,-1.008391273846083e-05
CH25H,-1.0091390729252486e-05
DDX51,-1.0094662982875132e-05
THEMIS,-1.009840256820222e-05
GRIA4,-1.0113695695016748e-05
PRKG1-AS1,-1.0125008052612671e-05
CBX2,-1.0148117437383028e-05
ATP6V1C1,-1.0156032638024686e-05
NOTCH1,-1.016471200125302e-05
MPI,-1.0165639547682274e-05
ATP2B2,-1.0173018612120789e-05
PMEL,-1.0175711316760136e-05
FAM234B,-1.0176507704369005e-05
KCTD6,-1.0184923233173912e-05
IL2RB,-1.0190655077325972e-05
TMEM217,-1.0190906550985992e-05
OR7C1,-1.0193934342858778e-05
DDX58,-1.020364690754268e-05
BAG5,-1.0214923993160033e-05
APEX2,-1.023979183975613e-05
CU633967.1,-1.024521189708121e-05
HIST1H2AD,-1.025429751252898e-05
TNFSF4,-1.026552307181946e-05
ISL2,-1.02707433814392e-05
HTR1E,-1.0271484444910625e-05
ZNF17,-1.0273472192076562e-05
HAPLN1,-1.0286480768492713e-05
PLAC9,-1.0291797763734632e-05
LRRC3,-1.0293297157778117e-05
ELP2,-1.0298750384421834e-05
PPP1R2,-1.03049113368539e-05
RHOBTB2,-1.0308699728946352e-05
Z97832.2,-1.031933517250182e-05
MSL1,-1.0328308843622157e-05
RIT2,-1.0331975880269182e-05
SLC35F5,-1.033223210283909e-05
SLC43A2,-1.0346390426044527e-05
TNR,-1.0348198550994508e-05
MGAT4A,-1.0357301805939645e-05
SAMM50,-1.0372715112391012e-05
ZNF93,-1.038872672118046e-05
PTP4A3,-1.0415107850111155e-05
DRG1,-1.048057791907547e-05
HS3ST3B1,-1.04924353713716e-05
GRASP,-1.0494914613182765e-05
MAP7D1,-1.0495451107482796e-05
LGALS9,-1.0499303336106935e-05
PRPH2,-1.0499865509523911e-05
NCBP2AS2,-1.05014050081267e-05
HUS1,-1.0547049391522496e-05
C20orf144,-1.055335024265204e-05
CPEB1,-1.05588646679638e-05
SIRT6,-1.05713977680801e-05
GLIS1,-1.058055856859685e-05
C3AR1,-1.0596709976558718e-05
ITGA1,-1.0599868103717376e-05
ST8SIA2,-1.0604808975487902e-05
KCNRG,-1.0611149283540982e-05
WDR45,-1.0645974152081384e-05
MPRIP-AS1,-1.0650935002204214e-05
TACR3,-1.0653792175736124e-05
IL7R,-1.0656449391716296e-05
HIST4H4,-1.0667066814019398e-05
UNC119,-1.0681168877729468e-05
ZNF624,-1.070794296229771e-05
LMOD1,-1.071662258179493e-05
MLANA,-1.0723477511656566e-05
BACH2,-1.0726155814167204e-05
SFT2D3,-1.0732170949479897e-05
CBLN3,-1.076257708162788e-05
CDC123,-1.0762863399507096e-05
FMO1,-1.077790154319828e-05
CCND2,-1.077830879742204e-05
ZNF415,-1.0778445299849944e-05
CCER2,-1.0785749340186095e-05
ZNF165,-1.0790507848133918e-05
MPL,-1.0804972989659664e-05
KIAA0895,-1.082477454006498e-05
LHFPL3,-1.0841678542955297e-05
PIK3R6,-1.084219507254133e-05
RND3,-1.0856985033308897e-05
LBP,-1.0885691222597364e-05
AP002498.1,-1.0906891888058042e-05
EWSR1,-1.091186175303307e-05
PDPK1,-1.091239985583588e-05
ENPP1,-1.0916395053146124e-05
CDH22,-1.0929928045649657e-05
EGFR-AS1,-1.0935055945207298e-05
OR1L8,-1.093863508687843e-05
TMIGD3,-1.094346765362492e-05
ZNF677,-1.0952512447504416e-05
MKX,-1.0968361913736451e-05
INAFM1,-1.0968471014008752e-05
SLC51B,-1.1000043925873589e-05
GRM5,-1.1010212259742268e-05
IL12A-AS1,-1.1029975922570642e-05
BLOC1S6,-1.1037647644396374e-05
ARHGAP45,-1.104085851258578e-05
CYYR1-AS1,-1.105494800438632e-05
MMACHC,-1.1075713261570366e-05
FGF22,-1.1094499713996148e-05
PTPRZ1,-1.1148345035636735e-05
WWC2-AS1,-1.1160863974259922e-05
C3orf62,-1.1189946966812944e-05
PAX5,-1.1194725862456584e-05
EMILIN2,-1.1216019762341785e-05
SHLD3,-1.1268133016990454e-05
CA12,-1.13069900285456e-05
ZNF157,-1.1315430636040935e-05
ZSCAN16,-1.132800811471417e-05
C4orf33,-1.1330647172298272e-05
CDNF,-1.133995990968096e-05
PLPPR2,-1.1340298746681642e-05
GALNT14,-1.1363807903647573e-05
RAB40A,-1.1366931044983664e-05
EPPK1,-1.137078591626186e-05
ZNF32-AS3,-1.1371592164691671e-05
NPM2,-1.1388698289998426e-05
GATA2-AS1,-1.1395231495487234e-05
SAMD3,-1.140672057870397e-05
ZXDA,-1.1418036645835466e-05
PYGM,-1.143313231936702e-05
FBXO21,-1.1448559942600809e-05
REEP2,-1.145544575914254e-05
RALYL,-1.1461236472965611e-05
ZNF470,-1.1472072413299191e-05
PIK3CD,-1.1490794492010236e-05
TTLL10,-1.1510455914548905e-05
SATB2-AS1,-1.151075265447864e-05
NR1H3,-1.1525202330075183e-05
SIAH3,-1.1534193823178527e-05
PLEKHG2,-1.1543542720814496e-05
PRKX-AS1,-1.1573088055426251e-05
LMAN2L,-1.1605197541497035e-05
HTR7,-1.1624032157223056e-05
CACNA1C-AS1,-1.1625155282922572e-05
AP002961.1,-1.163858514745892e-05
RELN,-1.1641044745053377e-05
ZNF605,-1.1647103178036192e-05
CRIP3,-1.1654739190102385e-05
MYO1B,-1.1673591701678912e-05
P2RX5,-1.168907115132921e-05
BUD13,-1.171083808805003e-05
KIF6,-1.1732691191279168e-05
VPS26A,-1.1733480855637935e-05
SH2D3C,-1.1741263721665487e-05
HACD4,-1.1760680228842772e-05
PNMT,-1.1765439084368989e-05
ACSM5,-1.1779010107630678e-05
CCDC141,-1.1801170328676896e-05
RNF212,-1.1820743555193208e-05
SPATA9,-1.1821942298372224e-05
ZNF252P-AS1,-1.1856119471337975e-05
TMEM59L,-1.1857343401601e-05
ZNF222,-1.1862786538708234e-05
ZNF816,-1.1868944382811446e-05
XRN2,-1.186942849434244e-05
ARHGAP31-AS1,-1.1869497811451255e-05
GPRASP2,-1.1877564926998485e-05
SESN3,-1.1890328113763017e-05
METTL2A,-1.1893409385580234e-05
ASGR1,-1.1895110829136542e-05
MTSS2,-1.190594186476588e-05
PFKFB1,-1.1909495839911257e-05
ARID5A,-1.1919451157872695e-05
CD5,-1.1921475640192065e-05
DPH1,-1.193899496783504e-05
INTS1,-1.195604781891349e-05
AP001059.2,-1.1969331382174788e-05
HIST3H2BB,-1.197631320566123e-05
C11orf95,-1.1981041542472573e-05
IGSF6,-1.199137649938384e-05
GYS2,-1.2011779211219802e-05
GDAP1,-1.201486700076627e-05
LAMB4,-1.2030709295935024e-05
PCSK2,-1.2034037062649642e-05
CHIT1,-1.204911567227092e-05
FOXL1,-1.205208866804969e-05
MAPK4,-1.2058560976057528e-05
YIPF7,-1.2068940645922043e-05
SNHG15,-1.2084579418776256e-05
RANBP3,-1.208643290495447e-05
PIGQ,-1.2086601708034947e-05
SLC10A5,-1.209786918201271e-05
WDR49,-1.2104265462033192e-05
POMZP3,-1.2117909339979151e-05
LAIR1,-1.2142304707660994e-05
TGFBR3,-1.2147792921672885e-05
IL22RA1,-1.215034037707174e-05
ADGRE2,-1.2152130444172062e-05
SMIM7,-1.2170584077393952e-05
NXNL1,-1.2198829995700055e-05
PFN4,-1.2200276600536136e-05
USP14,-1.2212984540903391e-05
SPAG6,-1.221870610764922e-05
ARMC5,-1.2258159056792572e-05
DNAH9,-1.2266171434112783e-05
TTLL8,-1.2297875224166127e-05
FAM114A2,-1.2298309351167248e-05
ICOS,-1.2320712121515318e-05
PREX2,-1.232158631465177e-05
GLIS2-AS1,-1.2336851140364262e-05
ANTXR1,-1.23373624712306e-05
SSPN,-1.2341317831379648e-05
KCNJ5,-1.2343775219252302e-05
AFDN-DT,-1.2352997047686664e-05
C10orf67,-1.238784552505288e-05
RIMS3,-1.2398663252048734e-05
SMIM31,-1.2402784276959732e-05
DOK5,-1.2403626284830602e-05
GRK4,-1.2405957242948375e-05
TMEM38A,-1.2415334403552431e-05
GPT,-1.2419127665573884e-05
SDHB,-1.2419433662434665e-05
ENPP2,-1.24294399197308e-05
MALSU1,-1.2441761928898927e-05
NRAD1,-1.244616844816222e-05
HDAC10,-1.2448125766904502e-05
PRX,-1.2448456564303964e-05
NANOG,-1.2450847597567327e-05
FAM53B,-1.2458374745698143e-05
USP46,-1.2483885238023077e-05
OPCML,-1.2512133866292922e-05
KTN1-AS1,-1.2533929582980986e-05
TMEM213,-1.2539745609455048e-05
MTX3,-1.255717872066564e-05
PI4K2A,-1.2560586897323638e-05
CREBL2,-1.2560779597005865e-05
PDLIM2,-1.2579740758453056e-05
RNF14,-1.2602343131004473e-05
IGFL4,-1.261499706334272e-05
SLC22A2,-1.2626626006979526e-05
SLC47A1,-1.2627098421810418e-05
FSCN2,-1.2668803029924955e-05
ZNF829,-1.2680105587013685e-05
ADPRHL2,-1.2686841859995635e-05
KCNK9,-1.2687447382615645e-05
FGL2,-1.269092335473453e-05
MEF2C-AS1,-1.27149773209131e-05
CLEC1A,-1.2718410992038256e-05
AP5M1,-1.272192396299152e-05
CDT1,-1.275784376174456e-05
NEMP2,-1.2769352970701593e-05
COQ6,-1.2772152064758931e-05
PRR7-AS1,-1.2780349842762732e-05
CYP3A7,-1.27884951443715e-05
ITPRIPL1,-1.2799900680072127e-05
GAP43,-1.2803535369521451e-05
ASB5,-1.2821597432110668e-05
ENKD1,-1.2846835047254789e-05
SIRPB2,-1.2852576719899582e-05
DHCR24-DT,-1.2858852511622208e-05
HTR4,-1.2874238280895533e-05
AP001636.3,-1.2876435849049802e-05
C1orf216,-1.28805846136093e-05
SWI5,-1.288681612868621e-05
LAMA1,-1.289333839930247e-05
ACSM6,-1.2898136671360694e-05
PAX7,-1.2917814560163286e-05
EGLN3-AS1,-1.2918346941938727e-05
SCNN1D,-1.2923235299625483e-05
ELK1,-1.2925280820727436e-05
CTXND2,-1.2938241481467884e-05
TMEM181,-1.2942873853580331e-05
LHX6,-1.296260728518514e-05
FOLH1,-1.2965458945835004e-05
PSTPIP1,-1.298461406804339e-05
ROBO3,-1.2993389140976449e-05
LIN7A,-1.302555262520958e-05
ZNF121,-1.3029095546514836e-05
TGFB3,-1.3030479195868211e-05
ACP7,-1.3045289340557762e-05
AP005131.6,-1.3049982474298233e-05
HCK,-1.3050221580857338e-05
PCP2,-1.3068569312898544e-05
SLC2A14,-1.3081604074172318e-05
CCDC84-DT,-1.3087412666682667e-05
ADRA2A,-1.3089843352125264e-05
SCN11A,-1.3093031842403602e-05
MUC19,-1.3097195469136716e-05
ADRB2,-1.3155305513222334e-05
HAGH,-1.3165001423077736e-05
SMU1,-1.3165162166935178e-05
SBK1,-1.3167690041279236e-05
THY1,-1.3172053849930197e-05
ZBED6,-1.3172490632915795e-05
ADGB,-1.3195338583834031e-05
CUL7,-1.3212261837191663e-05
TMEM42,-1.3217575717896234e-05
WDR83,-1.3229680892849808e-05
DCAF4,-1.322968103201916e-05
BAHCC1,-1.323492782849852e-05
DCST1,-1.3235467446330903e-05
AMH,-1.3241010477470136e-05
CCDC78,-1.3242071627896578e-05
FAM122A,-1.324584451035805e-05
TCF4-AS2,-1.325501361808602e-05
TPRX1,-1.32662769592924e-05
ORAI2,-1.32862728412482e-05
SVOPL,-1.3288052135503072e-05
NFIA-AS2,-1.3294088836614284e-05
LAMC1-AS1,-1.3317235411407126e-05
HMSD,-1.3330102073816728e-05
ITGA8,-1.3338215905940658e-05
AP000697.1,-1.3347495435615142e-05
MATK,-1.335098606459005e-05
ZNF423,-1.335222317512314e-05
HTR3B,-1.335342216189252e-05
CSKMT,-1.3358744659019556e-05
TDRKH,-1.338834830829302e-05
MAP7D2,-1.339078556855079e-05
PPM1A,-1.3397006264952963e-05
POU5F2,-1.346578177220112e-05
A1CF,-1.346948114452206e-05
ZNF287,-1.3474744210933242e-05
ADPGK-AS1,-1.3490101594799264e-05
U47924.3,-1.349421131727618e-05
HDHD5-AS1,-1.3505986303566225e-05
GORAB-AS1,-1.350642118205479e-05
EEF1AKNMT,-1.3523048689686793e-05
NIPSNAP3A,-1.355903821106515e-05
LPGAT1-AS1,-1.359331590455639e-05
ATP12A,-1.3595605304529992e-05
MYBPC2,-1.3612898588624562e-05
ZNF304,-1.3644190873315244e-05
IQSEC3,-1.365668120045427e-05
CORT,-1.3672808443121198e-05
EXOSC1,-1.3689856225118934e-05
IDS,-1.3731192415672631e-05
IDO2,-1.3733869962791617e-05
CHST10,-1.3738710494559107e-05
AIFM1,-1.3738939635272032e-05
CDK15,-1.375190851248251e-05
HACD1,-1.3760034666241529e-05
EPHA7,-1.3763353076381288e-05
ZNF597,-1.3786535321031526e-05
PLA2G7,-1.3822317059300171e-05
TRAC,-1.3843719262369671e-05
WDR5B,-1.386123310260456e-05
COPS8,-1.3867303199432711e-05
CR382287.2,-1.3876128708681336e-05
KCTD8,-1.3895246804328932e-05
POU2F3,-1.3918421227304437e-05
RCSD1,-1.39302734019227e-05
CLMAT3,-1.3940795171997592e-05
GJA9,-1.3963861117040468e-05
DMAC2,-1.3964238486624924e-05
OGFOD1,-1.3968843875526136e-05
AK5,-1.39835934375879e-05
PAPPA2,-1.4007997474771058e-05
LIN28B,-1.4017466521453148e-05
MLST8,-1.404349561126163e-05
HOXA3,-1.406110803247226e-05
C1orf127,-1.4066802779747924e-05
KHDRBS2,-1.409201159607416e-05
ATP5MGL,-1.4094579334477629e-05
SPSB2,-1.4095154941588844e-05
TSPEAR-AS2,-1.4095695188602192e-05
GREB1,-1.4110085829996324e-05
CDON,-1.412305638282453e-05
DNAJC22,-1.4142166591702043e-05
AKR1C8P,-1.4145480140129008e-05
DAAM1,-1.4147883860537745e-05
VARS2,-1.4157368231708312e-05
KCTD16,-1.4157794144197244e-05
AP006545.3,-1.4164114218600303e-05
CLNS1A,-1.4172919534050195e-05
XPA,-1.418945166195109e-05
FAM86C1,-1.4201574353455816e-05
THSD4-AS1,-1.4209083561276577e-05
SULF1,-1.4209988290670284e-05
FABP3,-1.4210484407635175e-05
ETV1,-1.4221507110002189e-05
C9orf139,-1.4222480438486715e-05
KANK4,-1.4227248802414771e-05
GPAM,-1.4245260489042291e-05
CDH13,-1.4277744322709362e-05
C12orf56,-1.4278587872540132e-05
PCDH18,-1.4279003794813129e-05
AF279873.3,-1.4290162729896809e-05
VPS51,-1.4298679462140785e-05
ZNF443,-1.4302514924348594e-05
ARRDC5,-1.4323189419727296e-05
RRAGD,-1.4331641711512572e-05
PPP1R10,-1.433771787451915e-05
SNAP47,-1.4368984387030952e-05
GDF5,-1.4384710804218509e-05
CCDC9,-1.4405851543977743e-05
MATR3,-1.441615066620789e-05
LILRB2,-1.4418001862729389e-05
MTF1,-1.442559860179691e-05
BHMG1,-1.4447108159494525e-05
ZNF746,-1.4457606768463674e-05
AQP8,-1.4465551427744334e-05
DUSP11,-1.4472045976203994e-05
FERMT3,-1.4472125071937571e-05
ZBTB24,-1.4475622840944526e-05
ZNF737,-1.4477295084932325e-05
TMEM175,-1.4477834496787783e-05
PNMA2,-1.4520832907598882e-05
GCNT4,-1.4525219231929084e-05
MMP20,-1.4535402443717066e-05
SMN1,-1.456163173614351e-05
MLXIPL,-1.4574730211287546e-05
ZMYND19,-1.4626779819116404e-05
NEXMIF,-1.4627552139520854e-05
GRM3,-1.462945405990122e-05
PPP1R3A,-1.4655518754148232e-05
NHLH1,-1.4663265044120152e-05
ZNF229,-1.4670886366929611e-05
THBS2,-1.4677302165787e-05
KCNN3,-1.4684904892838815e-05
GLUD1,-1.4725396629618813e-05
ZNF772,-1.4737791853722016e-05
STPG2-AS1,-1.4739000049813724e-05
TTYH1,-1.4742215729916978e-05
LHFPL6,-1.477796096186374e-05
CYTH4,-1.478684646421112e-05
NCAN,-1.4787905042467325e-05
REXO1,-1.4792607767923262e-05
FGF11,-1.4806588088924452e-05
FN3KRP,-1.4823398943880838e-05
GPR34,-1.4839091396367167e-05
RIPK3,-1.484244280372203e-05
GALNT13,-1.4843839039397817e-05
PKD1L3,-1.4853979784911303e-05
RAB8B,-1.4857108664832912e-05
SKIDA1,-1.4866602885827908e-05
C10orf90,-1.4876502319649835e-05
HAUS3,-1.491175473088858e-05
LCN12,-1.4915177802516134e-05
C17orf113,-1.4924897000194704e-05
SLC29A3,-1.4928325663416358e-05
GLG1,-1.494120820216542e-05
NOS1,-1.4942448899033464e-05
EPAS1,-1.4945919682059968e-05
PLPP6,-1.4976179104877077e-05
LYPD5,-1.4988474050011376e-05
CACNA1E,-1.5002741265148828e-05
CPOX,-1.502228961484182e-05
MDP1,-1.5041675572113715e-05
CFAP77,-1.5045381244271476e-05
MMD,-1.5050540668476734e-05
KCTD2,-1.505450508461585e-05
ADORA2B,-1.505890510639137e-05
ZNF549,-1.5069271860009196e-05
AP001462.1,-1.5072437180618008e-05
KCNN4,-1.5098672344176092e-05
OTOA,-1.5110089437714136e-05
TM4SF18,-1.5120100144003986e-05
MFAP5,-1.5121612174500971e-05
COL19A1,-1.5157004180971268e-05
GNE,-1.517199609581985e-05
CFAP53,-1.518433536977574e-05
SLC15A5,-1.5202601623482636e-05
RRS1-AS1,-1.5243509777549227e-05
ITGA10,-1.5257054829238554e-05
SCUBE1,-1.526827479004085e-05
ZCCHC24,-1.5282452243126005e-05
MAEL,-1.528540886620359e-05
CSPG5,-1.5310549672028767e-05
SMARCA4,-1.531550094260914e-05
MIER2,-1.5318116364992455e-05
THRB-IT1,-1.5321303828848956e-05
TOMM70,-1.532448826832994e-05
CDC42BPB,-1.533339617279835e-05
PURPL,-1.534592603057994e-05
OSGEPL1-AS1,-1.5372442974438524e-05
BOC,-1.5373488330130513e-05
KLHL41,-1.537880722131858e-05
DHRS9,-1.538884517726897e-05
U91319.1,-1.53892820630914e-05
NELL2,-1.5425384815913244e-05
AP001437.2,-1.5428236757555515e-05
BOK-AS1,-1.542892595524171e-05
EFR3B,-1.543370132941064e-05
SEPHS1,-1.5457183998352092e-05
BICRA,-1.549672645515116e-05
MIR4453HG,-1.552706074379305e-05
CALB2,-1.5535254029716322e-05
C1orf109,-1.5553387692309396e-05
ABTB1,-1.5556175259778442e-05
FAM53A,-1.556269697613972e-05
RALB,-1.5563161635912757e-05
ZNF439,-1.5571164461137468e-05
UBOX5-AS1,-1.5579260543638928e-05
CARD8-AS1,-1.5598683806845354e-05
DGCR11,-1.5628187938970735e-05
MYLK3,-1.5667554006896562e-05
PYCR3,-1.5689676827183876e-05
C7orf69,-1.572426383339266e-05
RGSL1,-1.5731721581966913e-05
GBP3,-1.574079920521791e-05
RND1,-1.5747004603664208e-05
ARGFX,-1.5750123305037537e-05
DNAJC5B,-1.575143585379986e-05
ZSCAN16-AS1,-1.5755545413607206e-05
TEAD2,-1.578434499475044e-05
URB1-AS1,-1.5789809286633815e-05
TTC32,-1.5800707661954885e-05
IFNG-AS1,-1.5810134262491424e-05
YBX2,-1.5831125532931863e-05
CD99L2,-1.5856378933907356e-05
GTF2H4,-1.5860087722332173e-05
COA7,-1.587829070106552e-05
SFR1,-1.5879291645448634e-05
LRRC4C,-1.5885044099386636e-05
NUGGC,-1.5914658122583506e-05
SLC5A5,-1.5926899054712107e-05
NRCAM,-1.593816946968852e-05
DIPK1C,-1.5943577675026134e-05
BTC,-1.5950762140906217e-05
GLIS2,-1.597616226862617e-05
HACD2,-1.5985729125836798e-05
CRYBB3,-1.5990766920079364e-05
RSPO2,-1.599556094337079e-05
ACBD3-AS1,-1.599838338987038e-05
ODAPH,-1.5999800559472792e-05
MAPKAPK3,-1.6001750351247504e-05
ZNF346-IT1,-1.6001850442045628e-05
IYD,-1.6013831282928277e-05
GLRB,-1.6017525134062187e-05
MSL3,-1.603142223365946e-05
SLC20A1,-1.6043120398820324e-05
LIF,-1.6049920025112628e-05
CDH9,-1.605311209702672e-05
ST8SIA6-AS1,-1.6057816253327898e-05
SNTG1,-1.6136753521324075e-05
FBXO24,-1.6144830630178327e-05
MORC2-AS1,-1.616190254927843e-05
THEGL,-1.6168249005727596e-05
USF3,-1.6168270600672985e-05
RGS20,-1.61703937652571e-05
GRB14,-1.61767909452558e-05
ARL14EP,-1.6178436809552162e-05
SCAT8,-1.6183148202099685e-05
DPH2,-1.6187871476760062e-05
ZNF510,-1.6193974545388746e-05
IDH3A,-1.6238623361700704e-05
ZNF805,-1.624746019869883e-05
DOCK4-AS1,-1.6249240290750927e-05
PACERR,-1.6251991679164795e-05
BBS12,-1.6274429364718696e-05
ITGA11,-1.6280929773322187e-05
ZNF830,-1.6288649170297864e-05
SNHG17,-1.6290250143409253e-05
FLAD1,-1.6299157765557716e-05
LOXL1-AS1,-1.6325305955574607e-05
FSTL5,-1.6336459861433903e-05
PLA2G4E,-1.6376158514398087e-05
CCDC83,-1.6394681372152466e-05
ARMCX1,-1.641764346176074e-05
KBTBD8,-1.6421051062515396e-05
EFCAB3,-1.644882967453535e-05
WASHC5-AS1,-1.6452193963397563e-05
NPSR1-AS1,-1.6454556907594952e-05
PLXDC2,-1.6482674795190814e-05
ODF3L2,-1.6488982177536857e-05
CEP250,-1.649491946067793e-05
MAJIN,-1.6509010161612173e-05
CHST6,-1.6518385985702954e-05
EID2,-1.653080202582019e-05
ZNF557,-1.653271134992157e-05
CAMK2A,-1.6534357321460565e-05
RAB6B,-1.6544185552033847e-05
ESPN,-1.6548017356532893e-05
MBD3L1,-1.6550749644783585e-05
CCL28,-1.6604701848109506e-05
FGF14,-1.6611552851396065e-05
NID2,-1.6615675621913564e-05
LIN37,-1.6638430345078548e-05
CNOT3,-1.6647879639871602e-05
COMMD5,-1.6656803807605215e-05
NELL1,-1.666125337537891e-05
AP003170.3,-1.6667278144652098e-05
UBALD1,-1.6674049727730512e-05
ACTG2,-1.6686807307307633e-05
RSF1-IT2,-1.66957392439756e-05
KCTD20,-1.6709699890926792e-05
ZFYVE1,-1.673895084437935e-05
NUDCD1,-1.6755124600930337e-05
CCDC194,-1.6756765439705556e-05
AP000593.4,-1.6765960529129782e-05
SHROOM4,-1.6768830297112964e-05
SLC24A1,-1.6784579474620432e-05
SHISAL1,-1.6785971717845673e-05
ENPP3,-1.67910107141169e-05
RRH,-1.6799640692517106e-05
LIFR,-1.681430441584257e-05
DHRS4,-1.683513229349102e-05
KDM6B,-1.6838976715588498e-05
TERF1,-1.6866190608194414e-05
PCDHB15,-1.6873973425062818e-05
ETV7,-1.6888115682660223e-05
TCTEX1D1,-1.691815814892088e-05
LTV1,-1.6922380233471524e-05
WARS2-IT1,-1.6933395985728113e-05
MZF1-AS1,-1.6942067559415383e-05
KIAA1755,-1.6977556021211492e-05
TAF1A-AS1,-1.698415389004669e-05
STAM-AS1,-1.6989424466262804e-05
P2RY13,-1.6997366943558475e-05
CYBB,-1.7005645555104433e-05
DUBR,-1.7029770594249617e-05
HCN1,-1.7036007546550303e-05
NCF2,-1.705492808616959e-05
CNTD2,-1.7054985533284162e-05
ZNF143,-1.7063299489943847e-05
LCA5,-1.7065755038418984e-05
SLC10A4,-1.7070517669217647e-05
HEXA-AS1,-1.7073160147759895e-05
ABHD11,-1.70740043997057e-05
JPT2,-1.707919549926109e-05
FBLN5,-1.708883829026299e-05
PICK1,-1.710295567443306e-05
AP000845.1,-1.714041688070779e-05
ISM2,-1.7151564895346438e-05
STAT5A,-1.7175073002091572e-05
PAPOLA,-1.717964170123105e-05
ABHD8,-1.7224605933009242e-05
KIAA1614,-1.7226846242918473e-05
SIRPG,-1.7227813205026327e-05
PARP2,-1.7238292038624057e-05
SGCG,-1.7240001144376414e-05
ARHGAP9,-1.7255040622360202e-05
TUBB1,-1.7255710279913664e-05
XIRP2,-1.727321235868474e-05
AP3M1,-1.727988134875992e-05
TSPEAR,-1.7287964286616958e-05
CD8B,-1.7327650692719197e-05
SRP54,-1.7340495559355118e-05
LMX1A,-1.7349487772042825e-05
AP003393.1,-1.737611511140034e-05
ITPRID1,-1.7416597439135267e-05
TPST2,-1.7429241904821866e-05
RGS18,-1.7435672578683246e-05
BRWD1-AS1,-1.7439477855257297e-05
A2ML1-AS1,-1.7439849770636755e-05
MTHFR,-1.746504230338687e-05
BLMH,-1.7466870353273964e-05
APOBEC3D,-1.7475758202179387e-05
PIGW,-1.750498368551485e-05
SLC22A5,-1.7517771936190074e-05
SV2C,-1.7522817303409337e-05
CORO6,-1.753400252902814e-05
ALOX12,-1.7541236001164148e-05
HHLA3,-1.7555443130805925e-05
ZNF318,-1.7556062938177455e-05
GDF7,-1.758044776716683e-05
PDZD8,-1.760243635972163e-05
RING1,-1.7606809448404223e-05
KIF26A,-1.761595479316482e-05
FGFR1,-1.761622822527386e-05
PLEKHA4,-1.765583038770364e-05
MCMBP,-1.766467989446526e-05
SLC5A11,-1.7689471496409572e-05
FRRS1L,-1.7694439488177672e-05
AP003119.3,-1.770810086452608e-05
RPIA,-1.7710071021845704e-05
ZFP36,-1.7711270358857074e-05
NPRL2,-1.772810683399102e-05
FAM180A,-1.7740572569581445e-05
CFAP99,-1.7743808042643982e-05
TRIM52-AS1,-1.7747981415369136e-05
UCHL5,-1.7756244285540327e-05
EPN1,-1.776704135754115e-05
ZNF66,-1.7783957689413404e-05
RNF150,-1.7786098548038547e-05
IGF2BP1,-1.7791709578692783e-05
PEX2,-1.7793121939821746e-05
CKM,-1.780152751799402e-05
CNTNAP4,-1.7803076576752052e-05
C17orf97,-1.781382957169415e-05
DCLRE1B,-1.78334151569593e-05
CEACAM4,-1.784950369717223e-05
EDARADD,-1.785222555645375e-05
BRWD1-AS2,-1.78783412292935e-05
ECT2L,-1.790142358745001e-05
CNGA1,-1.7901778226547403e-05
KATNB1,-1.7913238365740045e-05
TESPA1,-1.7932758388501044e-05
MTFR1,-1.7933376415265242e-05
ACAN,-1.7958347020527206e-05
SPDYE3,-1.798305997125368e-05
C19orf48,-1.7985322739405284e-05
ACKR3,-1.7990016632224612e-05
FAM131A,-1.799561817668468e-05
NDUFV3,-1.804299969248961e-05
RIPOR1,-1.8047329683765167e-05
CHMP3,-1.8058522819925786e-05
TEX43,-1.8072554654574188e-05
RAI1-AS1,-1.8087061131369428e-05
AP001972.4,-1.809705263415069e-05
MX2,-1.8097834788678236e-05
TGM1,-1.810025950597609e-05
ANO5,-1.8102891280747567e-05
HPGD,-1.810495932844529e-05
ZNF467,-1.811556104044054e-05
WDR3,-1.8117753527058766e-05
GAL3ST2,-1.811801706219012e-05
IKZF4,-1.811964452658649e-05
C6orf52,-1.8128646497328985e-05
TRMT1,-1.8158816934015608e-05
CFAP206,-1.8162500899907015e-05
DUSP6,-1.818948614227743e-05
ABCA8,-1.819835271704204e-05
SIGIRR,-1.8214778019189152e-05
GPLD1,-1.821592812214325e-05
SEPTIN4,-1.821862027648495e-05
MIR217HG,-1.822898225686336e-05
PART1,-1.8249680834622903e-05
CCDC51,-1.828812401989466e-05
SHISAL2A,-1.830631087204976e-05
SPRY1,-1.8316988384900694e-05
FAM124B,-1.832076641479638e-05
IL19,-1.8324837014362903e-05
CMPK2,-1.8327475203076896e-05
TEX45,-1.8338431662847254e-05
ANKRD50,-1.8347956456931203e-05
CUL4B,-1.8361121041444197e-05
PIK3R4,-1.83765123553954e-05
AP001116.1,-1.838368969474627e-05
CASS4,-1.838669943876608e-05
GACAT2,-1.838769466695865e-05
PDCD4-AS1,-1.840667125154315e-05
PLA2G4D,-1.841020680831249e-05
SPATA17,-1.8411626356518376e-05
AP005136.3,-1.841633769040291e-05
ZNF584,-1.8444409798731084e-05
NRG3,-1.8445637281281552e-05
TWIST1,-1.8458487059538567e-05
SPHK1,-1.8459508772424568e-05
SYNPO,-1.8460843162037432e-05
UBXN11,-1.846825838558133e-05
GLIPR1L2,-1.84704516324155e-05
TNFRSF10C,-1.848189821995221e-05
WNT10B,-1.850391054044509e-05
ADAP1,-1.850861857872122e-05
CD80,-1.851665846692826e-05
TMEM268,-1.8526018593465047e-05
BATF,-1.8538773756221805e-05
GGNBP2,-1.8549230346544737e-05
LRRTM3,-1.855686298534502e-05
SLC19A1,-1.8560161867831427e-05
ITGB1BP1,-1.856428730103148e-05
TMPRSS11D,-1.8567342184985832e-05
MVK,-1.857348082439152e-05
ZNF503,-1.857685911838841e-05
LYPD1,-1.8585518453981016e-05
SMIM20,-1.858872055367953e-05
GHET1,-1.86064372721614e-05
APIP,-1.8610665153227744e-05
ELOVL2-AS1,-1.8612277283647097e-05
WBP1L,-1.8620514621508464e-05
SNHG19,-1.8633590165758703e-05
AKNAD1,-1.8641051269108723e-05
CNTN2,-1.865342723163305e-05
CCNJ,-1.8656812286041027e-05
GPN2,-1.8659352882161665e-05
PLEKHD1,-1.868470126333649e-05
SLC35B4,-1.870813613680704e-05
TMED6,-1.871355655433405e-05
RANBP6,-1.872020246352684e-05
F13A1,-1.872290421656275e-05
PRDM7,-1.873927984946145e-05
ZRANB1,-1.874651803947876e-05
OR6J1,-1.8748963845962096e-05
CAPRIN1,-1.874942068935059e-05
MMP28,-1.8751188984354303e-05
KREMEN1,-1.8778348246891297e-05
CDK11B,-1.878043148707701e-05
SKIV2L,-1.8780594355159557e-05
TSPAN14,-1.8803283159627652e-05
DZIP1,-1.881718295257387e-05
ZNF280B,-1.8836882829995283e-05
TENM2,-1.88439071637187e-05
UTP18,-1.885663735476818e-05
SH3GL3,-1.8879348852488085e-05
PRDM8,-1.888471747005507e-05
UPB1,-1.889774773688033e-05
ACTR1B,-1.8927751994814167e-05
DRAXIN,-1.895486007774049e-05
ZNF561,-1.895740461667401e-05
SERTAD2,-1.8960275929351685e-05
DNAH11,-1.8971134447475663e-05
CCDC153,-1.898427505088191e-05
PPIAL4G,-1.8986548883237924e-05
WDR88,-1.8991497418069497e-05
KLHL7-DT,-1.89929059462702e-05
TMEM87B,-1.899388489236508e-05
TEKT3,-1.9004292414820263e-05
AURKC,-1.9009966090728016e-05
SULT1C4,-1.902044918256202e-05
TXNDC8,-1.902399879593372e-05
NANOS1,-1.9046386194604582e-05
CALML4,-1.90499029918596e-05
ZNF132,-1.906273401794705e-05
LRRC24,-1.907213179250432e-05
BX537318.1,-1.907808109669971e-05
MYBBP1A,-1.908196747912737e-05
GJA4,-1.91034947842536e-05
DPYSL5,-1.91098615141751e-05
ABALON,-1.913370759217721e-05
PRRG3,-1.9144181541532165e-05
MALRD1,-1.914648172718132e-05
TRMT2B-AS1,-1.915325978843155e-05
THORLNC,-1.9160903347813825e-05
OVCH1-AS1,-1.918994566536596e-05
ZNF543,-1.9191728044954764e-05
DUOX2,-1.9199586094610128e-05
CCDC69,-1.9202998632460396e-05
ADAMTSL2,-1.920763984017727e-05
AF241728.2,-1.923779196111851e-05
TAS2R4,-1.925050591911584e-05
SLC1A2,-1.925115723961097e-05
TBC1D9B,-1.9268616226815807e-05
NLRP3,-1.929540769997868e-05
FUT8-AS1,-1.930966842226532e-05
SCARF2,-1.9325922347268175e-05
FGF10,-1.933714721455532e-05
NRIP3,-1.9339967534267445e-05
ZNF260,-1.9341447447257583e-05
TRIM23,-1.935109433958574e-05
CDH4,-1.936798078481203e-05
HMBS,-1.9378663090912287e-05
NUP210L,-1.9379669575446343e-05
LRRC47,-1.939014779636415e-05
CHN1,-1.9390543083034363e-05
SPATA16,-1.941983220353366e-05
ADGRB3,-1.943236839613391e-05
P2RY8,-1.94339797255294e-05
IGF2R,-1.943739850116016e-05
GAL3ST4,-1.9443676190923225e-05
GCSAM,-1.945253168292931e-05
DNAAF1,-1.945307321837074e-05
NAT1,-1.945566281472488e-05
SPART,-1.9465586671977784e-05
STKLD1,-1.9468293484918897e-05
C14orf93,-1.9486519520336523e-05
TOP1MT,-1.9492378549251077e-05
PCBP4,-1.952083582360829e-05
ZNF48,-1.9526609284917663e-05
MATN1-AS1,-1.9527824173568823e-05
ODC1-DT,-1.953315195444935e-05
OIT3,-1.9534672725686727e-05
KCTD17,-1.9538198133291005e-05
DMRT1,-1.953988325695593e-05
PDE8B,-1.9570103176077125e-05
SS18L2,-1.9572424610150963e-05
POLR1E,-1.9588151250347942e-05
FAT3,-1.9593077629635613e-05
ARHGEF4,-1.959588149435477e-05
DAZL,-1.960163201836993e-05
SHISA9,-1.960484249672545e-05
POLR3H,-1.962313309176058e-05
MKRN2,-1.962338231996498e-05
GIMAP1,-1.962829815771076e-05
CLIC4,-1.9631561008758036e-05
HAS3,-1.964624907807805e-05
ADCY10,-1.965103426757232e-05
BIVM,-1.9651279837424343e-05
DTX4,-1.965348853131746e-05
FLRT2,-1.965491316294038e-05
PID1,-1.966054060579468e-05
CACNG3,-1.9666766113354377e-05
MED6,-1.9667741418839764e-05
GGT5,-1.9669192618340688e-05
GHR,-1.967204467590956e-05
HS3ST1,-1.9696896271300936e-05
GTPBP6,-1.969994047740543e-05
KCNJ2,-1.97031995494354e-05
GINS3,-1.971312644720549e-05
IDI2-AS1,-1.9743344158895447e-05
GREM1,-1.974795186559653e-05
RXRA,-1.975728708420617e-05
C1orf189,-1.976603252633432e-05
AIFM3,-1.9773429717565088e-05
CUL2,-1.9779690600714647e-05
PCYT2,-1.9794404932507542e-05
C16orf46,-1.981381215837159e-05
B4GALNT4,-1.9823936346913508e-05
GAREM2,-1.983191052983005e-05
ANKFN1,-1.9839672504010227e-05
RXYLT1,-1.985180877557929e-05
ADCY5,-1.985784454393726e-05
KCNQ4,-1.986192284344305e-05
KIAA1324,-1.9877887599046203e-05
RAVER1,-1.9911655105520788e-05
ACSM3,-1.9922964746347764e-05
CAHM,-1.992376420718044e-05
MOK,-1.99346372533616e-05
AP000708.1,-1.9958832877182685e-05
MID2,-1.9963466305077103e-05
RBBP9,-1.996898551682283e-05
NRN1L,-1.996950568712451e-05
C17orf80,-1.997911987273534e-05
OPRM1,-1.998168578255455e-05
POPDC3,-1.9983592154585215e-05
DLGAP3,-2.0002049459553616e-05
ANKRD45,-2.0005603991482756e-05
SEPTIN9-DT,-2.0065873912154487e-05
MRPS21,-2.0068982082750977e-05
SLC25A19,-2.011943942551946e-05
FASLG,-2.012037005229055e-05
CPSF4L,-2.0138005681615568e-05
RIN1,-2.0152868012535085e-05
GAS1,-2.0172400682694044e-05
OR3A2,-2.01736970936327e-05
SLC7A10,-2.0199503292029323e-05
NHLRC4,-2.0208315479892143e-05
PIK3CD-AS2,-2.0209931873827e-05
MIR600HG,-2.0214767550442536e-05
NAE1,-2.0219746267477075e-05
SEPTIN14,-2.023417677182769e-05
DUSP2,-2.0249193926188505e-05
RSPH10B,-2.025162953420381e-05
SMAP2,-2.028693467054825e-05
TAF5L,-2.0293702824512737e-05
SUOX,-2.030485342570055e-05
SEZ6L,-2.0308722032590373e-05
DFFA,-2.031877634666632e-05
BPI,-2.035091069067672e-05
NBDY,-2.035576912071379e-05
SNX22,-2.0359575916911165e-05
CCR6,-2.037478572127646e-05
OLFML1,-2.039966158874034e-05
CD4,-2.041793880193208e-05
PPIL3,-2.0437895859702188e-05
BCL2L15,-2.0470477472594576e-05
ZNF70,-2.0484260912872185e-05
DIMT1,-2.0484565951904115e-05
PPP1R3D,-2.0485057632770404e-05
ZNF570,-2.0488510078184237e-05
SCGN,-2.0498795625020388e-05
EFCAB8,-2.0529475485867347e-05
MERTK,-2.054093983035588e-05
HOPX,-2.0547147686489376e-05
RIDA,-2.0548647464934583e-05
FKBP6,-2.055125863018319e-05
PARTICL,-2.057284666111721e-05
ZNF404,-2.057441192779273e-05
BCHE,-2.0580782741166624e-05
PKNOX2,-2.0581745494499467e-05
KLHL6-AS1,-2.058207444896937e-05
PODN,-2.059213049459794e-05
PLAC4,-2.062150945302577e-05
IL1R1-AS1,-2.062786505667524e-05
S1PR3,-2.0648447864151014e-05
LZTS1-AS1,-2.0656997567476317e-05
TSBP1-AS1,-2.067272424786867e-05
Z83844.2,-2.0681572703419723e-05
ACOT2,-2.0695687980884634e-05
NPIPA9,-2.070165866578884e-05
UNC13A,-2.070272471186276e-05
GLMN,-2.070337418400038e-05
SLC24A4,-2.070543619634053e-05
SH2D1B,-2.072715196357323e-05
GDPD5,-2.0772252911022048e-05
RIPPLY3,-2.0804745937890117e-05
KLHL7,-2.0832890062300647e-05
SOGA3,-2.0833809556249157e-05
ACTR10,-2.0845027357421817e-05
AP001627.1,-2.084918888089108e-05
CCDC180,-2.0858475561644767e-05
TNFRSF10D,-2.088048291870971e-05
KCND3,-2.0881321137255587e-05
DBH-AS1,-2.088163191199941e-05
TMSB15B.1,-2.088582050985835e-05
CDH2,-2.0887329232273438e-05
AGGF1,-2.089351782800713e-05
SDC2,-2.090601875575903e-05
DISP3,-2.091290196315931e-05
PRKCD,-2.092915348729532e-05
LPAR5,-2.095965554595276e-05
ASIC4,-2.097390743380266e-05
P2RY12,-2.0996152733991128e-05
CACNG4,-2.1005176918491555e-05
CCDC144NL-AS1,-2.1006322796322632e-05
CTNND2,-2.1021900851196903e-05
PRMT7,-2.1045479032442795e-05
TDRKH-AS1,-2.1048225008493218e-05
GATD3B,-2.105305948644645e-05
ADAT2,-2.106440872610816e-05
RAB7B,-2.106536328964704e-05
Z99127.1,-2.10664671227786e-05
KITLG,-2.1070033625327694e-05
VPS33A,-2.1070217272223352e-05
GLIPR2,-2.1084602392904435e-05
BRINP1,-2.108495710629205e-05
ZNF350,-2.1085715512679097e-05
MTMR7,-2.109961974370241e-05
CAMTA1-DT,-2.11001073469908e-05
TEX38,-2.110914533106252e-05
ZNF653,-2.111025003212931e-05
GOLGA5,-2.112214407617196e-05
POU2AF1,-2.114473351029552e-05
LRRC8C-DT,-2.114747233248528e-05
DNAI2,-2.1153885387407666e-05
CRIM1-DT,-2.115418226435643e-05
SLA2,-2.1197370041606383e-05
VPS11,-2.121021714475791e-05
RTL8C,-2.1219721164881272e-05
MRPL45,-2.1230583047269124e-05
COL3A1,-2.123288484493525e-05
USP2,-2.125353934366937e-05
DBT,-2.1261932178066832e-05
LIMD2,-2.1267361066142603e-05
ISLR,-2.127061729757795e-05
PLPP7,-2.1272986681768043e-05
CD300E,-2.127743077870115e-05
AP001599.1,-2.1287101894943988e-05
CAMK4,-2.1293363769521088e-05
AS3MT,-2.129365973957417e-05
APOA1-AS,-2.130332508801611e-05
LRIG2-DT,-2.1306728570060892e-05
PAX8,-2.131333729867301e-05
PDE1C,-2.1325513729091504e-05
DNAH2,-2.132962338542673e-05
CNTN6,-2.133752719210376e-05
CYB5RL,-2.133853368984748e-05
GLIPR1,-2.136540174360969e-05
C1orf100,-2.1369538918161844e-05
SLC8A2,-2.1371287224447062e-05
SDK2,-2.13828277442225e-05
WFDC1,-2.138650274718785e-05
EFEMP2,-2.138887793160642e-05
SCNN1G,-2.140287455184785e-05
PMPCA,-2.1404675866958025e-05
ARF4-AS1,-2.1417380558113883e-05
AF001548.2,-2.1443015649911107e-05
BIN2,-2.1466379490497133e-05
TTC39C-AS1,-2.1467127311827834e-05
MYH10,-2.148107407149089e-05
THAP3,-2.1487879668536387e-05
KCNK10,-2.1489208759913487e-05
DNAI1,-2.149077558916437e-05
PCDH12,-2.15005606662657e-05
POGLUT1,-2.150092113027948e-05
B3GNT5,-2.150362333763626e-05
SNAP25,-2.150425580171465e-05
PDGFRA,-2.151771472860308e-05
ROR1-AS1,-2.155080655783851e-05
LCA5L,-2.1553007577314286e-05
CACNA2D2,-2.1560087326957755e-05
P2RY11,-2.156947425020521e-05
PCDHGA9,-2.1571874813350135e-05
COL14A1,-2.158803777032287e-05
NLGN1,-2.1591312023892666e-05
FRS3,-2.1597441126564872e-05
SAMD9L,-2.1598228499396625e-05
CDKN2AIPNL,-2.160896049053641e-05
TMEM156,-2.1615922944773805e-05
C8orf34,-2.1621638698681e-05
MYOZ3,-2.1639730863411377e-05
SOS1-IT1,-2.165408673497567e-05
MCMDC2,-2.1661917093863438e-05
TRMT2A,-2.1668598886987392e-05
RBFOX3,-2.1692879611373524e-05
PTPRO,-2.1702988878023893e-05
AP005233.2,-2.170949419244354e-05
SLFN12L,-2.1715932838044336e-05
WT1-AS,-2.172782319047149e-05
KBTBD3,-2.1731736075898183e-05
SCARNA9,-2.1732352293445848e-05
NUP43,-2.1740376613771536e-05
CADM1,-2.174150815305085e-05
NOX4,-2.174274975416872e-05
PRRT1,-2.1744282215536826e-05
NSFL1C,-2.174509114270682e-05
MOB2,-2.1758102514112817e-05
SLC24A2,-2.176707056744197e-05
ANKRD53,-2.1772869030656424e-05
ATAD1,-2.1786799320639243e-05
RFT1,-2.1799818923222568e-05
WDR13,-2.180317099194805e-05
F11-AS1,-2.180570114395386e-05
MAPT-AS1,-2.180805228518224e-05
SIX5,-2.183552343573558e-05
C4orf50,-2.184201090770728e-05
SLC26A4-AS1,-2.1856520255720173e-05
SHF,-2.1870152252537914e-05
PRDM5,-2.187672479030657e-05
P3H2-AS1,-2.188210760136351e-05
TESMIN,-2.189845170075476e-05
SACS,-2.190968583338991e-05
HECTD3,-2.1914923073418047e-05
ZNF844,-2.1919204733400905e-05
SLC5A6,-2.192929613348196e-05
TMEM53,-2.1968292771634407e-05
RLIM,-2.1981929962181523e-05
SEPSECS-AS1,-2.198918708529683e-05
WNT3,-2.2000554011628077e-05
UCHL1,-2.2006400803594906e-05
BEGAIN,-2.2009051275373327e-05
MB21D2,-2.2036172351398277e-05
RHOA-IT1,-2.205711600927084e-05
DENND10,-2.206209863804093e-05
MIR155HG,-2.206456040013835e-05
ZBTB2,-2.207244968814338e-05
SERPINE3,-2.2085961566296848e-05
SNRNP48,-2.2086830100659236e-05
BAG2,-2.2099128591637555e-05
ZMYM3,-2.2106242344559982e-05
NME5,-2.211338088859721e-05
SRRM2-AS1,-2.212102471871289e-05
ZSWIM8-AS1,-2.2125659773393992e-05
RNASE6,-2.2139448355013556e-05
ASPHD1,-2.2159591996993275e-05
FP325332.1,-2.2160245087947717e-05
RP2,-2.2160915421309866e-05
SAMD11,-2.218147029465792e-05
GRK7,-2.2219286398848785e-05
BX088651.4,-2.222363076397912e-05
FAM83A,-2.222970297376448e-05
TMX3,-2.224816031293821e-05
NPR2,-2.225977048780403e-05
C6orf136,-2.226335144754404e-05
COMMD4,-2.227302940505332e-05
PECR,-2.2277178271391573e-05
ZNF500,-2.228150297354245e-05
OOEP-AS1,-2.2295730588125783e-05
LMO3,-2.2321266071014845e-05
CPT1C,-2.232298895666785e-05
MDH1B,-2.23447282359436e-05
DDX43,-2.2360758879125124e-05
FAM71F2,-2.2367602239473e-05
GNRH1,-2.2381679403308502e-05
PLPPR5,-2.2385109613149324e-05
GRIK2,-2.241881341780792e-05
ZNF221,-2.244384321855684e-05
TMPRSS12,-2.245063524656861e-05
TMTC4,-2.2464892487043403e-05
DRD2,-2.2464895698764697e-05
EPHA6,-2.2508975709015785e-05
ITGAV,-2.2511302980224468e-05
CERK,-2.25125403283782e-05
TRIM5,-2.252690701167032e-05
TAF6L,-2.253543283608375e-05
SUN3,-2.254431732861104e-05
CASTOR2,-2.2560019161523707e-05
PIGF,-2.2566536210562186e-05
MEIOB,-2.2570633174332707e-05
SIGLEC5,-2.258349685890545e-05
CXXC1,-2.2601209522317843e-05
POM121C,-2.260957702296116e-05
ALK,-2.264503687528422e-05
C6orf163,-2.264946202647303e-05
KLF7-IT1,-2.2658486286966104e-05
ERP27,-2.2676343076662688e-05
ZNF385C,-2.2680456718339048e-05
CRB2,-2.2686453689706605e-05
FRMD6-AS1,-2.2699904947235136e-05
EIF4A2,-2.270287900067773e-05
CHRD,-2.2706684172126124e-05
KLK10,-2.271410518251308e-05
UBLCP1,-2.2715094125286943e-05
GTF2B,-2.271881346342241e-05
NLGN2,-2.2725213543946415e-05
ZMYND15,-2.273434786232876e-05
E2F2,-2.273475490066062e-05
ROBO2,-2.2736405611504345e-05
CLEC11A,-2.2778594451610137e-05
NBN,-2.278309565392128e-05
PTPN11,-2.279164930519958e-05
NTN5,-2.281287832811221e-05
CDC42-IT1,-2.281644129087862e-05
DDX4,-2.281973198158205e-05
AF228727.1,-2.28235042592454e-05
NTRK3,-2.282787785237239e-05
F5,-2.284527884276555e-05
CPNE9,-2.2865771291889615e-05
CD37,-2.2867676518419298e-05
NIBAN3,-2.287507733905073e-05
TUBGCP6,-2.287570396237467e-05
TTC23L,-2.2881423141735934e-05
COL5A3,-2.2881912901110683e-05
BAAT,-2.288821692701618e-05
CARS-AS1,-2.289264215870244e-05
FBXO25,-2.289814936647801e-05
PDE6A,-2.29051344823006e-05
ATP2C2-AS1,-2.290553651049588e-05
FITM1,-2.2906528297392676e-05
RFNG,-2.290685668202758e-05
GDAP1L1,-2.290855702100001e-05
GLRX3,-2.292659873340716e-05
BVES-AS1,-2.292931707732505e-05
VWCE,-2.295532030835589e-05
IL17RA,-2.29571489015088e-05
U47924.2,-2.298012815931088e-05
GOT1,-2.299141571690091e-05
SULT2B1,-2.300077064614543e-05
IGSF10,-2.300111498499948e-05
THNSL2,-2.300224127223683e-05
ARTN,-2.3010607487723647e-05
HLA-DOB,-2.302482062457341e-05
JDP2,-2.302527289497352e-05
LARS2-AS1,-2.3050872022651734e-05
INIP,-2.3070169816765075e-05
NOX5,-2.3075369257852585e-05
SLC25A46,-2.30766332882969e-05
ZNF771,-2.3079791883739077e-05
SLC26A10,-2.3094748675350007e-05
PLOD2,-2.310998942253152e-05
HDAC1,-2.3113145465431883e-05
SLC25A38,-2.3136925743210147e-05
U2AF1L5,-2.3150525036953916e-05
TAOK2,-2.315438903008633e-05
GFI1,-2.3159600803247792e-05
STAT1,-2.3160626880068768e-05
MAN2A1,-2.3170987262119997e-05
SARS2,-2.3175707554310404e-05
ADAM10,-2.3176734544095846e-05
SSC4D,-2.317951836002727e-05
ANKRD30BL,-2.317980464268529e-05
ALDH5A1,-2.32025833827069e-05
SEPTIN1,-2.320612964319928e-05
POP5,-2.3215938327677585e-05
GNAI3,-2.3218428971505856e-05
OR10G3,-2.323656215879593e-05
SHOX2,-2.3237261964517544e-05
KCNK4,-2.324094368489541e-05
DUSP18,-2.3255813335169417e-05
MIR4422HG,-2.328355633606485e-05
MUC6,-2.328613305039721e-05
APCDD1,-2.3286444660971025e-05
ZCCHC9,-2.3296211890887264e-05
RGS9,-2.3311485160666345e-05
ADORA2A-AS1,-2.332630915253784e-05
IRF4,-2.3347251132868395e-05
MAB21L4,-2.339986190894137e-05
DDX20,-2.3409079431363524e-05
SNTN,-2.341050466274751e-05
CCS,-2.344106455547607e-05
COL12A1,-2.3468933908182548e-05
RIMBP2,-2.3501482970149456e-05
UBE3A,-2.3509797897100792e-05
GABRB2,-2.3510340843784214e-05
EPHB3,-2.352859947168918e-05
HID1,-2.3560504963910484e-05
CCAR2,-2.356984637951877e-05
CTF1,-2.357412666512728e-05
Z83745.1,-2.3588512049312624e-05
ANKRD20A4,-2.359377172802053e-05
CCDC134,-2.360259408069983e-05
SATB1,-2.3625768604388426e-05
LSMEM2,-2.3630301833322824e-05
BGLAP,-2.363183126701365e-05
ANGPTL8,-2.3679579965413715e-05
ASCC2,-2.3692376658667868e-05
CLEC18B,-2.3699703085296957e-05
CELF4,-2.3703152613963015e-05
MON1A,-2.370848329561734e-05
ZMAT4,-2.371557178930308e-05
LRFN5,-2.374914820227188e-05
TP53TG5,-2.3777282389158684e-05
WDFY4,-2.3790800647060523e-05
TMEM8B,-2.379923230583469e-05
NWD2,-2.380871643002728e-05
SHBG,-2.3820693904468884e-05
LTK,-2.3837904947428485e-05
ADH6,-2.383925947141549e-05
SLC10A6,-2.3890966019622117e-05
PPT2,-2.3896722615382912e-05
DACT3-AS1,-2.3898054387080293e-05
P4HA2-AS1,-2.391143496684125e-05
SRRM5,-2.392888310375192e-05
RHOH,-2.394002120353929e-05
CDC42-AS1,-2.3951793643969698e-05
BCL6B,-2.3959743812649117e-05
KLHL32,-2.397410097232365e-05
RFPL3S,-2.3976233286595745e-05
CD44-AS1,-2.3976442489621623e-05
MINDY1,-2.3991527719036422e-05
EFCAB12,-2.3991558672687008e-05
SIRT4,-2.401155342657224e-05
MEOX1,-2.401702855271574e-05
FBXO39,-2.4020908572264344e-05
SLAMF6,-2.402744365185042e-05
C12orf45,-2.403571677095491e-05
SLC30A5,-2.405285106461508e-05
ITGB5,-2.405487007835733e-05
CARMIL2,-2.405650194556909e-05
ANOS1,-2.4070339610844e-05
HSPA12B,-2.4103101360027016e-05
CAPN12,-2.411421597530504e-05
STK40,-2.412606504792025e-05
SMC2-AS1,-2.414367468306261e-05
SZT2-AS1,-2.4145923448443303e-05
ARFGAP3,-2.4168009110494788e-05
TNN,-2.4194690343526277e-05
ZBTB37,-2.421584666162743e-05
CASP7,-2.4236675865006908e-05
LINGO2,-2.4240426215070227e-05
FOXRED1,-2.4241929952118343e-05
RBM5-AS1,-2.424286406399199e-05
TSPYL4,-2.4250555090720185e-05
ZNF823,-2.425668415069805e-05
XACT,-2.4261000164092e-05
FGF9,-2.429077431132171e-05
ZNF12,-2.4295779009476125e-05
C12orf65,-2.4311581020136908e-05
APC2,-2.4313999984189206e-05
PDIA5,-2.43590832787804e-05
TM6SF2,-2.437342511008516e-05
CNN1,-2.4376862905503208e-05
MRPL20-AS1,-2.43789055795012e-05
ZNF649,-2.438304504002665e-05
AP003120.1,-2.438585718518838e-05
QTRT1,-2.4409546712882752e-05
GLYATL1,-2.4411368003166837e-05
TP53INP1,-2.443647362507168e-05
UBE2Q2,-2.444808468929397e-05
U73169.1,-2.4481080013922183e-05
ABRAXAS2,-2.449189645118093e-05
HES2,-2.4508315301096785e-05
SIRT3,-2.4535655296822737e-05
MIS18A,-2.453856469558419e-05
SLC45A1,-2.4555512072317503e-05
FBXO32,-2.4578026109674536e-05
MCUR1,-2.459755672465581e-05
OXER1,-2.459886891266693e-05
FOXP2,-2.4603319214986575e-05
CD109,-2.46111626721403e-05
CENPS,-2.461498807242745e-05
SLC14A2,-2.4639098406251137e-05
NANP,-2.4643547839187715e-05
ACSL4,-2.4652122064602607e-05
EPHA5,-2.465254228768395e-05
UBE2F,-2.467921150494486e-05
SEC24C,-2.468173030048039e-05
SH3BP4,-2.468962025919937e-05
SNUPN,-2.4691360362231176e-05
AP001922.5,-2.4711472312213765e-05
KCTD21,-2.474027174987657e-05
AF123462.1,-2.475285960673601e-05
ZNF563,-2.479098328340876e-05
NR4A3,-2.479533786991624e-05
DHH,-2.4798420487111342e-05
NRROS,-2.4802147686964757e-05
SLC45A2,-2.482963485028958e-05
BUB3,-2.483508391522823e-05
IL34,-2.483764457200839e-05
PDYN-AS1,-2.4853267089610483e-05
CCDC81,-2.485531344517188e-05
SLC2A9,-2.485745519782898e-05
C16orf71,-2.487003994720662e-05
TRAT1,-2.4888935161993324e-05
PACSIN1,-2.4894430282490183e-05
NAALADL2-AS2,-2.489768556745802e-05
SCNN1B,-2.489998680377472e-05
BCLAF1,-2.4913732721275137e-05
UMODL1,-2.492283200311995e-05
SH2B2,-2.49230828037908e-05
EAF1-AS1,-2.4952603056047757e-05
AP002892.1,-2.495428682604632e-05
DIAPH1,-2.4959012954947563e-05
DOCK8-AS1,-2.4982458140200875e-05
ZNF433,-2.498307086324077e-05
H1FX-AS1,-2.501024163767669e-05
DPP10,-2.502221158354624e-05
C11orf96,-2.502894192626884e-05
ARHGAP30,-2.5033769682771923e-05
TNS4,-2.5034280244929132e-05
PEX5L,-2.5042389260928973e-05
PARVG,-2.504580558273445e-05
KPNA6,-2.50496026239969e-05
TSG101,-2.505034988158552e-05
HYDIN,-2.5050748963782973e-05
RCOR2,-2.507182302137118e-05
CYS1,-2.5075436585196743e-05
KLRB1,-2.5093188156375255e-05
TAF11,-2.5106197682128245e-05
IRF8,-2.5121705130081168e-05
CYP51A1-AS1,-2.5121775943908216e-05
PROM1,-2.5129935594652413e-05
ZDHHC23,-2.5137168534754847e-05
DOCK9-DT,-2.514591731180754e-05
PLXNA4,-2.515085810049762e-05
CLEC7A,-2.5153018156990025e-05
ATP1A4,-2.517672512505988e-05
NECTIN3-AS1,-2.5188546140492663e-05
CHD5,-2.521072756160394e-05
ABITRAM,-2.5217534389705897e-05
FAM72D,-2.5244499159307757e-05
CU633906.2,-2.525465400130108e-05
DTX1,-2.527413787642721e-05
STK32B,-2.527780262266308e-05
UBE2Z,-2.5281756403708583e-05
ZNF575,-2.528246440334129e-05
NIBAN1,-2.528710730660704e-05
AF121898.1,-2.528768192601187e-05
PTGER4,-2.5288041694327724e-05
BASP1-AS1,-2.529707034030037e-05
TNF,-2.529936832698146e-05
LUZP2,-2.530380277192833e-05
TNFRSF11A,-2.531260030897782e-05
CCDC26,-2.531462231071775e-05
AP005328.1,-2.5339873535773876e-05
PKIG,-2.535369283641935e-05
CNTN5,-2.5354242109348688e-05
DIO2,-2.535596759251708e-05
RSPH9,-2.535607107536342e-05
KHNYN,-2.535643021681225e-05
UBA5,-2.537352892899892e-05
C10orf55,-2.5381667597370797e-05
CELSR3,-2.5393713258083932e-05
MRPS5,-2.539547634822973e-05
HIKESHI,-2.54046573491132e-05
MAP3K19,-2.5409397419206675e-05
SULT1A4,-2.5423470071187382e-05
PLS3,-2.542382364538415e-05
RNF212B,-2.543048079871118e-05
GMIP,-2.5454739008293258e-05
SMAD1-AS1,-2.546203624175495e-05
EDC3,-2.5471904373063776e-05
EXOSC10,-2.5484203384106545e-05
CSF2RB,-2.54987389303928e-05
NLGN4X,-2.551145177964864e-05
DDX59,-2.5512621478644347e-05
Z97055.2,-2.5514857265421197e-05
ATF6,-2.5516573632470305e-05
TPTE,-2.5529115929276316e-05
SMTNL1,-2.553187607497052e-05
MIP,-2.55569239419275e-05
MILR1,-2.5561195788863517e-05
TEX14,-2.55793422278625e-05
CNGB1,-2.558441499012355e-05
ZNF764,-2.559133087892976e-05
IZUMO1,-2.5598595250527808e-05
RIMS1,-2.560230652838768e-05
SIX4,-2.5613846465338364e-05
GNA13,-2.5614123464902187e-05
EMB,-2.5616269999893364e-05
AP003472.1,-2.561768595827114e-05
SPATA41,-2.56233178099946e-05
RPA4,-2.563578245336069e-05
CYP4F3,-2.563757092686008e-05
PRSS27,-2.570523271613284e-05
PEBP4,-2.5718912474998897e-05
RIPK4,-2.5737184968076487e-05
NR5A2,-2.5743098250718756e-05
PECAM1,-2.5751916857296395e-05
IKBIP,-2.576728947577388e-05
PPFIA3,-2.5778458186114445e-05
AP002762.3,-2.58301540498582e-05
CALML3-AS1,-2.583106233435136e-05
HOXA4,-2.5833047458737035e-05
CEP41,-2.5836339338639614e-05
CHST3,-2.5851719596853605e-05
WFIKKN1,-2.5859654256918625e-05
DIO2-AS1,-2.587376324483253e-05
LARGE2,-2.588583658240646e-05
IPO7,-2.5891287802066392e-05
GSDMA,-2.5894652223273592e-05
ARMC12,-2.5900449555019515e-05
SLC25A30,-2.5901751213131812e-05
CD3D,-2.590905444318621e-05
EPHB6,-2.5913263721557224e-05
C5,-2.5945964628350748e-05
APH1B,-2.594884373485742e-05
TMED2-DT,-2.5954910717124648e-05
USP19,-2.5971605024492907e-05
FAM167B,-2.597804674910056e-05
POFUT1,-2.5984977718073838e-05
PSG9,-2.600187331723485e-05
MIIP,-2.600762663804977e-05
ACOX1,-2.602769389921536e-05
DRC1,-2.604369177678594e-05
TMEM220,-2.6044847045822098e-05
TRAF3IP3,-2.606299651689316e-05
CALCR,-2.6068509560117112e-05
ASB18,-2.6075531827297337e-05
TSPAN32,-2.607901721283758e-05
FGF18,-2.6094587781659927e-05
C1orf54,-2.6100299094580795e-05
N4BP3,-2.6103579640320727e-05
EXOSC7,-2.611819739333007e-05
MACO1,-2.6133832625032006e-05
RBM14,-2.6176454510857344e-05
MMAB,-2.6179001265416917e-05
Z98884.1,-2.619144573201513e-05
OOSP3,-2.6195871898943973e-05
ZNF556,-2.6219337648187917e-05
AP005059.2,-2.6244972041402564e-05
GFI1B,-2.6248422324652744e-05
LBX2,-2.624930289224032e-05
NT5M,-2.6314042998917424e-05
CNNM1,-2.6320813832257192e-05
CALHM5,-2.632311128857997e-05
CHAD,-2.632837431206716e-05
PPM1N,-2.6329548736363875e-05
TMEM132D,-2.633097628371904e-05
ERICH5,-2.633470894141137e-05
AP002807.1,-2.6361775014726946e-05
PARD6G,-2.6369735580441706e-05
RTCB,-2.637533532905004e-05
ABCB4,-2.638869324323016e-05
TAGLN,-2.641197354256973e-05
ERVMER61-1,-2.6416130952339957e-05
AKIP1,-2.642043032971964e-05
KCNV2,-2.6469241947975615e-05
EPS8L1,-2.648501094762253e-05
RGS14,-2.649390526722592e-05
RAB24,-2.652659769632868e-05
VXN,-2.652686673283522e-05
ZBED3,-2.653990194093957e-05
CDH18,-2.654473281045921e-05
PCP4L1,-2.6563964992968698e-05
LHX4,-2.6567798182864853e-05
PAOX,-2.6576195564477475e-05
KANSL1-AS1,-2.6584334591426968e-05
PHF19,-2.658688834922376e-05
EPDR1,-2.6606406967642663e-05
RAC3,-2.660976425330302e-05
ELAVL1,-2.661321953000849e-05
DIRC3-AS1,-2.662750889183917e-05
FAM27C,-2.662753536950192e-05
RSPRY1,-2.6632197759534187e-05
BDKRB1,-2.663644541925971e-05
DMTN,-2.664003847001599e-05
CFAP57,-2.664586794299164e-05
GPR82,-2.66522713692354e-05
ABCC12,-2.666322439781118e-05
ZBTB44-DT,-2.669064595982073e-05
KIAA0930,-2.6694575929475835e-05
ZNF502,-2.669739066391821e-05
PPM1K-DT,-2.6706272293099236e-05
FAM169B,-2.6708648790057695e-05
APOL3,-2.674630845401728e-05
TMEM132C,-2.6761548412654342e-05
HPF1,-2.676780735936981e-05
GPR132,-2.6768558636127945e-05
BRICD5,-2.677440708489407e-05
H2AFJ,-2.6780300984657043e-05
TNFAIP3,-2.678831006914663e-05
MYBPC1,-2.680003352127904e-05
CSMD3,-2.6804628965028632e-05
DDR2,-2.682032995476021e-05
HSD17B4,-2.683804795161992e-05
SLC38A4,-2.684531720558864e-05
ITFG1-AS1,-2.6851084574217537e-05
GPR65,-2.685513528806444e-05
NQO2,-2.685533700910967e-05
ADAMTS7,-2.688190425621277e-05
RASA2-IT1,-2.6883987392930524e-05
SPART-AS1,-2.6894451878385676e-05
SEC14L5,-2.6914351131433866e-05
KCNA7,-2.6924547377525175e-05
ATP11A-AS1,-2.693198334636981e-05
HEATR9,-2.694074448762894e-05
PSIP1,-2.69452431519454e-05
RYR2,-2.694606953398728e-05
HPGDS,-2.6957545268800323e-05
DIO3OS,-2.6966215937526e-05
STAB2,-2.6967261153913983e-05
RBM23,-2.698279438203374e-05
EID3,-2.6986034379470908e-05
SEMA6C,-2.7002988250800224e-05
SUSD6,-2.7024361981764235e-05
ZCWPW1,-2.702760716852897e-05
ADAM29,-2.704114613719978e-05
AP000897.2,-2.7049315771958587e-05
TRABD2A,-2.7049579680167425e-05
PLCE1-AS2,-2.707729743429598e-05
COG1,-2.7136623640014412e-05
CRIM1,-2.713981377599244e-05
GPR17,-2.714058001409795e-05
ZBTB8B,-2.71499005481724e-05
PHKA2-AS1,-2.7175157686555656e-05
ANLN,-2.7179419674801616e-05
FSTL4,-2.718876947382188e-05
APBA3,-2.718970980894867e-05
AP002989.1,-2.7192696225831483e-05
PCDHGB7,-2.720361426274999e-05
CCT6B,-2.7211218628948012e-05
VSNL1,-2.72236749670866e-05
SLC7A14,-2.723684162108474e-05
ADAMTS1,-2.725226147861665e-05
C3orf79,-2.7252287720134355e-05
CYB561D1,-2.725434742239171e-05
KAT7,-2.725475255946184e-05
KCNH7,-2.7256546957463304e-05
RCAN2,-2.726186132213402e-05
PFKL,-2.7269299457794647e-05
NTM,-2.727829699222309e-05
EHD1,-2.728797071906305e-05
RBMXL1,-2.729404495338353e-05
ARRB2,-2.730386280515749e-05
GNRHR,-2.731432954397553e-05
ELDR,-2.733743251173827e-05
CLEC5A,-2.733772781066822e-05
LIPC,-2.734665043978336e-05
TARDBP,-2.7352795583332407e-05
ADCY1,-2.735962373455837e-05
SLC35G5,-2.7366223792362807e-05
ST6GAL2,-2.741372593166009e-05
SH3BGR,-2.74273080319814e-05
TCTN1,-2.7440830946763645e-05
RWDD2A,-2.7441130937308217e-05
IVD,-2.744419828200465e-05
HSD11B1-AS1,-2.7463550883469695e-05
RAB23,-2.7466013528087207e-05
WDR97,-2.747001927625891e-05
SUZ12,-2.7475059467717707e-05
KLF11,-2.7481178549312495e-05
CPB1,-2.7495023028144408e-05
MBTPS2,-2.749658036939673e-05
SLC4A10,-2.7497023648660637e-05
GLS2,-2.751169588172484e-05
CARD9,-2.7512069793682623e-05
EP300-AS1,-2.7521998056583115e-05
TMEM17,-2.752583868953938e-05
NECAP1,-2.7544480406346373e-05
FANCG,-2.7546789258864306e-05
TMEM26,-2.758421993321213e-05
LRRIQ3,-2.758656479170789e-05
RORC,-2.7592702470612044e-05
GPRIN1,-2.7593618641112284e-05
CBLL1,-2.7618739830325524e-05
DTYMK,-2.76372635470839e-05
CCSAP,-2.766098222797607e-05
TTC21B-AS1,-2.766786645246287e-05
MIAT,-2.767291787372828e-05
TMEM212-AS1,-2.7700635741175604e-05
RUNDC3B,-2.771305102190723e-05
HEYL,-2.7715204537354845e-05
KLRC1,-2.771852527679808e-05
SEMA3G,-2.7725132964613877e-05
ALG11,-2.7735558987376157e-05
ARHGAP4,-2.7738558221501542e-05
EIF3B,-2.7744858572895356e-05
SEMA6A-AS2,-2.7745094931763445e-05
ZNF32,-2.7764912123427403e-05
ZNF331,-2.77888265501913e-05
PIP5K1C,-2.779349975118922e-05
ST8SIA5,-2.7821247749268336e-05
AP001347.1,-2.782125953407788e-05
ZNF569,-2.782702487075321e-05
PSMG4,-2.7852149647525464e-05
ZNF184,-2.7852293151788516e-05
MEIS3,-2.7854868822560182e-05
MAMSTR,-2.785680722499472e-05
PIMREG,-2.789628594267135e-05
CCDC15,-2.790261250088844e-05
GALNT16,-2.7929216405825012e-05
HM13-AS1,-2.795697968849227e-05
PKLR,-2.796172311593296e-05
SIX1,-2.7978713544829822e-05
ZNF391,-2.7979047299913624e-05
DVL2,-2.799663473663171e-05
LPP-AS2,-2.8010985725465697e-05
ADAM19,-2.803565307784138e-05
CFAP299,-2.80418735025468e-05
FOXH1,-2.805122264677258e-05
IL10RA,-2.806725486995381e-05
TEAD3,-2.8070198375209604e-05
VPS16,-2.8074931144185373e-05
SGCD,-2.8083547003464336e-05
TRIB3,-2.808488741298524e-05
TPD52L2,-2.808647326789808e-05
KDF1,-2.8090987298826404e-05
MCM5,-2.809437889855493e-05
VAMP1,-2.810691004443742e-05
DNAJC27-AS1,-2.8108029142580692e-05
BZW2,-2.8118068882545275e-05
TPH1,-2.8123979781800287e-05
BEST3,-2.812747329495806e-05
ITPKB,-2.816503340545336e-05
DCUN1D5,-2.8182110730173358e-05
PATZ1,-2.818352760956225e-05
CLPB,-2.819339164377546e-05
CLBA1,-2.8209077975271897e-05
SLC4A9,-2.8227672007615288e-05
HSD11B1L,-2.822991614503348e-05
MYOZ2,-2.8283276971888407e-05
MN1,-2.8284857441414744e-05
HDC,-2.8314913722423963e-05
RNPEP,-2.8325164546872693e-05
POLR2J2,-2.835867004939088e-05
UNC45B,-2.8377667540226857e-05
PLPPR1,-2.837954172000912e-05
LOH12CR2,-2.840495959724894e-05
ZNF507,-2.8433221234818565e-05
WDFY3-AS1,-2.847463819492393e-05
EMID1,-2.847748799426532e-05
ELSPBP1,-2.8479525100231383e-05
DNAJC18,-2.8484638872369565e-05
RAB40AL,-2.848737663820156e-05
SLCO1B1,-2.8522016246954827e-05
CDK20,-2.8554821631999455e-05
MEX3B,-2.856540188591281e-05
SLC7A7,-2.8580348261679485e-05
FER1L6,-2.860343786423317e-05
FXN,-2.8613324801429417e-05
FRZB,-2.862392343163835e-05
AP1M1,-2.8642504211058787e-05
GOLGA8N,-2.864265295410556e-05
TRHDE,-2.8648968702936385e-05
Z93943.1,-2.8652886807299072e-05
ZNF667,-2.866545177460832e-05
ADAM23,-2.866722733408085e-05
GUCY1A2,-2.86724475352022e-05
ACE2,-2.8682393385694548e-05
ADAM8,-2.869254395145452e-05
PPEF1,-2.869826952768313e-05
TTLL13P,-2.8718334666914127e-05
ELAVL4,-2.8721133216306152e-05
CCDC97,-2.874132372309476e-05
EXTL2,-2.8747480375211795e-05
TAPBPL,-2.8751709170381808e-05
CCDC65,-2.875657583658801e-05
SEC23A-AS1,-2.875701161468757e-05
TMEM161A,-2.8781188439748432e-05
TBX18-AS1,-2.880251921454645e-05
GATC,-2.8809989205987158e-05
NUFIP1,-2.881481226410321e-05
WNT11,-2.8828407604333717e-05
SCN1A,-2.8839429579078465e-05
FLNC-AS1,-2.886176586611529e-05
CYP11A1,-2.8893267162915694e-05
PRAM1,-2.8893568872571045e-05
NNT,-2.89037396879452e-05
PKIB,-2.890430923944156e-05
TAF4B,-2.8911237411622935e-05
EFCAB9,-2.8921312964203977e-05
IL26,-2.8958848812457383e-05
LRRC2,-2.8995928992456407e-05
NKAPL,-2.9003273267169804e-05
SRP19,-2.9025866490121988e-05
PMM1,-2.903121044297863e-05
AQP11,-2.9041917642069453e-05
AF127936.2,-2.9077024100370452e-05
KIF5A,-2.910784479171998e-05
ACVR2B,-2.911296610088041e-05
AZI2,-2.9114605313719368e-05
EHD3,-2.9124418999037405e-05
ZNF501,-2.912852563996233e-05
FKBPL,-2.9134798368143215e-05
XK,-2.9148012538298426e-05
TRIM68,-2.9181524154866883e-05
LOXHD1,-2.9185574674570567e-05
ZDHHC7,-2.918771069028499e-05
GPR85,-2.9227294022517555e-05
CSRP3-AS1,-2.923571269522377e-05
SERF1A,-2.924250614672928e-05
NKD1,-2.9249825113368832e-05
NAA30,-2.9253202821448363e-05
HOMEZ,-2.925365049943871e-05
LACTB2,-2.9294941865588168e-05
GTF3C1,-2.930368711754759e-05
VWA5A,-2.931400084717108e-05
CCDC144NL,-2.932966012809308e-05
ZFP28,-2.932972227674112e-05
GALNT7,-2.933875369190568e-05
IST1,-2.9338893311121943e-05
SLC25A21-AS1,-2.935126269848794e-05
C18orf54,-2.9360318558633408e-05
OLAH,-2.937416038127785e-05
ITGB7,-2.93769190738668e-05
ETV5,-2.9392404314480932e-05
HRK,-2.9396236435547784e-05
SEMA3D,-2.9399307887604447e-05
RELT,-2.9409714139633573e-05
IGDCC3,-2.9428775524175935e-05
LMNTD2,-2.9433738359850828e-05
CTNNA3,-2.94359448146132e-05
SSBP4,-2.9438027351309506e-05
SYCE1L,-2.944123262776192e-05
PHF10,-2.9449425292318065e-05
SRL,-2.946843419395901e-05
CFAP74,-2.947773603986466e-05
AJ003147.2,-2.9515335895113032e-05
NXPE2,-2.9537232167850143e-05
PLEK,-2.9544753287331987e-05
USP9X,-2.954923310590083e-05
NLRP8,-2.9551884196378724e-05
SUV39H1,-2.958427038885394e-05
LTA4H,-2.958495580225908e-05
TRAP1,-2.9591844618585336e-05
BBS7,-2.9595962227137016e-05
WDR55,-2.965471926937184e-05
MME-AS1,-2.967759610405594e-05
STON1,-2.972186226337522e-05
PCDH15,-2.9724505440424488e-05
ZNF783,-2.975151152079761e-05
U52111.1,-2.9753541819336214e-05
PER1,-2.9770855987304947e-05
PABPC4-AS1,-2.977210040341985e-05
FMO4,-2.978089914066026e-05
SPATA12,-2.9787248084390756e-05
DYSF,-2.979022817083918e-05
CPLX2,-2.979206074549464e-05
PRKX,-2.9805481979558725e-05
EBF3,-2.981309280382821e-05
SPTLC2,-2.984359658869729e-05
GOLGA6L10,-2.985194605677881e-05
OVCH1,-2.9852361449794376e-05
HS3ST4,-2.985769776466541e-05
CACNB2,-2.9858058822974016e-05
SLC16A5,-2.9868256118959584e-05
SNX11,-2.988618532442549e-05
MYCBPAP,-2.9896880794714585e-05
PPP1R16A,-2.9907925811105645e-05
ZC3H12D,-2.9942851611121752e-05
GHRHR,-2.9949539598466065e-05
IL1A,-2.9965757250950996e-05
ENO3,-2.996950071872705e-05
CRX,-2.997625529901915e-05
GUCA1B,-2.9995580164740647e-05
MYLPF,-3.0008028783168504e-05
LERFS,-3.0021477703509144e-05
ZNF385B,-3.0034910327208943e-05
TTTY10,-3.005920352779769e-05
AP001825.1,-3.006289694474388e-05
LRRN2,-3.010237925645973e-05
TNFRSF9,-3.0141432261885555e-05
MIR133A1HG,-3.015819880496555e-05
PGPEP1,-3.0168625437911358e-05
DCST1-AS1,-3.017061624080515e-05
ANGPT4,-3.0261209714394136e-05
C21orf91,-3.026248423567156e-05
CD300LF,-3.0303341590549735e-05
KLHL9,-3.0309775185783227e-05
MS4A14,-3.0315933203578147e-05
SLC16A10,-3.032628840859304e-05
LRRC34,-3.035031286603344e-05
LRRD1,-3.035753689321792e-05
NPIPA8,-3.038424715094631e-05
TRIM3,-3.0390871685185224e-05
CD81-AS1,-3.0398548531144707e-05
TMC3-AS1,-3.0407005635217657e-05
STK35,-3.04086900653268e-05
ZNF317,-3.0412163459802253e-05
LRRIQ1,-3.04390364330274e-05
PDCD7,-3.0439945151825244e-05
Z82188.2,-3.045105513355504e-05
GNB3,-3.045681797005915e-05
ZNF2,-3.0465072735984133e-05
SLC38A8,-3.0473026781573024e-05
VPS29,-3.047444514345596e-05
MIGA1,-3.0480990430806853e-05
ROGDI,-3.0506949210287823e-05
TRPC1,-3.0508277606579238e-05
ETS2,-3.051271409841953e-05
USP6,-3.051766746970829e-05
ZC2HC1B,-3.0524721734534456e-05
C16orf91,-3.05265775409759e-05
ACADM,-3.0538031930212934e-05
KCNH1,-3.0541568173696125e-05
TMEM130,-3.05576785246505e-05
C16orf86,-3.0562131009663834e-05
TRIM9,-3.056525644385596e-05
ANO7,-3.057085247619668e-05
FLVCR1-DT,-3.058613632698251e-05
TCAP,-3.060785518044036e-05
GNLY,-3.062704600427331e-05
CLIC2,-3.0635559997147395e-05
TMEM200A,-3.0641396939650725e-05
CADPS,-3.067229777082984e-05
ABCB8,-3.067550791416081e-05
TTI2,-3.067650668580815e-05
ABCC11,-3.067903489280153e-05
KCNAB3,-3.0681019415305945e-05
UNC5D,-3.06819477400719e-05
CLEC3A,-3.068695432116875e-05
WNT6,-3.068947128038267e-05
Z98200.1,-3.068993694377484e-05
LTBP4,-3.069856097902602e-05
NAA80,-3.070521849879166e-05
HIST2H2BF,-3.072604780246167e-05
ZNF181,-3.073002571648442e-05
IL11,-3.074803137862647e-05
AD000090.1,-3.075450545336568e-05
ZNF777,-3.076833037257117e-05
CCDC189,-3.077402221690895e-05
SNAP25-AS1,-3.07758081321943e-05
FSIP1,-3.078511246161591e-05
IFRD1,-3.079205279673492e-05
LIX1,-3.079535131262978e-05
FBXO43,-3.079850364543564e-05
TMC1,-3.0824245486241105e-05
INE2,-3.08353141849872e-05
SPAG8,-3.083600905475335e-05
AP001363.2,-3.0852920949881706e-05
AP001830.1,-3.0873789835751565e-05
PPRC1,-3.088410837710613e-05
OSBPL10-AS1,-3.089696862857263e-05
SYN3,-3.090395341938539e-05
LRRTM4,-3.0908687277589355e-05
RASL10A,-3.090946446678577e-05
MBD3,-3.091411704770741e-05
HSPA4L,-3.091578032812549e-05
NDEL1,-3.091967395068105e-05
AP002852.1,-3.0934473892043566e-05
MYO1F,-3.095419448089067e-05
SMG7,-3.096457349002099e-05
GLE1,-3.09661212546029e-05
LRRC36,-3.09673115739311e-05
ZNF350-AS1,-3.0982066629604106e-05
PAX3,-3.098841450326572e-05
APBA2,-3.100883023754077e-05
SEPTIN11,-3.101141155026227e-05
NTNG1,-3.10231816973766e-05
SLC4A11,-3.1028349535348604e-05
SRGAP2-AS1,-3.103861432103468e-05
TULP1,-3.1044022403287514e-05
PODNL1,-3.104934684260247e-05
POLR3G,-3.108548264169069e-05
TBX3,-3.110506781529718e-05
LIPT1,-3.110952486273316e-05
RNF227,-3.111132557589818e-05
HCG20,-3.1127700584431073e-05
NLRP2,-3.113838955921086e-05
IL18RAP,-3.114402116470525e-05
TAPT1,-3.1145045644043735e-05
OR10H1,-3.1172030764074094e-05
HEATR3,-3.118139999055477e-05
ZNF813,-3.1204657157685305e-05
ATP6V1FNB,-3.1216000457821844e-05
ANXA2R,-3.12337997165236e-05
SLC6A20,-3.124477110790782e-05
ATCAY,-3.127689255770936e-05
SULT2A1,-3.1282134472354106e-05
HCG9,-3.128724352749274e-05
IL5,-3.128818523039546e-05
ALG6,-3.1294431758982654e-05
SEH1L,-3.133329452361495e-05
CYHR1,-3.134011245691066e-05
NAP1L5,-3.138260454828064e-05
C3orf20,-3.140367967979703e-05
S1PR4,-3.141130803249429e-05
NRARP,-3.141728522188562e-05
ARHGEF25,-3.1432395899360705e-05
COL1A2,-3.143422442403704e-05
TRPC5,-3.1437531784123644e-05
PPIL6,-3.143838759048107e-05
DXO,-3.144076641591356e-05
NUDT18,-3.1444778335017666e-05
HAUS4,-3.145182504290538e-05
SH2D4A,-3.145252012799207e-05
AMPD2,-3.145850861406371e-05
IMMT,-3.146324129702974e-05
FLI1,-3.146549025722899e-05
PAX6,-3.1482648780290675e-05
AP001469.1,-3.148712967045241e-05
HNRNPD,-3.151027683966179e-05
PLXDC1,-3.1529378769819914e-05
USP12-AS2,-3.155186303195205e-05
SEMA6D,-3.15566885695956e-05
ZNF684,-3.155746470182937e-05
PLAAT5,-3.156662143598082e-05
CCDC168,-3.1567918833890854e-05
ADAMTS14,-3.157217701193043e-05
ZFP2,-3.1582098308916634e-05
CLIP3,-3.1589151189655696e-05
RMI2,-3.160043438354856e-05
SH3BP5L,-3.160113480966384e-05
EPN2-AS1,-3.1605165751787295e-05
SLC25A34,-3.16147913294645e-05
DHRS11,-3.1618458140414814e-05
CCNB3,-3.16185880915238e-05
C6orf201,-3.1621930998982925e-05
TWIST2,-3.162305532661791e-05
TXLNB,-3.163749424098621e-05
GFRA2,-3.164683749228799e-05
ARID3B,-3.1656085665659404e-05
LHFPL4,-3.1659084864948554e-05
C19orf12,-3.166001636004615e-05
CEP131,-3.166071731056753e-05
ZKSCAN7,-3.166132657331002e-05
SAG,-3.166345633178785e-05
PUS1,-3.167559680464634e-05
FAM107B,-3.168017153727146e-05
KY,-3.1680323006169034e-05
CD163,-3.1715702170854884e-05
ZNF485,-3.1721000760192754e-05
AP001437.1,-3.173981117545097e-05
GLI3,-3.1744935966917726e-05
POLR2M,-3.1756980012900555e-05
ZYG11A,-3.175916159587172e-05
ADCY8,-3.1763592065250993e-05
DNAH10,-3.177108588778477e-05
ELMSAN1,-3.177393125242376e-05
ZNF793,-3.178052246214361e-05
RBM48,-3.1784784988091984e-05
HNRNPDL,-3.182206071352573e-05
PGLYRP1,-3.185802951675034e-05
PLAAT1,-3.1858218496521385e-05
MARVELD3,-3.1866041743027515e-05
VSTM4,-3.1870963082864616e-05
NBPF9,-3.1890821079366086e-05
FAM72A,-3.189318560282862e-05
PRRG2,-3.190285330120595e-05
CNTNAP3,-3.1926379141068e-05
UBE2L5,-3.195037678119178e-05
ADAMTS2,-3.1951424485570066e-05
ITGA2B,-3.19574258746054e-05
ZNF776,-3.1979807444410575e-05
PCTP,-3.1991421317087215e-05
HSD17B7,-3.1992932837142974e-05
SLCO1C1,-3.202713849892108e-05
CLCN5,-3.205422528673753e-05
TMEM233,-3.205733122802235e-05
TUG1,-3.206031824814519e-05
CDC6,-3.20648158916777e-05
BTLA,-3.208690438948477e-05
SLC7A14-AS1,-3.2089685716833566e-05
VMAC,-3.209818968471003e-05
IGLV10-54,-3.210433504571212e-05
RN7SL832P,-3.2112824084655747e-05
MYLK4,-3.2122946644624446e-05
RAB37,-3.2139409883731006e-05
ASB2,-3.215857466643623e-05
ABCA10,-3.2158942361324485e-05
C3orf70,-3.216403866876928e-05
PELI3,-3.217063313876897e-05
PIK3CG,-3.218595389198404e-05
CTBP1-AS,-3.220391319179293e-05
TXNDC9,-3.222344331144371e-05
CAMSAP3,-3.223970853654699e-05
FADS2,-3.227681063653086e-05
C5orf51,-3.230265322926956e-05
NPIPA2,-3.231700814122304e-05
GABRA3,-3.232011755493482e-05
AP001267.2,-3.23221022626766e-05
KCTD11,-3.234736420683972e-05
GSDMC,-3.237214365205044e-05
NHS-AS1,-3.2375579699907056e-05
TRPV2,-3.238187671328724e-05
ZNF211,-3.239767048282925e-05
CDKL2,-3.241099780989846e-05
AP001160.4,-3.2418817060584426e-05
ZBTB32,-3.2431574183459244e-05
STAU2-AS1,-3.2434976066114606e-05
CTC1,-3.246236226062612e-05
GTPBP3,-3.247803665565552e-05
SLFN11,-3.248494883679588e-05
RBP5,-3.248854938506887e-05
DESI1,-3.2489215207239406e-05
C3orf33,-3.2502315213835815e-05
NRIP2,-3.251946524163556e-05
BX284668.6,-3.253095749836435e-05
KF456478.1,-3.253257814190953e-05
Z99572.1,-3.253731564226929e-05
SREBF2,-3.2541270286252044e-05
VLDLR-AS1,-3.255164789657104e-05
TMEM79,-3.257499179963175e-05
SMIM17,-3.257710347120888e-05
UTP23,-3.258711711121832e-05
FO704657.1,-3.2601604646624024e-05
RANGAP1,-3.261002466558466e-05
MAP3K6,-3.261207148675416e-05
FP236383.3,-3.262033193159078e-05
CPB2-AS1,-3.2625189416196e-05
RAB27B,-3.263376124563492e-05
GPC6-AS1,-3.26393467169489e-05
STYX,-3.264013112636855e-05
NOP14-AS1,-3.2675713397702215e-05
IRGQ,-3.2712213413440655e-05
GIMAP5,-3.271236041628989e-05
PM20D1,-3.2728952802321297e-05
WDR92,-3.27409860650355e-05
TERC,-3.274294363913816e-05
SCN9A,-3.2746922926920646e-05
DEFB131B,-3.275261835721497e-05
ZNF521,-3.2756858322430366e-05
LRRC66,-3.2762108668654034e-05
MEIS1-AS2,-3.276726576736609e-05
FOXF1,-3.279994092000302e-05
ABCA9-AS1,-3.281393563366365e-05
DOC2B,-3.2819829768335665e-05
YDJC,-3.282499233641216e-05
ARHGAP23,-3.283057474558217e-05
CD72,-3.283749571903081e-05
UCHL1-AS1,-3.284220443782924e-05
CIAO1,-3.2857164555145986e-05
SFTPD-AS1,-3.287074141444942e-05
MMP19,-3.288209805593352e-05
COL23A1,-3.2922331537841296e-05
TICAM2,-3.294930949717673e-05
XPOT,-3.295905871548849e-05
SPI1,-3.2964720497884416e-05
KIF3A,-3.2966872745617524e-05
CCDC173,-3.298405027823045e-05
ARHGEF33,-3.30113535022824e-05
IBA57-DT,-3.302079910460605e-05
RAB15,-3.304234300446832e-05
LDB1,-3.305822248348513e-05
MBLAC2,-3.306160374155584e-05
ZNF528-AS1,-3.306200571093233e-05
C1QTNF4,-3.3067321125331635e-05
TCF24,-3.3099924663125185e-05
ZNF773,-3.310302123653475e-05
ERCC4,-3.311739637037016e-05
INTS14,-3.315125151534569e-05
MAF,-3.3158560994347564e-05
STAC2,-3.3181976287896656e-05
GPAT4,-3.3192176019086124e-05
MC1R,-3.319503158937884e-05
TYRO3,-3.3198398217955074e-05
ARID3A,-3.320571286909212e-05
CCDC13,-3.3209931785867824e-05
ZP3,-3.321370244901795e-05
DIABLO,-3.321382298416736e-05
C9orf43,-3.321998790172264e-05
SCAT1,-3.325058086412847e-05
OMA1,-3.327915390063011e-05
CA6,-3.3293089224864315e-05
SH3GL1,-3.329749600734705e-05
TRIM34,-3.330343580110645e-05
RGMB-AS1,-3.331024749288824e-05
ABCA3,-3.333059248872237e-05
CLCN1,-3.335209693701813e-05
COQ10B,-3.336497879356233e-05
DLEC1,-3.339601295104068e-05
FADS6,-3.339904694006075e-05
AP006623.1,-3.341999112399557e-05
RILPL2,-3.342480290380299e-05
ZNF419,-3.34267827307095e-05
LAMA5,-3.343543201039747e-05
POMC,-3.343682265276287e-05
GDNF-AS1,-3.346281823865401e-05
SRPX2,-3.346534993477974e-05
MYH3,-3.347067219926892e-05
SUSD3,-3.3476377075495776e-05
UBQLN1,-3.3485007749634405e-05
C2orf76,-3.3495434223303964e-05
ZNF284,-3.35058733709801e-05
NALT1,-3.3507552372023734e-05
MIR497HG,-3.351399758039677e-05
SLC2A7,-3.3520664020431486e-05
IL33,-3.3525732598665856e-05
AP003068.2,-3.3526219078087625e-05
TBX6,-3.353308254850756e-05
SPATA21,-3.353366134016525e-05
KCNJ16,-3.353392688308181e-05
ZC3H10,-3.356931153034905e-05
FLT4,-3.357185852316081e-05
BCL2L11,-3.358317289995534e-05
MICU3,-3.359542271883172e-05
SAAL1,-3.360147534281287e-05
ILDR2,-3.3609425346938216e-05
MYLK,-3.3625119034705355e-05
CARM1,-3.365370313057433e-05
LPCAT3,-3.3656922570901555e-05
NCF4-AS1,-3.366318771802818e-05
ERO1B,-3.367718658830028e-05
EPB41L2,-3.368198136210152e-05
PIN4,-3.368285587952574e-05
NAGK,-3.369937204480347e-05
GPD1L,-3.370538237689426e-05
CYB5D2,-3.3708496684880904e-05
OLFML2A,-3.370865245000222e-05
CFAP45,-3.3712733584816806e-05
LMO7-AS1,-3.3722372815793414e-05
ASNS,-3.372312503104423e-05
VWA8-AS1,-3.372379091807316e-05
PTPN7,-3.37436317914648e-05
TEX22,-3.374770156143608e-05
KLKB1,-3.376971201210542e-05
EML5,-3.377193091345034e-05
INCA1,-3.377751274513317e-05
CAMTA2,-3.377809708303158e-05
TRPC3,-3.379536921886522e-05
ZBTB3,-3.380465689718322e-05
KLK14,-3.3822393843055386e-05
CDK2,-3.383981703796897e-05
STAM,-3.3846595008210163e-05
RGL4,-3.385194748391319e-05
DRP2,-3.385660456425475e-05
RALY,-3.3872840265212705e-05
TRIM46,-3.387873343504241e-05
JMJD7,-3.388102057614639e-05
OSMR,-3.3882616468151414e-05
KCNE4,-3.3898526568920005e-05
TGM4,-3.390729303573429e-05
PWRN1,-3.3934630053656665e-05
U91328.2,-3.3946537799980307e-05
PHYHIP,-3.3949765791393815e-05
WASF3,-3.3951285906767087e-05
KEL,-3.3957625187624666e-05
ATG16L1,-3.396253627515437e-05
FBN3,-3.396775233916453e-05
KRT15,-3.397248190371632e-05
HIST2H4B,-3.3973624701059824e-05
DTHD1,-3.401235847784672e-05
BHLHE40-AS1,-3.401731109684347e-05
TBC1D24,-3.402688612764938e-05
Z82243.1,-3.4030440710152296e-05
ZNF730,-3.403902019338889e-05
NLGN3,-3.404850903663419e-05
AP001020.2,-3.408225942166639e-05
CLVS1,-3.411828764281476e-05
SYTL1,-3.412221269388471e-05
VHL,-3.4124198143929684e-05
HS3ST2,-3.414088802424492e-05
TMEM88,-3.4154182203662265e-05
PMPCB,-3.4157641866723047e-05
VAV3,-3.41585554854135e-05
MYH13,-3.415898012881187e-05
SUCLG2-AS1,-3.4187159514411706e-05
LIPI,-3.418943318536676e-05
RANBP3L,-3.4216579066568614e-05
MTFR2,-3.42186175967041e-05
FAM186B,-3.423403097848032e-05
GRM1,-3.423554020769933e-05
OTX2-AS1,-3.42438360001204e-05
SS18,-3.425322696891132e-05
CCDC110,-3.426840994861885e-05
ONECUT2,-3.42697789290226e-05
ALX4,-3.427623031239742e-05
SPATA5L1,-3.4276953307628226e-05
NDUFB2-AS1,-3.427817010824834e-05
PCCB,-3.4292792253228546e-05
NEK2,-3.4310469213795336e-05
FAM71D,-3.431842243190407e-05
ZDHHC8,-3.432327030398296e-05
LRRC29,-3.432685528281011e-05
LSMEM1,-3.434138374517889e-05
RGPD2,-3.434177166300655e-05
ADRA1D,-3.4362808551480056e-05
SPRY3,-3.437870833873758e-05
DNER,-3.439448527830784e-05
PCDHGA12,-3.440595456192126e-05
LAMC3,-3.4409944228774964e-05
OTULINL,-3.441060975005701e-05
TTLL7,-3.441467556914886e-05
SLC6A11,-3.441823497877611e-05
XXYLT1-AS2,-3.443497792745732e-05
NSMCE4A,-3.444352911021575e-05
KIF22,-3.445284515795668e-05
BTBD11,-3.4461084433637986e-05
ANO3-AS1,-3.446357261300153e-05
BFSP2,-3.446839285802224e-05
PSMG3,-3.447044062285835e-05
HK3,-3.448570244820086e-05
AP005329.1,-3.450343916087203e-05
PDCD11,-3.4505874726575294e-05
RAMP2-AS1,-3.452844348216031e-05
CAPN10-DT,-3.4528599251667045e-05
ANKZF1,-3.455459964374622e-05
STARD3,-3.4569589790411687e-05
PTOV1-AS2,-3.458365226863642e-05
MRM3,-3.4605439004207354e-05
MCF2L-AS1,-3.460885599006225e-05
TRAM2-AS1,-3.461422134335329e-05
RAD51C,-3.461616930650247e-05
RGP1,-3.461932251742678e-05
SGPP1,-3.461985789582285e-05
LMX1B,-3.462571629113676e-05
PRKY,-3.463128006205578e-05
EMX2OS,-3.465369137945537e-05
MADCAM1,-3.465724493510229e-05
STK17B,-3.4661746087329286e-05
GPR162,-3.466626217446422e-05
CYSLTR1,-3.467759734778669e-05
METTL24,-3.468879099192503e-05
TSBP1,-3.4692979986960924e-05
TMEM138,-3.470816355778479e-05
VIM-AS1,-3.471726183021979e-05
TRIM65,-3.4721251711856574e-05
GSKIP,-3.472239595514759e-05
C4orf46,-3.474526848593575e-05
ANKRD13B,-3.474644095086692e-05
PRELP,-3.4748407815143377e-05
CD3G,-3.474954601332675e-05
GRIN2C,-3.4749673208258496e-05
MDS2,-3.475017171998432e-05
TPH2,-3.476990043919316e-05
AF233439.1,-3.4778900816461915e-05
PPM1E,-3.4795904086159806e-05
EAPP,-3.481784024769864e-05
BOD1L1,-3.482581114142187e-05
FSBP,-3.484223119351097e-05
LANCL3,-3.486622539254536e-05
DCBLD2,-3.4874267441252594e-05
OGN,-3.488841996372663e-05
PCDHGA8,-3.4893945320569964e-05
COL25A1,-3.48941387246708e-05
MYO15A,-3.4910392693413604e-05
AP000944.1,-3.493510156745464e-05
CYP1B1-AS1,-3.4938423706902785e-05
ZNF536,-3.494640599179196e-05
ABCC2,-3.496036560110215e-05
BMPER,-3.496037448710885e-05
AP003392.1,-3.498538269587791e-05
MAST4-AS1,-3.498847565923319e-05
PPP1R3F,-3.5002318157494146e-05
FMO2,-3.501999133844636e-05
CFAP157,-3.502501991524129e-05
CLDN2,-3.502777943631425e-05
KRTAP5-AS1,-3.505201360850441e-05
WRAP53,-3.505538149870663e-05
C9orf116,-3.506087909115902e-05
BRWD1-IT1,-3.507350012793023e-05
SORCS2,-3.507668891588032e-05
C19orf47,-3.5081223015030994e-05
ZSCAN18,-3.509677946170554e-05
HSBP1L1,-3.509936446665215e-05
RNF123,-3.5101661188877705e-05
SPN,-3.511432015647901e-05
TLL2,-3.511720998957476e-05
FMN2,-3.513903532977126e-05
DHDDS,-3.514189154313506e-05
ACO1,-3.515006312856052e-05
NMRK1,-3.5158731657123875e-05
GPR4,-3.517977567945934e-05
LIMS2,-3.518127192745212e-05
PDP1,-3.518687324025867e-05
ZNF837,-3.5207104264061296e-05
ARSG,-3.5209767750045194e-05
PRICKLE4,-3.521135204653267e-05
C16orf54,-3.521776637116197e-05
GALNT6,-3.524081917726987e-05
EZR-AS1,-3.5263724324630606e-05
SCN1A-AS1,-3.526857918104817e-05
PDCD1,-3.527437864430303e-05
ATP2B1-AS1,-3.527664958314309e-05
ZNF763,-3.5282787755291024e-05
RASSF5,-3.53012053021227e-05
SLC9A7,-3.5307847393154675e-05
WNT10A,-3.535421079381478e-05
SFXN3,-3.536334298300593e-05
TBC1D10B,-3.5375284554706566e-05
BAIAP3,-3.5387911600302005e-05
MED22,-3.5396791103103915e-05
VAMP7,-3.540598610787475e-05
ATP23,-3.5416938406560006e-05
EBF2,-3.543606914200816e-05
GYPE,-3.5461718145975946e-05
RBM15,-3.5468027642087004e-05
MARC1,-3.547781510149547e-05
SGCZ,-3.548866658509626e-05
DBNDD1,-3.550745919541148e-05
MYOCOS,-3.5514413016674266e-05
TOE1,-3.5565588525857065e-05
NTSR1,-3.558217570933032e-05
BSN,-3.5615527887647125e-05
LDHC,-3.5620896403965725e-05
RTN1,-3.565861495258497e-05
LSS,-3.566743708586926e-05
EFCAB10,-3.570954186277595e-05
CYTL1,-3.571433580974229e-05
USH2A,-3.57302513166272e-05
USP16,-3.573045382203785e-05
ZNF668,-3.573723129002095e-05
RECK,-3.573777659544311e-05
PJVK,-3.5742835712703566e-05
CRLF1,-3.574490928753182e-05
MAPK1,-3.574693733571022e-05
ATP13A4,-3.575318027143278e-05
ZNF365,-3.578132485258326e-05
CNOT11,-3.579372789435686e-05
PODXL,-3.58096405189875e-05
SLC16A8,-3.58101935173326e-05
AFG3L2,-3.584155010672651e-05
HARS,-3.58644911780445e-05
GFPT2,-3.5876046628884835e-05
USP30,-3.596956544592488e-05
THOC5,-3.597755952587891e-05
SLC27A5,-3.6005325412136146e-05
COL5A1,-3.600591885042803e-05
FSCN3,-3.600785025656432e-05
COLGALT1,-3.601506053472793e-05
ZNF202,-3.6033669041065454e-05
NXPH1,-3.6044610342824345e-05
IL11RA,-3.606526149537595e-05
ATG9B,-3.6087979578893534e-05
ASPH,-3.6090957083368425e-05
RSBN1,-3.609848773384323e-05
CRNDE,-3.610963436549042e-05
PTPRQ,-3.612207718708466e-05
PTPN23,-3.61397506905566e-05
GLIDR,-3.6140719162276005e-05
C2orf49,-3.615886395285256e-05
SNAI3,-3.6181082123651735e-05
FAM81B,-3.619781571154152e-05
CHPT1,-3.6198816139780216e-05
BAG4,-3.620207754174454e-05
SPANXA2-OT1,-3.6203786443519416e-05
AP002851.1,-3.6238096640154735e-05
PPM1D,-3.623848174492837e-05
CCDC170,-3.625857880231667e-05
TRDMT1,-3.626050310078543e-05
MFSD14A,-3.627309289569387e-05
CHAC2,-3.629077055816037e-05
NFASC,-3.6309885215184494e-05
MS4A7,-3.631557594429937e-05
SORCS1,-3.635290914434732e-05
AKT3-IT1,-3.63539016796622e-05
CEMIP,-3.638321249982995e-05
SDAD1,-3.641641104240261e-05
GTF3C2-AS1,-3.642486725009431e-05
HAVCR2,-3.645481787942554e-05
FRY-AS1,-3.646185380687362e-05
FCF1,-3.647552418001123e-05
ADRA1B,-3.647863160999889e-05
VNN1,-3.647903748842336e-05
EVC2,-3.649237632806024e-05
PIP4K2B,-3.650430752260993e-05
ICE1,-3.650593889725481e-05
CCDC17,-3.652178201548568e-05
RPH3A,-3.652445216905608e-05
CLRN1-AS1,-3.6531131777849774e-05
NUDT12,-3.653687772249642e-05
RBFADN,-3.653842434827542e-05
HHIP-AS1,-3.654224806637501e-05
JRKL-AS1,-3.654595497132623e-05
CD2,-3.6551579117429314e-05
ZNF473,-3.6552494592547065e-05
ARSK,-3.6562091595805607e-05
ART3,-3.658517187561592e-05
IFFO2,-3.659766659786332e-05
EGFL8,-3.660136535988208e-05
C2CD4C,-3.663385375587761e-05
PDE4A,-3.665838937923539e-05
COL1A1,-3.665882138101808e-05
ACTA2,-3.665885010566806e-05
HARS2,-3.6681436536890407e-05
NTAN1,-3.6686837220083145e-05
C9orf106,-3.6714147252680896e-05
UBE4A,-3.671564011923107e-05
LRP12,-3.672633560999579e-05
TTC8,-3.672679847471772e-05
ELMO1-AS1,-3.674415278155375e-05
SASS6,-3.674640727118399e-05
NPL,-3.6749174212049554e-05
P2RX7,-3.676032381686509e-05
EXOSC2,-3.677966453132559e-05
YARS2,-3.678091644050132e-05
CEBPB-AS1,-3.679198608097833e-05
ABCD1,-3.6799800285030015e-05
GPRASP1,-3.68150947981785e-05
IGSF11,-3.682659590296224e-05
ZNF778,-3.683498790549778e-05
ERCC2,-3.687529532782192e-05
ARHGAP20,-3.687996289322862e-05
SUV39H2,-3.688118528042835e-05
BOLA3-AS1,-3.68863223804696e-05
ART4,-3.6894245789644594e-05
RIOX2,-3.6905798550908e-05
EFS,-3.690682304190954e-05
TNFSF13B,-3.692245466823523e-05
SLC8A3,-3.693464811494928e-05
ZNF286A,-3.695076117349703e-05
SLC14A1,-3.696171262158044e-05
DNAJB6,-3.696204978404344e-05
DDX59-AS1,-3.696931371498642e-05
TEKT1,-3.696946470736552e-05
ANO3,-3.6986539516971525e-05
PTPN13,-3.69900811013319e-05
FAM49A,-3.69915517060522e-05
SLC2A11,-3.699877359149322e-05
L3MBTL3,-3.700276451562794e-05
LEMD1,-3.700633690761554e-05
CELSR2,-3.705192891501226e-05
DYRK2,-3.705438194614659e-05
MROH8,-3.705577137178329e-05
ZNF517,-3.706031546436222e-05
KRT80,-3.707916441782869e-05
ASB16,-3.7089257864318e-05
EPOR,-3.710455652060305e-05
DNAAF2,-3.710535928747271e-05
ATP8B3,-3.710916622990937e-05
TSNAX,-3.711096431853423e-05
CHD1L,-3.711255932066407e-05
PRR34,-3.7133451302903765e-05
GPR143,-3.716069389757788e-05
AP003110.1,-3.717201336422286e-05
ZNF615,-3.7181296505909976e-05
TAF8,-3.718827930811566e-05
TBC1D17,-3.723323727060196e-05
ZNF334,-3.726006738622197e-05
RFX4,-3.72615549402096e-05
ASB6,-3.7272675160222365e-05
PYROXD1,-3.727421406324668e-05
METTL23,-3.729340782954264e-05
OPN3,-3.732644849582375e-05
RUNX2-AS1,-3.733776884669052e-05
IGSF9,-3.734498180967695e-05
SEC14L1,-3.735540381880106e-05
CD244,-3.7358393358086376e-05
SH2D4B,-3.736700346440496e-05
FAM76B,-3.737588982500553e-05
GPA33,-3.743497143858536e-05
PVR,-3.746207546293978e-05
SNCAIP,-3.746659280674964e-05
EDNRA,-3.746863576907107e-05
NIT1,-3.74970595415993e-05
ATP6V1E2,-3.749884617181231e-05
ADGRD1,-3.750121033047567e-05
LRRC20,-3.7504091780302487e-05
DNAH17-AS1,-3.750938054104632e-05
ZNF74,-3.751430018727322e-05
MYH14,-3.7532984932390095e-05
EFCAB6-AS1,-3.753604281309586e-05
RCC1L,-3.754369751700655e-05
LRRC41,-3.75452758173833e-05
DHRS1,-3.755031075710385e-05
KLC2,-3.7560925007125305e-05
FREM1,-3.7568106023539805e-05
KIAA2012-AS1,-3.757539705034688e-05
CCDC142,-3.7585936566642274e-05
TCTEX1D2,-3.75866516488265e-05
SMAGP,-3.760623191462169e-05
SOCS4,-3.760851704724328e-05
TRPM6,-3.760889371155425e-05
SLAIN1,-3.761734261912749e-05
TUBA4B,-3.763362555447179e-05
DNALI1,-3.765550210453283e-05
FBXW9,-3.767300695208773e-05
AP000547.3,-3.768030292047164e-05
SPOUT1,-3.768181346441431e-05
COX11,-3.768867475668571e-05
KRT86,-3.769650194356794e-05
UNC80,-3.770694430886496e-05
ARFRP1,-3.77127091462272e-05
TAP2,-3.771890744467196e-05
SLC7A13,-3.772395455838015e-05
SETMAR,-3.773069087136648e-05
ADGRE3,-3.773530214719358e-05
MARCH10,-3.774224498546232e-05
ACOT1,-3.774490014676456e-05
TTC21B,-3.774511670770504e-05
RAPSN,-3.775253092778457e-05
ADAMTS10,-3.776172417907254e-05
TNFAIP8L1,-3.778320111687648e-05
SYT2,-3.7808384693067536e-05
SLC25A51,-3.781194474376655e-05
SGMS1-AS1,-3.783140023917749e-05
PXDNL,-3.784411849229989e-05
PSD,-3.786724028066304e-05
NAPSA,-3.7879797550223246e-05
COL26A1,-3.788609908985067e-05
LSM11,-3.790450108554252e-05
UTS2B,-3.792222717242556e-05
ADD2,-3.792331258588644e-05
ALG8,-3.792376894828843e-05
ARFIP2,-3.792557946905426e-05
BCCIP,-3.7931227511292906e-05
OGFR,-3.7935118582209e-05
CDCP1,-3.7954286980761376e-05
ERAL1,-3.795688655770465e-05
NPHP3-AS1,-3.795867373951296e-05
ZNF394,-3.79679244232403e-05
LIN28B-AS1,-3.798794891321905e-05
SHC2,-3.7989272371144144e-05
MAFG-DT,-3.8014753441781376e-05
ZNF791,-3.8026231476069694e-05
ITGB1BP2,-3.803456185201098e-05
SLC5A4,-3.803804828921798e-05
AP001001.1,-3.804189535921819e-05
PADI1,-3.804575017379895e-05
DENND1C,-3.805161163329468e-05
ITGBL1,-3.808617541182953e-05
ZNF630-AS1,-3.808646421208224e-05
PTH1R,-3.808803066567831e-05
PLSCR4,-3.81151234730068e-05
ZNF460,-3.811664856686844e-05
LGI4,-3.813106576303576e-05
MNS1,-3.816538002901143e-05
MORN5,-3.817441520307088e-05
CYLD,-3.820146848234318e-05
ZNF879,-3.821519158294905e-05
IAPP,-3.822740980785237e-05
FNDC1,-3.82381989227709e-05
USP27X,-3.823911205428449e-05
ADCY3,-3.824677369452849e-05
FLG-AS1,-3.825379154416408e-05
AP001160.2,-3.827103911171842e-05
SYNE4,-3.828456162246324e-05
ZNF354C,-3.830158353167269e-05
VIPR1-AS1,-3.830699297304437e-05
BRDT,-3.832482689271728e-05
TMEM119,-3.8332972459837975e-05
ERICH6B,-3.834029882775878e-05
CIB4,-3.834349339834723e-05
TTC25,-3.836542753233717e-05
IQCC,-3.838322151621562e-05
MYOSLID,-3.8384248027343344e-05
CPEB4,-3.838607967848646e-05
STK25,-3.8426077554428416e-05
RECQL,-3.845652818734609e-05
CYBC1,-3.847945264401184e-05
OLFML2B,-3.848564031873196e-05
ITGB2-AS1,-3.850285271855991e-05
FAM120AOS,-3.851772210714366e-05
UBA3,-3.851995351007438e-05
ST6GALNAC5,-3.8533073073620666e-05
YEATS2-AS1,-3.8537392146745496e-05
WNT5A-AS1,-3.854311173046493e-05
GALT,-3.855459335829997e-05
ACAA2,-3.859586329772485e-05
PIGU,-3.86090054409378e-05
GAB3,-3.8610115120550704e-05
TEX35,-3.862252565457912e-05
ST6GALNAC3,-3.864749163850792e-05
RAB38,-3.864757336962281e-05
CMTM2,-3.86717893164355e-05
USP12-AS1,-3.867220338028601e-05
CAMK1,-3.868184778409702e-05
ZNF585A,-3.868618887687714e-05
MX1,-3.869565942806828e-05
MPZL3,-3.875301215997196e-05
DIAPH3-AS1,-3.877024992428994e-05
SAMD15,-3.877040910338457e-05
ZCCHC4,-3.8792444414394015e-05
CNTROB,-3.880378936103538e-05
LDB3,-3.883298605558047e-05
CHN2,-3.883823839401853e-05
MED1,-3.884306579239685e-05
ADGRV1,-3.884757793913912e-05
DKKL1,-3.8857385005066427e-05
TRIM72,-3.887028735552869e-05
PLAT,-3.888670912264748e-05
HRH2,-3.888884734927377e-05
FGF12,-3.891489761418403e-05
SNHG3,-3.891667270862375e-05
FAM135B,-3.892464286756593e-05
ZSCAN12,-3.8925871942034286e-05
MTHFSD,-3.892659699069284e-05
RASA4B,-3.893568130426967e-05
GNPDA2,-3.89465044381323e-05
SMUG1,-3.896541862679591e-05
DDN-AS1,-3.899253829529125e-05
MPP7,-3.89925719839664e-05
SENP8,-3.899344791430084e-05
CHORDC1,-3.901238809284365e-05
IFI27L1,-3.902990422689628e-05
PPP1R32,-3.90323633539021e-05
NEK10,-3.90418199988467e-05
AP000873.4,-3.90426979450123e-05
BLOC1S5,-3.906371579433696e-05
CASC11,-3.906759398282328e-05
HEPH,-3.9093611833753576e-05
TAS1R3,-3.909894156605092e-05
AP003352.1,-3.9107742503510455e-05
FP700111.1,-3.911061771177415e-05
MGAT5B,-3.911880268278919e-05
PPFIA2-AS1,-3.912128690998624e-05
C1QTNF6,-3.912351875777289e-05
TMEM221,-3.9125050153308e-05
LY9,-3.912782678396416e-05
VWDE,-3.91345857710487e-05
MYO5A,-3.913789912966442e-05
ZNF843,-3.913874847063347e-05
LDHAL6A,-3.9143344123804045e-05
FAM110D,-3.9174679555613774e-05
PCOTH,-3.918131956904903e-05
ZFHX4-AS1,-3.9184583106013496e-05
CCNT2-AS1,-3.919836459686202e-05
ACOT6,-3.920528005235387e-05
UBN1,-3.923493983088795e-05
MDFIC,-3.923730704971515e-05
EML3,-3.924594203760716e-05
ZNF79,-3.925180985314696e-05
PCBP2-OT1,-3.92895510989044e-05
C1QTNF1-AS1,-3.930079477998323e-05
CUTC,-3.930162077920911e-05
LZTS2,-3.931393341763284e-05
RIBC2,-3.932145825799167e-05
FBXO5,-3.932669315184773e-05
SLC22A1,-3.934157848263152e-05
ARMC2,-3.935730496781912e-05
LAT2,-3.937742395639199e-05
ATRIP,-3.939534747798916e-05
C5orf46,-3.939547471364805e-05
SLC12A3,-3.9422788000763975e-05
RASGRP4,-3.942322757667878e-05
DAPP1,-3.9428440957815485e-05
GALNT9,-3.943834111212033e-05
CDCA5,-3.944127569895148e-05
SNX20,-3.9451068182298856e-05
RAB11FIP4,-3.946380020706847e-05
MFSD2B,-3.948034254676483e-05
GPR35,-3.9491633689730936e-05
C9orf92,-3.9507084573492415e-05
NR2E3,-3.951028050262376e-05
SYNPR,-3.951063149629695e-05
CRISPLD2,-3.953817441559112e-05
AP002954.2,-3.956052504708474e-05
ASPG,-3.9604986675317095e-05
PRKAB1,-3.964791639032264e-05
SNRK-AS1,-3.965107637997948e-05
MPP4,-3.9652647876279344e-05
PEG13,-3.96535088397914e-05
EML6,-3.965580595542413e-05
ACMSD,-3.967758000735231e-05
ZBTB9,-3.9681301930260384e-05
CLCA4-AS1,-3.968432133678259e-05
ARNT,-3.9698175968800646e-05
ZNF845,-3.971525415861654e-05
AP000350.7,-3.973513038779753e-05
Z82215.1,-3.9751712568416456e-05
RNF32,-3.9768530470892455e-05
TERB1,-3.977142566849387e-05
AP002381.2,-3.9796170828700296e-05
PITPNM1,-3.9809545555423575e-05
CATIP,-3.982883130383749e-05
PRTG,-3.987307834921217e-05
ADAMTS12,-3.988058316466365e-05
CCDC113,-3.988581464736826e-05
NDRG4,-3.991876395386982e-05
SH2D1A,-3.995266828458453e-05
CSNKA2IP,-3.9959894932000815e-05
PCDH17,-3.996337015566421e-05
CARMN,-3.9985898621520455e-05
PTGR2,-3.999303869823924e-05
F8,-3.9993316925343257e-05
A2M-AS1,-4.000140252113911e-05
TTLL9,-4.000576423137475e-05
PPP2R2C,-4.000878159182433e-05
DCAF7,-4.003201846478869e-05
ASPN,-4.0036869459124754e-05
NPIPB13,-4.004424482733152e-05
MME,-4.007455434757785e-05
RAB7A,-4.008837420338971e-05
LZTR1,-4.010931783924343e-05
IL20RB-AS1,-4.0112076631902414e-05
ZFP69,-4.01169139919054e-05
HPN,-4.012317198420888e-05
MTRES1,-4.012938709180002e-05
CEP170B,-4.013708972325842e-05
SH3D21,-4.013764599766766e-05
COL4A2,-4.014205246665472e-05
DESI2,-4.014896245492394e-05
METTL27,-4.014946784077015e-05
NUDT16L1,-4.016540340132647e-05
NREP-AS1,-4.016543988853536e-05
ERFL,-4.0175193199645234e-05
CD70,-4.017702638452632e-05
GPAT3,-4.018193043950851e-05
EIF2AK3-DT,-4.0183455102374485e-05
SCARB1,-4.019607238791488e-05
CETP,-4.020104388272307e-05
ARIH2OS,-4.021151907541045e-05
DFFB,-4.021974085342588e-05
HOXB-AS3,-4.022262160547574e-05
ZFP69B,-4.0227661852787534e-05
MRPL48,-4.023692538652929e-05
KCNC2,-4.0253391467124906e-05
NR2F1,-4.025538709833399e-05
HIST1H3D,-4.025654244174246e-05
DNMT3B,-4.0265539136807865e-05
NIPSNAP1,-4.026994925808799e-05
KCNH4,-4.027140173652012e-05
PHF2,-4.0274605759499664e-05
NEURL1-AS1,-4.029857622516149e-05
KLHL1,-4.030312382868569e-05
ATP2A3,-4.030593956552408e-05
UTP4,-4.032032436160175e-05
FDFT1,-4.033288077499543e-05
PIK3IP1,-4.036122198785302e-05
ADGRF4,-4.03729709572318e-05
SLC12A9-AS1,-4.037989078412911e-05
ZNF98,-4.038415656088533e-05
PPIL4,-4.038959110119956e-05
C3orf80,-4.041556735375644e-05
PROSER2,-4.0439641216462255e-05
HAVCR1,-4.045530936882058e-05
TIRAP,-4.046980293661572e-05
L3MBTL2,-4.047540077986808e-05
COLCA1,-4.049268168802952e-05
ARMC4,-4.050063822135568e-05
GORASP1,-4.050969191357852e-05
PEPD,-4.051179514027196e-05
SLC12A4,-4.051186820163008e-05
MIR3142HG,-4.051776111945851e-05
CASC3,-4.0525577869308376e-05
COLGALT2,-4.0530609316158747e-05
ANKRD18B,-4.054025735112496e-05
FKTN,-4.05889938979604e-05
NMRAL1,-4.0593302357131725e-05
ABCB11,-4.05971072695753e-05
TENM4,-4.060799385778002e-05
RABL3,-4.0609048904649e-05
RNF217-AS1,-4.0613253657028994e-05
C2CD2L,-4.062806280587915e-05
RNF41,-4.063894286196088e-05
ERF,-4.064327634269666e-05
RPA2,-4.064368794375125e-05
DLL1,-4.064880717481101e-05
RTN2,-4.065004404692181e-05
TMPO,-4.067314766412995e-05
CD86,-4.0696922512483705e-05
ZNF689,-4.0701947592597e-05
BTN2A2,-4.071232827796547e-05
DYRK3,-4.071632477697319e-05
TRIP13,-4.074596106187237e-05
SRRT,-4.074817288138917e-05
LY6E-DT,-4.075354178040151e-05
SEMA7A,-4.077656972089408e-05
TBCE.1,-4.079291044585997e-05
ZNF790-AS1,-4.0801272349900544e-05
ABCB5,-4.080841967255184e-05
NCKIPSD,-4.081519595219579e-05
HORMAD2,-4.086527034610133e-05
KLHL13,-4.0881349380018986e-05
PHACTR2-AS1,-4.088340719232824e-05
CAPN15,-4.090046625776385e-05
KRBOX1,-4.090571165365592e-05
HCN2,-4.09093517751732e-05
PYCARD-AS1,-4.091285206659384e-05
SIDT2,-4.0921836909488925e-05
NCOA7-AS1,-4.092651143756398e-05
PDCL2,-4.092823217936642e-05
BMP5,-4.093597268082692e-05
CHRDL2,-4.095133114738513e-05
PC,-4.095334384503754e-05
UBE2D4,-4.095437352692038e-05
AP000755.2,-4.096534982423456e-05
ZNF727,-4.097563581013327e-05
PALD1,-4.097681984481164e-05
TIE1,-4.099973743874745e-05
ANKRD33B,-4.100719734162945e-05
NOP58,-4.100929415153671e-05
JRKL,-4.101036890210639e-05
CD22,-4.1013880495625977e-05
CHROMR,-4.103866312815493e-05
SEMA5B,-4.1043852918755446e-05
DUSP19,-4.105466128639989e-05
TIMM29,-4.106247731234088e-05
NT5DC3,-4.107762358811988e-05
SPSB3,-4.110181928998368e-05
SOCS6,-4.111875619303777e-05
CCDC74A,-4.112902195710954e-05
MED11,-4.11492770908491e-05
DLGAP2,-4.115696347688847e-05
NDST1,-4.1157935332211096e-05
ID2-AS1,-4.117600643711924e-05
RNF31,-4.118724821023044e-05
AP000866.1,-4.119255441265968e-05
POGK,-4.122546857696407e-05
TTBK1,-4.123428953017758e-05
RGPD1,-4.1236821864498064e-05
ABHD5,-4.123828462069788e-05
CABP4,-4.123963593354398e-05
AP002762.2,-4.1242252905093056e-05
GYG2,-4.124998221560565e-05
ARFGAP2,-4.1254745371154896e-05
TYSND1,-4.127527656430716e-05
ZNF799,-4.130609762605264e-05
BCL9,-4.1309090168260974e-05
EIF5A2,-4.136544776459469e-05
SAPCD1,-4.136873889997071e-05
TRABD,-4.13699843440728e-05
FAM27E3,-4.1381324780042096e-05
EXT2,-4.13862944330055e-05
CPA4,-4.139287031680139e-05
CARD6,-4.1409583204985305e-05
PRLR,-4.142785682123646e-05
KANK3,-4.143244472470731e-05
HCN3,-4.144244568448619e-05
CHRNA6,-4.144292413709362e-05
SVEP1,-4.14461864894016e-05
AP006621.4,-4.145208446523515e-05
GSG1L,-4.145681239513152e-05
PIP4P2,-4.147514846048112e-05
TBL1Y,-4.1484076821892365e-05
HMGN5,-4.148426253645315e-05
DHRSX-IT1,-4.14858390428701e-05
Z95331.1,-4.151802782260816e-05
ZNF723,-4.155383073523062e-05
ADAM20,-4.156229733158746e-05
CXorf58,-4.15760829516035e-05
CFAP54,-4.159089044574036e-05
SMC1B,-4.159645353758498e-05
PAMR1,-4.16059033495208e-05
DRC3,-4.161314667007213e-05
TRMT10A,-4.161420941595957e-05
EDA2R,-4.1625292459126194e-05
TMEM212,-4.163142422601774e-05
KCTD10,-4.163393161427775e-05
PREB,-4.1646976271406857e-05
ANKRD34A,-4.16546815348986e-05
ADAMTS8,-4.165827583446364e-05
RNF24,-4.166978586004408e-05
ZNF484,-4.167329978180373e-05
IFNLR1,-4.1682353443432215e-05
AXIN2,-4.171324237727259e-05
GDI1,-4.17145200913152e-05
MBD4,-4.171663810975161e-05
DENND2C,-4.1742536170349954e-05
NUB1,-4.176177678209642e-05
DNLZ,-4.177658794849825e-05
BX255925.3,-4.178313248092002e-05
AP004609.3,-4.1798922439297007e-05
PGBD4,-4.183711769194585e-05
ZNF558,-4.184131469749568e-05
DGKB,-4.187225697329397e-05
TRMO,-4.188780180955376e-05
ALDH3B2,-4.1906965347984616e-05
FAM53B-AS1,-4.19724250512686e-05
PSMB8-AS1,-4.197511388369333e-05
WNT9A,-4.199894923175231e-05
MAP3K9,-4.200363562170355e-05
KCNJ3,-4.201175715089887e-05
ABHD6,-4.202519841699071e-05
ARLNC1,-4.20291762023705e-05
HIST1H2AC,-4.204838472494799e-05
KCND1,-4.208580144668935e-05
SGIP1,-4.208580967919022e-05
RC3H1-IT1,-4.209048770551532e-05
ZFX-AS1,-4.210314596593452e-05
ITPRIP,-4.21091372732206e-05
PRMT2,-4.2112710520949205e-05
SULT1A2,-4.21131111875802e-05
SMAD5-AS1,-4.212343634244797e-05
MCHR2-AS1,-4.212855219749292e-05
PLA2G4F,-4.2136620597299e-05
FKBP10,-4.215416104763568e-05
SLC26A7,-4.216318403467745e-05
SLC9B2,-4.216752810567307e-05
DYNC2LI1,-4.216839816313069e-05
FMC1,-4.219056885372572e-05
PNPT1,-4.22243911320631e-05
TMEM108,-4.22709292437473e-05
MEFV,-4.228207881395935e-05
PGR-AS1,-4.229035326748899e-05
TM4SF1-AS1,-4.230400259104635e-05
CLMP,-4.2304522919908574e-05
Z98885.3,-4.2319062127165e-05
ATPAF2,-4.23389036291425e-05
HEXD-IT1,-4.234194590185275e-05
PPARD,-4.234985892405513e-05
C1orf220,-4.235344561006676e-05
SHCBP1L,-4.236356572493464e-05
CASC20,-4.237174629544097e-05
SLC9A9,-4.239350999327615e-05
DUSP10,-4.239871410805955e-05
ZNF280C,-4.242056039270384e-05
CACNB1,-4.242873486631025e-05
CATSPER4,-4.245597318450384e-05
CHAF1B,-4.247351461421848e-05
LONRF1,-4.248039069293039e-05
PCA3,-4.248749808498984e-05
PTK2B,-4.248941622127224e-05
ULK3,-4.249785065695344e-05
DCDC1,-4.252035738789184e-05
MGAT4D,-4.257815646689282e-05
ITGAL,-4.2582820660393e-05
RAB3B,-4.259253239313057e-05
RNF166,-4.259811556811455e-05
NUDT19,-4.2661426756604925e-05
CPT1A,-4.267512650935385e-05
PRR5,-4.267599640197796e-05
DCHS1,-4.271469819906289e-05
PLGLB2,-4.271939460458938e-05
LYG1,-4.272506151614572e-05
MDM2,-4.27923534488864e-05
SLIT1,-4.279339001291007e-05
AP4M1,-4.281164410361399e-05
BCOR,-4.282587035520589e-05
PGBD1,-4.286389751164615e-05
CCDC196,-4.288035675697349e-05
SLC15A4,-4.2907902245208654e-05
POU5F1B,-4.29176625323132e-05
REN,-4.292113296341114e-05
OAF,-4.293810980478467e-05
PCDHGC3,-4.2953703540342304e-05
HDAC4-AS1,-4.296453887633338e-05
DCHS2,-4.297059242737935e-05
FAM184B,-4.297671393786696e-05
RERGL,-4.297913817694524e-05
SNX32,-4.298956166913464e-05
SHANK1,-4.299147176316873e-05
COLEC12,-4.299636533231978e-05
AP002748.6,-4.302428429793264e-05
TMEM39A,-4.304795251409424e-05
WBP4,-4.304966740094876e-05
C5orf22,-4.307661747765829e-05
SLAMF1,-4.3081073985314975e-05
GEM,-4.308855746757828e-05
CLDN11,-4.3123743632316085e-05
CPNE5,-4.31371622813707e-05
DUSP15,-4.315205240807488e-05
RBM10,-4.315650324622222e-05
PPP1R42,-4.315924849188081e-05
PTPRT,-4.316461523636524e-05
DEC1,-4.31657675424392e-05
FBXW10,-4.31698235665996e-05
KBTBD2,-4.317439062990118e-05
WIPF2,-4.323692934744666e-05
MORC1,-4.324956670357655e-05
GLOD5,-4.325083106298655e-05
DCLK2,-4.326368969825482e-05
NANOS3,-4.32718787211769e-05
TTC5,-4.3273556907853794e-05
CROCC2,-4.328500913419495e-05
CABCOCO1,-4.329266749964052e-05
ZNF441,-4.3315051880694505e-05
GCK,-4.33189118202793e-05
DPF2,-4.332921528445799e-05
MR1,-4.332939150858232e-05
AK7,-4.332959687718802e-05
FGF7,-4.334815878328275e-05
ELK3,-4.335719855446323e-05
TRIM16,-4.3375038414608514e-05
RFXAP,-4.339032880396084e-05
SKI,-4.339860523288346e-05
AGPAT5,-4.3400461259332526e-05
LMCD1,-4.341373956800308e-05
RRNAD1,-4.34209775112688e-05
ALOX12B,-4.347110868540319e-05
EDRF1-DT,-4.347936291617365e-05
PHF21B,-4.34867236430997e-05
ACOT12,-4.351394422230669e-05
AF235103.3,-4.352203597420288e-05
SNHG9,-4.3526434648622286e-05
METAP1,-4.352993278102096e-05
ZDHHC15,-4.353735943420672e-05
DHX15,-4.354318396790813e-05
FBXO17,-4.355204548654751e-05
UCP3,-4.355441502765573e-05
GFM2,-4.355952349096636e-05
PTGDR,-4.356592648678268e-05
GPR68,-4.359135960458359e-05
KLHL18,-4.359243200315885e-05
INTS11,-4.359364470432472e-05
ATG2A,-4.360127261484603e-05
OR2A7,-4.360339990289444e-05
HEBP1,-4.3606755055825415e-05
UBTD1,-4.362381112647076e-05
AP001266.2,-4.364277410771385e-05
PLAGL1,-4.3652194677061135e-05
EXOSC8,-4.369113758950015e-05
RNF170,-4.3695435760984657e-05
TMEM245,-4.370126272955e-05
DCAF12,-4.370335103123865e-05
AMDHD1,-4.370822223532967e-05
FCHSD1,-4.371479582545232e-05
STK11IP,-4.372731737039611e-05
SPEGNB,-4.372866902297968e-05
AP001505.1,-4.377119869394986e-05
HELQ,-4.37728759205137e-05
CCZ1,-4.378210975390861e-05
TNNI3K,-4.379259370450563e-05
EBF4,-4.379611257249579e-05
CYSLTR2,-4.3809917031356464e-05
PKD1,-4.381782879852104e-05
ZNF232,-4.381860028160496e-05
Z84484.1,-4.38220612100629e-05
RNASEH1-AS1,-4.382292604329877e-05
LYRM9,-4.3847694728696326e-05
CUX2,-4.3849801513717125e-05
ANKRD30B,-4.387368923218543e-05
ALDH1L2,-4.387759720132311e-05
PIWIL2,-4.38872862365348e-05
TIAL1,-4.389661371270841e-05
ESRP2,-4.389691358113985e-05
C20orf203,-4.393763716909865e-05
AP000462.1,-4.394134428351382e-05
RFTN2,-4.394650804835292e-05
SFRP1,-4.395251281940052e-05
SLC19A3,-4.395408715699269e-05
CCDC157,-4.396331932874101e-05
ZNF567,-4.396859433729905e-05
TFR2,-4.39702634172156e-05
BRD1,-4.39753494907607e-05
C5orf34,-4.397566922621517e-05
ENTHD1,-4.400301107141237e-05
PNPLA1,-4.403702147175544e-05
STAP1,-4.404063564152437e-05
TP73,-4.4056367174566494e-05
SLCO1A2,-4.406344919360134e-05
GALNTL5,-4.4096135648856784e-05
CU634019.5,-4.4096797259141984e-05
VWC2,-4.409965985809036e-05
USB1,-4.411182898750572e-05
ADPGK,-4.41141514274274e-05
XIAP,-4.4117319608543086e-05
PTCSC2,-4.412633866878811e-05
ZNF598,-4.414093670253729e-05
PCSK4,-4.414381502164703e-05
HES4,-4.4167079550800896e-05
FAM222A-AS1,-4.418722126948975e-05
CCDC73,-4.421475842066644e-05
NOP2,-4.421702984809979e-05
SOX10,-4.423519073979882e-05
LNCOC1,-4.4242766987962746e-05
CKMT2,-4.4244528644705314e-05
TSC22D3,-4.42504939626356e-05
DUS4L,-4.428223768313061e-05
THAP7-AS1,-4.428790399227231e-05
ZNF804B,-4.429939489684404e-05
ANGEL1,-4.432030803610108e-05
EIF2B5,-4.4321591249953325e-05
FUT2,-4.4340931436377685e-05
KPNA7,-4.435531510868817e-05
SLC26A1,-4.436760478696711e-05
PLET1,-4.436917152954906e-05
IGSF5,-4.438770854421992e-05
OR2L2,-4.441603124950394e-05
WDR5,-4.441972187514945e-05
AXDND1,-4.4440748781552856e-05
U2SURP,-4.445492020600295e-05
LDLRAP1,-4.447527397949395e-05
TLDC2,-4.448718947675973e-05
MAP3K3,-4.452217766946226e-05
ZNF30,-4.453947264435288e-05
PHOSPHO2,-4.45459953446407e-05
RP9,-4.455100661483962e-05
ZBTB4,-4.455140525849748e-05
NLGN4Y,-4.457491823553936e-05
PCSK1,-4.458049486097259e-05
SPATA33,-4.459113489828248e-05
TMEM170B,-4.4603498560174576e-05
ALDH1A2,-4.460964046142888e-05
SOX30,-4.462134259708156e-05
MROH6,-4.464551893509987e-05
HTR2A,-4.46759186475451e-05
SLC22A13,-4.4677375566861227e-05
ZBED6CL,-4.467769870796947e-05
GAS7,-4.468957152950945e-05
SYNDIG1,-4.471964922089738e-05
CELA3B,-4.475403787485253e-05
RHCE,-4.475551644822913e-05
TIAF1,-4.47763020307304e-05
PAFAH2,-4.478778909100404e-05
NPIPB7,-4.48024166598312e-05
VWA5B1,-4.481809516445962e-05
C12orf66,-4.482149127786756e-05
DCUN1D2-AS,-4.484149209752721e-05
FAM222A,-4.485282553254778e-05
CPNE8,-4.486746741989792e-05
BBOF1,-4.487044196913024e-05
EXOSC6,-4.487807646859656e-05
FAT2,-4.492181986494537e-05
BORCS6,-4.4922013457973554e-05
ASTN2-AS1,-4.4929595808840974e-05
ALKBH4,-4.4929622058274746e-05
PCDHB4,-4.493277716392079e-05
MFSD13A,-4.493538788585056e-05
SLIT3,-4.496380095079576e-05
ZC2HC1C,-4.496997058856982e-05
SNX8,-4.497838751713831e-05
MIR548A1HG,-4.498004751679215e-05
RASAL2-AS1,-4.498453774459197e-05
AUNIP,-4.5023379857153794e-05
AP001528.1,-4.505186206267181e-05
NGF,-4.5076037320263206e-05
EDNRB-AS1,-4.5094589560343e-05
KIAA1614-AS1,-4.509960128346811e-05
TXLNG,-4.5100014213121326e-05
ZNF540,-4.510805836552103e-05
PDGFC,-4.511048110816885e-05
GEMIN7,-4.512369343222646e-05
GRM7,-4.512672263606089e-05
SECISBP2L,-4.51327713668226e-05
APBA1,-4.51351900061421e-05
NUDT6,-4.51382463191232e-05
AP002387.2,-4.513981304439502e-05
SLC39A8,-4.514222031856861e-05
TBC1D2,-4.517822380337164e-05
SLC9A1,-4.5196792846757565e-05
LTB4R2,-4.520133047105158e-05
GNG7,-4.522241234092528e-05
AP003327.2,-4.522441648123586e-05
BX322234.1,-4.523003145500304e-05
TBX15,-4.523628911835333e-05
MICALL1,-4.525963334356278e-05
TCFL5,-4.527491916201834e-05
SDHAF3,-4.528388980842229e-05
NAF1,-4.528748422601864e-05
GINS4,-4.5292609782152526e-05
OGFRP1,-4.536160737823448e-05
KIRREL1,-4.536473182330106e-05
CENPN,-4.537190919189054e-05
SPDYE2,-4.537367614281268e-05
RAE1,-4.5374897706568034e-05
PDK3,-4.5385339311040846e-05
ADM5,-4.539828422955687e-05
CCNG2,-4.540507113752312e-05
ZNF254,-4.5412163572427045e-05
ZNF487,-4.542173398227744e-05
BX322562.1,-4.542534069762882e-05
PLN,-4.542753721992624e-05
TECTA,-4.545096590412383e-05
HUNK,-4.546299643844989e-05
DLEU2L,-4.547847534387272e-05
SLC16A12,-4.548582467640137e-05
UBA7,-4.548972921454695e-05
SPC24,-4.550401923672459e-05
LBHD1,-4.552357309323637e-05
MATR3.1,-4.553639410857517e-05
LANCL2,-4.554316327675698e-05
BIRC5,-4.554453373687067e-05
ARV1,-4.555663340197226e-05
NDST4,-4.556950709983353e-05
PPP1R14C,-4.557920789376628e-05
USP2-AS1,-4.5612986257950826e-05
MEF2D,-4.5635309194070486e-05
CYGB,-4.564489508007234e-05
CC2D1B,-4.568464738950528e-05
ZBTB20-AS4,-4.568930807195819e-05
AD001527.1,-4.569877123182031e-05
REP15,-4.571258986900167e-05
CASP6,-4.572742181728454e-05
MAGI1-IT1,-4.5728230331214896e-05
VIPR1,-4.573083101480092e-05
DDX25,-4.573398118694156e-05
CFAP161,-4.575357002867334e-05
TMEM116,-4.576250951219226e-05
SENP3,-4.578808232899728e-05
Z99127.4,-4.5788750180958175e-05
LEF1,-4.579209043061592e-05
RAP1GAP,-4.579243823015922e-05
PGBD2,-4.579927241929896e-05
AP000704.1,-4.581268478379026e-05
CBFA2T3,-4.581880556528761e-05
KCNC4,-4.581955976713312e-05
VPS33B,-4.583710909061552e-05
GML,-4.585994389514813e-05
HIST1H2BN,-4.5881616267021846e-05
PRR26,-4.589765167067859e-05
LPP-AS1,-4.590847223183196e-05
C11orf68,-4.591708682856982e-05
MAP11,-4.592671112267618e-05
ALG9,-4.5933125792543424e-05
ZNF20,-4.593876521339347e-05
RBFOX1,-4.594328507340039e-05
CDKN3,-4.595584880688715e-05
TGS1,-4.595864466154861e-05
CTDP1,-4.5978649666845615e-05
CRPPA-AS1,-4.597866156256711e-05
PTCSC3,-4.5986401441741147e-05
TSNAXIP1,-4.60180109761754e-05
ADGRG2,-4.601885250332568e-05
PLAC8L1,-4.60286213263966e-05
PARD6B,-4.603873616291135e-05
DQX1,-4.604099828108771e-05
LANCL1,-4.605050685042565e-05
KDM2B-DT,-4.605217637721143e-05
POU6F1,-4.605506510799574e-05
SHC3,-4.605663970013155e-05
ZNF45,-4.606012909234121e-05
CALD1,-4.607469097997655e-05
ST3GAL4,-4.607859253726634e-05
BX004807.1,-4.608138791756578e-05
IL16,-4.610069645829773e-05
MCF2,-4.610928604650895e-05
ZNF37A,-4.611239308098473e-05
PDGFD,-4.61164321971164e-05
TRG-AS1,-4.614267562283161e-05
CD27,-4.61524419781463e-05
DPH6-DT,-4.616939443459124e-05
GVQW3,-4.617323996779671e-05
PSKH1,-4.619159329583646e-05
HRH4,-4.6194103141936566e-05
OSGIN1,-4.619952714850513e-05
FMR1-IT1,-4.620607217009051e-05
KIF17,-4.6216090925916494e-05
DACH2,-4.621676949641391e-05
EBLN3P,-4.622946967766445e-05
MAFG,-4.62350063384155e-05
PEAK3,-4.6235812055552895e-05
UBE2R2-AS1,-4.6264334128513705e-05
KCNJ14,-4.627292665273986e-05
MIR503HG,-4.629130797118669e-05
IGSF3,-4.629434203361467e-05
MKLN1-AS,-4.6300248591673865e-05
C19orf54,-4.630403747135881e-05
SREBF1,-4.630609132988662e-05
MKRN3,-4.633734421474192e-05
FAM66D,-4.636764077004118e-05
MTA1,-4.6380299768326935e-05
USP35,-4.640096086066801e-05
RABGAP1L-DT,-4.64377251795247e-05
CALCRL,-4.644143118878425e-05
RNF223,-4.645424179804284e-05
FAM53C,-4.646208187195281e-05
NR3C1,-4.646956016898508e-05
CHRM3-AS2,-4.647405038354309e-05
GFRAL,-4.6480108884348216e-05
CDH5,-4.648064448682639e-05
MATN2,-4.649138968848459e-05
HSF5,-4.651242676370512e-05
ZNF480,-4.654458362745816e-05
C12orf50,-4.655063696110434e-05
CBY1,-4.65724722852455e-05
NLRC3,-4.658222021553392e-05
SDCBP2-AS1,-4.660192300470442e-05
NPIPA5,-4.660744993616389e-05
ZCCHC18,-4.660867907474797e-05
HLTF,-4.6610951712663006e-05
TNFSF14,-4.662029417411448e-05
GRID1,-4.663235412377835e-05
KLHL10,-4.6632943116211765e-05
TCF7,-4.664975263258092e-05
ARHGEF17,-4.665911102337397e-05
E2F5,-4.666227398389104e-05
NRG2,-4.669319650184523e-05
DNAJC2,-4.671101944117632e-05
ZNF784,-4.672399385362843e-05
RIPK2,-4.675291299772698e-05
BIRC2,-4.6756599566118295e-05
KRBA1,-4.677954092454116e-05
SNX19,-4.678182502734773e-05
DLST,-4.680184931601438e-05
APCDD1L-DT,-4.681506388877361e-05
SMIM3,-4.683092819429177e-05
PPP2R3B,-4.685582188494805e-05
GOLT1A,-4.686483185871377e-05
PEAR1,-4.6876664055125466e-05
KCNG1,-4.690937570782237e-05
SUGP1,-4.691189668117429e-05
FAM209A,-4.692837441502109e-05
CYP27A1,-4.694352534957001e-05
MAP3K12,-4.694521428942735e-05
CCM2L,-4.694817681852296e-05
LAMA4,-4.696154282585343e-05
SIRPD,-4.696449328504455e-05
ZNF250,-4.6976272505564885e-05
IGF2BP2-AS1,-4.697719324261598e-05
JADE1,-4.6980347868416365e-05
GUCY1A1,-4.699843832571153e-05
TBPL1,-4.704064669750082e-05
CEL,-4.70514505046167e-05
ESYT3,-4.707901407291373e-05
CORO1C,-4.707994259837006e-05
ZNF256,-4.708527271179849e-05
ZNF425,-4.709848368349256e-05
CX3CL1,-4.710579477787436e-05
TSPAN9,-4.710873884184877e-05
HTR2B,-4.7122598683959416e-05
PAPOLG,-4.712644251830935e-05
RNF130,-4.712932853322978e-05
SPOCK3,-4.7132987568293e-05
EDC4,-4.713334846667455e-05
SLC46A2,-4.714824921734258e-05
MCEE,-4.715072281138334e-05
HMCN1,-4.7153623452273776e-05
EEF1AKMT2,-4.717240242867808e-05
ANKRD7,-4.7172614872536894e-05
SHMT1,-4.71780925306133e-05
ADAMTS9-AS1,-4.7203815877378815e-05
C5orf30,-4.720929108013053e-05
ABRAXAS1,-4.724674004938163e-05
ZNF208,-4.725939823604612e-05
MAMDC4,-4.726643174807727e-05
LRRC19,-4.727142934724032e-05
CCHCR1,-4.7292845512032926e-05
DGKA,-4.730889122637175e-05
RASGRP3,-4.731596413910377e-05
PRKRA,-4.73162310699656e-05
PRKCA-AS1,-4.733783077034844e-05
SWSAP1,-4.734395731432194e-05
NKAIN4,-4.737403876466436e-05
FAM171B,-4.738223046144548e-05
LETM2,-4.740419831277338e-05
IPCEF1,-4.742179151432178e-05
MANSC4,-4.74240570451617e-05
LNCSRLR,-4.74264300109596e-05
ZBTB25,-4.747040766421805e-05
MIB2,-4.747154394694226e-05
ATP2A1-AS1,-4.75035613995047e-05
ASB1,-4.750529119000631e-05
KCNH3,-4.7510012244653246e-05
PCYT1A,-4.754347304055641e-05
LMF1-AS1,-4.754820243219638e-05
HAS2,-4.756586448122801e-05
MYT1L,-4.757205424720433e-05
COL6A3,-4.7610167291387015e-05
GPR156,-4.761056424121689e-05
ST18,-4.761102343203781e-05
TRPM2-AS,-4.76178071127483e-05
RCAN3AS,-4.762069153839303e-05
LUCAT1,-4.7620798929095536e-05
CGNL1,-4.76278097313424e-05
AP001042.1,-4.763081635243195e-05
KCNIP1,-4.763519212011299e-05
TRIP6,-4.764451091086383e-05
ACSBG1,-4.764918521331741e-05
STX2,-4.7656968805288806e-05
WDR4,-4.765886008111929e-05
ACBD4,-4.768227657431393e-05
AGAP2,-4.768823303629482e-05
DHTKD1,-4.772076455026108e-05
CXXC4,-4.773466058262327e-05
SYNPO2L,-4.7747320204370894e-05
ZNF529,-4.775091286734948e-05
AP001372.1,-4.778733422382408e-05
CD101,-4.780980354931058e-05
CASP2,-4.781872344202952e-05
TAFA5,-4.782546801456884e-05
ACAD8,-4.7853350502313606e-05
PPP1R18,-4.786548439301778e-05
GRIN2B,-4.788469292484768e-05
SLC25A42,-4.790546783602009e-05
DGKG,-4.790760867274934e-05
C8orf37,-4.7925399864020855e-05
MAP2K3,-4.793949154354556e-05
C1QTNF7,-4.794279157595994e-05
GPT2,-4.795462734894243e-05
NBPF14,-4.796223420042887e-05
SYNC,-4.799072852832994e-05
STARD5,-4.8015013710278674e-05
BAIAP2L2,-4.802276805596922e-05
BCDIN3D,-4.804262331240605e-05
SLC24A3,-4.808824103807389e-05
CSTF3-DT,-4.808947214601506e-05
DLGAP1-AS4,-4.80935832653306e-05
SETD3,-4.8108502586259645e-05
AP005717.2,-4.8113154312017433e-05
C21orf91-OT1,-4.811743352091765e-05
C2orf88,-4.812157781172634e-05
KIF1BP,-4.814347711498374e-05
NICN1,-4.8161533497228926e-05
MTMR6,-4.816164192640071e-05
CES4A,-4.816281618911668e-05
FAM92A,-4.816444583559737e-05
NEXN-AS1,-4.816821318369001e-05
CD83,-4.8169625799314935e-05
OCA2,-4.816984355017863e-05
C1QTNF12,-4.819049716131233e-05
FCN3,-4.824149371011344e-05
SGCE,-4.825720088657171e-05
CCDC92,-4.825971122662412e-05
GRIN2A,-4.8262365873521095e-05
HAAO,-4.827000720177068e-05
IKZF5,-4.8270561851441766e-05
PXT1,-4.828037600761773e-05
TRMT9B,-4.8284297309700365e-05
SCAMP4,-4.830430073449637e-05
FAM216A,-4.83211501887142e-05
TSEN15,-4.8339048204094585e-05
TMEFF2,-4.835266538461558e-05
UBE2B,-4.836847472774539e-05
ATPAF1,-4.8376648489884966e-05
SUMO4,-4.839149155396488e-05
ZNF594,-4.840952156833778e-05
NKPD1,-4.841469745823813e-05
CTNNA2,-4.841876584272076e-05
NPR3,-4.8449617791114886e-05
ZFAND1,-4.845917759490593e-05
RFC5,-4.8470868227661005e-05
FUT9,-4.847289783645941e-05
THRB-AS1,-4.848900851012687e-05
DEPDC4,-4.849145723689324e-05
SLC47A2,-4.849528660299655e-05
RBBP8NL,-4.851517500226751e-05
SEC61A2,-4.852129963661404e-05
UCHL3,-4.852375957343198e-05
FHDC1,-4.853383736098312e-05
GPR174,-4.854499327168776e-05
ECM2,-4.854524363784761e-05
JPH1,-4.854530360414113e-05
GRM8,-4.855372582323911e-05
HS3ST3A1,-4.857278869175583e-05
GXYLT1,-4.8572906420112e-05
CCNI2,-4.859745512184657e-05
SFXN2,-4.860065484105694e-05
FAM177B,-4.861036839074366e-05
Z68871.1,-4.862931364303902e-05
SUCLA2,-4.8630732571380246e-05
KCNE3,-4.864124862949587e-05
RET,-4.864142062577013e-05
ALDH8A1,-4.8643578209320994e-05
FLVCR1,-4.868000413988888e-05
AQP4-AS1,-4.869462326692104e-05
AP000424.1,-4.869910628992824e-05
PRKAA2,-4.871901369928765e-05
HSPB6,-4.873015044321689e-05
CD84,-4.873743808691883e-05
MED25,-4.874127213872648e-05
FAM156A,-4.8752109459579045e-05
PXYLP1,-4.875938785498423e-05
RASIP1,-4.876182186983143e-05
ZSCAN9,-4.877922381649656e-05
PLVAP,-4.879157448838192e-05
SCUBE2,-4.880000441178024e-05
MRPL1,-4.880428576690564e-05
DYRK4,-4.880651153131624e-05
AP005131.5,-4.882769740685174e-05
VAMP2,-4.883415157024174e-05
B9D1,-4.8845465807017663e-05
TMEM254-AS1,-4.885250268227137e-05
RNLS,-4.885266848056346e-05
USP18,-4.887364343355466e-05
ADGRG7,-4.888584567807128e-05
MDFI,-4.888889312585464e-05
STXBP3,-4.892797606367447e-05
LEPR,-4.8931510409993584e-05
ZNF182,-4.8935518952173767e-05
VASH1-AS1,-4.894191176597839e-05
AP006545.1,-4.894891233148351e-05
NEURL4,-4.896691566022916e-05
PREPL,-4.899723105711901e-05
EIF2B4,-4.9005113944671504e-05
RDH5,-4.901046572816243e-05
C12orf60,-4.901710595769176e-05
GRXCR1,-4.902270117821042e-05
MAP3K15,-4.90308988299548e-05
F8A1,-4.907342752447071e-05
CEP97,-4.907408971307769e-05
ZNF595,-4.90772237371967e-05
KCTD15,-4.90843617592007e-05
RASL12,-4.90930514390483e-05
ZNF451-AS1,-4.91246345682414e-05
FLVCR2,-4.913924481417842e-05
TMC3,-4.915081823598893e-05
C4orf36,-4.91810124863122e-05
SRRM1,-4.921142722072689e-05
ZNF850,-4.92279939385292e-05
DRD4,-4.923454686223878e-05
AFAP1L1,-4.924663737032103e-05
UAP1L1,-4.928812364582464e-05
KIAA0319,-4.928915646535568e-05
EARS2,-4.929213646707024e-05
FAM72B,-4.929424358606456e-05
IL1RAPL1,-4.930080997590964e-05
PHKA1-AS1,-4.930367054218997e-05
AKIRIN1,-4.932054275183204e-05
KLHL11,-4.9352657541718114e-05
RBM3,-4.936103304781735e-05
ZC3HAV1L,-4.937027305386004e-05
SLC16A2,-4.938456055838862e-05
SPDYE6,-4.9414197424426286e-05
STX17-AS1,-4.942351532218139e-05
NCBP1,-4.94806593154839e-05
LTBP2,-4.954795749263725e-05
BCORL1,-4.9563531484915e-05
ARMC7,-4.962852189873032e-05
PPARGC1A,-4.963420411667528e-05
TFAP2A-AS2,-4.9696324002346674e-05
CROT,-4.971393598501356e-05
AP000820.2,-4.972991831416056e-05
AP003419.3,-4.973505080547978e-05
WASL,-4.974438615396573e-05
OTOG,-4.974774742224776e-05
AP001094.2,-4.975243452502172e-05
GIN1,-4.975809873179645e-05
RBM26-AS1,-4.9781812042275805e-05
ENPP6,-4.978937106987549e-05
COL11A1,-4.983084615675652e-05
COL4A5,-4.986616189302228e-05
CDC42SE1,-4.9870585097776485e-05
CCR5,-4.987525937521942e-05
YPEL1,-4.988193618550945e-05
COQ7,-4.98880004394656e-05
FAM104A,-4.989341274636976e-05
CERKL,-4.9895715151910783e-05
LRRC56,-4.99159732416249e-05
ZNF621,-4.99513002335092e-05
NETO2,-4.995302572142379e-05
FCGBP,-4.996112458666312e-05
ORC1,-4.998087659437271e-05
CTRC,-5.001696413217743e-05
HABP4,-5.001980798983461e-05
THG1L,-5.002517451263088e-05
KCNN1,-5.004347311718482e-05
ASPA,-5.004422736483204e-05
GABRB3,-5.006145134265639e-05
MIR100HG,-5.0072028655685495e-05
TDRD9,-5.008127807599561e-05
MMP23B,-5.008337258625554e-05
CCDC12,-5.009093800249322e-05
HPN-AS1,-5.009969531200689e-05
VIT,-5.014235754770121e-05
CLDN15,-5.014324977142971e-05
NAIP,-5.015558934429855e-05
SLC7A11-AS1,-5.016854529175518e-05
DOK7,-5.017047860496845e-05
MSI1,-5.017687962299567e-05
GALNT11,-5.018212563189703e-05
ZNF324,-5.018822339538138e-05
NPIPB8,-5.019634902362666e-05
BRAT1,-5.0220099650771335e-05
TNIP2,-5.02401338955653e-05
FO393418.1,-5.0242289618989216e-05
GPR171,-5.0261259370674e-05
TNFRSF14-AS1,-5.026544389061345e-05
SULT6B1,-5.026580841809325e-05
CMTM1,-5.027324788928391e-05
SERP2,-5.029646760075649e-05
AP005203.1,-5.030350875166177e-05
GUCA1C,-5.0318407642861525e-05
AF305872.2,-5.034851220176104e-05
NBPF10,-5.035822794126657e-05
CRTAC1,-5.0387297880121926e-05
PMF1,-5.039859282956708e-05
MEGF8,-5.040481451644028e-05
MAPK7,-5.040787769827972e-05
CDH20,-5.041690509038382e-05
CHRFAM7A,-5.043182940519135e-05
MAP10,-5.0461658428413215e-05
PLLP,-5.0471476169733673e-05
SSH3,-5.04732820184036e-05
SNHG12,-5.047748011480784e-05
C5AR1,-5.048073802221306e-05
SCARA5,-5.049076934007144e-05
POLD1,-5.050649372760755e-05
UNC5A,-5.051948429024426e-05
DECR2,-5.052214893630096e-05
DMC1,-5.0523094745460376e-05
PACC1,-5.052571960483216e-05
APOBR,-5.0531160433642e-05
COQ10A,-5.0539925966218034e-05
KDM5C-IT1,-5.055311154597267e-05
DHX37,-5.05810666185098e-05
Z93022.1,-5.0585492983540015e-05
CDRT1,-5.059211399852482e-05
SMIM15-AS1,-5.059352968712409e-05
C3orf18,-5.05951828658684e-05
LIFR-AS1,-5.059860753215922e-05
PHKG2,-5.060143896242084e-05
MORF4L2-AS1,-5.060551212487774e-05
PLPP3,-5.062982143613257e-05
HEY2,-5.063092328228544e-05
GAS1RR,-5.063558444797997e-05
BCDIN3D-AS1,-5.064618598614347e-05
PRICKLE3,-5.0655078144964006e-05
MMP26,-5.065960911096498e-05
AP000766.1,-5.066597861479789e-05
LRMP,-5.0682227687480313e-05
DAPK3,-5.071564493291136e-05
MUTYH,-5.074377558290415e-05
KCNK5,-5.076551920475638e-05
ZDHHC11,-5.076738179144442e-05
TEDC2,-5.078167517150386e-05
RXRB,-5.07831034824272e-05
SLC23A1,-5.079395797929503e-05
TMPRSS9,-5.079913142542782e-05
AF230666.2,-5.0800541324378926e-05
PKD1L1,-5.080989288478126e-05
CYP20A1,-5.083175436544949e-05
ZNF197,-5.0848004454799903e-05
STAC3,-5.087368303043818e-05
STRIP2,-5.08923928765378e-05
FANCE,-5.089327354641908e-05
GPR183,-5.091711808736847e-05
SLC2A6,-5.094172981739902e-05
COL21A1,-5.094359586066973e-05
PXK,-5.0971239115614296e-05
TRAPPC11,-5.0980787851898375e-05
CPQ,-5.09908846491154e-05
PCCA-AS1,-5.100363426870689e-05
RGPD4,-5.1023872565424994e-05
MEIOC,-5.110490484704575e-05
AP004147.1,-5.110655884466543e-05
ZSCAN26,-5.111131488079854e-05
SPOP,-5.111476337405373e-05
TCF21,-5.112173376364237e-05
KCNT1,-5.115603489544112e-05
TMCO1-AS1,-5.11655916763404e-05
KBTBD4,-5.117708202943865e-05
FOXD2-AS1,-5.12243444565944e-05
TARS2,-5.122964129124924e-05
CSRNP2,-5.1229879108091777e-05
GPR137C,-5.124912403229284e-05
MKS1,-5.1249329440374256e-05
CNOT10-AS1,-5.127883427129469e-05
DDX19A,-5.129758317490984e-05
GCSAML,-5.130891845405285e-05
PKHD1L1,-5.13140119461404e-05
PRC1-AS1,-5.131580902320317e-05
ABCC9,-5.132382404284523e-05
HAP1,-5.1328085968096046e-05
AP001631.2,-5.1332072245681526e-05
CCDC60,-5.13545259117502e-05
WDR36,-5.13610097957716e-05
CASC1,-5.13794133993807e-05
P2RY6,-5.1381349727841855e-05
ENTPD6,-5.139387338385425e-05
RASGEF1C,-5.139962908823561e-05
ZBTB5,-5.140239819480784e-05
TCF3,-5.140279239559011e-05
ZNF267,-5.1415233561292256e-05
CCDC183-AS1,-5.141538823411753e-05
FAAH,-5.141774073653286e-05
DIPK1B,-5.142432629180387e-05
CCZ1B,-5.143178383928935e-05
TEX48,-5.143245684234027e-05
MOGAT1,-5.1441245158489854e-05
PARP10,-5.145547723614823e-05
COQ8A,-5.148334292194462e-05
APOBEC3F,-5.148803392847936e-05
TRPV3,-5.1504476807023714e-05
ABCG8,-5.1518959109597776e-05
NFE4,-5.1523070686782295e-05
BARD1,-5.1526055651579856e-05
ARMC1,-5.153199533742409e-05
ADSSL1,-5.153387230845103e-05
SLC13A4,-5.153520310341943e-05
GSTM2,-5.154518219165198e-05
HSD17B14,-5.158371932586898e-05
SAMSN1,-5.1588782846414885e-05
FO393419.2,-5.160350667431842e-05
AP001628.1,-5.160535304388008e-05
ADGRB1,-5.160849815597309e-05
HDAC3,-5.164165615625482e-05
CCDC106,-5.1656635006548864e-05
TRPM3,-5.168197511902209e-05
HOXD3,-5.168680465885145e-05
RUSC1,-5.169123423298092e-05
SYT16,-5.1709347700632e-05
ZNF530,-5.172443005340265e-05
SOX21-AS1,-5.174986068703701e-05
RAB3C,-5.1754421869671215e-05
USP46-AS1,-5.176086538611464e-05
ATP8B4,-5.1766131744668186e-05
ATP6V0D2,-5.178218028003663e-05
ZNF85,-5.182713705535139e-05
CCDC102A,-5.1832306649858725e-05
UBOX5,-5.1840494268935966e-05
DIS3,-5.184051240864058e-05
SPEN,-5.185090354959832e-05
RB1CC1,-5.18601578320449e-05
FNTB,-5.1865636104442265e-05
MLYCD,-5.1867329067431503e-05
PSMC2,-5.18688741981774e-05
IQCM,-5.187287809573162e-05
CALCOCO2,-5.187652230559294e-05
TOMM34,-5.18896166052769e-05
XRCC1,-5.189116709871564e-05
LMBRD2,-5.197212760979635e-05
EFCC1,-5.197262798932584e-05
NKD2,-5.197695957267071e-05
PBK,-5.200061448088878e-05
RECQL4,-5.200332336963783e-05
AARSD1,-5.2039448330673626e-05
MCM8-AS1,-5.205231318482561e-05
COL4A4,-5.206952146685855e-05
UBAP1L,-5.207711648159146e-05
SPDYE21P,-5.2078501247080326e-05
LPAR2,-5.2089659899148335e-05
ZGLP1,-5.2092913334499314e-05
NOTCH4,-5.210417798343406e-05
TLR5,-5.214665202958835e-05
TCEANC2,-5.217481063886263e-05
CTCF,-5.218401227601658e-05
TEDC1,-5.218692269405013e-05
FTSJ1,-5.222644376099616e-05
ERMN,-5.224524443805213e-05
CNOT8,-5.225314353038072e-05
PHF7,-5.2268269630190376e-05
LEF1-AS1,-5.2276056330320046e-05
CALCB,-5.228252118855824e-05
PGM2L1,-5.2292007360711175e-05
REEP1,-5.232207587936786e-05
SYDE2,-5.232643136252104e-05
C8orf58,-5.2337095136827775e-05
PRKACB,-5.235112764825134e-05
RDM1,-5.236371926288819e-05
DHX58,-5.2384267786361626e-05
GRM7-AS1,-5.239184173688242e-05
ZNF774,-5.240460754128819e-05
ELN,-5.241272288340381e-05
PRR5L,-5.245127596063675e-05
GRB2,-5.246483058406154e-05
ABHD1,-5.252290237031515e-05
ZNF234,-5.252493241957916e-05
RHOQ,-5.253773269800032e-05
ERCC1,-5.253857932148082e-05
KCNH6,-5.254096010124741e-05
ENTPD3-AS1,-5.2551911830101095e-05
NIPBL-DT,-5.25554453860021e-05
CCDC114,-5.256210167251998e-05
TFAP2E,-5.257168112325369e-05
RNF214,-5.2592809392048346e-05
DNM3OS,-5.260972754832779e-05
NLRC4,-5.26103606712403e-05
IGFN1,-5.2634511676483794e-05
MAN1C1,-5.264154174855144e-05
IL18R1,-5.265039699398489e-05
ACADS,-5.265663204435465e-05
FAM228A,-5.265805961670053e-05
GPRC5D-AS1,-5.267499810242886e-05
MRAP,-5.2676116474257046e-05
TTC22,-5.268552776384957e-05
GLI4,-5.268847915857135e-05
E2F8,-5.269752075502845e-05
MARCH2,-5.270099093750936e-05
AP4B1,-5.273467495538499e-05
WARS,-5.274628182268499e-05
SSSCA1-AS1,-5.276035579585575e-05
TEX41,-5.2768629829515846e-05
AF230666.1,-5.2774249257475655e-05
KPTN,-5.278845850751877e-05
SRCAP,-5.280943829509299e-05
TRPV6,-5.282168575292929e-05
RCL1,-5.282618988101277e-05
KLHL25,-5.28715529454364e-05
GPR63,-5.287777240544276e-05
PLEKHG6,-5.287951288889479e-05
C1orf105,-5.2883466938657785e-05
PITPNM3,-5.290205653277853e-05
PLGLB1,-5.291028018546201e-05
IKZF1,-5.291981431939477e-05
MYO1G,-5.294194221529927e-05
TTPA,-5.294765349205788e-05
AP002840.2,-5.294878500713315e-05
ARMC10,-5.29568287170888e-05
AP003059.1,-5.299637817739706e-05
ZNF655,-5.3005481673533976e-05
MIR5689HG,-5.303035328368012e-05
SLC7A6OS,-5.303651527301348e-05
ADAMTSL4,-5.303862194923634e-05
ZNF525,-5.303971670842986e-05
SLC9A5,-5.308042516458016e-05
RAET1E,-5.310921796195493e-05
GRAP2,-5.31541458574248e-05
INE1,-5.316673802256589e-05
SPRTN,-5.3173424231416266e-05
BTN3A3,-5.3205074002836055e-05
TBC1D8B,-5.322229874038568e-05
ESR1,-5.322697994041658e-05
RBM20,-5.323615479375907e-05
IFI44,-5.323813233488034e-05
TSPAN10,-5.325014048386823e-05
NADK2,-5.325901663716353e-05
Z69666.1,-5.327747502777793e-05
ZNF665,-5.332573475724609e-05
FRG1-DT,-5.334268090527707e-05
ZNF749,-5.3344591863361045e-05
CFAP97,-5.334623723991409e-05
CERNA1,-5.335570772355961e-05
AF131215.4,-5.336863985563261e-05
RNF165,-5.339854539112613e-05
SPATA2L,-5.341186571920479e-05
MRTFA-AS1,-5.343192927663024e-05
MOV10,-5.3446416661116535e-05
CHSY3,-5.3507150129666885e-05
AP2A1,-5.3551270250060384e-05
SLC6A4,-5.356967009090976e-05
LIAS,-5.358117331558965e-05
MAP6,-5.3589624604483794e-05
UHRF1BP1L,-5.359923854130165e-05
PCDHB14,-5.360364891593841e-05
AP000253.1,-5.36185232840142e-05
CTBP1,-5.363020954925348e-05
TMUB2,-5.363881898236039e-05
MCM7,-5.364740200001605e-05
TMEM39B,-5.364995312956001e-05
NAALAD2,-5.365365582710773e-05
ADGRG3,-5.365402244319556e-05
TENT4B,-5.366030120233507e-05
MALINC1,-5.366229199738566e-05
SEMA6A,-5.367539618097739e-05
TBCE,-5.368239389430226e-05
UPK2,-5.368577465986015e-05
HCLS1,-5.369819355279057e-05
QKI,-5.371404675072868e-05
ZNF619,-5.372250323965617e-05
TAFA1,-5.3727287713365735e-05
FANCD2OS,-5.373439784054442e-05
ESR2,-5.3762851814046e-05
ALG14,-5.380258852458105e-05
ASMTL-AS1,-5.385740667976923e-05
AK8,-5.387527088189026e-05
GDPD1,-5.387537368577182e-05
CALN1,-5.387871489806795e-05
CYYR1,-5.389048065470169e-05
MBD2,-5.390543790176575e-05
TLR4,-5.39101731406744e-05
PLEKHG4,-5.391032681775002e-05
PYY,-5.391917935557888e-05
INTS6L,-5.393592755572002e-05
ANO2,-5.393682850322047e-05
EXTL3-AS1,-5.3939575705484e-05
PRRX1,-5.397884632525637e-05
TBC1D10A,-5.402733359499767e-05
HEPHL1,-5.403644461128655e-05
LCP2,-5.404581736395919e-05
MAPK15,-5.40646772356838e-05
TMEM204,-5.40676594918929e-05
C17orf75,-5.4074479008017067e-05
RBM43,-5.410200187723918e-05
SLC35E4,-5.414218078452138e-05
TENM3,-5.414687500630471e-05
PIK3AP1,-5.415063925219916e-05
ACADL,-5.4152370240015166e-05
MAST1,-5.415631428193597e-05
AP001160.1,-5.415911383613199e-05
GABRR2,-5.417669403805535e-05
KCTD7,-5.418885003012825e-05
FBXO10,-5.419337706197066e-05
ACKR4,-5.420781094264798e-05
GNB1L,-5.421731055526797e-05
PAQR6,-5.42250718143468e-05
CACNA1B,-5.424041913127924e-05
ARL11,-5.42404420148302e-05
AP001363.1,-5.425199798483216e-05
DSTYK,-5.430411190375329e-05
RTL10,-5.4376633289223785e-05
COLEC10,-5.43852660214616e-05
IGFBP7-AS1,-5.4387700648448215e-05
ESM1,-5.439321633988531e-05
NOC3L,-5.439943813879226e-05
ZEB2,-5.440113946646685e-05
ZC3H3,-5.440432743635748e-05
SMIM18,-5.441089142352484e-05
RNF157-AS1,-5.442240974621464e-05
TIMM23B,-5.446625734672844e-05
LRRC75B,-5.4469669987303257e-05
FAM78B,-5.44915727935814e-05
FIGNL1,-5.450372169326811e-05
SMAD9,-5.450920042049001e-05
ST7-AS1,-5.4539882796455993e-05
GTF3C3,-5.45512904600844e-05
SPATS1,-5.455157610241172e-05
RMST,-5.457954885769985e-05
ERVK3-1,-5.458216350929493e-05
TMEM45B,-5.4587767411080847e-05
ARHGAP28,-5.4592252197532215e-05
OXTR,-5.460715578668942e-05
TTLL6,-5.463172750464743e-05
ZNF691,-5.4666165804359176e-05
DCAF16,-5.46728327679144e-05
IQANK1,-5.469246778477645e-05
GABPB1-IT1,-5.471229078642605e-05
COX19,-5.471523569338934e-05
MED12L,-5.474385783191848e-05
ERCC6L,-5.4746185188620936e-05
RHOXF1-AS1,-5.474670219306936e-05
SCAF4,-5.475268206755648e-05
STMND1,-5.475741865220981e-05
AP000640.2,-5.477249005920037e-05
MBD1,-5.4814377774730166e-05
SAFB2,-5.485238321477867e-05
RPA1,-5.486608445969961e-05
KLHL14,-5.487004882746761e-05
DHRS12,-5.488910623022191e-05
AP001029.1,-5.489178716654082e-05
AP005671.1,-5.489220804466092e-05
ZNF354A,-5.492229615070978e-05
WDR43,-5.493816309034528e-05
CLN8,-5.49516813326748e-05
NIPSNAP3B,-5.4959320752161966e-05
GPR176,-5.498060539938096e-05
ADARB2,-5.4983709766363e-05
GOLGA6L4,-5.501798499611624e-05
DNAJC7,-5.502041837467396e-05
AUXG01000058.1,-5.502225586427964e-05
SLC33A1,-5.50439314639706e-05
CASC15,-5.510824859268761e-05
TMEM40,-5.511319874517686e-05
PRUNE1,-5.5137722668486085e-05
AARS2,-5.5170641235385633e-05
ZNF750,-5.517285937530346e-05
CLEC4A,-5.517926295830526e-05
NAB1,-5.519784000913691e-05
ATXN7L2,-5.522494472735728e-05
TXNRD2,-5.522734864452651e-05
COQ8B,-5.5227697611784174e-05
FAM13C,-5.527257504841031e-05
MPP3,-5.52906118259963e-05
CLEC19A,-5.529856263869465e-05
ABCA12,-5.530613525257984e-05
ZKSCAN3,-5.5312491429257085e-05
ZNF446,-5.532222901850665e-05
XKR4,-5.532731775898025e-05
MEF2C-AS2,-5.5329937181609e-05
NECTIN1-AS1,-5.5368925284840666e-05
SETD6,-5.5378347006214376e-05
CPEB2-DT,-5.54196119079558e-05
UGP2,-5.542390073317268e-05
SLC12A1,-5.54335551347438e-05
RNF215,-5.544541814727053e-05
DIAPH3-AS2,-5.547444236404875e-05
C17orf78,-5.550646438117066e-05
CASC8,-5.551180651731421e-05
WBP2NL,-5.552537363638328e-05
DGKE,-5.552637070063239e-05
ZDHHC11B,-5.553803525286025e-05
TSPEAR-AS1,-5.55400129488806e-05
NUP37,-5.554422676332896e-05
PYGO1,-5.55607167210462e-05
ZNF112,-5.556334275172025e-05
FAM43A,-5.556568896525732e-05
AP2B1,-5.5565731851083466e-05
SH3TC2-DT,-5.559993980206552e-05
ZNF180,-5.5602972221542734e-05
CBWD3,-5.5619421759966846e-05
QTRT2,-5.562127149529168e-05
CNTLN,-5.563738923438005e-05
ELP6,-5.565220413801462e-05
EAF2,-5.568068945035264e-05
C9orf24,-5.568553266519907e-05
DNHD1,-5.569604617032845e-05
TM9SF4,-5.574678455367254e-05
ADAP2,-5.574976089311044e-05
SIAH2-AS1,-5.576746863184916e-05
CTNNB1,-5.581709498192429e-05
TRIP10,-5.58617808251566e-05
IGF1,-5.588038271650022e-05
LY86-AS1,-5.589781506361787e-05
TUT1,-5.589939058439738e-05
DYNC1LI1,-5.590217843506754e-05
CWC25,-5.5903504903749015e-05
CCDC158,-5.592233241128896e-05
CATSPERG,-5.595858726860024e-05
MVD,-5.596925907626055e-05
C9orf72,-5.597142471938826e-05
ZNF831,-5.597197217162236e-05
AFF3,-5.597350649276193e-05
TRIM39,-5.598284952832543e-05
TSKS,-5.598507671734521e-05
SATB2,-5.599665377346504e-05
SOX9-AS1,-5.600764763726276e-05
KIF3B,-5.603803638582327e-05
MYO18B,-5.603834398502386e-05
FAM168B,-5.603928388034227e-05
TRIM58,-5.604684018517999e-05
NBPF19,-5.605423728037065e-05
TYW5,-5.605925978838166e-05
FCGR2A,-5.607091144544419e-05
CRK,-5.607716621191995e-05
RHBDL1,-5.60860296953572e-05
TLE4,-5.612032151416452e-05
STK11,-5.613743727149689e-05
CD28,-5.614997634685365e-05
TRPM4,-5.620797685187085e-05
PDSS1,-5.626786479380456e-05
OPA1-AS1,-5.626819545831481e-05
MROH9,-5.628319428953189e-05
SLC25A5-AS1,-5.629207883056113e-05
FBRSL1,-5.629710422622367e-05
GASK1B,-5.631986706869503e-05
RAPGEF4-AS1,-5.632470038926156e-05
FAAP100,-5.6339394857816654e-05
EHD4-AS1,-5.6356164799882766e-05
HOMER1,-5.635758106440269e-05
FSD1L,-5.638256244700258e-05
RCCD1,-5.639007077495601e-05
SYCE2,-5.63952320080074e-05
CD96,-5.640109451146365e-05
AP000692.1,-5.640493061088544e-05
RASSF2,-5.642175528420479e-05
DNAH7,-5.645228911051784e-05
ARL9,-5.645344302531656e-05
PRPF4,-5.648346000012893e-05
VSIG10,-5.648472006381014e-05
SORBS3,-5.649858301156966e-05
VIRMA,-5.651748814106876e-05
POMT1,-5.652231617113592e-05
SPDYE1,-5.6522731767766166e-05
MRI1,-5.652755615772001e-05
NCS1,-5.653700587499804e-05
PTCD2,-5.65387850931203e-05
SART3,-5.660632480517204e-05
LYRM4,-5.664970753942126e-05
C7orf26,-5.665254575095384e-05
PFKFB4,-5.665443734905121e-05
NUCB1-AS1,-5.667426298964802e-05
UNC79,-5.668466170621524e-05
FREM3,-5.668558323408072e-05
PRIM1,-5.670143889025346e-05
CSNK1G3,-5.6727202804203946e-05
STX1B,-5.674703742499729e-05
DNAJA4,-5.6758084626307705e-05
SPESP1,-5.67801337881464e-05
ZNF786,-5.680904160770533e-05
SNAI3-AS1,-5.682332799124304e-05
UBE2U,-5.682452452519042e-05
AP003469.2,-5.682515684069414e-05
SLC5A12,-5.682811578568596e-05
DTD2,-5.685573686587757e-05
PPP3CB-AS1,-5.6879247700324446e-05
C2orf68,-5.68831657016054e-05
ZBP1,-5.690772422327453e-05
MTRF1L,-5.692127490232874e-05
TMEM263,-5.6939379921699845e-05
UBAP2L,-5.69401802120462e-05
SRFBP1,-5.6944984139352845e-05
LGR6,-5.697357506449896e-05
AP003168.2,-5.698896267373602e-05
FRMPD4,-5.699186343617694e-05
ENTR1,-5.700030185131515e-05
C4orf45,-5.704109180749301e-05
FAM106A,-5.704905391797653e-05
AP001992.2,-5.705109580262351e-05
CNIH2,-5.705174632542287e-05
ZNF841,-5.705242021715857e-05
ATAD3C,-5.705583575822524e-05
GRAP,-5.705700193565321e-05
SNRPA,-5.709144764534567e-05
BRAP,-5.709195994075368e-05
FAM83F,-5.710107110421285e-05
RHOU,-5.710307764018718e-05
LRRC43,-5.711506917833481e-05
DENND2D,-5.714371976928342e-05
GDNF,-5.714522944802824e-05
ZNF738,-5.715871641832091e-05
ADARB1,-5.717354679689803e-05
ZNF322,-5.717704010489977e-05
AP001977.1,-5.7181621317957695e-05
LNX1-AS1,-5.718305737570969e-05
GPR137B,-5.719398839028505e-05
LMNTD1,-5.719696837727787e-05
SPATA20,-5.719705527494052e-05
ATP8A2,-5.7207900106589045e-05
CENPF,-5.720947710446504e-05
TNFAIP8L3,-5.7222250747494906e-05
C16orf70,-5.724829980086065e-05
PM20D2,-5.725861555436694e-05
RTL1,-5.727427742988672e-05
C10orf143,-5.73073201809829e-05
ESAM,-5.734011539000478e-05
SRC,-5.736205336252161e-05
ZNF696,-5.737780441430251e-05
VAC14-AS1,-5.737831949850998e-05
MAP2K7,-5.738413251849736e-05
P3H2,-5.738575388386041e-05
OGFOD2,-5.739068705934732e-05
UQCRHL,-5.7402154358823904e-05
FAM153A,-5.741395063589687e-05
DPP6,-5.7416454832039206e-05
LRRC57,-5.7432286055968506e-05
MARF1,-5.743740464369595e-05
DARS2,-5.7444594880965405e-05
ZBTB49,-5.745066598414434e-05
C9orf153,-5.748043887178927e-05
CCR3,-5.748102371426383e-05
HMGN3-AS1,-5.748767291018977e-05
ZRANB2-AS1,-5.749984864921128e-05
XRCC3,-5.750139974370976e-05
XXYLT1,-5.751477332686425e-05
PYHIN1,-5.754950014327279e-05
MLLT1,-5.754951952505616e-05
NPIPB15,-5.755054121763383e-05
MEI1,-5.755199658279784e-05
AP001626.1,-5.755762117363339e-05
LYPLAL1-DT,-5.756673906378875e-05
PTK6,-5.75869073880416e-05
PPAT,-5.763190842556762e-05
ARHGAP29,-5.76451778889468e-05
AP000763.3,-5.766614289234844e-05
C19orf71,-5.7666964585891006e-05
SIRT1,-5.7693029192846326e-05
NMT1,-5.773008754465789e-05
TMEM178B,-5.773018793213694e-05
PTPN1,-5.7743381545899577e-05
SLC22A6,-5.7759780012473815e-05
GRIK3,-5.77880286327886e-05
PRKCQ-AS1,-5.779277432917605e-05
SPRED3,-5.780942568646571e-05
C8orf31,-5.781187695413487e-05
CD34,-5.78157235464655e-05
STPG3-AS1,-5.783753325230797e-05
ADAMTS9,-5.78473406842681e-05
ST7-AS2,-5.785250132321e-05
PLK3,-5.78701063806856e-05
FUBP1,-5.787156172379112e-05
NTRK2,-5.787376837780864e-05
SNX5,-5.789084078185445e-05
FAM169A,-5.7892060393976496e-05
SNHG26,-5.7904418946047226e-05
ZNF257,-5.790546161422234e-05
TMCO6,-5.792947446864283e-05
N4BP2L2-IT2,-5.793448778788801e-05
CAND1,-5.794281416202015e-05
STON2,-5.795471973301777e-05
AP003559.1,-5.795932937851908e-05
KIAA0408,-5.796157260786778e-05
GSS,-5.79622556461106e-05
CCR5AS,-5.79773707372764e-05
XPC,-5.798993206461564e-05
RAD17,-5.8042505139566966e-05
ZNF230,-5.804324846373295e-05
SPSB4,-5.810323027017728e-05
POGLUT2,-5.811948024287654e-05
ZNF35,-5.812371276953496e-05
ARID4A,-5.8185436614103216e-05
ZNF34,-5.8192851885623534e-05
WDTC1,-5.8194580010569466e-05
HESX1,-5.8201469326303136e-05
VAX2,-5.820608119767417e-05
NTN1,-5.822972827194932e-05
PFKFB2,-5.823228092142127e-05
RUNX2,-5.826183577512974e-05
DZIP1L,-5.827735697836288e-05
VPS52,-5.827831533750345e-05
RXFP1,-5.8284503144445845e-05
LTF,-5.8315226958548905e-05
RASSF8-AS1,-5.832967794297323e-05
UBE2D3-AS1,-5.833020891901029e-05
RBM28,-5.833577952730508e-05
DOK3,-5.833717575873361e-05
MAP1B,-5.8383685645047255e-05
VASH2,-5.838458873809355e-05
NUP62CL,-5.83913786266585e-05
NFU1,-5.8391451893506776e-05
CHTOP,-5.842626190357323e-05
BICD2,-5.845579633125279e-05
BTBD18,-5.846891477253585e-05
AMOTL1,-5.8475298848369694e-05
CASP4,-5.8490232387583776e-05
TEX49,-5.849400551446849e-05
NTMT1,-5.850558741191959e-05
JPH2,-5.851735811781356e-05
FAXDC2,-5.854439122676104e-05
EFHB,-5.855399214703896e-05
CASP10,-5.8556662253156834e-05
AP002360.1,-5.8562371504658606e-05
BCAR1,-5.8566781748853234e-05
DEF6,-5.8587564176527246e-05
ZNF396,-5.859450096888325e-05
C15orf65,-5.859611052944693e-05
STAR,-5.860048015289824e-05
IL1R1,-5.864887894381712e-05
EFEMP1,-5.866304185876823e-05
CCDC6,-5.8695934192882976e-05
ZNF573,-5.871473260126131e-05
ABCA6,-5.872118009400748e-05
MITF,-5.875898893083905e-05
TLE6,-5.876767608468102e-05
LRRC23,-5.877048644327768e-05
USP39,-5.877835888629311e-05
ME1,-5.878024892107018e-05
ZNF860,-5.878861151062071e-05
TMEM234,-5.879517445850697e-05
DIPK2B,-5.87963081975824e-05
ASB16-AS1,-5.880122955823906e-05
MSTO1,-5.881034262373838e-05
ATP6V0A1,-5.881959514037851e-05
TM4SF19-AS1,-5.884848913216798e-05
DPYSL3,-5.885784116868668e-05
ZC3H14,-5.88619508645918e-05
CXorf65,-5.886528656653126e-05
EBLN2,-5.888400845367713e-05
NSUN7,-5.8885760327271456e-05
Z99289.3,-5.889407891560313e-05
MAPKAPK2,-5.88986359408858e-05
PANK2,-5.890455951189818e-05
GDPGP1,-5.890629615921701e-05
NUP153,-5.892076949301038e-05
TTLL2,-5.893351222406936e-05
ZNF620,-5.8937167831105874e-05
FBLN7,-5.893991019460973e-05
SNHG21,-5.893991160740065e-05
GHRLOS,-5.895928138202796e-05
SPIB,-5.896628389181257e-05
TMEM236,-5.898072463264853e-05
FIGNL2,-5.899471574866728e-05
PTPRG-AS1,-5.899693748310722e-05
C5AR2,-5.904815486804158e-05
COL18A1,-5.905601219096953e-05
SLC35B3,-5.906409793657166e-05
ERICH6-AS1,-5.908013959023918e-05
RTN4IP1,-5.908458253440304e-05
SATB1-AS1,-5.9088023418669565e-05
ANKRD62,-5.911396937850365e-05
BMP1,-5.911523590391116e-05
WDR89,-5.9136667519014006e-05
SHOX,-5.914369848501143e-05
P2RX4,-5.92256007908413e-05
ZNF90,-5.923028732596601e-05
DDX6,-5.9254955480990185e-05
ANGPTL4,-5.9259657896887e-05
PLCXD1,-5.926786885849196e-05
TAF5,-5.927804352595502e-05
SULT1A1,-5.9279467997642565e-05
DZANK1,-5.938944969503213e-05
NLRX1,-5.940977757304746e-05
WDR11-AS1,-5.947161069912792e-05
C4orf51,-5.947937456801818e-05
SEC14L6,-5.948177825358839e-05
NF2,-5.948588338749017e-05
STRADB,-5.949501969512105e-05
VWA3B,-5.950347319253482e-05
FAM151B,-5.950502168459576e-05
MFSD14B,-5.953023652135028e-05
DAPL1,-5.953595899119334e-05
SLC5A9,-5.953799788380187e-05
AP001029.2,-5.953936923601725e-05
KAT2B,-5.962750950191508e-05
POPDC2,-5.964704286137728e-05
DNAH12,-5.967673040146199e-05
AP000866.5,-5.9677788356744873e-05
FARSB,-5.968834713867004e-05
LRRC7,-5.969258391451898e-05
TLE2,-5.969294025680975e-05
BCL3,-5.969365508172595e-05
ARHGAP15,-5.969674200229578e-05
SLC16A6,-5.969682302087682e-05
PTPN20,-5.971941118594217e-05
TAS2R14,-5.972611959519557e-05
EXD1,-5.9735546254206544e-05
IDNK,-5.973958126397962e-05
ADCK1,-5.974078624181431e-05
AP003059.2,-5.974671125810648e-05
ACTR2,-5.975104923652052e-05
FAP,-5.975275579028221e-05
ZBED3-AS1,-5.976013854716235e-05
SLCO5A1,-5.977774755822236e-05
HOMER2,-5.978114403981393e-05
PLEKHN1,-5.978143177031127e-05
HSF4,-5.980384923424527e-05
DDHD2,-5.980695711341258e-05
TERT,-5.980934064957399e-05
FAM209B,-5.981590972530822e-05
LYRM7,-5.982778358563862e-05
WDR12,-5.985236053754084e-05
SGO1,-5.985609171371761e-05
CHRNE,-5.988849153254164e-05
WFDC10B,-5.989987162043341e-05
SERTAD4-AS1,-5.990048213673005e-05
TMEM132B,-5.990733627535031e-05
ADCK5,-5.99134112276269e-05
LRP4-AS1,-5.993491683756352e-05
ECSIT,-5.994551973777342e-05
STRC,-5.9946843333521165e-05
TRAF1,-5.995048500191506e-05
PPP1R37,-5.9952521153691055e-05
ANKRD61,-5.995585122611794e-05
SPON1-AS1,-5.998086593466002e-05
POLB,-5.998733670991e-05
CDH19,-5.999191211108154e-05
HARBI1,-6.002771651294581e-05
GBP5,-6.0056932759882695e-05
RUSC1-AS1,-6.0080463365807056e-05
CCDC174,-6.008937976472633e-05
IL1RAP,-6.0120556065008526e-05
FIGN,-6.012687204419917e-05
CDH3,-6.01410682448556e-05
FAM186A,-6.0159091376198354e-05
SLC28A2,-6.018081109956719e-05
TAC3,-6.018787520966393e-05
PVALEF,-6.019862171429586e-05
TMSB15B,-6.020109115748918e-05
RNF126,-6.0211455722555216e-05
KCNAB2,-6.022521649318446e-05
RAB43,-6.025071768572884e-05
CCBE1,-6.027027586570668e-05
BBS2,-6.027267555140373e-05
NXNL2,-6.0323658712428826e-05
RAB11B-AS1,-6.0328671379665976e-05
ABI3BP,-6.034469129246011e-05
CYBRD1,-6.036014060158351e-05
SLC9B1,-6.037181093507808e-05
Z69733.1,-6.038267492629214e-05
SWAP70,-6.03889142607832e-05
TPCN2,-6.041511255867353e-05
SLC16A4,-6.0416637041896365e-05
CASKIN1,-6.041729673211041e-05
QPCTL,-6.041944541845932e-05
ZNF713,-6.042981680754347e-05
GMFG,-6.04309744490074e-05
GCOM1,-6.043407628627029e-05
AP000442.1,-6.043457965157577e-05
CADM2,-6.0436188872792815e-05
GAS5-AS1,-6.044791898381934e-05
CLCN2,-6.0457882582350615e-05
EHBP1L1,-6.046646284019421e-05
C17orf82,-6.0506916588849016e-05
UVRAG-DT,-6.052580355919838e-05
AF127577.2,-6.053182135141736e-05
DIRC3,-6.053482937514839e-05
TMEM259,-6.053840481152893e-05
ZNF513,-6.055933899471471e-05
AP002490.1,-6.058573274776785e-05
MORC4,-6.061741995890233e-05
KCNG3,-6.062748521841199e-05
CDC25B,-6.065530027332211e-05
C18orf25,-6.065637893580311e-05
PIP5KL1,-6.065921673666249e-05
DLG3,-6.06602146290938e-05
NFYC-AS1,-6.071035087057115e-05
RBMS3-AS2,-6.07258879643166e-05
CRMP1,-6.073583997583894e-05
ETFBKMT,-6.0735849995670834e-05
TRIM17,-6.074716932499656e-05
PCDHGA5,-6.075320501806713e-05
ZNF585B,-6.0813030838396034e-05
UPF2,-6.089370977393967e-05
KIAA1549L,-6.0899394167063465e-05
MAPT,-6.090188114024531e-05
EPB41L4B,-6.092392675785547e-05
ZNF671,-6.093007214302936e-05
L3HYPDH,-6.09887316687633e-05
SGSM3,-6.0996592139472455e-05
OLMALINC,-6.100401119399103e-05
ARL10,-6.101045247048459e-05
MTERF1,-6.101686938476535e-05
ABCB10,-6.107555106121731e-05
ATP6V0E2-AS1,-6.110502245403611e-05
HIRA,-6.110775366339608e-05
TMEM91,-6.111610632125111e-05
RGS13,-6.112905002805027e-05
AFF2,-6.113095267513101e-05
KIAA0895L,-6.113470936537775e-05
ADAM22,-6.113531142493779e-05
PCAT7,-6.114557628712062e-05
TAGAP,-6.115050381400555e-05
UBE2G1,-6.117571180311378e-05
ZMYM4-AS1,-6.118075604212235e-05
PPFIBP2,-6.118462632494071e-05
NPIPB11,-6.119159131592485e-05
GPR146,-6.119182921780338e-05
CMTR1,-6.12211746554752e-05
COL5A2,-6.1249718545335e-05
FCAR,-6.125386191179045e-05
E2F1,-6.126886662118964e-05
C19orf73,-6.128160918914075e-05
FBXL8,-6.128615710159077e-05
ELF4,-6.128975435525166e-05
BDNF,-6.129126262407406e-05
FAM219B,-6.134375321779313e-05
VAMP4,-6.13532220125813e-05
AP1B1,-6.135334356183521e-05
OMD,-6.136139075192199e-05
GTF2H2C,-6.137060243422786e-05
MYPOP,-6.137079676569146e-05
DAAM2,-6.137121249696446e-05
LRRCC1,-6.141052033719223e-05
UBE2D3,-6.141927870794456e-05
LRRC74A,-6.142504819196168e-05
HOXC4,-6.143043348295896e-05
HDX,-6.143143381783548e-05
SEPTIN6,-6.14537633581312e-05
SPATA24,-6.145948279599747e-05
NT5C1B,-6.146948807106963e-05
PSMD6-AS2,-6.146963549513968e-05
COL4A6,-6.148451443605742e-05
AMN1,-6.149764279458707e-05
MAP4K1,-6.149962921768328e-05
JAM3,-6.151064029205035e-05
ZNF766,-6.152123835969632e-05
APOL2,-6.153694830167025e-05
ARNTL,-6.153829449501024e-05
WDR47,-6.153863621500256e-05
TMEM243,-6.155336231422822e-05
SLC25A32,-6.156230674141171e-05
SREBF2-AS1,-6.156429912725105e-05
DDX55,-6.156615276788866e-05
PLCD4,-6.15746428411419e-05
PHACTR3,-6.157634107295035e-05
SLC36A1,-6.159585572388705e-05
MCTP1,-6.161936794687046e-05
TOP3A,-6.164286701758655e-05
RINL,-6.165448197323024e-05
BAZ1A,-6.166041952426711e-05
HCG27,-6.166367641393648e-05
CPO,-6.1679426494182e-05
PCLO,-6.169989583366954e-05
ANO4,-6.170740269412995e-05
OSBP,-6.171884605520485e-05
ALPK2,-6.173561070649458e-05
HAPLN3,-6.175230903357616e-05
HOGA1,-6.176503867553122e-05
FGD5,-6.176665856692531e-05
AP000525.1,-6.176790605346084e-05
EXOSC3,-6.180224715739293e-05
HEATR4,-6.180913992598014e-05
CHKB-DT,-6.181151380513834e-05
ARMC6,-6.18177150460608e-05
TMEM86B,-6.183394437436778e-05
ROBO1,-6.184346015162786e-05
SAMD8,-6.187206745880454e-05
PCOLCE-AS1,-6.188197353737226e-05
USP36,-6.188512800565703e-05
MED7,-6.189299812281115e-05
NBAT1,-6.190535175277621e-05
RNF17,-6.193101213396662e-05
MRM1,-6.196764140766347e-05
CD38,-6.201941676120757e-05
MAN2A2,-6.202262962215973e-05
PKIA,-6.202327814862418e-05
PTCD1,-6.202837779896435e-05
GNA12,-6.203333268059326e-05
SNX2,-6.204758415586014e-05
RAB18,-6.20534809310634e-05
ADGRL4,-6.20543403753478e-05
GXYLT2,-6.206085878473161e-05
REC114,-6.206542310770071e-05
MNX1,-6.210997883860781e-05
GRAMD4,-6.211208428386796e-05
TOX2,-6.211428474398075e-05
CASC16,-6.212816416444914e-05
RNF157,-6.213443666638161e-05
TMPRSS11A,-6.213966725358317e-05
NTF3,-6.215714956298909e-05
ADGRL3,-6.215843857106686e-05
SHISA6,-6.216560417121204e-05
CUL9,-6.21708833082621e-05
CAMK2B,-6.21749365512044e-05
WHRN,-6.21805786913788e-05
ZNF550,-6.218894898716467e-05
GID4,-6.22026760066658e-05
ARHGAP26-AS1,-6.220326609789021e-05
PRR3,-6.221754708025054e-05
THSD7B,-6.22381718879124e-05
STX19,-6.224097307703587e-05
Z69706.1,-6.225644886344595e-05
ACYP1,-6.227815517082851e-05
ZNF692,-6.228494064593282e-05
ENTPD5,-6.229491823306295e-05
UPF3A,-6.22979450608736e-05
MLIP-AS1,-6.230312995550244e-05
C12orf42,-6.230932677286742e-05
CNBD1,-6.232494604759864e-05
SLC9A2,-6.234315962349194e-05
SOCS7,-6.234598213770684e-05
CXXC4-AS1,-6.237194699819575e-05
LGALS8,-6.238722058750953e-05
ZBTB47,-6.238824511274114e-05
DVL1,-6.238993544237841e-05
POMK,-6.241221777254826e-05
AP1AR,-6.241992935402076e-05
CCDC149,-6.245233799135819e-05
PFAS,-6.247155637552091e-05
OR2A1-AS1,-6.248765973995021e-05
ROPN1L,-6.25040483754885e-05
CC2D2A,-6.254758573605496e-05
CCNK,-6.259255418745734e-05
AHRR,-6.259980717553542e-05
IMPA1,-6.261477383155604e-05
CLTCL1,-6.262326792108645e-05
C1orf50,-6.262886207320426e-05
HEATR1,-6.268655778523228e-05
LY6G5B,-6.270522699166642e-05
DCAF15,-6.272188132382303e-05
CXCL13,-6.275020432804305e-05
ZMAT5,-6.275999082968138e-05
SND1-IT1,-6.278335970133497e-05
RB1-DT,-6.284011544100962e-05
ESRRB,-6.289905207736122e-05
FYN,-6.29137540554158e-05
SLC13A3,-6.294989135628435e-05
LENG9,-6.295311113772473e-05
TBC1D30,-6.295634765890696e-05
INTS8,-6.296338794217082e-05
WSCD2,-6.296463114006438e-05
SLA,-6.296651943332211e-05
CHRM2,-6.296654132136503e-05
NUDT2,-6.297316783918123e-05
ZNF491,-6.300044536609403e-05
YJEFN3,-6.302528058204562e-05
UMPS,-6.305319971499006e-05
TMEM106A,-6.310338763205174e-05
SEL1L2,-6.310543128459379e-05
ZNF142,-6.310694554396431e-05
NPNT,-6.310989447567056e-05
CMTM7,-6.311612958969772e-05
NHEJ1,-6.312245332045231e-05
MS4A6A,-6.314579884552778e-05
C9orf64,-6.31696133026357e-05
WIPI1,-6.316991498677759e-05
AP000721.2,-6.321711878758697e-05
SPAST,-6.324099759372781e-05
NXF1,-6.325327146633473e-05
ZFHX4,-6.330599156880615e-05
DNAJC6,-6.331682704416848e-05
LAMC1,-6.33280882415598e-05
DRG2,-6.333496610076433e-05
FSD2,-6.333556670663429e-05
CHRM5,-6.341337128990888e-05
HAT1,-6.341658822840505e-05
AKR1E2,-6.341705073096276e-05
POC1A,-6.342856440509626e-05
UBR5-AS1,-6.343108782810432e-05
MAFIP,-6.343496882893379e-05
NPFF,-6.346823632120137e-05
SNRNP40,-6.348244487863184e-05
SNHG18,-6.3483565826007e-05
PHLDB3,-6.348928098249103e-05
ACOT9,-6.349753104345093e-05
CCNB1IP1,-6.351280941954608e-05
RAD51AP2,-6.352877429545011e-05
TTLL11,-6.353490542616051e-05
ESCO2,-6.356482306055548e-05
CDK11A,-6.359355251046402e-05
MEGF11,-6.359707525814625e-05
PI4K2B,-6.359876789135639e-05
HS3ST5,-6.359893349589519e-05
OSTM1,-6.360023544234741e-05
RIPOR2,-6.36161549944941e-05
RASA3,-6.363226501294304e-05
NDUFAF1,-6.364821167335281e-05
SERPINE1,-6.366508680939163e-05
CNOT9,-6.36687196744542e-05
ABHD17C,-6.367033738858734e-05
MTURN,-6.368513548857222e-05
CMTM4,-6.369770726351243e-05
AP001025.1,-6.371287935731231e-05
NCR3LG1,-6.371433389702848e-05
ZNF92,-6.378998185795702e-05
LRGUK,-6.38017418784433e-05
KCNK13,-6.380248536057996e-05
ZRSR2,-6.3820470064083e-05
PCNT,-6.382703189279545e-05
ZEB1-AS1,-6.385224747556795e-05
QSOX2,-6.385863626412443e-05
PAPSS1,-6.386785814073466e-05
MFAP4,-6.38750491013427e-05
CPPED1,-6.388447998134589e-05
WDYHV1,-6.388559860521055e-05
FBXO41,-6.389483660331525e-05
ENOX1,-6.391302319916036e-05
NPIPB2,-6.392843335732289e-05
GCNA,-6.393214655326476e-05
PARP9,-6.393230900411873e-05
HDAC11-AS1,-6.397156157272742e-05
PIGG,-6.397397223126981e-05
SYT12,-6.39747275457225e-05
MYBPC3,-6.399580962406239e-05
CPEB1-AS1,-6.399647177408665e-05
SH3GL2,-6.400103380403395e-05
SMCO3,-6.400770413881568e-05
DPH5,-6.403949517279216e-05
METTL14,-6.40472757739962e-05
NKAIN3,-6.405150101160886e-05
UBQLN4,-6.407164204044409e-05
MYO3B,-6.407401739782141e-05
IDI2,-6.408334922353017e-05
TRAF3IP1,-6.409415843219481e-05
GCH1,-6.41418938559032e-05
C21orf62,-6.41799899132094e-05
TMED8,-6.418157775533769e-05
FRA10AC1,-6.419460201939355e-05
ABCB9,-6.419830027202809e-05
NPIPB4,-6.421733769322073e-05
MLH1,-6.423898288755692e-05
FPGS,-6.428181099577598e-05
DLX4,-6.429477520739733e-05
VDR,-6.431190847772728e-05
PINX1,-6.433160995875853e-05
PLAC1,-6.433315057157937e-05
E2F6,-6.436197929509695e-05
UCA1,-6.438566094481594e-05
ARHGEF3-AS1,-6.440398100593255e-05
GPR1,-6.444063246137632e-05
CLPX,-6.445338092907245e-05
LMNB1-DT,-6.44632137042598e-05
PKN3,-6.449459809579066e-05
NECTIN3,-6.450806857500615e-05
FNTA,-6.450987795629707e-05
SNORC,-6.451560016173325e-05
HAL,-6.455379218321086e-05
XPO7,-6.455996697955345e-05
HSD17B6,-6.456536649337809e-05
WWTR1-AS1,-6.457342388503988e-05
HMGN3,-6.460869516520616e-05
RPRD1B,-6.463066216864546e-05
WRAP73,-6.464365329398649e-05
ZSCAN25,-6.465536224380195e-05
AP000553.2,-6.466704952998994e-05
DKK2,-6.468213393147725e-05
C3orf85,-6.468529963986257e-05
ZNF527,-6.469314688444971e-05
SKA1,-6.469516594620913e-05
LHX1-DT,-6.470696522627204e-05
RECQL5,-6.472501426935213e-05
CWC22,-6.473026178240223e-05
CWF19L1,-6.473212927570271e-05
YTHDF3-AS1,-6.47359932889823e-05
OARD1,-6.473891263792571e-05
CCDC190,-6.47452940773479e-05
RTCA-AS1,-6.477018731790447e-05
EFCAB7,-6.477264266223201e-05
DMD,-6.481014232965038e-05
FREM2,-6.482846900922673e-05
ZNF354B,-6.483658724360165e-05
JRK,-6.484665763744055e-05
SNHG20,-6.485433737878039e-05
NOP56,-6.487295337267303e-05
VPS36,-6.487694564741009e-05
METAP1D,-6.49004826138557e-05
TOP3B,-6.490527837272827e-05
ANKRD29,-6.49541441786221e-05
CYP4A22-AS1,-6.496505534043289e-05
CD53,-6.498121095658534e-05
NUFIP2,-6.49843639961495e-05
IVNS1ABP,-6.50145028667672e-05
ZFR2,-6.501734197700839e-05
SLC5A4-AS1,-6.502536453020879e-05
BRF1,-6.503072838769976e-05
CCNE1,-6.503596214696527e-05
AMT,-6.507149646218544e-05
SLC38A1,-6.508071391417796e-05
ZW10,-6.509951670234841e-05
LIMK1,-6.51588000729421e-05
BPHL,-6.517480506359971e-05
B4GALT4-AS1,-6.518408122749117e-05
PSEN1,-6.519264449496076e-05
MDGA1,-6.521082653403103e-05
POLR1B,-6.522398978569691e-05
PHRF1,-6.523653045044405e-05
TXNDC11,-6.524146683754771e-05
PPIE,-6.524995567854002e-05
AADAT,-6.526001003905697e-05
MBNL1-AS1,-6.527152397624676e-05
INO80E,-6.527979840912065e-05
MIR22HG,-6.529272228142756e-05
FJX1,-6.529845913500254e-05
SLC12A9,-6.531971607894186e-05
TMEM154,-6.536622399373579e-05
ZNF497,-6.537351251301598e-05
RBM15-AS1,-6.53933022962845e-05
SH3RF3,-6.540672041565293e-05
PKIA-AS1,-6.540689195981619e-05
LRRC74B,-6.541029403467196e-05
ZNF316,-6.541194963735032e-05
AP001527.2,-6.547621110753615e-05
NEIL1,-6.55116459994585e-05
ONECUT3,-6.551727577735584e-05
MREG,-6.552293397117424e-05
RCC1,-6.553114220627384e-05
CPSF4,-6.556582102137166e-05
PLPP4,-6.556691531408766e-05
LRP8,-6.558675617611743e-05
BX255925.1,-6.56098680795037e-05
HPS3,-6.56254529232703e-05
NSUN4,-6.564463251873431e-05
PPP2R5A,-6.565807834451344e-05
PEX1,-6.566384102168595e-05
REC8,-6.566882099738574e-05
WDR66,-6.567876745662213e-05
DDC,-6.5698768007418e-05
AP005136.4,-6.57007752585554e-05
CCDC8,-6.570851465578025e-05
PRDM4,-6.574131763824063e-05
C17orf99,-6.577829443575096e-05
EME1,-6.580039625258016e-05
EOGT,-6.580273808975065e-05
MSRB3,-6.580304243681206e-05
ARHGEF2,-6.582364878608238e-05
EHMT2,-6.58376235908421e-05
FLACC1,-6.586044626708306e-05
NUS1,-6.586819614563343e-05
INTS13,-6.58849303721393e-05
C17orf53,-6.592217210112918e-05
METTL17,-6.592298723603897e-05
XRCC2,-6.592554357106573e-05
SPON1,-6.596175991122418e-05
EXOC3,-6.599517798236343e-05
MTRR,-6.600873376073924e-05
SMARCB1,-6.601054946122213e-05
GCKR,-6.602782654303044e-05
SLC30A7,-6.602823971268155e-05
NEDD1,-6.60323255616675e-05
MYO3A,-6.603887171671981e-05
ZNF781,-6.60779071203167e-05
MORN3,-6.607969302545502e-05
CCDC112,-6.608480065682819e-05
TMEM170A,-6.609503618777711e-05
CDC16,-6.609617116058394e-05
ST7,-6.609995663777265e-05
GNL3L,-6.610139678991608e-05
CCR10,-6.612368874468724e-05
PCCA-DT,-6.612786390101957e-05
PARP16,-6.613516288020287e-05
STX3,-6.615663571745057e-05
TCF19,-6.61570531709144e-05
GABRE,-6.616102498584696e-05
CACNA1A,-6.617232805508333e-05
ANKRD35,-6.619050595838328e-05
TBCEL,-6.619519177188032e-05
SLC4A1AP,-6.61987757408942e-05
DNAJC28,-6.621036964629105e-05
ATAD3A,-6.621240586395816e-05
MTHFD1,-6.621292694837211e-05
CSMD2,-6.62148341552156e-05
KCNC3,-6.622306428379754e-05
ANTXR2,-6.622511101171978e-05
FAM185A,-6.623315134942042e-05
PANK1,-6.624492366031578e-05
FAM178B,-6.626858111407297e-05
TTC3-AS1,-6.62766765361642e-05
SNHG4,-6.627739806542702e-05
GCNT7,-6.627778992428416e-05
GRID2,-6.627979443683318e-05
KIAA2012,-6.630448309166733e-05
FMNL1,-6.633281429534013e-05
ZNF114,-6.635760899783198e-05
GRIPAP1,-6.636346775810603e-05
GMNN,-6.639356068057266e-05
KLRG1,-6.639946867087373e-05
ZNF486,-6.640927722309917e-05
DHDH,-6.644007837107641e-05
DAZAP1,-6.644972942595852e-05
FHL5,-6.647773699555776e-05
PIH1D2,-6.651784769957656e-05
C1QTNF9,-6.652143190964944e-05
ZNF16,-6.65506898011062e-05
SFRP4,-6.655586471859376e-05
MEAK7,-6.655828753563614e-05
MUSK,-6.656209691397117e-05
SMAD7,-6.657818986954791e-05
DNAH17,-6.65796944677552e-05
AP001439.1,-6.659050059069723e-05
LIPG,-6.659072712305693e-05
HMGA2-AS1,-6.65947650307183e-05
ALG10B,-6.659794672793033e-05
PLXNC1,-6.662836498830222e-05
NYAP1,-6.666607981154419e-05
NUP155,-6.673925288774148e-05
SAXO2,-6.681399875544464e-05
LTN1,-6.683844535318503e-05
CHMP4A,-6.68507867165027e-05
KIF5C,-6.686321273883919e-05
RSAD1,-6.686966651010313e-05
ZDHHC6,-6.68782747608841e-05
SIRT2,-6.690417743883119e-05
IGFL2-AS1,-6.691515733862778e-05
RTN4RL1,-6.695255736133314e-05
ZBTB44,-6.698431151457346e-05
NPAS3,-6.700876729050288e-05
SULF2,-6.701209446913284e-05
DMPK,-6.703316852201345e-05
NR2F1-AS1,-6.704775598303248e-05
PDE3A,-6.70571517964103e-05
NCKAP1L,-6.706498634480814e-05
ZADH2,-6.706631220065422e-05
DSCAML1,-6.708641754511581e-05
TTC12,-6.710329070090775e-05
RCBTB2,-6.715241764016392e-05
SPRYD4,-6.715804648896114e-05
SUPT6H,-6.716583309871481e-05
SERAC1,-6.718645732887291e-05
GPER1,-6.719717161713168e-05
ALKBH8,-6.719740568956639e-05
STK24-AS1,-6.721409107271194e-05
UBL3,-6.725209418115987e-05
IMPG1,-6.733017234178479e-05
THSD1,-6.734011242618754e-05
GATD1,-6.735472195760948e-05
DHX57,-6.736221005270166e-05
NDRG3,-6.736565786547773e-05
FAM102A,-6.738452010960181e-05
KANK2,-6.739670373937277e-05
ZMYND12,-6.739992383488505e-05
BCAT2,-6.740137496716748e-05
ORMDL1,-6.740917830403135e-05
CCDC154,-6.7422511903943e-05
CSNK1G2,-6.74239771445043e-05
WDR78,-6.743053445601576e-05
PTCH2,-6.743883886604076e-05
TMEM182,-6.744402924475302e-05
UNC45A,-6.744915265118619e-05
CACNB3,-6.744948875087999e-05
POLG,-6.745514948745872e-05
SLC26A8,-6.746285661715662e-05
ERMARD,-6.74773091452563e-05
PHF20L1,-6.748112825038053e-05
DICER1-AS1,-6.751461249927639e-05
BFSP1,-6.752694802900713e-05
WLS,-6.755397157388361e-05
TNFSF15,-6.757141297098297e-05
TMEFF1,-6.759211476788617e-05
ZNF589,-6.760507524046093e-05
WASF1,-6.762336674030686e-05
CACUL1,-6.762953022721565e-05
PEX6,-6.764251725606669e-05
CLUAP1,-6.764683569013116e-05
AKT2,-6.765547735841896e-05
TP53BP2,-6.771938219345518e-05
DDX46,-6.77503316716966e-05
ITPK1,-6.778089338189719e-05
ADCY2,-6.779865389452307e-05
U73166.1,-6.782805706271085e-05
FBXO36,-6.783930120219735e-05
SYNPR-AS1,-6.784147554000504e-05
C19orf57,-6.784172518372851e-05
NDUFS1,-6.784427041954625e-05
NECAP2,-6.785989040942556e-05
PDCD1LG2,-6.787558910766998e-05
GTF2E2,-6.788517448113526e-05
DNM1P35,-6.788702646629948e-05
FAM117A,-6.788967812455041e-05
PRSS12,-6.789763248817092e-05
KRBOX4,-6.791552210639816e-05
WDR76,-6.793200984973008e-05
POU2F2,-6.793327266809842e-05
PIWIL3,-6.796471958129955e-05
REM1,-6.79736226216857e-05
SNX27,-6.798019904963246e-05
COL18A1-AS1,-6.79831347595172e-05
GART,-6.7996808968008e-05
STN1,-6.800818302116415e-05
NOM1,-6.802392893849409e-05
CDKL4,-6.802491669986455e-05
SPATA18,-6.805680337816423e-05
FAM114A1,-6.810046399388008e-05
CAPN7,-6.811371789503007e-05
ANXA10,-6.811862517730164e-05
PPP6C,-6.814011602639285e-05
PROX1,-6.815305399081798e-05
UBE3B,-6.816309321482719e-05
AXL,-6.818218638067528e-05
C15orf40,-6.820842732280024e-05
GRAMD2A,-6.820962523464826e-05
RILPL1,-6.820975821651152e-05
CELSR1,-6.821036796617908e-05
UBE2J2,-6.823057274670349e-05
MCC,-6.823844945786245e-05
ZSCAN32,-6.824346954109417e-05
WDR81,-6.824787376640354e-05
GATB,-6.826309902255824e-05
PCGF6,-6.829208389512055e-05
TOM1,-6.829321135848233e-05
RHPN1,-6.829869795979538e-05
BET1,-6.833095357691901e-05
WDR91,-6.839089352543471e-05
SCHIP1,-6.839287346597986e-05
HIPK3,-6.840881616932169e-05
RAB22A,-6.84097925257351e-05
CNIH3,-6.842614499293092e-05
CREBRF,-6.84268647585754e-05
MED10,-6.845937002454677e-05
GRHL1,-6.847241394610036e-05
SNHG1,-6.848666557589731e-05
NPIPB12,-6.849353188463288e-05
ZNF607,-6.851399379610167e-05
THBS3,-6.851769371474229e-05
ZNF420,-6.851856156364436e-05
CNKSR1,-6.852412078822291e-05
MTMR8,-6.85311893654016e-05
ZNF561-AS1,-6.853139041067316e-05
SLC11A1,-6.855061402771389e-05
IFFO1,-6.858413074394524e-05
CCDC102B,-6.861647578637118e-05
ZNF623,-6.865561368903233e-05
RGL2,-6.86660385902742e-05
OR3A3,-6.867656143606228e-05
RPAP3,-6.869119926754212e-05
CDH24,-6.869810239835275e-05
C17orf67,-6.871330110125546e-05
PSPH,-6.87347872888478e-05
ZNF613,-6.873636431914911e-05
GIPC2,-6.874097453201942e-05
METTL3,-6.875459104338786e-05
PAM,-6.876804815620236e-05
PAK2,-6.87856143539912e-05
ILF3,-6.878639725987039e-05
CFAP300,-6.878675962139435e-05
SOX13,-6.87981614793455e-05
GSTZ1,-6.880077414377462e-05
AP002813.1,-6.880863400645646e-05
ETS1,-6.88264673086557e-05
YEATS4,-6.886226339140696e-05
ANKRD31,-6.886787941103376e-05
POLR3A,-6.889174607363972e-05
ARHGEF9,-6.889583291301225e-05
CARS,-6.890318343058569e-05
SLC2A12,-6.891429369885024e-05
SHANK2-AS1,-6.893543350705874e-05
EMC1-AS1,-6.897528193893225e-05
PPP4R3B,-6.897682039733752e-05
ZFP36L1,-6.898205540441151e-05
FAM151A,-6.901399902277539e-05
AKTIP,-6.901974454288088e-05
STAMBP,-6.902585748545386e-05
PDE1A,-6.906278179772592e-05
EGLN1,-6.90762083142477e-05
ARSB,-6.908288891962453e-05
SAXO1,-6.90848497552368e-05
BLK,-6.908685717263064e-05
OSCP1,-6.90954055357655e-05
KHDRBS1,-6.911989564080345e-05
ZNF616,-6.914999329244607e-05
CEP120,-6.91503500441516e-05
FAM161A,-6.917261396702058e-05
PRSS53,-6.91728952799313e-05
INKA1,-6.917650848818331e-05
HIST2H3PS2,-6.917932572123463e-05
GEMIN2,-6.917959317727807e-05
TMEM143,-6.918266388275903e-05
SCO2,-6.919187505315183e-05
TADA1,-6.920973651324016e-05
TMEM131L,-6.921766661375227e-05
NEK9,-6.923592026253117e-05
NUP133,-6.926639082204138e-05
METTL2B,-6.92766031813005e-05
AP000926.2,-6.929214225920274e-05
DOC2A,-6.929519402818559e-05
SLC4A3,-6.931980070086121e-05
ACAA1,-6.936271399641938e-05
PTPRD-AS1,-6.938743359250771e-05
CNTN4-AS2,-6.940496526777279e-05
AP000345.2,-6.947938447921965e-05
ZNF449,-6.948265606805893e-05
BNIP2,-6.950511315131673e-05
ZFYVE19,-6.95080502645901e-05
PITPNA,-6.951970248465126e-05
NFE2L2,-6.952314769015286e-05
CBWD1,-6.952497251703855e-05
OSTN,-6.952958023805128e-05
ALKBH1,-6.954757790221689e-05
PP2D1,-6.95566930589205e-05
RFPL1S,-6.956486380108323e-05
SLC2A1-AS1,-6.958606169995536e-05
MATN4,-6.960306894440355e-05
ARRDC1,-6.960757966875106e-05
ZC3HC1,-6.96161707091578e-05
ZBED8,-6.963283673119253e-05
CU638689.4,-6.96459332741038e-05
AP000676.5,-6.966698434306354e-05
ZNF571,-6.967814227356262e-05
SRRM3,-6.967934673203602e-05
GSDME,-6.96876943862575e-05
TUBE1,-6.969897245925103e-05
PLA2G12B,-6.971462129878558e-05
GCDH,-6.972931096256173e-05
FNIP2,-6.973716636434485e-05
AP003390.1,-6.975613529370253e-05
MOB3A,-6.9768519701132e-05
AHDC1,-6.976902982850612e-05
FBXO46,-6.979213660819014e-05
GPC2,-6.979215384713346e-05
SDK1,-6.980163158771175e-05
SUGCT,-6.980822089591862e-05
WWOX-AS1,-6.981445280682133e-05
AP000695.1,-6.982854059947542e-05
SETD1B,-6.983433479276794e-05
NOL10,-6.984207901336439e-05
CRYGS,-6.985547296664525e-05
PTGES3L,-6.986616364814119e-05
CRYM,-6.986793662591704e-05
POP1,-6.988036103048372e-05
WHAMM,-6.988558530872469e-05
PRPF18,-6.989538538028509e-05
SPHK2,-6.990015574873397e-05
AP001816.1,-6.992234701659193e-05
FAIM,-6.993091744978887e-05
ARMC3,-6.998803126327155e-05
CCR2,-6.999262039215504e-05
MICAL1,-6.999401103219455e-05
AATF,-7.001299955839492e-05
LNCTAM34A,-7.00300401689014e-05
IRF3,-7.005062927241603e-05
ANKRD52,-7.005070025517025e-05
C11orf54,-7.007520908636568e-05
WDR31,-7.009156635770282e-05
OTUD7A,-7.009928525429457e-05
ABCC10,-7.010043877013932e-05
FES,-7.011135698571376e-05
SIM2,-7.01255549905821e-05
HSD17B2,-7.012672328085123e-05
EML1,-7.013226889274023e-05
ADGRL2,-7.013479635200616e-05
TRA2B,-7.014764168362666e-05
SMIM36,-7.01555287762204e-05
NBPF1,-7.01777576757792e-05
GMEB1,-7.020910986032343e-05
LRRN3,-7.022680427091906e-05
CRYL1,-7.025618488615908e-05
ADAT1,-7.031404995107743e-05
EXOC5,-7.033808402307577e-05
EED,-7.03397889494371e-05
B3GNTL1,-7.03434526336919e-05
PLS3-AS1,-7.034633169248348e-05
PRCD,-7.037362358503329e-05
PPP4R2,-7.039924546556874e-05
Z99289.1,-7.040908868682555e-05
MYOM3,-7.043524947728478e-05
PRPSAP2,-7.050098286465513e-05
AP005432.1,-7.06216558902751e-05
RGS7BP,-7.063731798870627e-05
RNASEH2A,-7.066999720895064e-05
TIGIT,-7.072589150272167e-05
CCNT1,-7.075246965595223e-05
SLIT2,-7.076886062898272e-05
FTCDNL1,-7.078244521281625e-05
HOXA1,-7.078711336423724e-05
SUPV3L1,-7.080584985816092e-05
ADIRF-AS1,-7.081494646780706e-05
HDAC9,-7.085286835140928e-05
MYO7A,-7.086985330071163e-05
HIST1H3G,-7.087585207643908e-05
SYT14,-7.090092690479957e-05
SEZ6,-7.090557001149516e-05
ZNF155,-7.091197233578438e-05
ZUP1,-7.09354471025801e-05
NACC2,-7.094567794461954e-05
LRRTM2,-7.094697070223919e-05
TTC39A,-7.094731631304631e-05
TRMU,-7.097390599515409e-05
ARRDC1-AS1,-7.10156466008188e-05
EIF3CL,-7.102518997747755e-05
ZNF577,-7.102717548961573e-05
GLIPR1L1,-7.103453351601953e-05
ACTN2,-7.103556436041451e-05
TBC1D4,-7.103825491595879e-05
KLHL8,-7.104196553328303e-05
JHY,-7.108914458799432e-05
ZC3H7B,-7.109133308443705e-05
ZNF223,-7.11181028948447e-05
TRIM62,-7.111866292561934e-05
SSBP2,-7.112149277344953e-05
LARS,-7.113537828061992e-05
PAPSS2,-7.11399819332257e-05
NPC1,-7.115914993516474e-05
GAS2L3,-7.11750105582128e-05
CTNS,-7.117645362727559e-05
MSC-AS1,-7.120256700188765e-05
PALM,-7.121025793342381e-05
FAM204A,-7.121742995426421e-05
PSRC1,-7.123585331619353e-05
API5,-7.125779034393705e-05
SUSD4,-7.126356722730469e-05
GKAP1,-7.127089740211277e-05
AGO1,-7.129302099414498e-05
SLC25A28,-7.130581302716361e-05
CDC42EP4,-7.131221328349137e-05
CTBP1-DT,-7.132981840385813e-05
Z94721.3,-7.136483647626808e-05
RMC1,-7.13693411216821e-05
IL18,-7.140415021785341e-05
CAPN3,-7.14054792615008e-05
NEURL2,-7.141022354542128e-05
ARG2,-7.143085409866497e-05
SPDL1,-7.14530031830579e-05
UBR7,-7.145997738185726e-05
EDRF1,-7.147912197120718e-05
MOXD1,-7.152312769354076e-05
C9orf129,-7.152611645923164e-05
FIG4,-7.154925613883744e-05
ZNF189,-7.15621586402515e-05
LANCL1-AS1,-7.156814027015892e-05
TBC1D25,-7.164132326751623e-05
TNFRSF10A,-7.164245155550282e-05
MCOLN3,-7.165028039003056e-05
CR1,-7.167708196097352e-05
N4BP2,-7.169719837240526e-05
VWA2,-7.169996196682716e-05
XG,-7.17565797986638e-05
RHBDL2,-7.177434510588667e-05
UBA2,-7.181308907319492e-05
NATD1,-7.181649363866283e-05
B4GALT6,-7.182387678101657e-05
SAP25,-7.187567072753672e-05
SDHAF2,-7.188746744616691e-05
AP000897.1,-7.19028985957779e-05
SPSB1,-7.190656801053345e-05
LATS2-AS1,-7.19471251589829e-05
SLC51A,-7.196030229819263e-05
MED9,-7.197416522535568e-05
NAGPA,-7.199608216856501e-05
WAKMAR2,-7.201529423948114e-05
CLDN14,-7.207665091596012e-05
RTCA,-7.210927349137905e-05
MXD3,-7.211942900169321e-05
DAP,-7.213343314718213e-05
ATPSCKMT,-7.217529233671546e-05
TIPIN,-7.219507973515935e-05
PAM16,-7.219758284468327e-05
TIAM1,-7.221859643073239e-05
TBC1D20,-7.223881503294715e-05
HS6ST3,-7.224188166438644e-05
UBE2E3,-7.225994059892614e-05
RBM44,-7.227590417140986e-05
ZFHX2,-7.227616052724715e-05
MARCH4,-7.230708400831228e-05
FMR1-AS1,-7.230898427722364e-05
ZNF649-AS1,-7.23369862258923e-05
C19orf44,-7.237272453797313e-05
COL7A1,-7.242320387372634e-05
REL,-7.2440684937185e-05
CAMKK2,-7.245357895287527e-05
EIF4E3,-7.246399511337079e-05
EZH1,-7.246588115758383e-05
N4BP2L1,-7.247022457438749e-05
NADK,-7.247422987975259e-05
SEMA4D,-7.247684577349734e-05
MAST3,-7.248996805024217e-05
MXRA8,-7.255001965979438e-05
FAM66A,-7.256246980800134e-05
LRP5,-7.25719726400867e-05
MINAR1,-7.257586744100584e-05
SLC8A1-AS1,-7.257726753907403e-05
PLEKHM1,-7.263439814919983e-05
NPIPB3,-7.263817978792847e-05
ADHFE1,-7.266379359980545e-05
FAM163A,-7.267523511419014e-05
LUC7L2,-7.267682756166977e-05
STX12,-7.268739814065038e-05
AGAP3,-7.269454275142241e-05
CREM,-7.271534823816271e-05
FHL2,-7.27169033630062e-05
UROS,-7.275915954588827e-05
BCL11A,-7.278657520327727e-05
RNF144A,-7.280305119326065e-05
SMCR5,-7.283968856875636e-05
RAB4B,-7.289031022998687e-05
TEX52,-7.289257539350299e-05
ATP6AP1L,-7.28971994317185e-05
KIF21A,-7.291029165091423e-05
HSF2,-7.291307618605188e-05
TPTE2,-7.291771780266127e-05
ZCCHC8,-7.292894412384402e-05
FAM182B,-7.293859084574326e-05
ZNF469,-7.294385866487314e-05
KLRC3,-7.294794108930259e-05
PROSER1,-7.298486191808538e-05
HOXA2,-7.301105565053765e-05
GRAMD1B,-7.301254407630767e-05
KCNJ6,-7.301291462332105e-05
TG,-7.301704130927251e-05
ECE1,-7.30518298101305e-05
SLC22A14,-7.30630621734716e-05
GMPS,-7.306312309242087e-05
ZNF460-AS1,-7.30748012065803e-05
IGSF9B,-7.310942447617614e-05
ITPA,-7.311355654642108e-05
MRPS25,-7.317121141140113e-05
LRRC39,-7.317290788688946e-05
ZNF225,-7.322646581617903e-05
WASHC2A,-7.327237586512264e-05
SLC8A1,-7.332857745422425e-05
ABCA9,-7.333102054123243e-05
FBXO44,-7.333326871906345e-05
U2AF1L4,-7.335265101166878e-05
CLUH,-7.338428619153003e-05
FLJ45513,-7.341172184720348e-05
SYT9,-7.342031593387966e-05
MRPS28,-7.343406073601587e-05
POLR3F,-7.343726022896642e-05
HEATR6,-7.345199297918726e-05
SPDYA,-7.346358923937033e-05
CNTNAP1,-7.346557336640431e-05
PIGZ,-7.346792587559784e-05
ACSM1,-7.34690197004849e-05
TMEM231,-7.350936399487895e-05
MOSPD2,-7.350987974429814e-05
INF2,-7.351648241703505e-05
TCIM,-7.351902133443614e-05
PRR12,-7.353531739997531e-05
FBXL19-AS1,-7.354088879482751e-05
BX664727.3,-7.354822625529356e-05
RTKN,-7.355758400152566e-05
SYNE3,-7.356607791747637e-05
LOXL1,-7.356737178973543e-05
FOXP4-AS1,-7.35747916249756e-05
COL11A2,-7.358464353555471e-05
SPATA22,-7.359663429647372e-05
QRICH2,-7.360623998906034e-05
AP006284.1,-7.361988934518376e-05
ZC3H18,-7.364376643695902e-05
SEPTIN7-AS1,-7.367321640284662e-05
OSBPL1A,-7.368370225270132e-05
SYTL5,-7.368989084924785e-05
HADHB,-7.369115569914731e-05
ARHGEF19,-7.36926034488982e-05
ZKSCAN5,-7.371087858579056e-05
PRKCB,-7.372050735937156e-05
RPAP1,-7.373876937898658e-05
KIDINS220,-7.375946139081696e-05
PLA2G5,-7.376453408368455e-05
C8orf88,-7.381232783213545e-05
RFC2,-7.381438352099825e-05
CEP104,-7.384290108764069e-05
STOX1,-7.385236535939524e-05
TLR2,-7.388995977597878e-05
FAM47E,-7.391302615444024e-05
BTD,-7.392077841216645e-05
SEMA5A,-7.392648159457952e-05
NPIPB6,-7.393283597372794e-05
NFRKB,-7.395602758921536e-05
TDP1,-7.398498411082243e-05
MFSD4A,-7.401753936140568e-05
ATP6V0A2,-7.40191227680145e-05
CASC6,-7.405776623016115e-05
SPRY4,-7.407846196717188e-05
CDHR2,-7.410595727470205e-05
CXCL3,-7.411006770914932e-05
AGTR1,-7.414081509295513e-05
NID1,-7.417679915395287e-05
HMGCS2,-7.421295914473801e-05
TLCD5,-7.424916748882323e-05
PREX1,-7.426981271441583e-05
GFOD1,-7.431768068933193e-05
ZC3H12B,-7.43363928466213e-05
BBS4,-7.434522429532596e-05
PRSS48,-7.434814333335658e-05
FCSK,-7.438518340697159e-05
ZNF23,-7.43923487153251e-05
RBFA,-7.440040978082722e-05
KCTD18,-7.440569842155186e-05
RABEPK,-7.441554215916373e-05
FAM157C,-7.445434261473704e-05
NPHS1,-7.447887761939781e-05
MRC2,-7.449231423297557e-05
PRDM6,-7.451501326588896e-05
FLT3LG,-7.451653413106052e-05
CENPL,-7.457459230193529e-05
PTGR1,-7.458078604758857e-05
PEX3,-7.46059120454011e-05
TASOR,-7.4633967511687e-05
RETREG3,-7.465137418387224e-05
SPTBN2,-7.465434978204254e-05
KAT2A,-7.46695242751132e-05
RPAIN,-7.467737364369928e-05
ECD,-7.46794984030645e-05
BCAS4,-7.47522034414933e-05
CS,-7.475833772839375e-05
NXN,-7.476635406561217e-05
AP1S2,-7.478123773641915e-05
RAD51,-7.482671958142223e-05
AP006621.3,-7.482803323335575e-05
ZNF326,-7.48315727993005e-05
SIN3B,-7.48368352390514e-05
ANKRD16,-7.483768586108245e-05
KRI1,-7.484537029224048e-05
USP21,-7.486911628027476e-05
CCN4,-7.486921610130051e-05
ZBTB8A,-7.488514572080738e-05
MKNK1-AS1,-7.490184763163057e-05
DGCR9,-7.490425311218352e-05
TLX1NB,-7.490951945383576e-05
SRRM4,-7.491728380602623e-05
CNOT6L,-7.494749753059885e-05
HSDL2,-7.49501828247389e-05
RFX8,-7.497567371507795e-05
KIF25,-7.497791872729874e-05
NPHP4,-7.498873421608594e-05
SMIM10L1,-7.50249175281977e-05
BOLA1,-7.502528730010511e-05
FAM102B,-7.502662675664297e-05
MIR3659HG,-7.504540785225662e-05
GDF11,-7.508523145139599e-05
MIOS,-7.508849146380632e-05
PPIL2,-7.51029585716908e-05
ZNF57,-7.511617652150414e-05
APAF1,-7.512462189699924e-05
ERI1,-7.514039671195662e-05
CSNK1E,-7.515527899997501e-05
C3orf49,-7.515599023654883e-05
NSUN2,-7.518690676276078e-05
FGFR1OP2,-7.520512264675988e-05
TCF7L1,-7.521715948085922e-05
PICART1,-7.523569748499009e-05
R3HDML,-7.525138813254404e-05
PTS,-7.529578959638136e-05
NOTCH2,-7.530047664218399e-05
PRICKLE2-AS3,-7.530248685214662e-05
RHBDL3,-7.532962002851232e-05
MARS,-7.538741580155846e-05
TIGD4,-7.539362977898433e-05
CA1,-7.54311393313538e-05
ZNF140,-7.543246071863237e-05
TIGAR,-7.54452052653035e-05
RAB33B,-7.546810780129609e-05
RGS3,-7.548975736400377e-05
TBC1D15,-7.550488415499245e-05
TLL1,-7.550549642269234e-05
NUP93,-7.551598607699141e-05
ZBED4,-7.552515206375688e-05
IFI44L,-7.55678587217304e-05
POLR2B,-7.55729007980994e-05
DNAAF5,-7.55752447252863e-05
EIF2A,-7.557550457725893e-05
TSPAN15,-7.558972764228753e-05
LCT,-7.559142697805067e-05
CCDC61,-7.55946628110033e-05
C2orf72,-7.560895222208555e-05
NAP1L4,-7.560936657833965e-05
DPH7,-7.56567946726313e-05
RNF34,-7.566066272382897e-05
ZNF283,-7.566677464219733e-05
YY1AP1,-7.566684515278867e-05
ARVCF,-7.566991419398425e-05
SGO2,-7.567354643170127e-05
TOB1-AS1,-7.574398349255038e-05
RRAS2,-7.575235283780776e-05
SNAPC4,-7.576891526633794e-05
SPATA32,-7.579065495410276e-05
ZNF765,-7.579510759884615e-05
JAK3,-7.579696872609335e-05
NRIR,-7.581544431377633e-05
AFMID,-7.583296987369708e-05
SDR39U1,-7.58438575006896e-05
RADIL,-7.5851861220107e-05
TFAP2A,-7.585810375155542e-05
ATG2B,-7.587957280551943e-05
POT1,-7.590228032901944e-05
GMCL1,-7.591702051105898e-05
BICC1,-7.595341961939108e-05
SLC16A7,-7.595892235535691e-05
AP001269.4,-7.597986713240945e-05
NSF,-7.600714770942682e-05
MAVS,-7.601173065533603e-05
RNF180,-7.601718905839474e-05
SYP,-7.602376741440194e-05
CNBD2,-7.603983744965577e-05
ETAA1,-7.605280979020487e-05
CPSF3,-7.607543233095006e-05
HECW1,-7.61022883551609e-05
ARHGAP29-AS1,-7.610620202447802e-05
KCNE1,-7.611986143932343e-05
DNAJC9,-7.612117396422684e-05
LCMT1,-7.612655830810181e-05
ABAT,-7.61316123693904e-05
SLC6A16,-7.613782103921438e-05
CR381670.2,-7.616841415528414e-05
DNAL1,-7.619217215282066e-05
NTRK1,-7.619576587788434e-05
SKA3,-7.620944909931414e-05
MYOT,-7.621176868289768e-05
IFT122,-7.62278612116224e-05
AQP7,-7.622843264650429e-05
LATS1,-7.625990336793768e-05
TTN,-7.626929200172778e-05
ZNF761,-7.6277031058063e-05
IL1RAPL2,-7.628105556538377e-05
FPR3,-7.628344185268657e-05
WASHC2C,-7.6292784088858e-05
STK32A-AS1,-7.632963367358974e-05
CNTN3,-7.63357876033118e-05
FLOT2,-7.634574671552476e-05
SFXN4,-7.635388854485916e-05
PMFBP1,-7.636346032148773e-05
SPAAR,-7.636636454812124e-05
MED24,-7.638025983969635e-05
HJURP,-7.63817424244037e-05
NDUFA6-DT,-7.647603436860169e-05
ERMAP,-7.647903098891265e-05
ELP1,-7.648933993949659e-05
SH3BGRL,-7.649650253255122e-05
GPM6A,-7.652640245987092e-05
AF131215.2,-7.659980863233849e-05
ARHGAP19,-7.662687878244794e-05
SLC25A20,-7.666016635368452e-05
PSMD14,-7.666091680718811e-05
MAPK10,-7.667343998649527e-05
NKILA,-7.667912431619748e-05
FAM24B,-7.670360576640149e-05
PTPRC,-7.672763606781426e-05
NUDT17,-7.673823682591257e-05
CENPQ,-7.674921964372704e-05
SETDB1,-7.676210594739029e-05
C2CD6,-7.677164468583361e-05
OTUD4,-7.678027498728642e-05
ARHGEF39,-7.679856536549455e-05
MYH7B,-7.68064978801439e-05
DND1,-7.684565414875306e-05
CABYR,-7.684660816200137e-05
FPR1,-7.6884838623595e-05
CATSPERD,-7.689533799277815e-05
AGAP4,-7.690392899939775e-05
WDR26,-7.690677968185597e-05
TRIM35,-7.691203730641655e-05
TAF1A,-7.691494077910676e-05
LYSMD4,-7.691775959298794e-05
ANKRD18A,-7.694770941407427e-05
SPDYE16,-7.696164886027966e-05
GGT1,-7.69642258949845e-05
AP003049.2,-7.700262289839125e-05
NFIX,-7.705467808938207e-05
GPR18,-7.707016159833228e-05
ZNF341,-7.709624949160753e-05
KCND2,-7.712757048988528e-05
ASB13,-7.712904995018448e-05
ARHGAP25,-7.713908463472702e-05
HEMK1,-7.716094220764615e-05
SLC35F3,-7.716444853532529e-05
ADD3-AS1,-7.717535336296423e-05
RNF138,-7.71992943033698e-05
TEX11,-7.72074349431127e-05
POLR1A,-7.721649514050664e-05
TMSB15B-AS1,-7.721969452282371e-05
LDLRAD3,-7.722575668249758e-05
SYNM,-7.724227468236838e-05
AKAP6,-7.725695285719914e-05
PSMC3IP,-7.72784780014491e-05
TNFRSF8,-7.728137597915903e-05
TDG,-7.732980657769345e-05
GOLGA8R,-7.732992965780178e-05
ZNF547,-7.733284621632474e-05
AGPAT3,-7.733627918902457e-05
ZNF417,-7.734274482683838e-05
GATA6,-7.734369248166645e-05
ANKS1B,-7.735646404725591e-05
NFATC1,-7.735978732081654e-05
BX284668.5,-7.736978888870973e-05
INSC,-7.740515576378592e-05
TNPO2,-7.740661687171235e-05
FAM182A,-7.749109978978132e-05
PEX7,-7.752204653830146e-05
RAD54B,-7.753108717465752e-05
ADGRF5,-7.757676077946071e-05
FBXO16,-7.758434800267803e-05
GJC1,-7.760161556307563e-05
AGFG2,-7.763308019835526e-05
ARHGAP5,-7.76515005367706e-05
ZSWIM7,-7.771798222167947e-05
WASHC3,-7.774527479966768e-05
KCNQ3,-7.778082765519352e-05
SPPL2B,-7.779043386092424e-05
KATNAL2,-7.782209349584408e-05
PGGT1B,-7.78560444492796e-05
TELO2,-7.78726423468095e-05
DSG1-AS1,-7.78859846877745e-05
INTS2,-7.789366036829617e-05
ZNF239,-7.789599456551206e-05
MGAM,-7.790766033096353e-05
GRAPL,-7.792728134830994e-05
ARHGAP33,-7.793456280271658e-05
LAT,-7.797558135773464e-05
CENPT,-7.798753587596274e-05
OMG,-7.800111413688184e-05
TRAPPC3L,-7.800847625530363e-05
LGALSL-DT,-7.801494456309751e-05
ALOX15B,-7.803273932570596e-05
ARFGEF3,-7.80358008088679e-05
TTC21A,-7.804433193911685e-05
C5orf67,-7.805943097761114e-05
ALKBH3,-7.808493250108891e-05
GPR180,-7.809248486750729e-05
KNDC1,-7.809383123392961e-05
BNC2,-7.811942504233174e-05
LIG4,-7.812350563059113e-05
POU6F2-AS2,-7.812422177812959e-05
LRP5L,-7.813263361463848e-05
WNT3A,-7.813945421543377e-05
KCNIP2,-7.820093529876974e-05
DIO1,-7.821016436325431e-05
ZNF726,-7.821890941866628e-05
SLCO1B7,-7.822205428967884e-05
FGD3,-7.823288506608106e-05
CIZ1,-7.823896563906245e-05
KCNA2,-7.824122870511143e-05
LAMC2,-7.828571795325979e-05
ROR2,-7.831036479640424e-05
IGHMBP2,-7.832387383273415e-05
DENND11,-7.833342877185276e-05
CHL1,-7.835536872200667e-05
SYCP3,-7.836136249183258e-05
ZNF433-AS1,-7.837250117469872e-05
FBXW8,-7.838810402362513e-05
GALNTL6,-7.840813425106473e-05
MAMDC2-AS1,-7.841172969588102e-05
SMC6,-7.841497324292654e-05
VTA1,-7.841921023125619e-05
SH3BP5-AS1,-7.844627630687431e-05
DCDC2B,-7.84872540244627e-05
SEMA3F-AS1,-7.850611202120562e-05
BRD8,-7.850817019841412e-05
ACVR1C,-7.852225444198735e-05
MSANTD1,-7.854462147516056e-05
SLC19A2,-7.854527078896023e-05
RADX,-7.858579036754465e-05
SPRY4-AS1,-7.864319269339114e-05
AP000695.2,-7.864695460148493e-05
HPS4,-7.865051591189398e-05
RPGRIP1L,-7.86522382403418e-05
ITGB3,-7.866235413341472e-05
CKAP2L,-7.870641670639677e-05
CEPT1,-7.872218857846675e-05
PWWP2B,-7.87501884749598e-05
CFAP52,-7.87503496304574e-05
NEURL1B,-7.875357590057846e-05
RABL6,-7.876384906619447e-05
NUMBL,-7.877187358964493e-05
PARD6G-AS1,-7.880188515559736e-05
CTTN,-7.882590313980816e-05
C12orf40,-7.882625045852152e-05
RPUSD4,-7.884762221465557e-05
XPNPEP3,-7.885538639916762e-05
DEPDC1,-7.886771220415892e-05
RGN,-7.888136785385966e-05
ATG12,-7.888406055161434e-05
TOP2A,-7.893233196182722e-05
NKIRAS2,-7.895511984641736e-05
OPRD1,-7.896631908203677e-05
PDLIM7,-7.89746550191802e-05
SCD5,-7.900546794453262e-05
HYPK,-7.901573234692964e-05
MTMR10,-7.906317482457681e-05
DTD1,-7.906320047998362e-05
DUSP22,-7.906725070238343e-05
APCDD1L,-7.909164242496906e-05
ENC1,-7.910330443431305e-05
BCL2L13,-7.917313241665464e-05
NAA35,-7.920211455507055e-05
LRRC38,-7.922078468891978e-05
PLD2,-7.922450332543968e-05
ENDOV,-7.927915132722909e-05
WARS2,-7.92829804419012e-05
HSH2D,-7.929832309425466e-05
PCBP3,-7.929868127763943e-05
TSPAN2,-7.931896266593293e-05
SYN2,-7.933695342789004e-05
CGAS,-7.933988237810492e-05
GPRIN3,-7.934073013396802e-05
ACTR3B,-7.94094158552434e-05
KLHDC4,-7.948702752765489e-05
GRID2IP,-7.949190401168723e-05
SPOCK1,-7.952478355699157e-05
KLHDC9,-7.952508590894228e-05
CASP5,-7.952529497226674e-05
GNB5,-7.953865057865896e-05
AP001107.1,-7.954369035339594e-05
SRSF12,-7.954487493189421e-05
TINAG,-7.956110510557139e-05
ZNF554,-7.95851406425624e-05
TCAF1,-7.959005615434325e-05
SYNGAP1-AS1,-7.963511065074983e-05
AIMP2,-7.964724847535703e-05
MMP25,-7.966697681371476e-05
MSL2,-7.967430786550139e-05
TFAP2A-AS1,-7.968549718819405e-05
KMT2B,-7.968625704231917e-05
PPIP5K1,-7.969046745006221e-05
FSD1,-7.969830079226357e-05
MIS12,-7.970852577888597e-05
AP003307.1,-7.971323110334355e-05
OLFM2,-7.972507429587848e-05
ZMIZ1-AS1,-7.974193770619855e-05
NEXN,-7.974427938797459e-05
SLC26A5,-7.975427759417319e-05
FXYD7,-7.977323697897865e-05
GK-AS1,-7.980737441704516e-05
ZNF214,-7.981695939801696e-05
MYH15,-7.984436298576787e-05
SCRN2,-7.98739837719028e-05
YAE1,-7.987455957615596e-05
ITK,-7.991338989979107e-05
METTL14-DT,-7.993792836739876e-05
NIPAL1,-7.99420184554936e-05
EPM2A,-7.99536585617538e-05
HPS1,-7.995487711954663e-05
UPK3BL1,-7.997882248642624e-05
PITPNB,-7.998063018631381e-05
MIR99AHG,-7.998258088343557e-05
TOP2B,-8.000235240734508e-05
CATIP-AS2,-8.002299240775263e-05
ZRANB2-AS2,-8.012553156333259e-05
RGS7,-8.012580742423302e-05
ZNF566,-8.014478650881117e-05
ZNF529-AS1,-8.015192028111814e-05
MLXIP,-8.015460853171241e-05
ANKDD1B,-8.015877787328473e-05
RHBDF2,-8.016378210256817e-05
PHACTR1,-8.023680201647544e-05
SLC23A2,-8.026944789403824e-05
AP002026.1,-8.026957499072554e-05
ZNF343,-8.027159652719971e-05
IGDCC4,-8.031073970775662e-05
VSIG8,-8.036046176828145e-05
ZBTB20-AS3,-8.036342430004675e-05
KLHL17,-8.0388285997238e-05
GDPD4,-8.041517917971253e-05
IFIH1,-8.041656200709932e-05
PIK3R1,-8.041922827132085e-05
CCNE2,-8.041952723614926e-05
STARD4-AS1,-8.043290010077697e-05
MTERF2,-8.044096114999685e-05
MMP17,-8.044602752977838e-05
SLC25A15,-8.04682888395291e-05
C21orf62-AS1,-8.047910279512435e-05
AP000866.2,-8.049054266031765e-05
TTYH2,-8.051931106021659e-05
DHX29,-8.051941647790433e-05
ATG4C,-8.056209674988735e-05
ADAMTS5,-8.056484632518215e-05
CHEK1,-8.061326494388928e-05
LRRC8D,-8.062033094346439e-05
TRAF6,-8.063993993803346e-05
C5orf47,-8.064927139652936e-05
SNHG30,-8.065198301701625e-05
CCDC169,-8.065733754061205e-05
ACOT8,-8.066245552632315e-05
UCKL1,-8.06929519758084e-05
CPT1B,-8.070139779117377e-05
RASSF8,-8.072817103617125e-05
CARF,-8.076674196258559e-05
PCID2,-8.078189280136765e-05
FAM174B,-8.084666213707696e-05
OSBPL6,-8.090817174063639e-05
NSUN5,-8.093789690812108e-05
AP001318.2,-8.094251603502065e-05
PAK5,-8.095320978622025e-05
FAM122B,-8.095892707994902e-05
C2CD4D-AS1,-8.098341458880698e-05
CACNG8,-8.101403497340879e-05
MSANTD3,-8.103402992115187e-05
PDE1B,-8.103734814827596e-05
RMI1,-8.106575693549898e-05
AP000266.1,-8.107508575241936e-05
USP10,-8.108330673677682e-05
DENND6B,-8.113172190528934e-05
ZBTB20-AS2,-8.117307294317525e-05
AP002518.1,-8.118323599201996e-05
WNK3,-8.119896102529868e-05
HIF1A,-8.12096921350529e-05
ZNF335,-8.122438620787355e-05
WASHC4,-8.124689043719688e-05
PTOV1-AS1,-8.125198454109347e-05
E2F3,-8.125522379731103e-05
ADCY7,-8.125938431008295e-05
DNAH3,-8.126330512140965e-05
LATS2,-8.127426480753278e-05
GEMIN8,-8.128025886568295e-05
SDHAF4,-8.128812842796523e-05
ITPKB-AS1,-8.130140482596374e-05
TSHZ1,-8.133937419511503e-05
CBX7,-8.135130184664455e-05
LIX1-AS1,-8.136564139067498e-05
MTHFD2L,-8.13670663646114e-05
ZNF546,-8.137990409975198e-05
TTK,-8.138110401337232e-05
HDAC2-AS2,-8.140790906236964e-05
ICA1L,-8.141266619089534e-05
GYS1,-8.141989014083715e-05
GPC6,-8.142096175339938e-05
DPY19L1,-8.14623254821252e-05
MACC1-AS1,-8.148050234160568e-05
TMEM186,-8.148057268512838e-05
VASH1,-8.148507625836595e-05
SREK1,-8.148875746007967e-05
MYOCD,-8.149361645631988e-05
SAMD5,-8.15396844443118e-05
PIAS3,-8.154883909513806e-05
DRD3,-8.155009206176386e-05
YBEY,-8.156288573329217e-05
CYB5B,-8.158496877871751e-05
TAF1,-8.170530645415038e-05
PRKG2,-8.171437677738708e-05
LRRC49,-8.17277274427687e-05
PDGFRL,-8.175472910057096e-05
NMNAT1,-8.175927890224795e-05
ZNF320,-8.177659456358722e-05
HPSE2,-8.182313398372706e-05
MTG1,-8.183231924937388e-05
SLC2A5,-8.184261488953071e-05
FAM217A,-8.187627142867718e-05
CACNB4,-8.188293044449978e-05
RCBTB1,-8.189940475815662e-05
ACOT7,-8.191992190850464e-05
ARAP1,-8.192271545515705e-05
ING5,-8.196167274044324e-05
C3orf67-AS1,-8.196312871494766e-05
LMLN,-8.197880874295734e-05
PCSK6,-8.19854416236711e-05
CAMSAP1,-8.199318339747639e-05
COX15,-8.199401177853353e-05
TAB1,-8.200726871095446e-05
CNR2,-8.201830953600897e-05
FAM198B-AS1,-8.203019017677767e-05
RORB,-8.205636634724493e-05
CDH12,-8.20590930652538e-05
AP005899.1,-8.209439556237641e-05
LRRC69,-8.210673868168909e-05
POLR3B,-8.211465637267383e-05
SETD4,-8.211963964929407e-05
FBXL18,-8.212363466275666e-05
FGF13,-8.213031106705628e-05
MINCR,-8.216247879675846e-05
RAMP3,-8.218092003494325e-05
LRP4,-8.219849623531815e-05
BICRA-AS1,-8.220209640686109e-05
SLC25A26,-8.220747188813135e-05
HORMAD1,-8.221040588134539e-05
AP001037.1,-8.221885900345999e-05
KCNB2,-8.223119921916377e-05
SLC7A11,-8.223395213698485e-05
AP003119.2,-8.224112925197506e-05
KLF3-AS1,-8.229272385999646e-05
ITFG2-AS1,-8.229997987712235e-05
SNHG31,-8.230174975844283e-05
GLYCTK,-8.230352937581457e-05
HLA-F-AS1,-8.231053559045407e-05
RNF114,-8.232318523911495e-05
RAB19,-8.232643683949256e-05
PRMT8,-8.233198394558864e-05
ZSCAN21,-8.234503601400338e-05
BRCC3,-8.235276110687856e-05
UBE2H,-8.241256152497818e-05
MYO1H,-8.244547853316385e-05
ANO1,-8.246576845560413e-05
CCDC136,-8.246765053266027e-05
FASTKD2,-8.24729769352638e-05
PCSK5,-8.250204125690823e-05
DHRS3,-8.251683208230186e-05
PPFIA2,-8.254635917207373e-05
NOTCH2NLC,-8.255396160554638e-05
SNX16,-8.258008608777714e-05
TMEM150C,-8.258468587993727e-05
MAMDC2,-8.258640939225654e-05
TRAK2,-8.261039045273484e-05
CRACR2B,-8.262185822619139e-05
TBC1D9,-8.262702066778903e-05
VEGFD,-8.263798084261498e-05
PAQR5,-8.264390272561426e-05
RETREG1,-8.264879840331305e-05
C20orf96,-8.265424024060086e-05
DLG2,-8.265592395981076e-05
DAB1,-8.266328026304181e-05
RASSF1,-8.266400543590397e-05
TMEM269,-8.266844898828919e-05
SNAPC3,-8.267535829804742e-05
L3MBTL4-AS1,-8.26911597635709e-05
HADH,-8.271603791437463e-05
TNS2,-8.271841772227186e-05
GRIP2,-8.272365583732152e-05
KCNQ5,-8.274152960593269e-05
ZNF154,-8.28468286133279e-05
ASH1L-AS1,-8.285540018729891e-05
MHENCR,-8.285784380898851e-05
ADNP-AS1,-8.286498391862181e-05
CAMTA1,-8.28717547800722e-05
NBPF3,-8.290632242308596e-05
AP4E1,-8.29232436895629e-05
AP001605.1,-8.295937540054647e-05
NOL8,-8.297259590251165e-05
TSPAN11,-8.297680232762482e-05
TNRC6C-AS1,-8.298120672420116e-05
KLHL2,-8.298849852016468e-05
URB2,-8.300326325452581e-05
RSPH6A,-8.301013141450067e-05
POLN,-8.301714581358565e-05
FXR1,-8.304065482648101e-05
HS2ST1,-8.30577781560021e-05
AOC3,-8.3071465484595e-05
ERG,-8.309972162551481e-05
ZNF674-AS1,-8.310698103627002e-05
SLC30A6,-8.316493323693661e-05
SLC27A1,-8.319585449341058e-05
DUS2,-8.324406407450222e-05
TUT7,-8.325123925966338e-05
SBF2-AS1,-8.328720831763195e-05
PIP4P1,-8.336400821322403e-05
PZP,-8.338847989798123e-05
AP000240.1,-8.340046722553748e-05
MAIP1,-8.341156509843493e-05
ATXN2L,-8.345565692444645e-05
HERC3,-8.346564094394552e-05
NEGR1,-8.347003446106725e-05
WEE1,-8.347265745622102e-05
ALG1L2,-8.347627789354136e-05
PGP,-8.349639151769876e-05
TTC7B,-8.350134174925307e-05
WDR41,-8.352883001534787e-05
CACHD1,-8.358287406617454e-05
RASSF4,-8.361109593524894e-05
VOPP1,-8.363825798581557e-05
ZNF429,-8.364226612773665e-05
ATG16L2,-8.366385925474493e-05
GNAS-AS1,-8.3716487042716e-05
NUP205,-8.3758913459638e-05
FAM85B,-8.376369571527935e-05
PPP4R3A,-8.378459399081535e-05
STK19,-8.381305952865667e-05
CNTF,-8.383081984260407e-05
RFC1,-8.384101982128544e-05
MAP3K14-AS1,-8.385722843570887e-05
TRIM38,-8.393040238304486e-05
CFAP70,-8.393259142348226e-05
C12orf73,-8.395481789900218e-05
AP000866.6,-8.396056054312783e-05
PLSCR1,-8.399473103619146e-05
CARNS1,-8.400180570818799e-05
TSHR,-8.401015032552894e-05
COL6A6,-8.401557740753581e-05
AMY2B,-8.403620972265772e-05
SLC25A25,-8.408127588837372e-05
STK24,-8.408152409549867e-05
AP001885.2,-8.411089522111744e-05
PNPLA3,-8.412633068705458e-05
TCF4,-8.414284357455175e-05
CMYA5,-8.415229354663664e-05
OSER1,-8.416931964167694e-05
TBX18,-8.417740978052389e-05
WDR75,-8.418505631897719e-05
BACE1-AS,-8.418881825102798e-05
TMEM147-AS1,-8.422638903601413e-05
SCARF1,-8.423866004670156e-05
ATP2A1,-8.424706440054602e-05
PARP11,-8.425611260842243e-05
GLT8D2,-8.429271143451964e-05
GGT7,-8.439893911156735e-05
TPGS2,-8.440465123480374e-05
LACTB2-AS1,-8.440531351191344e-05
CYP19A1,-8.441722508271343e-05
GPR19,-8.44324510490621e-05
NWD1,-8.443470592787654e-05
LRRC8C,-8.443479886341698e-05
ZNF707,-8.444850468944837e-05
CHODL,-8.44976731558527e-05
GPATCH1,-8.452419514290945e-05
TGDS,-8.453792001876966e-05
TUBA3D,-8.45624137917228e-05
ARMCX5-GPRASP2,-8.457066566990151e-05
AGBL2,-8.45886678687854e-05
C1orf195,-8.459454417691716e-05
RSRC2,-8.460011563669047e-05
WSCD1,-8.464800089397548e-05
GRIN3A,-8.465047068757482e-05
CEBPZOS,-8.465922175104823e-05
STX17,-8.468121250026566e-05
DOT1L,-8.470100548638484e-05
IL12RB1,-8.470316052360185e-05
CCNO,-8.47078055508248e-05
OSGEP,-8.473009670121898e-05
GFOD2,-8.479724690548241e-05
RASGRF2,-8.480405341006411e-05
RASGRP1,-8.480532905355884e-05
SLC29A2,-8.483357224669746e-05
MIR210HG,-8.486073289034661e-05
DCAF1,-8.486513985430603e-05
AP000317.1,-8.4913463125252e-05
MAP3K21,-8.492758215830361e-05
CACNA1F,-8.493910964427839e-05
PPP1R12A-AS1,-8.494478273841165e-05
PRPF40B,-8.494825846411478e-05
TC2N,-8.495452616229277e-05
MMP21,-8.495691833740584e-05
BCO2,-8.500838626041333e-05
C2CD2,-8.501907253232683e-05
DDI2,-8.506448673049088e-05
MAML1,-8.511940667298223e-05
POLL,-8.512489707198483e-05
NAT10,-8.51373917305353e-05
PRDM11,-8.514824794098852e-05
ZNF614,-8.517785945335327e-05
BAALC-AS1,-8.51904695687206e-05
TAF12,-8.523640810032848e-05
PLCG1,-8.526348563604356e-05
DNAJC17,-8.528395085212095e-05
IGSF23,-8.529101018930442e-05
TMEM164,-8.529922643689217e-05
IGLL1,-8.531749657663986e-05
SLC16A1-AS1,-8.532094403772662e-05
WDR35,-8.532395815280216e-05
DNAJB5-DT,-8.534146098548249e-05
SPAG5-AS1,-8.534543151415435e-05
CHRNA10,-8.53514720846391e-05
SCX,-8.538157238616273e-05
TRIQK,-8.53880965453659e-05
TTF1,-8.540014366652745e-05
CTNNBIP1,-8.541276168711848e-05
CCDC200,-8.543854774446062e-05
C1QL3,-8.543931392472255e-05
SBNO1-AS1,-8.547234433664809e-05
BX664615.2,-8.548316873901324e-05
NCBP2-AS1,-8.550674715493236e-05
DSE,-8.55120473570156e-05
RBM25,-8.554140229768472e-05
MAP3K8,-8.560489369273032e-05
HACL1,-8.560642338643407e-05
PTCHD4,-8.56174260284285e-05
AF131215.6,-8.56373381799698e-05
BX842570.1,-8.563775995478657e-05
ZFAND4,-8.565958363416616e-05
GTF2H3,-8.573015562757122e-05
ZSWIM9,-8.575314095539553e-05
MCM3AP-AS1,-8.576102344254517e-05
FBRS,-8.577803779828484e-05
MAPRE3,-8.582576171195681e-05
MAT2A,-8.583410750383639e-05
PLBD1-AS1,-8.58574728795849e-05
PDE10A,-8.585770985376012e-05
RMDN2-AS1,-8.586849271374598e-05
WDR45B,-8.587166247025575e-05
SLC25A29,-8.58741975166347e-05
RUFY2,-8.588466629602777e-05
BTBD2,-8.589300217737011e-05
EFHC2,-8.58980141497654e-05
HSCB,-8.590253147302496e-05
TRMT44,-8.590650289491333e-05
PAAF1,-8.59107899007423e-05
CEMIP2,-8.59343422538802e-05
IL17RB,-8.593450383485583e-05
CC2D1A,-8.596851428715685e-05
DSN1,-8.599588568810599e-05
PRICKLE2,-8.602104403579604e-05
SMYD4,-8.604946796750901e-05
KIF27,-8.605358228173331e-05
PHLPP2,-8.606962841191424e-05
TMEM62,-8.608771606037009e-05
GVQW2,-8.60959889838431e-05
GDF9,-8.60973299501135e-05
ZCCHC14,-8.61267865281973e-05
FOXK1,-8.612911061616457e-05
LNP1,-8.613293868426573e-05
RNF139-AS1,-8.618221724464982e-05
RTEL1,-8.619004912463645e-05
HIP1,-8.619181752370595e-05
EPHB1,-8.62087389338486e-05
OCRL,-8.626209067439447e-05
ZNHIT6,-8.62816805159606e-05
SEPTIN7,-8.628269923539392e-05
APOO,-8.629447985795728e-05
DENR,-8.632712389321138e-05
MAGED1,-8.637088865112664e-05
COLCA2,-8.640963957940289e-05
ADCY6,-8.641587066451254e-05
TSPOAP1-AS1,-8.641947517214505e-05
BNIP1,-8.642411638972984e-05
MDM1,-8.642635653801794e-05
SLC35F2,-8.643132667046603e-05
OTUD3,-8.643285313635059e-05
POLR3C,-8.644967294647064e-05
ACCS,-8.645869637269622e-05
AP3M2,-8.648399506758498e-05
AATBC,-8.651073664164987e-05
UCKL1-AS1,-8.651079594604731e-05
MIR663AHG,-8.651087282610125e-05
TACO1,-8.65163547004257e-05
RNF152,-8.652819964388203e-05
TMEM266,-8.653772544982086e-05
LSG1,-8.656892806319882e-05
DGKQ,-8.658110472502522e-05
GABBR1,-8.66083765210973e-05
CCR7,-8.66258103138683e-05
MTERF3,-8.663133384348904e-05
TEX46,-8.663990568445757e-05
ING3,-8.664824839002627e-05
TP63,-8.66592902050651e-05
RNF13,-8.668605765427197e-05
MS4A4E,-8.669085494469909e-05
MANEA-DT,-8.669733315108711e-05
SCN2A,-8.67044784403034e-05
NMNAT2,-8.670630358855864e-05
SYTL3,-8.674971496438086e-05
UTP20,-8.678195768075106e-05
PDXDC1,-8.678953669172168e-05
SLX4,-8.682778652407454e-05
EXOC3-AS1,-8.687067617621627e-05
USHBP1,-8.689940452913642e-05
CDK7,-8.690366408295518e-05
PNKP,-8.690529044796026e-05
RBM27,-8.690548123376786e-05
SLC35G2,-8.690559250338983e-05
BIRC3,-8.691173275273782e-05
CAPN2,-8.691366862598803e-05
RABL2B,-8.691795985319783e-05
ZNF496,-8.692554988704233e-05
UTP6,-8.694451733175385e-05
GLI2,-8.695487263647862e-05
ZSWIM4,-8.696739262075414e-05
SMCO2,-8.700271281287848e-05
PHKA2,-8.701673725155734e-05
MBOAT2,-8.702821242507333e-05
EYS,-8.70317133671403e-05
PTPRR,-8.704744865408685e-05
CNGA4,-8.706149418644491e-05
TMOD2,-8.707886823231626e-05
ZNF362,-8.712105441034295e-05
TFDP1,-8.715388731673061e-05
TUBA8,-8.719028556979044e-05
KIF2C,-8.719115413314227e-05
PPIH,-8.719420515438081e-05
FOXP1-AS1,-8.720501552117285e-05
GJB7,-8.722449932083505e-05
CCDC88A,-8.725718600376605e-05
ZNF682,-8.725765172391799e-05
MLKL,-8.725839761538034e-05
C1RL,-8.729125843261601e-05
TSTD2,-8.729530288384338e-05
PHC1,-8.729875945741164e-05
LRPPRC,-8.73046695414191e-05
SKP2,-8.730834425235785e-05
HES6,-8.736092089055484e-05
POM121,-8.736203201181224e-05
ILDR1,-8.737680245848474e-05
LRRFIP1,-8.737783688821735e-05
CUBN,-8.738605083404274e-05
BLACAT1,-8.739763719197292e-05
RAD51AP1,-8.739821332618195e-05
GNG2,-8.74168063414942e-05
DOK6,-8.755388008553847e-05
DSG2-AS1,-8.755700585564971e-05
ZNF709,-8.755735048799457e-05
EDDM13,-8.756165147156094e-05
CHRNB4,-8.757373820724667e-05
LHFPL2,-8.758040031845175e-05
PPP4R4,-8.758079921608807e-05
KDR,-8.75929587996854e-05
JADE2,-8.760960015716521e-05
ABCD4,-8.762441938996407e-05
SNHG11,-8.764272868021926e-05
HOXB-AS1,-8.76744315499181e-05
AP001432.1,-8.768230069052091e-05
VCAN,-8.768376089161333e-05
FAM81A,-8.769622054030265e-05
ARHGAP6,-8.770531849501168e-05
EIF2AK4,-8.772266333090066e-05
GSTT2B,-8.773247868751731e-05
SP2,-8.777737801973117e-05
CENPU,-8.781798744702046e-05
DENND2A,-8.782906042110324e-05
SLC12A8,-8.786856852298323e-05
DNAAF4,-8.788710276783498e-05
MTMR2,-8.788763791329667e-05
PLCH2,-8.790996420003024e-05
BEND6,-8.791667950481264e-05
KLRK1,-8.79285558388661e-05
FAM120C,-8.794531768691311e-05
KDM1B,-8.795101405700369e-05
MEGF9,-8.796117225488692e-05
LIN7B,-8.799252452890102e-05
BACH1-AS1,-8.801319848021193e-05
ZNF606,-8.805454906532591e-05
NME7,-8.808032851867969e-05
MAPKAPK5,-8.809623619250408e-05
KIF3C,-8.811476457064637e-05
MAN2C1,-8.815303779360839e-05
MTM1,-8.816022566461157e-05
ZNF568,-8.816523324801576e-05
KCNJ10,-8.822008263234512e-05
PPP5C,-8.822707963865404e-05
DNAJC5,-8.825920296483778e-05
AAR2,-8.829726398463999e-05
ZDHHC1,-8.83109645094438e-05
LCAT,-8.831367166702779e-05
GNGT2,-8.834463219563008e-05
EFTUD2,-8.837103721695609e-05
ARHGEF1,-8.837253261864236e-05
TMCC1-AS1,-8.837277264286478e-05
TPD52L1,-8.839217437449641e-05
NCBP3,-8.839863775597547e-05
BCL6,-8.842116660472534e-05
ASB14,-8.844881905407239e-05
IL1RL2,-8.84752279869257e-05
ANGPT1,-8.851235060142697e-05
SPOCD1,-8.860130644592983e-05
SYTL4,-8.860562832400011e-05
TCTE3,-8.868668491563951e-05
SPACA6,-8.872009721252108e-05
ZNF789,-8.873492968066743e-05
CD248,-8.87504609403758e-05
TTC1,-8.878621165594792e-05
MELTF-AS1,-8.8796184787769e-05
TRAF4,-8.881781896429087e-05
TRIM16L,-8.884249436513652e-05
FAM184A,-8.884363030123677e-05
HIGD1C,-8.884856342019905e-05
UBE2T,-8.885392411886342e-05
ALDH7A1,-8.88557228019987e-05
HAUS5,-8.889350358073251e-05
ZNF383,-8.893605930909315e-05
ZDBF2,-8.894857069237609e-05
OXCT1,-8.898231490321255e-05
CNOT1,-8.902538236541561e-05
SEC14L2,-8.9043391144529e-05
C11orf42,-8.904468335670877e-05
NRXN1,-8.90845756930466e-05
EPSTI1,-8.908643689455614e-05
ADAMTS16,-8.909372900933521e-05
TCHP,-8.91592235746034e-05
OTUD5,-8.923793854388874e-05
TMA16,-8.924320477424743e-05
CHIC2,-8.928521613158872e-05
MPPE1,-8.92876665589012e-05
FOXO3B,-8.930490420551562e-05
TYMSOS,-8.933012762045999e-05
AP001442.1,-8.934568622042127e-05
ANGPTL1,-8.937544354650676e-05
THAP9-AS1,-8.939130590716577e-05
LCK,-8.939160039355732e-05
DDIAS,-8.940303183269436e-05
CD247,-8.943337736497973e-05
GPCPD1,-8.945467888805687e-05
PARP6,-8.945844842727781e-05
CWF19L2,-8.947364519010643e-05
BCR,-8.952262601918003e-05
C9orf147,-8.952476936764787e-05
UCN,-8.95389103221362e-05
CAPZA1,-8.954155075609118e-05
PDZK1,-8.960718399266755e-05
CAPZB,-8.966102294685344e-05
CEP63,-8.968924592545795e-05
SPIN2B,-8.970030350508041e-05
ZNF836,-8.972267626296054e-05
TTC38,-8.974528679522832e-05
SRD5A3-AS1,-8.976066454631935e-05
ZNF384,-8.982039008514855e-05
TRIM41,-8.983076504015e-05
CCDC126,-8.985848514768573e-05
GAD1,-8.988049629887065e-05
ZNF18,-8.988581237248056e-05
MECR,-8.989599036768237e-05
CEP57,-8.990331841316259e-05
VAPB,-8.997637116938678e-05
NUAK1,-9.001526445656736e-05
IGSF21,-9.001668610264148e-05
CCDC28B,-9.002299953683355e-05
IPPK,-9.005022785512039e-05
KIZ-AS1,-9.005263103849366e-05
PRMT3,-9.024032013829012e-05
UPF3B,-9.026801852198898e-05
B4GALNT2,-9.026915079159029e-05
GTF2F2,-9.032284508594348e-05
CCDC82,-9.033616434774548e-05
PRPSAP1,-9.03401670605558e-05
STARD9,-9.040319627770438e-05
FBH1,-9.043445533390904e-05
CCNJL,-9.045490860576894e-05
ZNF454,-9.047351141484824e-05
EVI2B,-9.048423467088302e-05
HSPA12A,-9.057130177978352e-05
CFAP221,-9.057981514312202e-05
TMEM232,-9.058032860770652e-05
PLEKHH1,-9.059320874353428e-05
ZNF84,-9.060102638024462e-05
CCM2,-9.060931521305044e-05
CLYBL,-9.06135926592722e-05
PEX26,-9.061506496354264e-05
AP000779.1,-9.066873949962226e-05
SRR,-9.067584755444432e-05
ZNF717,-9.068118794423873e-05
TMEM209,-9.068382516138108e-05
SENP2,-9.069100893413924e-05
SBNO1,-9.075528190619666e-05
CMC2,-9.080504920698318e-05
PPP5D1,-9.080758176087522e-05
TMPRSS5,-9.081658316374277e-05
ZNF699,-9.082041184108028e-05
TRIM11,-9.083828717126802e-05
DLGAP1-AS2,-9.08629109658044e-05
PLEKHG4B,-9.097978806242056e-05
TAC4,-9.099352894654828e-05
MCUB,-9.105942163628755e-05
TNC,-9.107467227039044e-05
NCKAP5L,-9.108824258981376e-05
ZNF3,-9.110871868813436e-05
PBLD,-9.111999789390255e-05
LOXL2,-9.112193514696824e-05
TDRD7,-9.112889014835102e-05
FBXW2,-9.116743619068648e-05
EHD4,-9.118352454883148e-05
ZNF445,-9.122670169987674e-05
P4HA3,-9.124478894518156e-05
NEK3,-9.127918846496085e-05
MARK2,-9.132421286592856e-05
ZFP3,-9.133105094222275e-05
PRKAR1B,-9.134466959498826e-05
AGO2,-9.13521063205144e-05
ELOVL7,-9.135937885037732e-05
C9orf152,-9.136368474750348e-05
SAP30BP,-9.139680904255711e-05
DCP2,-9.139993307997426e-05
ERRFI1,-9.143578988847933e-05
ZNF398,-9.14479496705147e-05
PYGB,-9.15474401603274e-05
HPS5,-9.158682358687977e-05
ANKRD13D,-9.160130204702668e-05
TTC27,-9.161120932918487e-05
TRMT13,-9.162400634680108e-05
SULT1B1,-9.165596411265302e-05
TSSK3,-9.166136914308176e-05
SMIM4,-9.166598819046802e-05
GCN1,-9.167276996948742e-05
TBX1,-9.169091864327652e-05
NEK4,-9.169733353145644e-05
NUP58,-9.177791455751792e-05
AP001267.3,-9.178457456378364e-05
CENPA,-9.179659607189104e-05
EXO5,-9.180767698273426e-05
MFN1,-9.183898191972212e-05
COL8A1,-9.184415093629897e-05
MIR548XHG,-9.184876793770082e-05
SLC9A6,-9.185533691749612e-05
MYBL1,-9.186052118316204e-05
CARD14,-9.191278758440067e-05
UFL1-AS1,-9.191961951968928e-05
KCNJ13,-9.19233442177261e-05
MFF,-9.196678283079076e-05
HOXC8,-9.200787279670104e-05
RNF2,-9.209353575820377e-05
SORL1,-9.209652255414832e-05
PRPF38B,-9.2110065353854e-05
PLB1,-9.211094527218808e-05
GTF3C2,-9.212614516368898e-05
HCFC2,-9.212853541179308e-05
SHFL,-9.214510983164872e-05
MPP6,-9.215258460458595e-05
WWC3-AS1,-9.215703769236868e-05
ZKSCAN7-AS1,-9.21637182682216e-05
IPMK,-9.21676149935456e-05
CAD,-9.217513598298405e-05
HMMR,-9.217756731074663e-05
STRIP1,-9.222899004952954e-05
SMARCA2,-9.224428297125104e-05
COQ5,-9.224758412949443e-05
RBM19,-9.225649415258945e-05
HERC6,-9.227335763461756e-05
LRR1,-9.227426942179988e-05
ZNF451,-9.227916933229228e-05
GOPC,-9.230914021904587e-05
EFR3A,-9.231407974047616e-05
BX640514.2,-9.235601638198138e-05
SEC22C,-9.236904650950258e-05
CDC37L1,-9.23778613856855e-05
TRMT1L,-9.23835042972143e-05
AP000487.1,-9.241371525181528e-05
AGL,-9.242295287051948e-05
TESC,-9.242390650421285e-05
TP53,-9.242594008269044e-05
SEMA6A-AS1,-9.243753027561118e-05
AP1G1,-9.245166375952668e-05
EIF3J-DT,-9.245315216538898e-05
SALL4,-9.245416041452803e-05
ACAP3,-9.2476653622796e-05
NREP,-9.24820080717149e-05
ABL2,-9.24960058792286e-05
CTPS1,-9.251917303677672e-05
EFCAB11,-9.258515371514692e-05
NEMP1,-9.259795346575216e-05
FO393401.1,-9.262461181797664e-05
CDCA2,-9.264193330918944e-05
BX890604.2,-9.265154341111474e-05
LTO1,-9.266506251916717e-05
ANXA3,-9.271373557752853e-05
ZNF266,-9.271571470708444e-05
TRAF3IP2-AS1,-9.272028075423004e-05
SNX6,-9.273622441176928e-05
NUP35,-9.274268672357938e-05
MIR2052HG,-9.276506832838986e-05
PHEX,-9.277090385451552e-05
HAUS6,-9.278128008832874e-05
PXN,-9.278415272069775e-05
SPEG,-9.280541477994092e-05
AGER,-9.284039573557734e-05
APBB3,-9.284501692670308e-05
KLHDC8A,-9.28546700827064e-05
LIX1L-AS1,-9.286310745081208e-05
SPECC1,-9.286952224470912e-05
PGAP1,-9.288506702145988e-05
TRIM73,-9.289281620789443e-05
PMS2,-9.292022814583748e-05
PLEKHG5,-9.298004036874438e-05
CARD10,-9.300795584725516e-05
FBXL12,-9.30187984717999e-05
CITED4,-9.304159125939188e-05
PUS10,-9.305384450128296e-05
TYMS,-9.30755254426584e-05
TK2,-9.307754329301484e-05
AP005131.1,-9.308741361526728e-05
MAGEF1,-9.310214918329344e-05
MYRF,-9.310572391008964e-05
BMPR1B,-9.31118293747396e-05
NAPG,-9.312982582061e-05
RBSN,-9.313001824478344e-05
VRK3,-9.324691295629876e-05
RUVBL1,-9.327821345784192e-05
GDA,-9.328470590771344e-05
ARHGEF40,-9.330252664534509e-05
ST8SIA1,-9.332274101762875e-05
NUP210,-9.333499586585014e-05
DCBLD1,-9.334520041277724e-05
MIR200CHG,-9.336097988611217e-05
AP006248.4,-9.3381888314776e-05
CCDC50,-9.339265814555709e-05
STAC,-9.340423345300186e-05
LIMA1,-9.341590753789625e-05
FOPNL,-9.343882427682865e-05
TTLL1,-9.34791641750008e-05
ATF2,-9.349115226331815e-05
SPTY2D1OS,-9.356661057885812e-05
CSNK1D,-9.359569316502785e-05
SCNN1A,-9.361161506476222e-05
LRTM1,-9.361290384529005e-05
RABGAP1L-IT1,-9.361544786545316e-05
ZNF385D,-9.362355749943496e-05
FBXO4,-9.369986164271083e-05
PIEZO2,-9.37589824486034e-05
TEX10,-9.377540599215004e-05
MAP3K20-AS1,-9.377788194201982e-05
LRRC14,-9.378344669893958e-05
TMEM67,-9.380864605089808e-05
SHARPIN,-9.38739526188324e-05
ST7-OT4,-9.39006878074484e-05
LDB2,-9.392304484367148e-05
SLAIN2,-9.39367649154011e-05
ZNF177,-9.394270296414396e-05
SLC45A4,-9.39727130948509e-05
ZNF212,-9.399542181407104e-05
FAM221A,-9.39967200642223e-05
PLA2G4A,-9.399711610781954e-05
ALOX5,-9.401113326130572e-05
BLOC1S4,-9.40121447515741e-05
ITGB1-DT,-9.401384468091604e-05
RP1,-9.402262573899064e-05
TRPV1,-9.408960423551506e-05
CDC37L1-DT,-9.410819574115324e-05
NDUFAF7,-9.41367164223762e-05
HFM1,-9.415261779313692e-05
BTBD8,-9.419966614647236e-05
USP43,-9.42017840446368e-05
SLC25A27,-9.42077089601326e-05
DDX50,-9.424290573300168e-05
MAMLD1,-9.425854786017748e-05
MYEF2,-9.429436723222918e-05
PCF11-AS1,-9.435332749196728e-05
ARSJ,-9.43598701903687e-05
ZNF839,-9.438219669592552e-05
CLSTN3,-9.440324573061508e-05
PAK6,-9.441974954259525e-05
MAPKAPK5-AS1,-9.449247534684767e-05
EDAR,-9.452140238026928e-05
NFXL1,-9.452747299928526e-05
SP4,-9.452838331325192e-05
USPL1,-9.459554283373712e-05
PRKCQ,-9.46087663839018e-05
FAN1,-9.461059468278456e-05
FAM149A,-9.461678867343568e-05
ACER2,-9.462911345622717e-05
PILRA,-9.46460551544533e-05
ITGA4,-9.466815323970272e-05
TET1,-9.46889166050421e-05
ZNF341-AS1,-9.469550156818484e-05
CALCOCO1,-9.470899945920693e-05
GUF1,-9.471253622263064e-05
CHCHD6,-9.474713689146182e-05
IP6K1,-9.476751675715831e-05
Z69720.1,-9.477187383598026e-05
INTS7,-9.482474147715082e-05
WDR63,-9.486302164546894e-05
FANCI,-9.487446383514048e-05
INTS9,-9.493363194239646e-05
ERCC8,-9.494611126547476e-05
PHF12,-9.49687418131867e-05
CDHR4,-9.499203159034675e-05
SMTN,-9.505617048643582e-05
MBIP,-9.50785960790803e-05
SLC4A4,-9.50915434528594e-05
SH3BP5,-9.510201143842016e-05
SLC7A6,-9.514265919335832e-05
RSPH14,-9.516777773655836e-05
FAM76A,-9.519568265272323e-05
GRIK1,-9.520032675990246e-05
CDAN1,-9.521636119686108e-05
KATNAL1,-9.522680422494474e-05
RRP12,-9.523722326466124e-05
RSPO3,-9.527104294692086e-05
RNF175,-9.52842224560924e-05
SERHL2,-9.528960767872482e-05
ATAD3B,-9.531906540456704e-05
C16orf74,-9.532227770719046e-05
H2AFY2,-9.532318745864314e-05
OSMR-AS1,-9.53714997249744e-05
CEP78,-9.538502050645496e-05
FIP1L1,-9.543038377736456e-05
PTP4A1,-9.54436954809622e-05
AHCTF1,-9.549802388957815e-05
ARMCX5-GPRASP2.1,-9.549985717294723e-05
GBA2,-9.550388048642308e-05
C12orf76,-9.550433188894826e-05
TH2LCRR,-9.551822323005608e-05
ENG,-9.552098831863438e-05
DNAH1,-9.5524371721616e-05
ZFPM1,-9.55687540221171e-05
ARHGEF15,-9.564124528500994e-05
NABP1,-9.564221338102084e-05
MRPS9,-9.56520107615868e-05
KCTD1,-9.565449367597476e-05
EBF1,-9.565627848862986e-05
CYP2C9,-9.566662893773882e-05
KYAT1,-9.567237922152658e-05
BTN3A1,-9.569439482397317e-05
CHST15,-9.581981581615205e-05
TAB3,-9.583735608012358e-05
WDR19,-9.584689165560458e-05
C1orf147,-9.588656416060404e-05
AKAP5,-9.59476382124428e-05
PKN2-AS1,-9.595209774495592e-05
ZNF461,-9.595982113967956e-05
ITPRID2,-9.597442653986498e-05
PLEKHH3,-9.597756552862156e-05
Z93930.2,-9.5980006637767e-05
SRCIN1,-9.598885021878622e-05
CLNK,-9.59993188812158e-05
TRAIP,-9.599977259419711e-05
DTX3,-9.602826967272778e-05
SRSF6,-9.60597106442315e-05
CCDC40,-9.607213716048516e-05
CDKL3,-9.61587750589338e-05
FBF1,-9.6160725955041e-05
WNT9B,-9.616128381757108e-05
OSBPL5,-9.620506409370736e-05
CDCA8,-9.6219831391308e-05
WWC2,-9.632622373858544e-05
GPR158,-9.634687287684807e-05
XPO5,-9.636669266862376e-05
PEX13,-9.637064936936244e-05
STAMBPL1,-9.637090565990512e-05
PIK3IP1-AS1,-9.640655512554296e-05
CPXM2,-9.642180780849326e-05
TONSL,-9.646469447706856e-05
GRPEL2-AS1,-9.649266865974476e-05
CDADC1,-9.651188299154822e-05
AMMECR1,-9.65184746885366e-05
SPEF2,-9.653852083682404e-05
UNC5C,-9.655198742139595e-05
HYMAI,-9.65583993763912e-05
TRIT1,-9.657754331659968e-05
HIVEP2,-9.66102782326269e-05
SF3B3,-9.66231329346777e-05
RAD18,-9.66526933355264e-05
KATNA1,-9.67999657611922e-05
SCML1,-9.690035160122089e-05
PRELID3A,-9.690631988443094e-05
ZNF720,-9.69085799494949e-05
FAM98C,-9.69124536514876e-05
NAA15,-9.69467145314472e-05
KIAA1549,-9.697168483991028e-05
RMDN2,-9.69737910207697e-05
MPDZ,-9.700290068816e-05
RBM4,-9.703095573337774e-05
CSE1L,-9.704069122332476e-05
OIP5,-9.704517750469543e-05
TRIM4,-9.705050938302538e-05
HAUS8,-9.70617724509751e-05
MARCH3,-9.707160080224302e-05
AVEN,-9.708699286877394e-05
AP005717.1,-9.713691090319028e-05
RAB2B,-9.71388046457656e-05
KCTD21-AS1,-9.716235729175655e-05
PTPN5,-9.719210864916104e-05
PATL2,-9.722174441657662e-05
TMLHE,-9.728880961415628e-05
RASAL1,-9.7301649946203e-05
CREB5,-9.732020043843788e-05
GALM,-9.732979975461888e-05
CENPO,-9.734416634924832e-05
SKAP1-AS1,-9.736041367411412e-05
HIPK1-AS1,-9.73619325085175e-05
TRPV4,-9.736390190526976e-05
GEMIN5,-9.73781529212722e-05
FER1L5,-9.739066902660778e-05
HERPUD2,-9.740883500460216e-05
ERC2,-9.7409729082688e-05
TAFA2,-9.742006929824336e-05
TNFRSF19,-9.746288147167852e-05
LARP4,-9.746875836321208e-05
URM1,-9.75132189736906e-05
STAG3,-9.756543837961386e-05
PRKDC,-9.757729097948476e-05
ZNF444,-9.759091547513313e-05
LIPE,-9.760601512040368e-05
SRD5A1,-9.761171516806466e-05
NCMAP-DT,-9.76546974222634e-05
RBPMS-AS1,-9.766317768952354e-05
ZFYVE26,-9.766390643386487e-05
FAM160A2,-9.767370441808103e-05
MED23,-9.771087120894316e-05
C1orf131,-9.777309941325556e-05
TUBGCP4,-9.779837179137931e-05
TIGD7,-9.786161071491916e-05
SCML2,-9.7892055981234e-05
ZNF608,-9.791435076363172e-05
MTHFD1L,-9.794501431355732e-05
CHDH,-9.795440728880642e-05
AIG1,-9.795998882076346e-05
EDNRB,-9.796173455731296e-05
ITGA2,-9.804622856777011e-05
CYP46A1,-9.805639660670952e-05
NDC1,-9.808602130286312e-05
AP001453.1,-9.80919718923393e-05
ZBTB46-AS1,-9.811907915150528e-05
KCNQ1,-9.814720779840796e-05
ZKSCAN2-DT,-9.824235443335868e-05
PIGB,-9.824809712031358e-05
ELMO2,-9.82528785919044e-05
ZBTB48,-9.829353140244974e-05
CLCN6,-9.832436500085012e-05
TRAPPC6B,-9.833391016247102e-05
SIL1,-9.838085479788126e-05
CENPJ,-9.840519310429464e-05
SLC12A6,-9.843042375077848e-05
UBAC2-AS1,-9.844332369692676e-05
MTCP1,-9.845844205673968e-05
POLH,-9.846359635365797e-05
HIF3A,-9.847830015417237e-05
ITPKA,-9.849937986901138e-05
KIF20A,-9.8506609870446e-05
CASC4,-9.860491765759642e-05
ZNF397,-9.861221670391272e-05
RNF8,-9.862407202785952e-05
C16orf95,-9.863825128363968e-05
BRSK2,-9.864536441940978e-05
THEM4,-9.8669217578833e-05
CLDN16,-9.868605811170074e-05
METTL21A,-9.87418584750773e-05
PKD2L2,-9.874785056945843e-05
TEX2,-9.87504160160816e-05
PCMTD1,-9.877217991646368e-05
CAMKK1,-9.88128407823689e-05
ITPKC,-9.8813172176895e-05
ZNF701,-9.8831900419394e-05
C10orf88,-9.883481931467304e-05
TMEM220-AS1,-9.885065072698069e-05
ERCC3,-9.885756923114912e-05
SMAD4,-9.886742544586524e-05
STX1A,-9.889562840816244e-05
DMWD,-9.89541933935257e-05
USP50,-9.902771926046964e-05
HAS2-AS1,-9.902883029501798e-05
KCNIP2-AS1,-9.90772488788947e-05
PSMD1,-9.909264644633676e-05
NEK5,-9.911716162020438e-05
KYNU,-9.918195609724278e-05
ABCB7,-9.919315765744184e-05
RELA-DT,-9.91960667495712e-05
PARPBP,-9.91994780458036e-05
TMEM9B-AS1,-9.921951227230262e-05
TTC4,-9.923627872739752e-05
ZNF674,-9.923641591746933e-05
JADE3,-9.92450869667045e-05
KIF9-AS1,-9.929852869985118e-05
POLE,-9.932736461753756e-05
C6orf141,-9.935454319111492e-05
NPRL3,-9.936116482485396e-05
KNL1,-9.941176558305949e-05
SPTBN4,-9.943317215960476e-05
BNIPL,-9.949200620834432e-05
AACS,-9.961223430014192e-05
CU638689.5,-9.96202328810932e-05
ZNF200,-9.963366990441676e-05
FBXO28,-9.96396639231692e-05
MTSS1,-9.964952522475307e-05
MDFIC2,-9.966512477932406e-05
NSL1,-9.969582102478776e-05
RGPD8,-9.969648102151503e-05
MPHOSPH8,-9.97097680962977e-05
Z97192.1,-9.972571705279068e-05
ADGRF1,-9.97298360811805e-05
MINK1,-9.974615982354436e-05
PPM1F,-9.978178087573414e-05
ZSCAN30,-9.9904067930171e-05
TSPAN18,-9.990467007892123e-05
TP53BP1,-9.992812525292536e-05
ATP2C1,-9.994630000776296e-05
PRC1,-0.0001000447200716
YES1,-0.0001000783677202
SLC36A4,-0.0001000783876556
RALGDS,-0.0001000883756235
PIK3C2G,-0.0001001053358833
AP4B1-AS1,-0.0001001060930928
PHKA1,-0.0001001239141709
ALPK3,-0.0001001490121008
CEP72,-0.0001001618092509
IGF1R,-0.0001001769183487
AP002518.2,-0.0001002123917447
RBM4B,-0.0001002443080256
BSDC1,-0.0001002655849003
CTDSPL2,-0.0001002691742722
LIN54,-0.0001003046600384
DGUOK-AS1,-0.0001003513418178
CRTC3-AS1,-0.0001003747965995
AP000331.1,-0.000100380219708
CPNE7,-0.0001003848433639
SGF29,-0.0001003865326311
ATP7B,-0.0001004332565128
POLD3,-0.0001004528155677
MMRN2,-0.0001004833907873
MANCR,-0.0001005390931651
SCAMP1-AS1,-0.0001005546004303
ABCC8,-0.0001005716997304
EFCAB6,-0.0001006020988097
NIM1K,-0.0001006062057652
C11orf58,-0.0001006315154838
MACROD1,-0.0001006360452643
HECTD2,-0.0001006611647513
AP001412.1,-0.0001006881152967
CD226,-0.0001006918580494
CRACR2A,-0.0001007003603162
ESYT2,-0.0001007010069067
FN3K,-0.0001007136263754
BAIAP2,-0.0001007328187976
ZC3H6,-0.0001007360605313
LCMT1-AS1,-0.0001007623594759
CLK2,-0.0001007718908409
ZNF483,-0.0001007806550435
HGS,-0.000100783512272
AP005329.3,-0.0001007921519547
MOV10L1,-0.0001007943913147
CIAPIN1,-0.0001008032519526
ZGRF1,-0.0001008187641955
DIPK1A,-0.0001008268713799
SLC44A3,-0.0001008732942523
WDR64,-0.0001009003415521
SLFNL1-AS1,-0.0001009026398146
DTWD2,-0.0001009351239082
SMIM2-AS1,-0.0001009613696774
NUP188,-0.0001009642192407
CAAP1,-0.0001010262939559
POFUT2,-0.0001010328662803
STK36,-0.0001010505928983
DDX42,-0.0001010608269505
CNOT6,-0.0001010783527198
BMX,-0.0001010847036237
ZNF41,-0.0001011095914929
MGLL,-0.0001011467578823
NDUFV1,-0.0001011508397482
KSR1,-0.0001011545595561
ADNP2,-0.0001011553779382
COL10A1,-0.0001011655468414
MAPK1IP1L,-0.0001011823904498
NOXRED1,-0.0001012735907276
CDCA3,-0.0001013391134491
SAMD13,-0.0001013599757539
PAXIP1-AS1,-0.0001013621578605
SIPA1L2,-0.0001013707801312
DHX36,-0.0001013903451966
MAPKBP1,-0.0001013980104324
AGK,-0.0001014181656066
NEDD9,-0.0001014358233758
INPPL1,-0.0001014409150642
LDAH,-0.0001014895920542
GORAB,-0.0001015666384261
CSGALNACT1,-0.0001015746941039
PASK,-0.0001015840718397
SLC25A24,-0.0001015971265258
PPP2R2B,-0.0001016267535224
SP2-AS1,-0.0001016960940183
SPC25,-0.0001016971743412
E2F7,-0.0001017410210388
CEP162,-0.0001017888138752
AKNA,-0.0001018308994383
MORN4,-0.0001018669935247
CSTF3,-0.0001018670564316
RSU1,-0.000101931851279
PLEKHA8,-0.0001019337473776
DENND5B-AS1,-0.0001020107223044
IQGAP2,-0.0001020162172402
SLC15A2,-0.0001020188237319
LONRF2,-0.0001020430471718
MRPS11,-0.0001020436118145
DPYD-AS1,-0.0001020817816604
TATDN3,-0.000102096263131
GLRA3,-0.0001021158058618
TSACC,-0.0001021328621752
SPON2,-0.0001021357350186
CORIN,-0.0001022264644702
SPIN3,-0.0001022963792223
NAV3,-0.0001023047130846
ODR4,-0.0001023266655153
SPTLC3,-0.000102342502445
ZNF782,-0.000102374286954
RBP2,-0.0001024258452875
DPP9,-0.0001024356464204
HHIPL1,-0.0001025556827722
C5orf63,-0.000102559493867
FAM189A1,-0.0001025646834307
SPINDOC,-0.0001025654264261
LURAP1,-0.0001025781538007
SLC25A35,-0.0001026696736835
ZNF347,-0.0001027405288088
SGSM1,-0.0001027823744427
SLC66A1L,-0.0001027845241624
PTBP3,-0.0001027955736651
SRP14-AS1,-0.0001028576135051
BCO1,-0.0001028755057417
KLRD1,-0.0001028797797647
CCDC62,-0.0001028940181919
ATAT1,-0.0001029028541355
FZD4-DT,-0.0001029148466554
DNAJC30,-0.0001029233846518
MFSD11,-0.0001029278704078
MCM9,-0.0001029640840894
PROCA1,-0.000102978139642
MINDY2,-0.0001030318349842
CLEC9A,-0.0001030771580933
CUZD1,-0.0001030986798583
MORC3,-0.0001031033828187
CSK,-0.0001031081775667
NFS1,-0.0001031295327373
ENSA,-0.0001031915466172
AP000944.7,-0.0001032020631034
ARL16,-0.0001032172102821
TEAD4,-0.0001032219359159
CDK5RAP3,-0.0001032460171279
TSPAN4,-0.0001033400106979
TTN-AS1,-0.0001033441877644
NDUFAF5,-0.0001033465564137
ZNF891,-0.0001033514888192
FER1L6-AS2,-0.000103453623756
ZC3H8,-0.0001034587188272
DAPK1-IT1,-0.0001034871412433
SEMA3E,-0.0001034903575373
RHEX,-0.0001034990164085
ZNF141,-0.0001035363539184
TBP,-0.000103556980621
RFWD3,-0.0001035582030534
GARNL3,-0.0001035918399981
ASCC1,-0.0001035965786599
TRPC6,-0.0001036462420868
P2RY14,-0.0001036757192288
NAALADL2-AS3,-0.0001037104195185
VRK1,-0.0001037329911212
SRGAP3,-0.0001037380127051
AP000446.1,-0.0001037506139227
UNC5CL,-0.0001037994224264
FRRS1,-0.0001038129856745
ANO10,-0.0001038625593497
INTS10,-0.0001038638547103
SPDYE5,-0.0001038914460854
NUDT13,-0.0001039099617589
RFX3-AS1,-0.000103910658088
PPP1R26-AS1,-0.0001039113622541
TMEM94,-0.0001039976644189
KIAA1257,-0.0001040613086704
APTX,-0.0001040675451778
MAB21L3,-0.0001040889902646
TFB1M,-0.0001041383735823
SLC30A8,-0.0001041388418025
PSORS1C1,-0.0001041585738798
CAPN10,-0.0001041756496236
STAT3,-0.0001042243236326
GUCY2C,-0.000104228977502
CLEC2D,-0.0001042622589916
ZNF213,-0.0001042848388037
KIF4A,-0.0001042874031211
BX284613.2,-0.0001042918141879
DDX11-AS1,-0.0001042918270054
MAEA,-0.0001042928119098
DACH1,-0.0001043435299728
SH3GLB2,-0.000104368416548
SCHLAP1,-0.0001043767094027
TRAFD1,-0.0001044066817048
POLM,-0.0001044121789256
FAM200B,-0.0001044337885303
FANCB,-0.000104496176547
USP31,-0.0001045115904143
NRP1,-0.0001046371769133
LMF1,-0.0001046662231697
TBC1D19,-0.0001046842056502
CDKL5,-0.0001046883184624
GTSE1,-0.0001047174104002
FBXO33,-0.0001047310412348
COPG2,-0.00010474607537
KIAA0825,-0.000104748785541
AMMECR1L,-0.0001047546274413
RSKR,-0.0001047864831115
WEE2-AS1,-0.0001048245934202
MUC12,-0.0001048273531933
MKRN2OS,-0.0001048313335609
CDK10,-0.0001048523281019
TSGA10,-0.0001048536773617
SUN1,-0.0001048631250658
KCNIP4,-0.0001048691637818
NLN,-0.0001049130219677
PRRT2,-0.0001049357419353
LRIG1,-0.0001049891112791
NOP53-AS1,-0.0001050077634955
BUB1B,-0.000105039610609
DGKZ,-0.0001050709168861
SLC12A7,-0.0001050838212543
UACA,-0.0001050991571789
CDK1,-0.0001051121600129
LLPH-DT,-0.0001051254806964
AP001107.9,-0.0001051343436171
GP6,-0.0001051882440207
NEK8,-0.0001052174389079
TRIM45,-0.0001052343044436
ARHGEF16,-0.0001052711587952
NFYA,-0.0001052888039874
SARNP,-0.0001052908233791
PLCB2,-0.0001053335203214
MIR193BHG,-0.00010545772542
TACR1,-0.0001054656789454
TUBGCP5,-0.0001055031358862
GOSR2,-0.0001055332591723
HAGHL,-0.000105580153484
ST3GAL2,-0.0001055908929871
TACC1,-0.0001056063642701
ZNF282,-0.0001056253993379
PALM2-AKAP2,-0.0001056282849878
MCF2L,-0.0001056340603393
PRICKLE1,-0.0001056429585427
PACRG,-0.0001056675781681
MPHOSPH9,-0.0001056677302024
ALDH1L1,-0.0001056783802402
HSPG2,-0.0001056846186475
MEG3,-0.0001057367178225
EHHADH,-0.0001057416169924
CKAP2,-0.0001057670215395
RNF168,-0.0001058121870097
SHQ1,-0.0001058183072083
CHAF1A,-0.0001058672920251
AP001831.1,-0.0001059026928444
SLC25A33,-0.0001059401964297
SIAH1,-0.0001059582861649
PTPN21,-0.000105967385267
PDZRN3,-0.0001059735383033
PLEKHG3,-0.0001060725210992
CNNM4,-0.000106104234457
KSR2,-0.0001061394570881
ANKMY2,-0.0001061520804561
OSBP2,-0.000106260866261
AHR,-0.0001063027033396
CCNF,-0.0001063281550988
PPP1R12C,-0.0001063549480506
INTS6-AS1,-0.0001063813761241
DPY19L3,-0.0001064232902933
LRRIQ4,-0.0001064272718734
ITGB5-AS1,-0.0001064768383453
FAM9B,-0.0001064865271907
PLAA,-0.0001064897907048
STXBP4,-0.0001064968011322
GCNT1,-0.0001065648272392
SOBP,-0.0001065653911292
PIR,-0.0001065749708272
FAM124A,-0.0001066107922994
CEP76,-0.0001066328323798
CLSTN2,-0.0001066684681505
ZNF559,-0.0001066729910798
SEPTIN4-AS1,-0.0001066952147926
ZNF790,-0.0001066992643939
ANGPTL2,-0.0001067908188083
NAPA-AS1,-0.0001067927472562
ARL13B,-0.0001068105904132
CYFIP2,-0.0001068396278716
ACOX3,-0.0001068961545828
CUL1,-0.0001069215269674
DNAJC27,-0.0001069246871747
NRL,-0.0001069267744756
CUL3,-0.0001069277099692
DCP1B,-0.0001069310629109
RASSF3,-0.0001069477605205
IFT81,-0.0001069633312052
COQ9,-0.0001070020835029
PLK4,-0.0001070097299857
HCG25,-0.0001070140461479
DTWD1,-0.0001070179554974
NUMA1,-0.0001070340374828
PDE7B,-0.0001070760735102
TMLHE-AS1,-0.0001070985848544
CCDC122,-0.0001071187497932
PUM3,-0.0001072028287036
PLA2G6,-0.0001072172654447
PDGFB,-0.0001072543464617
ST3GAL5,-0.000107258231979
ADAMTSL1,-0.0001072692631523
PIGN,-0.0001072942573966
KIF26B-AS1,-0.0001073171334197
CRISPLD1,-0.000107332047123
NFATC4,-0.0001073336212144
SACM1L,-0.000107333660871
EXD2,-0.0001073364176544
GSTA4,-0.0001073538136041
ACAD9,-0.0001073912920174
DMAC2L,-0.0001074341131066
PLCXD3,-0.0001075157528405
TTC23,-0.0001075694373915
LRRC27,-0.0001075708711585
RTKN2,-0.0001076110809686
CDC45,-0.0001076224932244
TUT4,-0.0001076379780974
PPP2CB,-0.0001076389611832
PSMF1,-0.0001076706645157
NOMO3,-0.000107683483163
RFC3,-0.0001077438837874
SELENOO,-0.000107750028169
RABL2A,-0.0001077564628121
BEND3,-0.0001077623285807
MTMR11,-0.0001077797478829
MTRF1,-0.0001078665169154
ST6GALNAC2,-0.0001078672203596
NOVA1,-0.0001078693535136
TTC3,-0.0001079651038897
RNF135,-0.0001080016702442
CAB39L,-0.0001080337437263
TTLL4,-0.0001080345324639
PIAS2,-0.0001080536296026
CFAP44-AS1,-0.0001080884499891
STARD7-AS1,-0.0001081017523352
ARRDC2,-0.0001081178110334
HORMAD2-AS1,-0.0001081360688998
ZGPAT,-0.0001081536081055
DELE1,-0.0001081743041097
DCUN1D1,-0.0001081800435272
RMND5B,-0.0001081915130821
LPAR1,-0.0001081973649416
DZIP3,-0.000108243008765
GTF2IRD2B,-0.0001082815653077
CDHR3,-0.0001083140421453
GNG12,-0.0001083147356756
CTDSPL,-0.0001083201937707
RGS6,-0.0001083249750621
ZNF714,-0.0001083346264315
RYBP,-0.0001083523221635
PHC2,-0.0001083835581272
STXBP5-AS1,-0.0001084434119733
PPME1,-0.0001084744268797
FAM227A,-0.0001085116569583
NTN4,-0.0001085255258045
TPX2,-0.0001085685121874
DENND4B,-0.0001086083674808
SKA2,-0.0001086614891466
LIN52,-0.0001086821222222
ARHGAP31,-0.0001087018589965
TBCCD1,-0.0001087080681982
SH3TC2,-0.0001087253834794
KIF15,-0.000108735954343
TMEM168,-0.0001087452330017
ELL2,-0.0001087591770458
GOLPH3,-0.0001088272676026
BBIP1,-0.0001088273010536
RCHY1,-0.0001088734800812
MISP3,-0.0001089820976898
ZFAT,-0.0001089952777155
ZNF14,-0.0001090070635876
ZBTB8OS,-0.0001090129107692
SLC25A14,-0.0001090415853925
SHPRH,-0.0001090570738696
EP400,-0.0001091249192811
BTN3A2,-0.0001091402661203
SMARCD3,-0.0001091439554175
CEP152,-0.0001091510199315
LSAMP,-0.0001091658140648
DTX2,-0.0001092430315474
AP000753.2,-0.000109254757977
FAM228B,-0.0001093965214432
POLI,-0.0001094402534249
ARID5B,-0.000109441432692
NME9,-0.0001094637381522
TMEM87A,-0.0001094995580449
OTUD6B,-0.0001095777428487
PDGFRB,-0.0001095824291043
ZFP62,-0.0001095998680351
PRR11,-0.0001096733130511
ZNF274,-0.0001097155748634
FMR1,-0.0001097204568535
USF1,-0.0001097280379297
HOXB4,-0.0001097473732222
PMM2,-0.000109750669458
MAX,-0.0001097617864353
SUPT7L,-0.0001097621260742
LOXL3,-0.0001097668414108
PCED1A,-0.0001098048127325
TMEM144,-0.0001098224186664
LPIN1,-0.0001098459505113
TICRR,-0.0001098582052438
NAA25,-0.0001098618276249
CMTR2,-0.0001098770237187
TCEA3,-0.0001099224300645
RABEP1,-0.0001099596825522
KCNMB2,-0.0001100641115791
ERBB4,-0.0001100808891199
CFAP100,-0.0001101087724418
LMBR1,-0.0001101179863391
GALNT18,-0.0001101444496632
FBXL19,-0.0001101872798037
DYNC1LI2,-0.0001102726774806
ZNF107,-0.000110277114472
FOXP1-IT1,-0.0001103397368142
MCCC2,-0.0001103657077296
IFT88,-0.000110397074947
DBF4,-0.0001104154384369
VKORC1L1,-0.0001104251253029
FLYWCH1,-0.0001104346641916
ASF1B,-0.0001104396867545
CORO2A,-0.0001104738046675
GLS,-0.0001105039921705
SF1,-0.0001105653357889
DLGAP4-AS1,-0.00011056759562
JAKMIP3,-0.0001106211193479
C7orf50,-0.0001106336101939
WDR53,-0.0001106573880713
ATXN3,-0.0001106707849739
FUT6,-0.0001106818836684
REPS2,-0.0001107620798799
FAM66B,-0.0001107786384112
MACC1,-0.0001108013544262
TMEM14B,-0.0001108527647144
MDN1,-0.0001108758734878
ZNF888,-0.0001108948494237
EDIL3,-0.0001109170211073
APOLD1,-0.0001109224667209
SPATC1,-0.0001109265928765
KLHL3,-0.0001109391610256
FMO5,-0.0001109636262746
TTC33,-0.0001109654521791
SLC23A3,-0.0001111739447947
FAM111A-DT,-0.0001111791330375
ERCC5,-0.0001112034939369
CCDC150,-0.0001112368417426
CNKSR3,-0.0001112372085638
ST3GAL6,-0.000111283590717
TUBD1,-0.0001112933625659
SIRT5,-0.0001113066073544
DENND6A-AS1,-0.0001113248591356
ANAPC1,-0.0001113293919767
ZNF528,-0.0001113358685441
MICU2,-0.0001113579969676
MED17,-0.0001113879666222
FGD2,-0.0001113935550371
IFT43,-0.0001113997588632
MYH11,-0.000111445741348
CASD1,-0.0001114614286792
MCOLN2,-0.0001114921101371
PPP1R16B,-0.0001114953341652
SIGLEC9,-0.0001115360754816
BICDL2,-0.0001115483416666
ACTR5,-0.0001115573103706
ADAM12,-0.0001115636071052
ILRUN,-0.0001115647477671
CABLES2,-0.0001115764766002
CLHC1,-0.0001115794020876
WAC,-0.0001115973837989
LUC7L,-0.000111675825951
ZNF264,-0.0001116816413025
NRP2,-0.0001116844339108
WDR86,-0.0001117052466371
SNHG22,-0.0001117233732775
PCF11,-0.0001117698630095
MINDY4,-0.0001117704957143
RHOT2,-0.0001118076040281
UBL7-AS1,-0.0001118318624802
CYP2C19,-0.0001118766155385
ZNF490,-0.0001118798149151
GPSM2,-0.0001118970313332
C21orf58,-0.0001119622141739
MIR646HG,-0.0001119726908198
SPAG17,-0.0001120290594128
TDRD5,-0.0001120973172615
PIDD1,-0.0001121202218189
GEN1,-0.0001121478899382
PARP14,-0.0001121741937076
KLRC2,-0.00011220125446395
ARL6,-0.0001122024510801
LARP1,-0.0001122051377683
PABPN1,-0.0001122840629119
RNF146,-0.0001123096223034
ITGAE,-0.0001123870229366
KCNC1,-0.0001123958958422
MFNG,-0.0001124333397041
PLA2G4B,-0.0001124357042307
PRIMPOL,-0.000112450190781
RNFT2,-0.0001124618115105
ZNF670,-0.0001124632359756
COG2,-0.0001124793752706
FAM229A,-0.000112487769909
FAM200A,-0.0001126178459447
TMEM202-AS1,-0.0001126538951794
GRAMD1C,-0.0001127212280683
ZNF785,-0.0001127524019473
ZNF676,-0.0001128265829033
NMD3,-0.0001128269911803
PUS7,-0.0001129306396434
FAM66C,-0.000112946080846
KLHDC1,-0.0001129779471568
AP005262.2,-0.0001129838895699
FMNL3,-0.0001130176040742
MAP2K6,-0.0001130939803901
TMOD3,-0.0001130940462575
PDK1,-0.000113241887094
LRRC9,-0.0001132549987197
ACVR1B,-0.0001133119877529
CARNMT1,-0.0001133324408851
LMO4,-0.0001133601009883
RIPOR3,-0.0001134240667824
EVC,-0.0001134370054671
INAVA,-0.0001134393177138
ZSCAN20,-0.0001134952635851
CCP110,-0.0001135066749603
CBR3,-0.0001135404097079
HYLS1,-0.0001135462367132
TTC31,-0.000113573824586
A1BG-AS1,-0.0001135793038515
ASB9,-0.0001136133194982
NCAPG,-0.0001136178009745
ADAL,-0.0001136218228913
NAXD,-0.0001136498777419
DEUP1,-0.0001136937179598
THBS4,-0.0001137066469351
TRIM27,-0.0001137305119743
SOX5,-0.0001137424443474
B3GLCT,-0.0001138155047742
SHCBP1,-0.0001138214366475
TERF2,-0.0001138401143972
PLIN5,-0.0001138597937425
RIOK3,-0.0001138663881274
SHANK3,-0.0001139164371196
ZBTB46,-0.0001139209649534
SLC17A9,-0.0001139809940548
SLC49A4,-0.000114000835391
DENND6A,-0.0001140266300597
CMSS1,-0.0001140475965559
USP45,-0.0001140647045504
CD58,-0.0001140699751832
ZNF236-DT,-0.0001140855367081
TROAP,-0.0001140899754018
ASAP1-IT2,-0.0001141094726331
HOXA-AS2,-0.0001141473651232
IGBP1,-0.0001141712874988
KLC4,-0.000114207502342
TTLL5,-0.0001142172879628
ZNF462,-0.0001142322049312
AJAP1,-0.0001142991152212
PLEKHS1,-0.0001143691143095
BTBD16,-0.0001143900302254
SOX2-OT,-0.000114411921552
GALNS,-0.0001144234002968
SEC23IP,-0.0001144498821274
ATG10,-0.0001145591279489
RABEP2,-0.0001145713724934
LIMD1-AS1,-0.0001145835441196
DIAPH2-AS1,-0.0001146117234593
G2E3,-0.0001146145421572
GATA4,-0.0001146165892923
FRMD6,-0.000114631910356
ELP3,-0.0001146481209369
SLC4A7,-0.0001146571038588
DUSP12,-0.0001146812083873
ZNF75A,-0.0001147271507555
EGF,-0.0001147710018854
URB1,-0.0001147793980509
LEKR1,-0.0001147891697631
AP001574.1,-0.0001148254732616
SLC35E2B,-0.0001148312900641
CHSY1,-0.000114938194909
ZDHHC20,-0.0001149736240021
PRKCZ,-0.000114977698435
CCDC186,-0.0001149849307727
ZSCAN2,-0.0001150249662705
ARFGAP1,-0.000115042621675
PGS1,-0.0001150455345059
ABCA13,-0.0001150515923156
PPP2R5B,-0.0001150825336224
SP110,-0.000115083661218
PGGHG,-0.0001151004374623
IFT74,-0.0001151581226977
RERG,-0.0001151665335435
PTGIR,-0.0001151936048666
LNX1,-0.0001152023968108
FLNB,-0.0001152114430885
NUDCD3,-0.0001152475516368
CHEK2,-0.0001152565990068
MTR,-0.0001152727622029
CD7,-0.0001152734187709
SEC24A,-0.0001152868238939
VAC14,-0.000115307337817
CFAP58,-0.0001153321293615
ZNF526,-0.0001153506840721
TTC28-AS1,-0.0001153739349166
RNF185,-0.0001153741187689
INPP5E,-0.0001153822340393
C22orf23,-0.0001154147934968
SCOC-AS1,-0.0001154582475352
ADAMTSL3,-0.0001154631749851
ZNF277,-0.0001154988358083
SLC25A17,-0.0001155202479573
EYA1,-0.0001155383881333
PURA,-0.0001155717372058
LMNB1,-0.0001155851340915
RFLNA,-0.0001156029558161
TIGD1,-0.0001157258798079
NOSTRIN,-0.0001157510244549
CEP55,-0.0001157621432759
OSGEPL1,-0.000115767369332
TNXB,-0.0001158466422476
SLC18A2,-0.00011589455463
KIF2A,-0.0001159277133696
SNRK,-0.000115997284783
SLC8B1,-0.0001160442056013
ATP11C,-0.0001160559707618
DCUN1D4,-0.0001160782857959
GTF2IRD2,-0.000116086240187
DGCR8,-0.0001160957294817
EFCAB2,-0.0001162129079216
ATXN2,-0.0001162247251927
CASC2,-0.0001162393689088
CEP85,-0.0001163726690188
CDH26,-0.0001163853628717
ZBTB26,-0.0001163935045604
DHX35,-0.0001164281344537
HS6ST2,-0.0001164634018816
ZNF410,-0.0001165662105775
EGOT,-0.0001165947086241
ITGB3BP,-0.0001165950964833
PDZD7,-0.000116609700508
SNX30,-0.0001166589184702
MTBP,-0.0001167046191472
AGBL5,-0.0001167208444666
IQCH,-0.0001167417149075
GABPA,-0.0001167680554974
DPY19L4,-0.0001167699268546
ZNF253,-0.0001168577572422
KIFAP3,-0.0001168834618651
ACP6,-0.0001168975198236
ZNF862,-0.0001169000027991
TRNP1,-0.0001169174873451
TMC8,-0.0001169200701311
AMZ1,-0.0001169273059645
PAXIP1,-0.000116969206775
FGFR1OP,-0.0001169787615493
ZNF808,-0.0001169806203213
ATRN,-0.0001170148796428
BORA,-0.0001170558416693
SMG9,-0.0001170617736792
SLC30A4,-0.0001170684494969
WDR90,-0.0001170733137241
DHRS7B,-0.0001171097257053
TRIM36,-0.0001171697745455
L3MBTL4,-0.0001172646199048
EIF1B-AS1,-0.0001172780612001
SUFU,-0.0001172809630867
MTF2,-0.0001172948339638
AATK,-0.0001173066304726
CFAP43,-0.0001173288777475
TRIP11,-0.0001173357378803
MRE11,-0.0001173720314815
SUCLG2,-0.0001173962410023
NMNAT3,-0.0001174150988973
DLGAP1-AS1,-0.0001174386791865
MSS51,-0.0001174768156561
CXCL2,-0.0001175039398341
DOCK11,-0.0001175094760628
NIPA1,-0.0001175263307154
STAG2,-0.0001175457074012
FAM111B,-0.0001175579689225
BSPRY,-0.0001175772090007
TULP3,-0.0001175858711023
KCTD3,-0.0001176275636976
RPP38,-0.0001176354261921
LRRC37A,-0.0001177219852278
C11orf65,-0.0001177488335571
PLA2R1,-0.0001177698190807
IQCN,-0.0001177743291085
EP300,-0.0001178054173493
PPP1R13L,-0.0001178120267698
MRPS30-DT,-0.0001178161020152
HUWE1,-0.0001178238896083
MIR222HG,-0.0001178744640984
DHX16,-0.0001179208358515
LRRC17,-0.0001179583654317
KCNJ15,-0.0001180639923695
PDE9A,-0.0001180789675789
CASC9,-0.0001180836942862
ZNF26,-0.0001181085277558
ST3GAL1,-0.0001181342013342
AMPD3,-0.0001181353663243
TIMELESS,-0.0001181573888315
PAXIP1-AS2,-0.0001181638182372
SLC5A10,-0.0001181759336449
PRKCG,-0.0001181793647022
ZNF695,-0.0001181850713019
FRK,-0.0001182158401238
MYRFL,-0.0001182773780072
SAMD4B,-0.00011830096537
SYNJ1,-0.0001183150636728
CCDC195,-0.0001183287278465
ZFYVE9,-0.0001183349775903
ZNF704,-0.0001183447010053
FAM126A,-0.0001183880285823
SCTR,-0.000118448183984
CT69,-0.000118463849331
DNMBP-AS1,-0.0001184775607856
SLC35D1,-0.0001184889642567
CBWD2,-0.0001185043668129
ZNF835,-0.00011850472919810777
KIFC2,-0.0001185173167547
DLGAP5,-0.0001185271104936
SPPL3,-0.0001185639073107
ARHGAP1,-0.0001186749173137
LSM14A,-0.0001187126410638
TCEANC,-0.0001187227269483
PYROXD2,-0.0001187258061339
RAPGEF4,-0.0001188951107227
KDM4A,-0.0001189103072595
SLC2A10,-0.0001189559736703
TRAF5,-0.0001190214643029
ZNF366,-0.000119087700721
INTU,-0.0001191219975991
GTF2H2,-0.0001191830525261
USP8,-0.0001192654821419
SEC62-AS1,-0.0001193177270122
TNS1,-0.0001193266342872
CEP83,-0.0001193852952124
KIF14,-0.0001193950664954
NUP50-DT,-0.000119421437268
SYNGAP1,-0.0001194253124591
ITGAM,-0.0001194296994473
PLCXD2,-0.0001195126762562
FEZ1,-0.0001195270878498
SAMD10,-0.0001195666404879
ANK2,-0.0001196578660772
GPM6B,-0.0001196603337878
TJP3,-0.0001196635736938
MED26,-0.0001197018399651
ECHDC1,-0.0001197281849697
RMDN1,-0.0001197295294272
MAK,-0.0001197621630946
INSRR,-0.0001198193429038
CELF6,-0.000119845610753
ITGA9-AS1,-0.0001198579654183
NSMCE1-DT,-0.0001198952618569
MFHAS1,-0.0001199030345263
KLHL22,-0.0001199156658848
ANKRD20A1,-0.0001199862522095
TJAP1,-0.0001199928490565
OSBPL8,-0.0001200770934549
SLFN13,-0.0001200892008957
GPR135,-0.0001201032020937
PIF1,-0.0001201168956617
TCAIM,-0.0001201306833629
POT1-AS1,-0.0001201451952691
DPP8,-0.0001201639312271
LINS1,-0.000120223217352
NBEA,-0.0001202248763187
KCP,-0.0001202544208062
COL24A1,-0.000120264284526
PFDN1,-0.0001202960238084
PCNX1,-0.0001202980220117
FZD6,-0.0001203001088395
SNX21,-0.0001203265848161
CLCF1,-0.0001203397189612
SLC4A8,-0.0001203897634207
MMP24,-0.0001204333553498
NDC80,-0.0001204721345712
SARM1,-0.0001204993146693
NADSYN1,-0.0001205144207921
DUOXA1,-0.0001205317999246
TVP23B,-0.0001205448337637
SLF1,-0.0001205616699993
ATL2,-0.0001205665030024
POC1B-AS1,-0.0001206043718613
STK4,-0.0001206493823192
KIFC1,-0.0001206502042403
KDM5A,-0.0001206630512761
PARL,-0.0001207428021151
SLFN12,-0.000120744358774
AP000829.1,-0.0001207472730823
DRICH1,-0.0001207530194527
ZNF697,-0.0001207689551194
EVI5L,-0.0001207729019326
CYP2C18,-0.0001208487112118
ICK,-0.000120878678611
AP1G2,-0.0001208901403674
FUS,-0.0001209149954684
NEU3,-0.0001209287166322
ARIH2,-0.0001209351882165
ZNF248,-0.00012096087989
NAA40,-0.0001209862509717
BCL2,-0.0001210210749799
MARCH6,-0.0001210234163961
RAPGEF3,-0.0001210518184949
IQCJ-SCHIP1,-0.0001210550135751
SPATA7,-0.0001210702890113
FANK1,-0.0001210951187725
SNX4,-0.0001210977331747
CLSPN,-0.0001211219044082
USH1C,-0.0001211655649007
NALCN,-0.0001211834884556
SH2D3A,-0.0001211973315213
EME2,-0.000121212826188
ZNF273,-0.0001212689203491
YTHDF3,-0.0001212905317724
CHTF18,-0.0001213811292225
CDC7,-0.0001214478314176
REXO5,-0.0001214532748833
CXorf38,-0.000121564668699
ZNF675,-0.000121572565296
RERE-AS1,-0.0001216186698662
MYRIP,-0.0001216424828932
RBMS2,-0.0001216616152363
ESPL1,-0.0001217016592172
GABPB1-AS1,-0.0001217104403309
CASTOR3,-0.000121714881453
DCP1A,-0.000121720665103
ATP6V1H,-0.0001217584099034
AMDHD2,-0.000121832388713
ZNF641,-0.0001218407530936
PTPN6,-0.0001218982100542
CEP89,-0.0001219091976261
LARS2,-0.0001219269386087
DDX5,-0.0001219272717101
EXO1,-0.000121954611607
SMARCAL1,-0.0001219732861658
SNED1,-0.0001220079038324
BATF3,-0.0001220153305594
CHCHD3,-0.0001220195415845
DEAF1,-0.0001220450778499
ATP8A1,-0.0001220797247381
NFATC2IP,-0.0001220979758275
GNA14-AS1,-0.0001221964069021
KDM5B,-0.0001221973009301
RCAN3,-0.0001221989160599
EHMT2-AS1,-0.0001221995943834
MTFMT,-0.0001222104749905
CR1L,-0.0001222175085659
EPS8L2,-0.0001222383684119
DSCC1,-0.0001222561023362
RGPD5,-0.0001222742306093
MFSD8,-0.0001222843050214
TRIOBP,-0.000122346610458
PARP15,-0.0001224128146532
SMPD4,-0.000122415667266
NPIPA1,-0.0001224215167273
CDCA4,-0.0001224300909621
CCDC93,-0.0001224346823316
RAD52,-0.0001224734493812
SNAPC1,-0.0001224890519532
PCMTD2,-0.0001224938267896
C2orf92,-0.0001225117193079
SLC11A2,-0.0001225443771268
DNAJC3-DT,-0.0001225608907788
SRSF2,-0.0001226110516188
TBC1D23,-0.0001226114872702
FBXO31,-0.0001226384624872
LAMA2,-0.0001226694903016
VAV1,-0.0001226730943456
TGIF2,-0.000122766967814
CEP68,-0.000122788663446
KRCC1,-0.0001228440342016
GPR89B,-0.0001228716059066
KDM1A,-0.0001229066201117
ZFP90,-0.0001229896192302
MNT,-0.0001229986615766
AP001767.3,-0.0001230053589478
ZNF367,-0.000123055476699
DHX8,-0.0001230690960315
PML,-0.000123084914426
RHD,-0.0001230881050264
CAPN13,-0.000123141366781
TSC2,-0.000123152581983
OPA3,-0.000123169842931
HECW2,-0.0001232118055184
ELL,-0.0001232346967213
CYTOR,-0.0001232394794226
TANGO2,-0.0001232490493496
PDE4C,-0.0001232525464195
CEACAM19,-0.0001232789545444
SLC16A13,-0.0001232879677416
WNK2,-0.0001232956916234
PRRG1,-0.0001233095588939
RNF43,-0.0001233958522924
FAM83D,-0.0001234411659211
ARHGAP39,-0.00012353135016
SEC24B-AS1,-0.0001235685119249
ANKRD13A,-0.0001236494803121
STEAP2-AS1,-0.0001236612840662
TTF2,-0.000123669707089
ZNF800,-0.0001236936821029
ZFP14,-0.0001237513542266
ANAPC16,-0.0001237561032447
INSR,-0.0001237861344265
FLRT1,-0.0001238133812583
VCAN-AS1,-0.0001238352652254
TRIM37,-0.0001239367770255
PTK7,-0.0001239821937564
SASH1,-0.0001239869103075
RPH3AL,-0.0001239932756381
WTIP,-0.000124020381197
DLC1,-0.0001240452516626
NDUFAF2,-0.00012407645295
CBWD6,-0.0001240767670516
KRBA2,-0.0001240928980981
CCDC9B,-0.0001240942771638
RUSC2,-0.0001241564727717
SLC26A11,-0.000124160903731
DUSP16,-0.0001241613090555
COLQ,-0.0001242270218993
THOC2,-0.0001242313518669
ADAM32,-0.0001242589851607
ATL1,-0.0001243239104335
MARCH1,-0.0001243241822474
GPR157,-0.0001243443925392
KCNH8,-0.0001243876905222
TSEN54,-0.0001244049671149
DGKI,-0.0001244646232082
SLC35E2A,-0.0001245186499267
SYMPK,-0.0001246882281242
ZNF25,-0.0001247184404446
KIF21B,-0.0001247449749355
VEGFC,-0.0001247525771829
RIF1,-0.0001247543591232
TGFBRAP1,-0.0001248043253016
PDE5A,-0.0001248163597932
FAM13A-AS1,-0.0001248233708899
IL20RB,-0.0001248307232821
HRH1,-0.0001248434203946
ZNF8,-0.0001248572289383
ZNF519,-0.0001249606877579
DCPS,-0.0001249635932809
ORC6,-0.0001249854438881
ZFP37,-0.000125001990292
CFLAR-AS1,-0.0001250340457316
MAD1L1,-0.0001250437867728
VCL,-0.0001251030534833
TUBGCP2,-0.0001251603322139
KIF13B,-0.0001251811209782
TOX,-0.000125227691295
CACNA1D,-0.0001252677308187
TOPBP1,-0.0001252952263022
ANKRD46,-0.000125334206115
UGDH-AS1,-0.0001253647949219
BRSK1,-0.0001253692151341
SHROOM2,-0.000125394486442
TRIM56,-0.0001253969792718
MCM3AP,-0.0001254057039066
TRNT1,-0.0001254110518944
CA8,-0.0001254353950511
ARMH4,-0.0001255808206315
TSC1,-0.0001255855844946
GOSR1,-0.0001256478192123
TRAPPC13,-0.0001256483656667
DARS,-0.0001256599733328
OSBPL9,-0.0001256605993321
DDX31,-0.0001256680521616
TRAPPC2,-0.0001257233223869
CD200,-0.0001257632024577
E4F1,-0.0001258073998307
PLXNB1,-0.0001258385319078
DUXAP8,-0.0001258417921248
NDUFA10,-0.0001258694983294
TENT4A,-0.000125880649902
ADAMTS17,-0.000125895345226
NCK1-DT,-0.0001259077860759
LRRC37A3,-0.0001259363610941
FAM122C,-0.0001259523570342
NTPCR,-0.0001260370915862
THRAP3,-0.0001260572662568
NARF,-0.0001261268361704
CYFIP1,-0.0001261636707678
TMEM72-AS1,-0.0001262890003937
POLG2,-0.0001263014304327
ZNF235,-0.0001263336220259
PLCG1-AS1,-0.0001263750611852
PI4KB,-0.0001264201317469
STPG1,-0.000126510645792
TTC39B,-0.0001265124192243
RFX2,-0.0001265508614366
DDX19B,-0.0001265679067822
PKP2,-0.0001265740299587
STPG2,-0.0001265902895273
ZSCAN31,-0.000126618893427
WNT5B,-0.0001266639297891
AURKB,-0.0001266758965254
COL27A1,-0.0001266824002704
MICAL3,-0.0001266984876743
SNAP23,-0.0001267415617753
IQCG,-0.0001268354812132
IPP,-0.0001268694872976
CRTC3,-0.0001268901644061
C1orf52,-0.0001269008584524
ZNF345,-0.000126943893876
MEF2B,-0.000126979064525
SYNPO2,-0.0001269972630554
LRIG2,-0.0001270124704013
USP37,-0.0001270289377288
KIAA1324L,-0.0001270504686835
LEMD3,-0.0001270699855636
KCTD13,-0.0001270781935123
SNX25,-0.000127081367873
SEL1L3,-0.0001271512173177
BRMS1L,-0.0001271531537442
KLHL6,-0.0001271606802864
RAD54L2,-0.0001271747722628
CMC1,-0.0001272926122099
SNX9,-0.0001273816206056
KIFC3,-0.0001274724003181
SEC16B,-0.0001275204854968
LIG1,-0.0001275308189838
CGGBP1,-0.0001275370163432
ABCA7,-0.0001276149960766
SNX1,-0.0001276586972073
UST,-0.0001276636825992
L3MBTL1,-0.0001276755027298
IPO11,-0.0001276885484747
NUSAP1,-0.0001277555197292
NBPF26,-0.0001277701013865
DANCR,-0.0001277712496985
PKP4-AS1,-0.0001277983096346
MOCOS,-0.0001278440735973
ARAP3,-0.0001279661131567
DNAJC11,-0.0001279879464507
BCL2L2-PABPN1,-0.0001279897604377
NPTN-IT1,-0.0001279965159879
MARCH8,-0.0001280301538902
AP003555.2,-0.000128036318391
FANCD2,-0.0001280560161845
TFE3,-0.0001280974214057
RBFOX2,-0.0001281072971769
AF107885.2,-0.0001281704123214
ATP10D,-0.0001281760938343
AURKA,-0.0001281857043489
METTL22,-0.0001282026296276
SPTBN5,-0.0001282190344598
MEMO1,-0.0001282637159411
MSRA,-0.0001283183617023
LRP2BP,-0.0001283562671161
ZNF644,-0.0001283908816619
TBILA,-0.0001284022021498
CDCA7,-0.0001284247981652
CRY2,-0.0001284468327126
CHIC1,-0.0001284637646973
ZHX3,-0.0001284705501916
PACRGL,-0.0001285199422414
TBX19,-0.0001285479249251
TRIM44,-0.0001285502808873
EIF2B1,-0.0001285749226703
SYT1,-0.0001285827728916
DDX60,-0.0001285889455629
IQGAP3,-0.0001286010386782
TRMT61B,-0.0001286160553102
CTIF,-0.0001286287832228
ATP1A1-AS1,-0.0001286789595345
GABPB1,-0.0001286806178184
PTH2R,-0.0001286856582466
TPCN1,-0.0001286984795474
HBS1L,-0.0001287005317481
LRRK2,-0.0001287115694917
ETFDH,-0.0001287290365478
BTNL9,-0.0001287667834535
GCFC2,-0.0001287894656256
KAT14,-0.0001288000004039
AOAH,-0.0001288095988117
RPGR,-0.0001288520743205
MARCH7,-0.0001288606577141
GSDMB,-0.0001288820895766
MSANTD2,-0.0001289376507532
SNHG10,-0.000128951233854
ERI3,-0.0001290258598289
PFKFB3,-0.0001290337085961
NIPSNAP2,-0.0001290342474515
PLXNA3,-0.0001290360368863
BTN2A1,-0.0001290376707966
RNF183,-0.0001290548236908
PTPRD,-0.0001290558295644
CDK17,-0.0001290961757031
SEC31B,-0.000129099086689
NPEPL1,-0.0001291092184708
VPS37A,-0.0001291470844968
RAP2C-AS1,-0.0001291852733171
DEPDC1B,-0.000129186835195
SEMA4B,-0.0001292254354966
SSUH2,-0.0001293338161041
NSMF,-0.0001293946612436
RAD51D,-0.0001294179961613
RUBCNL,-0.0001294262971597
MAP2K1,-0.0001294331846805
METTL8,-0.000129463105182
SLC25A25-AS1,-0.000129557169524
GLCE,-0.0001295634616696
DAGLB,-0.0001295765587723
ZEB1,-0.0001296253889244
SGO1-AS1,-0.0001297604274773
JAKMIP2-AS1,-0.0001297937527179
ZNF804A,-0.0001298448545667
ATG5,-0.0001298724545064
RUFY1,-0.0001298806814832
CDYL2,-0.0001298808465104
TRAF2,-0.0001298813828832
CLOCK,-0.0001299358563137
CFTR,-0.0001299376065992
IQCK,-0.000129963970773
RARS,-0.000130022154397
NAV2-AS3,-0.0001300270260845
ZCWPW2,-0.0001300274294773
SHPK,-0.0001300408821053
TYK2,-0.0001300440615639
JARID2,-0.000130085640856
BICDL1,-0.0001301426150684
MTMR1,-0.0001301505135982
KIAA1671,-0.0001302515850486
ACPP,-0.0001302761656697
KIF24,-0.0001303407797684
ST6GAL1,-0.0001303875749384
RYK,-0.0001304502602144
SLC12A2,-0.0001304760011868
KCNN2,-0.0001304777272236
IRAK1BP1,-0.0001304816463263
STXBP6,-0.0001304973691855
VPS26C,-0.0001305786305426
CATSPERE,-0.0001305963132279
SENP1,-0.0001306037665124
KANSL3,-0.0001306454043377
SCART1,-0.0001306614477165
NPHP1,-0.0001306838972707
SH2B1,-0.0001307101429096
ITPR1,-0.0001307503976508
CCDC32,-0.0001307522068897
VIPAS39,-0.0001307706054406
RMND1,-0.0001307926127739
ZC4H2,-0.0001307946045127
HOTAIRM1,-0.000130857590733
BIRC7,-0.0001309007967832
AFTPH,-0.0001309151216286
IPO8,-0.0001309614875415
KLHDC2,-0.000130969219751
ZBTB20-AS1,-0.0001309871848106
MEI4,-0.0001310485602599
ERI2,-0.0001310616699843
LCLAT1,-0.0001310637175363
VPS37B,-0.0001310860862857
SLC2A13,-0.0001311490212287
JAK1,-0.0001311493061479
PSTK,-0.0001311573133335
CPLX1,-0.000131211206094
NOD1,-0.0001312288187975
FGF1,-0.000131229854332
ASB7,-0.0001313295275582
ANKRD36,-0.0001313387086369
UBE2R2,-0.0001313558903536
NEDD4,-0.0001313917046825
FLT1,-0.00013139476359
UCK2,-0.0001314203931537
RBAK,-0.0001314566367778
RAVER2,-0.0001314656511856
MLH3,-0.0001314894963597
KIAA1522,-0.0001314912869526
SLCO2B1,-0.0001314960677958
CIP2A,-0.000131555091378
NUP85,-0.0001315998115847
GCC2-AS1,-0.0001316440881979
ARHGEF12,-0.0001317580240968
RPAP2,-0.0001318019701622
GK,-0.0001318292029886
ABCA1,-0.0001318649180342
NEO1,-0.0001318836170763
ANKRD26,-0.0001318873259361
SLC1A1,-0.0001319104750425
BDNF-AS,-0.0001319781296244
FANCC,-0.0001320878572512
PLEKHM2,-0.0001321146630848
MTERF4,-0.0001321258971133
ITGA9,-0.0001321605780742
MAGI1-AS1,-0.0001322274597431
GINS1,-0.0001322507243849
SPAG1,-0.000132292734944
ITPR3,-0.0001323141238391
RGS11,-0.0001323807414373
TBL1XR1-AS1,-0.000132453294088
PARP12,-0.0001324838544161
TAB2,-0.000132502395745
MAPK9,-0.0001325048445154
STK32C,-0.0001325264235553
DTNA,-0.0001325651977472
FBXO9,-0.0001326028496384
ABHD17B,-0.0001326573530286
KPNA4,-0.0001326577783565
ZNF627,-0.00013268779362
LRSAM1,-0.0001327116470483
DCAF17,-0.000132712166103
ZNF276,-0.0001327521716467
FAM214A,-0.0001328211427203
KCNK15-AS1,-0.0001329154484038
MBNL3,-0.00013293110755
PHF8,-0.0001329724477813
APOOL,-0.0001329941570257
COA6-AS1,-0.0001330124235927
MPP5,-0.0001330315989266
TOM1L1,-0.0001330396776234
ERCC6,-0.0001330562313574
ZSWIM8,-0.0001331026926076
BTBD3,-0.0001331379966667
GSTO2,-0.000133212449023
PSTPIP2,-0.0001332289464995
IWS1,-0.0001332379310137
DDAH1,-0.0001332464037433
TTL,-0.0001333277544329
FGGY,-0.0001333716518585
POC5,-0.0001334032658912
MAP4K2,-0.0001334629209565
UQCRC2,-0.0001335488645526
RAB11FIP3,-0.0001335558806158
PWWP3A,-0.0001335867076491
BORCS5,-0.0001336030935919
CLDN10-AS1,-0.0001336637433739
COL4A3,-0.0001336948996569
ZNF600,-0.0001337523290761
GNG12-AS1,-0.0001337840154903
SAE1,-0.0001337911767765
CCDC68,-0.0001338130904187
PHTF1,-0.0001339067609274
CKMT2-AS1,-0.0001339300853726
DDX52,-0.0001339497286011
USP3-AS1,-0.000134019299516
TNKS2,-0.0001340548167865
SAMHD1,-0.0001340668666749
SETDB2,-0.0001341053808376
ALDH3A2,-0.0001341189871748
SEMA3A,-0.0001341906900785
CEP290,-0.0001342530089381
LRIG3,-0.0001343334444355
ABCA5,-0.0001344560066565
MTMR12,-0.0001344710564559
RAB27A,-0.0001344991369161
BTBD19,-0.0001345320010682
MIR924HG,-0.0001345946676504
UNC13D,-0.0001346066906742
PPP1R35,-0.000134723618051
JAG1,-0.0001347302876002
OTULIN,-0.000134781048269
XKR9,-0.0001347823806759
C1QTNF3,-0.0001349012544713
CASP8AP2,-0.0001349161402462
PDS5B,-0.0001349306094065
ZER1,-0.00013494917687
RNF4,-0.0001349689864708
ELOA-AS1,-0.0001350054120371
HMG20A,-0.0001350819403954
UEVLD,-0.0001353058761484
AKAP7,-0.0001353602640988
MST1R,-0.0001354076128978
LRP6,-0.000135428972507
SIN3A,-0.0001355018595182
ENAH,-0.0001355174603301
CIAO3,-0.0001355742848107
TEP1,-0.0001356688479491
BBS5,-0.0001357374120183
HINFP,-0.0001357486916301
ARRDC3-AS1,-0.0001357728486098
NCAPD3,-0.0001357912450958
SSX2IP,-0.0001358011907736
PLCB1,-0.000135817079206
COL9A2,-0.0001358953978426
ZWILCH,-0.0001359506948597
RDH10-AS1,-0.0001360718754822
ARHGAP10,-0.0001360864051243
CHRM3,-0.0001361120524555
MAP3K20,-0.0001361120555234
HSD11B2,-0.0001362001937552
LUZP1,-0.0001363987012111
TAF1D,-0.0001364109501079
COG3,-0.0001364201865218
DHX34,-0.0001364466391595
NUF2,-0.0001364716086196
WDR73,-0.0001365423496715
AKAP8L,-0.0001365570240184
M1AP,-0.000136639335258
EXTL3,-0.0001366718233292
RRAGB,-0.0001367287241063
RFTN1,-0.0001367307783141
RSPH3,-0.0001367470398462
PPWD1,-0.0001367571305625
KIAA1328,-0.000136760627587
PRKAA1,-0.0001368402865392
CDC14A,-0.0001368651934851
ANKRD10-IT1,-0.0001368907895306
ANGPT2,-0.0001368915863204
AGPAT4,-0.000136943248227
CBL,-0.0001369656636132
CORO7,-0.0001369808113569
KAZN-AS1,-0.0001369918475766
PCNX4,-0.0001370060260886
INTS3,-0.0001370558919326
SECISBP2,-0.000137147934583
C15orf41,-0.0001371538266355
ODF2,-0.000137190534588
MEIS1,-0.0001371978657699
MRPS27,-0.0001372246080465
HCG18,-0.0001372719391574
PRKAG1,-0.0001373586686925
RAB26,-0.0001373848363593
TSHZ3,-0.0001373909305002
SLC37A3,-0.0001374628394678
ADTRP,-0.0001375063196472
SMAD6,-0.000137521781391
TIMM23B-AGAP6,-0.0001375240137607
UBA6,-0.0001375858524668
WDSUB1,-0.0001375942316667
ASPSCR1,-0.0001376263614022
GBE1,-0.0001376263728159
ALMS1,-0.0001376375061417
ANAPC10,-0.0001376452515306
B3GALNT2,-0.0001376510872061
USP28,-0.0001376588096983
NSUN6,-0.0001376806593085
ADAMTS6,-0.0001377469366054
CCDC144A,-0.0001378296499446
ME3,-0.0001378487547705
ADAMTS15,-0.0001378772639796
AAGAB,-0.0001378857451745
PRPF4B,-0.0001379281871299
BBS1,-0.0001379401252209
SNX13,-0.0001379966437625
CEP135,-0.0001380140539578
HELLPAR,-0.0001380259596107
GAS8,-0.0001380456868802
ZNF175,-0.0001380769931429
EMCN,-0.0001380906331104
NFATC3,-0.0001381015999046
COX10-AS1,-0.0001381166078479
NCKAP1,-0.0001381360353545
TRRAP,-0.0001381508991847
C3orf67,-0.0001381822989688
TNRC18,-0.0001381849396156
PUS7L,-0.0001381949902621
LPXN,-0.0001382124923265
XYLT1,-0.0001382733065753
TMEM63A,-0.0001382798370558
NISCH,-0.0001382890111574
SLC2A3,-0.0001383169678074
TARSL2,-0.0001383348631177
LRRC6,-0.0001383875299412
PROSER3,-0.0001384023209458
ASAP3,-0.0001384043203519
ZBED5,-0.0001384378582455
WDR48,-0.0001384509625595
DTL,-0.0001384785494168
ARL17B,-0.0001385396840681
ZNF564,-0.000138541953322
TBC1D31,-0.0001385504937402
OSBPL2,-0.0001386712720772
MARK4,-0.0001387123014007
MIATNB,-0.0001387763372104
VCPKMT,-0.0001387787418427
CCDC137,-0.0001389498666508
UBE3D,-0.0001389745119952
PTER,-0.0001390734827319
MEGF6,-0.0001390757204151
EHF,-0.0001390803144652
SETBP1,-0.0001391736677201
MAATS1,-0.0001391777613968
ZNF516,-0.0001391927501448
CDC42BPG,-0.0001392242700744
SLTM,-0.0001392304947417
UBE2G2,-0.0001392615121824
ZNF592,-0.0001393032894652
TMEM272,-0.0001393414361215
SERGEF,-0.0001393677527754
GOLGA1,-0.000139408827695
MORN1,-0.0001394334560533
SCYL2,-0.0001394706882544
MIER1,-0.0001395203998559
KDM4A-AS1,-0.0001395354317021
SDHAF1,-0.0001395367995521
RBM12B,-0.0001395577906556
METTL6,-0.0001396642716845
SCLY,-0.0001396933386522
TNK2,-0.0001397161366009
ARHGEF18,-0.0001397299521342
ZNF7,-0.0001397364152769
AZIN2,-0.000139751127895
RTTN,-0.0001397557290761
LIN9,-0.000139768513792
CUL5,-0.0001397867578662
CDC25C,-0.000139799332493
SCAMP5,-0.0001398081832194
STARD13,-0.0001398096539186
ZNF618,-0.0001398109141724
RRM2,-0.0001398623580942
C12orf74,-0.0001398689264867
STK33,-0.0001398758499577
DECR1,-0.0001399207070409
MMS19,-0.0001399296295563
NOMO2,-0.0001399375182079
RASSF7,-0.0001399445793777
EEA1,-0.0001399528057652
SLC22A3,-0.000139973926115
ADAMTSL4-AS1,-0.0001400581597809
ABCC4,-0.0001400581887909
ORC5,-0.0001400831437029
FUBP3,-0.0001400998062217
SIAH2,-0.0001401231818698
DDHD1,-0.0001401322170891
SFMBT1,-0.0001401371710968
WDHD1,-0.00014018113333
SMIM8,-0.000140191594557
TRANK1,-0.0001402098100621
MSR1,-0.0001403418667746
SH3PXD2B,-0.0001403521375784
AFAP1L2,-0.0001403548288952
EFCAB5,-0.0001403817715384
MTO1,-0.0001404062796434
MRPS31,-0.0001404160735008
GK5,-0.0001404328798852
BLM,-0.0001404404505989
WDR6,-0.000140508440395
ZFPM2-AS1,-0.000140523340297
PRKAB2,-0.0001405339223813
PLCG2,-0.0001405541495741
ABCC6,-0.0001405782167457
JAK2,-0.000140652368365
DHRS4-AS1,-0.000140678469563
FAM118A,-0.000140692026657
NOL9,-0.0001407003358282
UBE2D2,-0.0001407093880151
MYCBP2-AS1,-0.0001407357576866
INTS12,-0.0001408267731356
EXOG,-0.0001408369855995
ANKH,-0.0001408371369694
DCDC2,-0.0001408456410599
SMG5,-0.0001408496571377
ZNF337,-0.0001409424818266
RNASEH2B-AS1,-0.0001409475649638
SCIN,-0.0001409617269784
TNRC6C,-0.0001410162626419
DCUN1D2,-0.0001410169661729
THAP2,-0.0001411391026713
KLF3,-0.0001411655922894
EXOC1,-0.0001411726493168
MIGA2,-0.0001411888926358
COQ4,-0.0001411932081115
TRMT10B,-0.0001411982174157
RIN3,-0.0001412028777047
DNAH6,-0.0001412458820774
TBC1D12,-0.0001412822357728
SYTL2,-0.0001412992939336
TRAPPC8,-0.0001413396637732
PPP2R2D,-0.000141362588116
COG4,-0.0001413899170374
PHLDB2,-0.0001414453440598
MPRIP,-0.0001414852744126
PIK3C2A,-0.0001415402504458
TACC3,-0.0001415491576063
AGAP9,-0.0001416791971051
PITPNC1,-0.0001416989661735
SLC35G1,-0.0001417113316617
SRSF5,-0.0001417267273175
TBC1D22B,-0.0001417276410968
EYA3,-0.0001418434370721
IL4R,-0.0001418901213906
KPNA1,-0.0001419090132171
ANAPC7,-0.0001419109735868
FANCM,-0.0001419140615316
DAB2IP,-0.0001419332603097
CA13,-0.0001419427288835
ANGEL2,-0.0001419496128305
KLHL23,-0.0001420346586567
UBASH3B,-0.0001420953344891
PRTFDC1,-0.0001421651034343
AADACL2-AS1,-0.0001422032866677
TMEM120B,-0.0001422610260449
IPO9-AS1,-0.0001422615207327
STK31,-0.0001423015595045
CEP164,-0.0001423158631101
SLC9A3-AS1,-0.0001423975661093
KPNA5,-0.0001424188104582
CHKB,-0.0001424482831168
KLHDC10,-0.0001424804555127
ARHGAP11A,-0.0001424920382603
ZNF69,-0.0001424998002917
EIF2B3,-0.0001425326354263
PLSCR2,-0.0001426782060197
FBXL7,-0.0001427042202801
DDX10,-0.0001427056620577
TNPO1,-0.0001427173872704
L1TD1,-0.0001427440123793
CYP2R1,-0.0001427625891022
KIAA0753,-0.0001427733353291
HNRNPLL,-0.0001428226811997
CEP95,-0.0001428965022319
MADD,-0.0001429655253682
PRR14L,-0.0001430638399139
NDST3,-0.0001431563772831
ANAPC5,-0.0001432144778347
FANCA,-0.0001432466444446
TTC13,-0.0001433041876496
FAM155A,-0.0001433138986395
WTAP,-0.0001433374473163
TAF1B,-0.0001433545950251
PPCDC,-0.000143364997025
USP13,-0.0001433989021917
DNAJC1,-0.0001434360087834
ANO8,-0.0001434433513729
BDP1,-0.000143489913525
GTDC1,-0.0001435003014401
IREB2,-0.0001435172882746
SAP130,-0.0001435440549851
MLLT3,-0.0001435452820376
TMPRSS4,-0.0001435474565291
TTC39A-AS1,-0.0001436093524175
INCENP,-0.0001437244113267
Z83843.1,-0.0001437937206822
ERN2,-0.0001438101506288
C22orf34,-0.0001438300383629
APLF,-0.0001438756012976
SZT2,-0.0001439016254111
GLDN,-0.0001439325248644
NAPB,-0.0001439504333541
RBBP6,-0.0001439515591887
AASDH,-0.0001440042223759
HGSNAT,-0.0001441341726728
AP001207.3,-0.000144145003681
IQCH-AS1,-0.0001441997302265
KHDC1,-0.0001442275320008
IFNAR2,-0.0001442363687445
AF165147.1,-0.0001442634837962
SRSF7,-0.0001443127949017
PWWP2A,-0.0001443227191005
RASSF6,-0.0001443336547614
ANKS6,-0.0001443829448877
ANO6,-0.0001444055139058
SFXN1,-0.0001444270900898
P2RX1,-0.0001444285406625
TAF4,-0.0001444692958542
DNAJB14,-0.0001444769222239
FAR2,-0.00014454727939
RACGAP1,-0.0001445574106748
ABI1,-0.0001445973093603
ICE2,-0.0001446658898341
SMIM5,-0.0001446814782224
PDIK1L,-0.0001446816285715
N4BP1,-0.0001446918755785
TEX9,-0.0001447231203466
CARS2,-0.0001448206724687
FYCO1,-0.0001449413014571
PRUNE2,-0.0001449479034871
PRSS51,-0.0001449535160936
CABIN1,-0.0001450288338221
NCK1,-0.0001450419533931
MTMR3,-0.0001450530384848
POLE2,-0.0001451156427076
MASTL,-0.000145140478157
RNMT,-0.0001451582765388
ZNF846,-0.0001451613549659
ABI2,-0.0001451891892612
NGEF,-0.0001452383963703
MGMT,-0.0001452524948785
INKA2,-0.0001453015686093
UBXN7,-0.0001454148111304
POLA2,-0.0001454344725587
CRTC1,-0.0001455170680324
NCAPH,-0.0001455646734338
AP5Z1,-0.0001456163250429
CEP295,-0.000145653914045
NGLY1,-0.0001456575511905
ZNF346,-0.000145694036711
RAD50,-0.0001457541453791
CA3,-0.0001458131243971
ZNF718,-0.0001458134483662
TRIM24,-0.0001458601272487
ABCG1,-0.0001459350176207
ARMH1,-0.0001459759487786
RNF19B,-0.0001460198386891
CCDC85A,-0.0001460500879466
NDUFV2-AS1,-0.0001460844291317
TXK,-0.0001461449538346
KCNMB2-AS1,-0.0001461508693755
MCM10,-0.0001461951498469
IFT52,-0.0001462651686757
ASCC3,-0.0001462984356694
PRORP,-0.0001463111794899
CEP70,-0.0001463308405052
NEIL3,-0.0001463927514796
AKAP8,-0.0001464782325569
ZNF76,-0.0001465816038571
ZC3H7A,-0.0001466303699417
ZFYVE16,-0.000146639803252
KIF23,-0.0001466533226786
GTF3C5,-0.0001466919696206
LHPP,-0.0001466930684653
CFAP46,-0.0001467617863445
PALB2,-0.0001467744926464
CYB5R4,-0.0001469047597526
MOB1B,-0.000146961415848
DPF3,-0.0001470702390092
NRBP2,-0.0001471282891921
MIPEP,-0.0001471499080762
TUBG2,-0.0001471501698599
MCPH1-AS1,-0.0001471934417486
KANSL2,-0.000147247237293
SYCP2L,-0.0001472645267323
TNNI2,-0.0001473026017783
GTPBP10,-0.0001473270100434
NIN,-0.0001473469603471
RNF217,-0.0001474032829368
MAP3K10,-0.0001474835482819
ZNF133,-0.000147487503857
TCF25,-0.0001475155505268
LYPLAL1,-0.0001475259791005
ARL6IP6,-0.0001476293667631
ARMCX4,-0.0001476814577435
IL15RA,-0.00014778173584
GALNT8,-0.0001478368357516
EIF4ENIF1,-0.0001478696682563
DLG5,-0.0001479509347743
GIPC1,-0.0001479592800802
PABPC5,-0.00014796871230583314
TAZ,-0.0001479757601352
ACAD10,-0.0001480025058524
SMC5-AS1,-0.0001480305023045
FOXM1,-0.0001480411232303
CD27-AS1,-0.0001480476705572
KLHL28,-0.0001480798296989
LTB4R,-0.0001481760347223
ANKRD55,-0.0001482522072364
SWT1,-0.0001482608187816
C7orf31,-0.0001482988340013
CARD8,-0.0001483359690292
PDPR,-0.0001483377640769
SOGA1,-0.0001484195441618
UBASH3A,-0.0001484385332119
GSN-AS1,-0.0001485014448252
WDR20,-0.0001485463964861
MTG2,-0.0001486347069527
GULP1,-0.0001486424427114
KMT2E-AS1,-0.0001486643223091
DBF4B,-0.0001486645874315
PIPOX,-0.0001486760202713
DNAJC24,-0.0001487365862963
FAM118B,-0.0001487373671914
ATXN10,-0.000148741598528
Z94721.1,-0.0001487757353328
STX6,-0.0001488400067805
PRKN,-0.0001488406062426
NRDE2,-0.0001488583963595
DET1,-0.0001488796929489
ZNRF3,-0.0001489058231018
HSPBAP1,-0.0001489292158687
C11orf71,-0.0001490236560388
TDRP,-0.0001490555378418
ANKRD23,-0.000149154479982
DUOX1,-0.0001491761850488
NBPF12,-0.0001492169953477
CDKL1,-0.0001493006579916
HCG17,-0.0001493546800239
WNT2B,-0.0001493916698171
SNTB2,-0.0001493979915157
IARS,-0.0001494416503351
SCN8A,-0.000149482280097
TMEM65,-0.0001495239171169
ZNF169,-0.0001495432556215
ZNF506,-0.0001495438142804
KCNMA1-AS1,-0.000149548178686
EXPH5,-0.0001495752752153
WASHC5,-0.0001496306167675
DPH6,-0.0001496391976381
KCNMB3,-0.0001497324013434
MRNIP,-0.0001497398781464
INPP5F,-0.0001497539254244
OSBPL11,-0.0001497593802943
LIMK2,-0.0001497700328011
EEF1AKMT1,-0.0001497866023024
WIPF3,-0.0001498004833376
MFSD4B,-0.0001498192612096
SLC30A9,-0.0001499021403627
SLC25A12,-0.0001500015121383
STAT2,-0.0001501663595341
YTHDC2,-0.0001501944975285
CEP57L1,-0.0001502127861597
MAL2-AS1,-0.0001502237344848
EZH2,-0.0001502617618258
LYPLA1,-0.000150312092751
DDX39B,-0.000150337115095
C1orf112,-0.0001503980916205
TNFRSF11B,-0.0001505647141134
RHOBTB3,-0.0001505652604349
SPICE1,-0.0001507834352094
CYTH1,-0.0001508006402703
MVB12B,-0.000150819145413
PIGL,-0.0001508651322539
SRSF11,-0.0001508667611241
ADCY9,-0.0001508919777689
ARHGAP35,-0.0001509159552809
EPHB2,-0.0001509313424085
HACE1,-0.0001509551481298
BDH1,-0.0001509797202229
SLC44A5,-0.0001510671078925
AVIL,-0.0001511783480832
ANKDD1A,-0.0001513125729132
MINDY3,-0.0001513719744894
TMC7,-0.0001513885170594
METTL25,-0.0001514152172802
BTNL8,-0.0001515533866313
UVSSA,-0.0001515543699647
KIF11,-0.0001516025646649
PLEKHH2,-0.0001516109056081
WASHC1,-0.0001516237544635
ENO4,-0.0001516322410815
HGD,-0.0001516614486127
AP2A2,-0.0001517919958447
BTRC,-0.0001518091583777
CEP44,-0.0001518569193008
ANKS3,-0.0001518742157688
EDRF1-AS1,-0.0001518815189494
AGBL4,-0.00015194357017
PSMD5,-0.0001519843114464
KIAA1841,-0.0001521526192944
COL16A1,-0.0001521526792195
RPARP-AS1,-0.0001521654606208
MYNN,-0.0001521898629449
CEP128,-0.0001522085535271
PBX4,-0.0001522380120976
APPBP2,-0.0001523165576382
PRDM10,-0.0001523182396154
MAP2K4,-0.0001523254636186
TTC19,-0.0001523292146087
RWDD3,-0.0001523407919857
ACACA,-0.0001524361871457
RPRD2,-0.0001524828390222
ZNF514,-0.0001525017236053
GRIA3,-0.0001525407790545
ALG13,-0.0001525557879054
UBP1,-0.0001525611932028
CENPE,-0.0001525626378475
CAP2,-0.0001525926118629
ANKRD27,-0.0001526474685042
ELOVL6,-0.0001526523342694
MGA,-0.0001526657903818
KMT2D,-0.0001527274100689
NELFA,-0.0001529649144073
PIKFYVE,-0.0001531062868148
PMS1,-0.0001531528585164
KIF7,-0.0001531543520693
NDOR1,-0.000153190747357
SHLD1,-0.0001531940566587
NHLRC3,-0.0001532001551456
FKBP5,-0.0001532113572013
TCP11L2,-0.0001532429340414
GGA3,-0.0001532868973201
CCDC192,-0.0001533383214566
ROR1,-0.0001533699875036
UBXN2A,-0.0001534099866538
SGSM2,-0.0001534312985155
TSC22D2,-0.0001534502816384
PRDM15,-0.000153457922566
PTPRN2,-0.0001535485259803
SEPTIN8,-0.0001535890175848
G2E3-AS1,-0.0001536092869821
MEG8,-0.0001536648093224
KMO,-0.0001536701063251
OBSCN,-0.0001536772565211
PIK3C3,-0.0001536967179115
FAM133B,-0.0001537366734353
GRTP1,-0.0001537499207671
PKNOX1,-0.0001537985330332
ARHGAP18,-0.0001538137728734
NINJ2,-0.0001538341055317
GNA14,-0.0001538783651266
OXLD1,-0.0001539765215796
STAT4,-0.0001540389265083
GRAMD1A,-0.0001540781683209
DNAJC13,-0.0001541168191772
RAD51-AS1,-0.0001541486860467
BCL11B,-0.000154157548523
ZCCHC10,-0.0001541782706017
DMGDH,-0.0001542316643126
MYEOV,-0.000154331922002
APC,-0.0001543847787575
VPS37C,-0.0001544210036291
MRS2,-0.0001544233315862
PHLDB1,-0.0001544947910429
NARS2,-0.0001545362691858
RINT1,-0.0001545370612668
ZMYND11,-0.0001545629234606
SAPCD1-AS1,-0.00015456388258
C12orf4,-0.0001545684622035
SHB,-0.0001546148878946
NBEAL2,-0.0001546538673528
ZNF708,-0.0001546702667092
TTC37,-0.0001546722852708
UNKL,-0.0001546952268596
FYB1,-0.0001547660962196
NT5DC1,-0.0001548487735353
YPEL2,-0.000154867551017
HMGXB3,-0.0001548996913913
DNM1,-0.0001549758012612
SLC22A23,-0.0001550598532438
ANAPC4,-0.0001551383106648
FBXL5,-0.000155194348551
SMYD2,-0.0001552033593333
KDM4D,-0.0001552152979375
ZMYM5,-0.0001552797568846
ZNF117,-0.0001552944952747
XPNPEP1,-0.0001553012798951
XPR1,-0.0001554359534455
TRIM66,-0.0001554434190084
PPP1R3E,-0.000155480355141
FOXO1,-0.0001555412954351
MSH2,-0.0001555491784754
RBL1,-0.0001555961122174
DNM3,-0.0001555964971927
RB1,-0.000155605727631
TBCD,-0.0001556833880652
ZNF610,-0.0001557541254689
TTC9C,-0.0001558355980149
FLCN,-0.0001558578456272
ZRANB3,-0.0001558629311021
GSTCD,-0.0001558635781379
Z84485.1,-0.0001558792048865
ABCD3,-0.0001559067337467
CDK5RAP2,-0.0001559215826348
LAMTOR5-AS1,-0.0001559503384924
ERAP2,-0.0001560799582347
PACS2,-0.0001561340119542
RDX,-0.0001563028831236
ZNF81,-0.0001563032501065
AP000919.2,-0.0001563806310224
QRSL1,-0.0001563945215111
EPHA1-AS1,-0.0001564165034073
SRPK1,-0.0001564881627394
MTMR9,-0.0001565370159659
PELI2,-0.0001565379007595
ACOXL,-0.0001565614290793
TRIM52,-0.0001565674246532
REV3L,-0.0001566312611696
SHOC2,-0.0001566843142692
ASRGL1,-0.0001567250477542
ST7L,-0.0001567533584812
CCDC24,-0.0001569382340719
THUMPD2,-0.0001569584001061
CYP4X1,-0.0001569918824331
LONRF3,-0.0001570169448697
SERINC5,-0.0001572805021219
STX5,-0.0001573499086417
ME2,-0.0001573793915428
TGFB2,-0.0001574227126958
NUBPL,-0.0001575121700322
AGBL1,-0.000157643867566
EIF2AK3,-0.0001576642788784
FKBP15,-0.0001576734223942
POMT2,-0.0001577061239607
CNNM2,-0.0001577238926812
RNF207,-0.0001577496273367
CWC27,-0.0001578006459055
LGR5,-0.0001578349248368
ARNTL2-AS1,-0.0001578707247547
DDB2,-0.000157950956165
STK38L,-0.0001580867380123
LNCAROD,-0.0001580930950007
ATP10B,-0.0001581050808382
UBN2,-0.0001581604980698
CRAMP1,-0.0001582028994613
SHLD2,-0.0001583069137586
AP000919.3,-0.0001583605548025
DIS3L,-0.0001583608800701
TBC1D32,-0.0001583733879522
RAB10,-0.0001584251753771
EVL,-0.0001584499158607
CAV3,-0.0001585375271976
STX7,-0.0001587090500677
SNHG25,-0.0001587704465187
PKDCC,-0.0001588578941118
NHLRC2,-0.0001588695740269
ACVR1,-0.0001589724512652
IDE,-0.0001590064641375
AP003778.1,-0.0001590069665029
OTUD7B,-0.0001590285139771
ZBTB43,-0.0001590981806458
ZNF333,-0.0001591079095059
CDK6,-0.0001591675203457
CYTIP,-0.0001593368274894
EIF3C,-0.0001593369460505
LURAP1L-AS1,-0.0001594262824225
RAB6A,-0.0001594380566271
C1RL-AS1,-0.0001594498987366
AP1S3,-0.0001594820184517
URI1,-0.0001594974520513
AP005329.2,-0.0001595153594057
UHRF1BP1,-0.0001595471293769
SGK2,-0.0001595527407507
RNF216,-0.0001595690385068
SLC6A7,-0.0001595850585867
MSH5,-0.0001596693839906
PARG,-0.0001596986676675
ZNF512,-0.0001597368708139
SP140,-0.0001597648528384
RLF,-0.000159785252769
AP002812.2,-0.0001598241516246
NMT2,-0.0001600076765755
BTBD1,-0.000160030059549
GEMIN7-AS1,-0.0001600624530732
RIC8B,-0.0001601388825747
AGTPBP1,-0.0001601825345054
ZNF630,-0.0001602198466154
ING4,-0.0001602338870853
PAK4,-0.0001602540521067
UPRT,-0.0001603746926603
FRMD8,-0.0001604528589221
STK10,-0.0001604952507083
PHTF2,-0.0001605042082299
WDR25,-0.0001605777251771
CRIPAK,-0.0001605892984691
ZNF213-AS1,-0.0001606271048107
ANKLE2,-0.0001606556975283
RNF149,-0.0001606726624413
ILF3-DT,-0.0001606878695107
GAS2,-0.0001607047827609
EFCAB14-AS1,-0.0001607247145134
TGIF1,-0.0001607684392032
AP000787.1,-0.0001607956445236
CRBN,-0.000160829448195
IGF2BP3,-0.0001608396938378
PRMT9,-0.0001608627163122
KNTC1,-0.0001608847772324
CHD8,-0.000160897292191
CKAP5,-0.0001609185558462
FNBP1L,-0.0001609606937519
IKBKE,-0.0001609810676926
MYCBP2,-0.0001609889998734
ZNF19,-0.0001610174598224
TMEM267,-0.0001610400370631
RGL1,-0.0001611326687797
CPSF7,-0.0001611571066574
NUP54,-0.0001612574421835
ZNF195,-0.0001612612767873
OLA1,-0.0001612845167808
DOCK6,-0.0001614170552886
IMMP1L,-0.0001614367295834
PHF3,-0.000161448395771
DOCK3,-0.0001617688160289
TANGO6,-0.0001617816936311
PPP2R5E,-0.0001617940108207
MGAM2,-0.000161813549424
ZNF680,-0.0001618884981839
NCAPG2,-0.0001619575522012
MBOAT1,-0.0001620049495682
AKT3,-0.0001620051271329
GAS6-AS1,-0.000162068211203
CENPI,-0.0001621349662245
CA5B,-0.0001622293502883
C20orf194,-0.0001622730658445
SCN3A,-0.000162339020173
ILKAP,-0.0001624150516795
ATP11A,-0.0001626556025881
CACNA2D1,-0.0001627231372852
NEK11,-0.0001627360303995
KPNA3,-0.0001627370247672
INPP1,-0.0001627402853812
ARHGAP8,-0.0001627920646746
EPG5,-0.0001627931335716
CRYBG3,-0.0001629859728687
GFPT1,-0.0001630078957582
EFNA5,-0.0001630238264905
ZNRF2,-0.0001631863882952
TMEM51-AS1,-0.0001632064941394
DCAKD,-0.0001632544763929
ARAP2,-0.0001633406727155
RUFY3,-0.0001633743315888
C8orf37-AS1,-0.0001634300529685
ZFHX2-AS1,-0.0001634528771368
TMEM92-AS1,-0.0001634854504442
KIF16B,-0.0001634897578456
TMEM131,-0.0001635023547906
EPS8,-0.0001635066758176
KIAA2026,-0.0001637199748195
POU5F1,-0.0001637333070632
ORC3,-0.0001638318860474
HIP1R,-0.000163853725062
DNAH8,-0.0001638891235321
ADGRG5,-0.0001638973033972
SLC25A53,-0.0001640035987063
ACTR3C,-0.000164035172867
NOL4L,-0.0001640921627289
STIL,-0.0001641035130183
ATG14,-0.0001641179681455
MZF1,-0.0001641643834991
HELLS,-0.0001641849739087
YAP1,-0.0001641898509576
UPP2,-0.0001642427487819
MYO6,-0.0001643156660706
HOXC6,-0.0001643404221968
TRIM14,-0.0001643605047817
PLUT,-0.0001643716442699
QRICH1,-0.0001644284714101
CCDC138,-0.0001645119199445
AP4S1,-0.0001645120742974
TNPO3,-0.0001645542387749
CEP112,-0.000164653742154
HDHD3,-0.0001647236860607
RNF44,-0.0001648006847239
WDR62,-0.0001648052812315
TRPM7,-0.0001648874832392
DENND5A,-0.0001649567273878
COL22A1,-0.0001650444638642
AQR,-0.0001650549934818
VTCN1,-0.0001650596415189
CCDC77,-0.0001651762280219
ENKUR,-0.000165202758546
MMS22L,-0.000165216063245
TYW1B,-0.0001653361400978
GRIN2D,-0.0001654289608345
FHIT,-0.0001655321094956
MANBA,-0.0001655395605038
FAM219A,-0.0001655760190944
NCAPD2,-0.0001656538863882
RALA,-0.0001656583474813
RBM41,-0.000165675987352
SEPSECS,-0.000165693606464
ACSF3,-0.0001657150650289
SPINK5,-0.0001657891877659
SCAI,-0.0001658094764182
INVS,-0.0001658168551162
GATAD2A,-0.0001658424760452
UHRF2,-0.0001659350252888
MAP3K1,-0.0001659562913629
MAPRE2,-0.0001659803047281
COG6,-0.000166059676533
IP6K2,-0.0001661169171551
UBAP1,-0.0001661287788275
PISD,-0.0001661573319126
BEND7,-0.0001661774350587
SLC20A2,-0.0001661837290634
BUB1,-0.0001661932024779
ULK1,-0.0001662420633093
ACAD11,-0.0001662470511878
ZNF503-AS1,-0.0001662750375663
RARS2,-0.000166443012138
DOCK4,-0.0001664469780357
DNAJC16,-0.0001664706963713
TRAPPC12,-0.0001665465720666
NCMAP,-0.0001665859428438
PTPN12,-0.0001666179456077
CYTH3,-0.0001666229300995
IKZF3,-0.0001666418257585
MARC2,-0.0001666887608711
ABHD15-AS1,-0.0001667325969789
CEP170,-0.0001669635330421
MYO7B,-0.0001669893008288
APPL2,-0.0001670429109244
SSH1,-0.0001670538067479
FAM160B2,-0.0001671263880264
SENP7,-0.0001671621944974
PIP5K1A,-0.0001672057508683
KIF20B,-0.0001672615319285
NCOR2,-0.0001672619854322
STRADA,-0.0001672776156827
DYNC2H1,-0.0001674314614187
LRRC1,-0.0001674666322681
FRMD4B,-0.0001675531400593
ZNF493,-0.0001675538020593
TRMT2B,-0.0001675651280418
KMT2A,-0.0001675753112771
TCF20,-0.0001675974646222
KBTBD12,-0.0001676662948332
TEPSIN,-0.0001678800880642
TATDN1,-0.0001679404818797
RSBN1L,-0.0001679442845377
ZYG11B,-0.0001679547340643
DPYSL2,-0.0001680143988752
NRF1,-0.0001680434419104
PRAG1,-0.0001681661509963
LMTK2,-0.0001681858754583
CCND3,-0.0001681922473107
SULT1A3,-0.0001683003974279
NUP214,-0.0001683055222892
RALGAPB,-0.0001684192366265
ACVR2A,-0.0001684288146706
SLC1A7,-0.0001684635085551
ZNF44,-0.0001685403552657
USP12,-0.0001687270114228
FBXO22,-0.0001688037955479
TRIP12,-0.0001688684913893
TRPS1,-0.0001689663605657
PAFAH1B1,-0.0001689741239306
CCDC148,-0.0001690302559003
DCAF5,-0.0001691358083179
PTPN22,-0.0001691386745061
C2orf27A,-0.0001691626738474
CCDC171,-0.0001691780395661
MARCH5,-0.0001691915602766
PITPNM2,-0.0001692014880715
ZC3H12A,-0.0001692537661875
HOXB5,-0.0001693158443108
ATAD2,-0.0001693708168186
ASPM,-0.0001693840387804
RPRD1A,-0.0001693951304073
THAP6,-0.0001694061326006
ATF1,-0.0001694097036124
STIM1,-0.0001694508398819
MTHFS,-0.0001695650217619
RANBP9,-0.0001695925629235
RAPH1,-0.0001698083954968
BLZF1,-0.0001698551902997
CYTH2,-0.0001699139076764
CFDP1,-0.0001699272657738
RUBCN,-0.0001700111116522
RBMS1,-0.000170016160644
KLF12,-0.0001700366961074
PI4KA,-0.0001701338761194
ZNF75D,-0.0001701936966794
UBE2O,-0.0001702075490325
APBB1IP,-0.0001703390565283
SMAD5,-0.0001703837544629
FAM215B,-0.000170407627419
DERA,-0.000170444404092
ZNF678,-0.0001704899284716
FILIP1L,-0.0001704961946439
SH3BP2,-0.0001706248141475
ZBTB11,-0.0001706580786634
SLC25A16,-0.0001707114903327
ZNF10,-0.0001707799841283
ADAM17,-0.0001709143635989
LPIN2,-0.0001709689875512
CCDC88C,-0.0001710573526775
DDX11,-0.0001710896654088
KIF18B,-0.0001711480148303
MSH4,-0.0001711535491481
CLIP1,-0.0001711592232645
ZMYM1,-0.0001712424783149
KCMF1,-0.0001713046509324
FAM168A,-0.0001713426024733
SMC5,-0.0001713581213524
AKAP11,-0.0001714681329846
LMBR1L,-0.0001714927557795
PCBD2,-0.0001715508222961
CCNYL1,-0.0001716215696179
BRWD3,-0.0001716564227749
STXBP5L,-0.0001718522764295
RC3H2,-0.0001719524092618
CC2D2B,-0.0001720223985344
VEZT,-0.0001721197063321
EXOC7,-0.0001721450023986
CBWD5,-0.0001721793811465
CNTNAP2,-0.000172316964631
CLINT1,-0.0001723560623694
HMBOX1,-0.0001723922483327
UBR4,-0.0001724403718772
SAMMSON,-0.000172481094384
TECPR2,-0.0001725136778131
METTL4,-0.0001725764467482
NR2C1,-0.0001726199452004
ARNTL2,-0.000172801549245
NPAT,-0.0001728378049389
TFCP2L1,-0.0001728392654722
ATF7,-0.0001728614949836
USP42,-0.0001728832710884
C1orf159,-0.0001728843175936
TEC,-0.0001730049650101
MND1,-0.0001731053620766
UIMC1,-0.0001731148008028
FHOD3,-0.0001731403685552
MELK,-0.0001731667858434
PAG1,-0.0001731843910349
CLK4,-0.0001732236545669
VPS9D1,-0.0001732491086451
SRGAP2C,-0.0001732846748724
PAN2,-0.0001733644734916
ZNF565,-0.0001734336998007
ZNF587B,-0.0001734506677076
TBRG1,-0.0001734592839168
ZNF721,-0.0001735148592734
PIK3R3,-0.0001735923511041
PPP1R1C,-0.0001735945166625
ADAMTS13,-0.0001735958032035
PARVA,-0.0001736082651974
ARHGAP17,-0.0001736169123407
NR4A2,-0.0001736494225078
ASXL1,-0.0001736715639757
UBR1,-0.0001737525532048
ZFX,-0.0001738027116751
ZNF652,-0.0001739521702206
REPS1,-0.0001739758597908
ERN1,-0.0001741278485016
WDR44,-0.0001741747020681
NFX1,-0.0001741839891699
ZNF438,-0.0001741960791396
CCDC18,-0.0001742637386189
CTNNA1,-0.00017427152533
SNX24,-0.0001744617448762
PPARA,-0.0001744660415768
MTOR,-0.0001745156919687
QSER1,-0.0001745183981489
KIAA0586,-0.0001745915463985
CROCC,-0.0001746391247841
ST3GAL3,-0.000174655792184
TSTD3,-0.000174660752845
WDR27,-0.0001747909920498
TMEM161B-AS1,-0.00017482310478
ATAD5,-0.0001748672499076
ZBTB1,-0.0001748742937116
PRRC2B,-0.0001749413089121
SCRN3,-0.0001749924634571
MPPED2,-0.0001749966260751
XPO6,-0.0001750098782951
MTREX,-0.0001750450063942
FBXL13,-0.0001750687428038
HNMT,-0.0001752711556971
CTTNBP2NL,-0.0001753174877493
FBXL4,-0.0001753978878316
SLC25A40,-0.0001754463035437
PLEKHM3,-0.0001755802425718
AAMDC,-0.000175778885987
AP003086.1,-0.0001759151595528
TFEB,-0.000175937384176
MSH3,-0.0001759573427216
GAN,-0.0001759701299998
RIPK1,-0.0001760763927738
AGPS,-0.0001760914505465
KLHL5,-0.0001761265151038
MACROD2,-0.0001761705784776
LPAR6,-0.0001761784665754
BMERB1,-0.00017620729389
DIXDC1,-0.0001762999649254
ODF2L,-0.0001763856334686
SAT1,-0.0001763912257291
NOXA1,-0.0001764451952936
ZFPM2,-0.0001764695713104
NT5C3A,-0.000176527511797
SPAG16,-0.0001765429941309
DNA2,-0.0001765440098979
ATP10A,-0.000176604425579
NUP42,-0.0001766215820778
CUEDC1,-0.0001766427012043
TBX2-AS1,-0.0001766500795311
STYXL1,-0.0001767355917538
FAM126B,-0.0001768755664022
WDR60,-0.000176900927188
MKNK1,-0.0001769287353964
MAP3K4,-0.0001769536135182
ARHGEF37,-0.0001769960075916
TECPR1,-0.0001770099744233
EPM2AIP1,-0.0001770202321985
SIGLEC14,-0.00017706688942495274
POLQ,-0.0001771006853309
DICER1,-0.0001771386943211
OXSR1,-0.0001771477534452
NBPF15,-0.0001771520412469
ATAD2B,-0.0001771741890322
KDM3A,-0.000177277475738
EPHA10,-0.0001773060249238
YEATS2,-0.0001774592812547
EYA4,-0.0001775861773146
UBTD2,-0.0001776085226993
MGME1,-0.0001776112479822
RAP1A,-0.0001777591189099
AFG1L,-0.0001778695725383
CCDC7,-0.0001779157723629
CRADD,-0.0001779431094152
GMEB2,-0.000177991681716
HIF1A-AS3,-0.0001781615095736
TBXAS1,-0.0001781706365806
CDK5RAP1,-0.0001782966280838
TOGARAM2,-0.0001783219995868
ACSS2,-0.0001783629134324
SLF2,-0.0001783843549072
ZDHHC17,-0.0001783888181846
HDHD2,-0.0001783934980643
CCDC84,-0.0001784401398628
FAM13B,-0.0001784882064146
STOX2,-0.0001784985642739
ULK2,-0.0001786433429392
GRK3,-0.0001786443125168
SPECC1L,-0.0001786515913424
CDK18,-0.0001787357906095
LRRC37B,-0.0001787405730101
NFIA,-0.0001787574772921
ANKFY1,-0.000178817780327
AKAP17A,-0.0001789176912184
RBBP8,-0.0001789583668402
SRGAP2B,-0.0001790020678649
SMARCC1,-0.0001790234417023
LAMB1,-0.0001790790616773
Z93403.1,-0.0001790910328326
USP32,-0.0001791285803946
PDHX,-0.0001793277566725
HULC,-0.0001793365407576
SFI1,-0.0001793645948873
IPO9,-0.0001793871097821
ZNF236,-0.0001794013308946
PDE3B,-0.0001794018525564
FAM135A,-0.0001794754190904
MIR762HG,-0.000179482522752
PRDM2,-0.0001796781969995
INPP5D,-0.0001797032164788
ZDHHC2,-0.000179755834715
KIF18A,-0.0001797615077234
RNF121,-0.0001797684656953
BRCA2,-0.0001798518930149
SH2B3,-0.0001798945246924
R3HDM1,-0.0001799163968315
WDFY2,-0.0001800048031913
PAPLN,-0.000180016891253
CDC73,-0.0001802384391565
AGAP5,-0.000180311408841
GPC5,-0.0001804355163551
ADCY4,-0.0001804378735781
HOOK2,-0.000180533672188
TAMM41,-0.0001806056473873
CDH23,-0.0001807522434115
ARHGAP12,-0.0001808381727941
KIZ,-0.000180888181955
TXNRD3,-0.0001810323789855
MED13,-0.0001810783094669
TMEM161B,-0.0001811011165526
NFATC2,-0.0001811052589656
EXOC2,-0.0001811354564358
MAST2,-0.0001811420171087
MIRLET7BHG,-0.0001812208712192
SESN1,-0.0001812709624665
AXIN1,-0.0001812895778853
WRN,-0.0001813966563802
GATAD1,-0.0001814959479821
ENTPD1,-0.0001815861968163
C5orf66,-0.0001816103428476
USP49,-0.0001817921988623
WNK1,-0.000181872364199
RAPGEFL1,-0.000181917784032
CEP85L,-0.000181938774384
USO1,-0.0001819529125968
FSIP2,-0.0001820052515569
IRAK2,-0.0001820063091266
ROCK2,-0.0001820090618548
NNT-AS1,-0.0001820820787884
SMAD2,-0.0001821344418101
FAM149B1,-0.0001821582519988
SPTSSB,-0.000182225088825
RSF1,-0.0001822405123638
PPHLN1,-0.0001822676077241
LAMA3,-0.0001823304077334
VANGL2,-0.0001823955202169
RAB20,-0.0001824500053725
SHOC1,-0.0001825496219031
NSUN3,-0.0001825678687153
BRCA1,-0.0001825973640686
EIPR1,-0.0001826603184038
NIFK-AS1,-0.0001830178590086
SEC23A,-0.0001830532090645
DDX17,-0.0001831817358719
D2HGDH,-0.0001832951874723
MAP3K7CL,-0.0001833188935164
ZNF562,-0.0001833648330597
CMTM8,-0.000183598122908
CIRBP,-0.0001836348096622
PDZRN4,-0.0001836716658744
STPG4,-0.0001836728834662
RBM45,-0.0001837429285286
RAD54L,-0.0001837484638385
L2HGDH,-0.0001837489050935
INSYN2B,-0.0001837615138381
MEG9,-0.0001838205296661
CBLC,-0.0001838978135359
LARP1B,-0.000183942795714
ARID1A,-0.0001839740719173
CSNK2A1,-0.0001840354882216
TCP11L1,-0.0001841090372489
PDZD2,-0.0001841634622899
PREP,-0.0001842280052234
ATP9A,-0.0001842845104269
IL15,-0.0001843474312142
TAF3,-0.0001844097818554
XYLB,-0.0001844204284989
SFXN5,-0.0001844818466938
TBK1,-0.0001846069072186
ROCK1,-0.000184610333524
ZNF224,-0.0001846621211334
RFX7,-0.0001847105494911
GATA6-AS1,-0.0001850536004154
SLX4IP,-0.0001850706159366
RELCH,-0.0001851014680192
UBE3C,-0.0001851362151892
TNFRSF10B,-0.0001852408537155
GPATCH2,-0.0001852581866396
SMC4,-0.0001852814418858
CHM,-0.0001852901468694
DNAJA3,-0.000185332115761
DOCK7,-0.0001853673268259
TMEM44,-0.0001854859872485
FRMPD3,-0.0001855427716351
GDAP2,-0.0001855691840157
UBA6-AS1,-0.0001856465469219
KYAT3,-0.000185785604037
UBXN2B,-0.0001858813291784
AP000873.2,-0.0001859260663869
GGA1,-0.0001859578434907
PTPN18,-0.0001861068836692
DLGAP4,-0.0001861458946241
XPO4,-0.0001861787756236
JAKMIP2,-0.0001862100628227
RORA,-0.0001862546178699
DNMT3A,-0.0001862624882496
GNPAT,-0.0001863451099264
PRKD2,-0.000186371011284
NOCT,-0.0001864262563425
TASP1,-0.0001864377314261
ANKMY1,-0.0001864837303169
UNK,-0.0001865092630639
XPO1,-0.0001865966136866
CDKN2B-AS1,-0.0001866017502701
NSRP1,-0.0001867733775999
MED14,-0.0001869138185268
COL28A1,-0.0001869797931115
ZNF440,-0.000187021521187
RNASEH2B,-0.0001870822027567
GOLGA6L9,-0.0001870868533796
HMGA2,-0.0001871636142022
CCNH,-0.0001871769718487
FAM171A1,-0.0001872200776725
SCYL3,-0.0001874555056262
PTPRG,-0.0001874588599104
ZNF33A,-0.0001874754544664
ELP4,-0.000187505888092
NAA16,-0.0001875597569544
BIN3,-0.0001875637370329
PNISR,-0.000187608740415
BCL2L14,-0.0001876650575756
RNF213,-0.0001877387564461
PPL,-0.0001877736987404
ENTPD1-AS1,-0.0001878043844257
TRAPPC10,-0.0001879916665866
CCAR1,-0.0001880225541479
MMP25-AS1,-0.0001880342329119
WDFY1,-0.0001881435204064
PLPP1,-0.0001881533742091
CIT,-0.0001881754721676
SUSD1,-0.0001881947630528
S100PBP,-0.000188264065948
KAT6A,-0.0001883696063343
RAI14,-0.0001884208434168
ZSCAN5A,-0.0001885053143602
EPS15L1,-0.0001887062142497
STK17A,-0.0001887073359499
RARG,-0.0001887777654296
PKHD1,-0.0001888249957149
ZNF821,-0.0001888463662457
SMAD1,-0.0001888468685876
SNX7,-0.0001888607670918
VEPH1,-0.0001888997116229
KMT5C,-0.0001890470087326
ANKRD36B,-0.0001891153929973
GALNT10,-0.0001893524407519
AZIN1-AS1,-0.0001894592272434
CDK3,-0.0001894716884398
CACNA2D3,-0.0001895276295127
INTS6,-0.0001897190423325
AGMO,-0.0001897345055532
GLYR1,-0.0001897595502601
SPRED2,-0.0001898130203756
ZNF814,-0.0001898148342844
VGLL4,-0.0001899330110579
KDM2B,-0.0001900887180203
RCOR1,-0.0001902722954673
USP4,-0.0001903337637993
C3orf52,-0.0001903423342562
SYNJ2,-0.00019055694329
METTL16,-0.0001905665359005
ENPEP,-0.0001907118379742
SMARCAD1,-0.0001907523860789
CERS5,-0.0001909578444059
MIS18BP1,-0.0001909728046862
ACSF2,-0.0001910176011872
DENND4A,-0.0001910625430762
TAF1C,-0.0001911291903225
TLN2,-0.0001911967120447
SYNRG,-0.0001912797353153
PTPRA,-0.0001914114666743
ASAP1,-0.0001915645510092
CLK1,-0.0001916723752175
LIPH,-0.0001916810222773
ZNF251,-0.0001917697112235
DNMBP,-0.0001918307708826
MYLK-AS1,-0.0001918741728855
PRKCH,-0.0001919328553669
NRIP1,-0.000192049410444
MYO5B,-0.0001921595880255
ARMC9,-0.0001922093978043
CLIC6,-0.0001923417722905
MYO19,-0.0001924332203484
KDM4B,-0.0001924364061009
SH3TC1,-0.0001926697065712
EPC2,-0.0001927710505904
ZMIZ2,-0.0001929904143728
HIPK2,-0.0001930362176717
UBAC2,-0.0001930461573129
CDK12,-0.0001930946731425
CABLES1,-0.0001931113870196
RHBDD1,-0.0001931666595111
COX10,-0.00019321276643
ARHGAP24,-0.0001933526240656
MYOM1,-0.0001933780279281
PER2,-0.0001933873915777
GPR173,-0.0001934834658288
ZDHHC21,-0.0001935156409608
GGA2,-0.0001935357929144
FBXL2,-0.000193547217082
ARHGAP22,-0.0001936004810217
PRDM16,-0.0001937772669977
REV1,-0.000193791696054
ZCCHC2,-0.0001939000242813
AUTS2,-0.0001941476748085
SS18L1,-0.0001942397636666
BCLAF3,-0.0001942428618313
NCOR1,-0.0001943408690449
KLHL24,-0.0001943781888014
ZFYVE27,-0.000194411128903
UQCC1,-0.0001944697296876
CHFR,-0.0001944988443102
SEPTIN10,-0.0001945729260567
SUGP2,-0.0001946095131598
SLC25A43,-0.0001946137410485
IFT140,-0.0001946285962424
TPST1,-0.0001946621469156
PLEKHA1,-0.0001946782383117
CSPP1,-0.0001947672993819
INTS4,-0.000194845360857
CYP4F12,-0.0001948967765519
CDK14,-0.0001949476049959
BCKDHB,-0.0001949620571913
FAM117B,-0.0001950776153095
TSNARE1,-0.0001950854022867
ZFP30,-0.000195132099346
SSPO,-0.0001951591402931
GMDS,-0.0001954010171989
HEATR5A,-0.0001954205353642
VEGFA,-0.0001954493146525
ADNP,-0.000195614073982
SPARCL1,-0.0001956508446644
SP3,-0.0001959901195118
AP3B1,-0.0001960199300872
GTF2I,-0.0001960672867138
ECT2,-0.0001960824059934
HCP5,-0.0001961151099984
POLA1,-0.0001961632739784
SEC24B,-0.0001962166954589
MECP2,-0.0001962406429245
SPATS2,-0.0001962535491954
TMEM260,-0.0001962595929993
OFD1,-0.0001962988556253
TBL1X,-0.0001963159028092
KANK1,-0.0001963454905688
ANO9,-0.0001963461535795
NUP88,-0.0001966756749584
TCF12,-0.0001967160775995
PHF11,-0.0001967195272109
TSPAN5,-0.0001967351477003
ACBD6,-0.000196865418889
TMEM44-AS1,-0.0001969582815467
BTAF1,-0.0001969784209006
PSPC1,-0.0001970245601348
SPATA1,-0.0001970265332886
PDCD6IP,-0.0001970575576181
TOGARAM1,-0.0001971407381512
CENPK,-0.0001971731780512
PTPDC1,-0.0001972510343911
ZNF43,-0.0001973324952545
SLC9A8,-0.0001973954345939
ANKRD49,-0.000197410828025
NSD2,-0.0001975234868184
TBC1D14,-0.0001975961267246
BMT2,-0.0001977616661555
THOC1,-0.0001978300166239
AHCYL2,-0.0001978404638056
NPHP3,-0.0001978896823691
PTCD3,-0.0001979512585852
VAV2,-0.0001979535569516
FAM160B1,-0.0001980150953383
PER3,-0.0001981291100036
ZMYM6,-0.0001981768587352
ZSWIM3,-0.0001982940052951
XRCC4,-0.0001983075889717
MDM4,-0.0001984208224654
DOP1B,-0.0001984454990334
WWTR1,-0.0001984682707932
STX18-AS1,-0.0001984777230119
NRG4,-0.0001985035924009
SFSWAP,-0.000198610528336
CHD1,-0.0001986720604988
RBL2,-0.0001986767803163
POLK,-0.0001986921404377
USP33,-0.0001987873301004
PDE4B,-0.0001989610659361
CSGALNACT2,-0.0001989643398823
GIPR,-0.0001989947952767
ITGB8,-0.0001990155199172
PPA2,-0.0001991563880314
ERV3-1,-0.0001993121062863
ITSN1,-0.0001994986951281
SRRM2,-0.0001995129912367
TTBK2,-0.0001996518645539
FRMD3,-0.0001996743424085
DIP2A,-0.0001998173536532
TANK,-0.0001998749362
IRF2,-0.0001999617866049
MTCL1,-0.0001999833679758
NIPAL2,-0.0002000172655337
RAP1B,-0.0002000678448073
C2orf42,-0.0002001031061045
ZBTB40,-0.0002002153138186
ATM,-0.0002002497600855
MYO9A,-0.000200291501912
TBC1D1,-0.0002005151195199
PLCL1,-0.0002005779023035
RORA-AS1,-0.0002006376513797
EVA1C,-0.0002007115497692
ZNF138,-0.0002007321662828
TRIP4,-0.0002007416437739
POF1B,-0.0002007637991734
AK3,-0.0002008484691919
VPS13B-DT,-0.0002009653083252
PDE11A,-0.0002010037339682
TRIM26,-0.0002010701578592
SULT1C2,-0.0002011475713958
SLC35E3,-0.000201172827486
NFKBID,-0.0002012334555423
TRNAU1AP,-0.0002014006855163
CDC14B,-0.0002016350522505
RNGTT,-0.0002017836321949
SYCP2,-0.0002018691715168
CCDC191,-0.0002020894864761
B4GALT5,-0.0002021229849159
SIRT7,-0.0002022482550818
UNC13B,-0.000202289540872
ABHD18,-0.0002023212965455
YLPM1,-0.0002023216915421
C9orf85,-0.000202328006672
ITFG2,-0.0002023885810158
CRPPA,-0.0002023965894407
TNFAIP8,-0.0002024022807953
STRBP,-0.0002024029245521
SEC22A,-0.0002024113027383
GCC2,-0.0002025359580115
CRCP,-0.0002027115441748
DAP3,-0.0002028137648133
TRPA1,-0.0002028386003666
PABPC1L,-0.0002031050177275
GSE1,-0.0002031341887712
LRP1B,-0.0002031349847551
RBM5,-0.0002031838250642
AP002336.2,-0.0002033206779746
COX6B2,-0.0002034229648107
YARS,-0.0002034329717787
KHDC4,-0.0002035107762617
EPCAM-DT,-0.0002036494717539
FOCAD,-0.0002036532959958
SCAF11,-0.0002036591169273
JPX,-0.0002036817332978
ZNF430,-0.0002037175983006
PTAR1,-0.0002037697281106
PRSS3,-0.0002038962309724
DIP2C,-0.0002039907842865
TTC28,-0.0002041953917931
PLAC8,-0.000204221452267
PPP6R2,-0.0002043327071876
VSTM5,-0.0002043347037612
SH3YL1,-0.000204536656194
PDE6D,-0.0002046926483884
RELB,-0.000204790150236
MRRF,-0.0002048071026372
KIF1B,-0.0002048366012488
MYSM1,-0.0002048837939058
PACSIN2,-0.000204993628462
ZNF160,-0.00020500406242
PPP2R3C,-0.0002050926286815
SBF2,-0.0002051316256645
CNOT10,-0.0002051826441916
ZNF551,-0.0002052564850412
MUS81,-0.0002053930649755
USP6NL,-0.0002054798492365
SPATA6L,-0.0002054999337384
ARHGAP11B,-0.0002055028934028
ANKRD13C,-0.0002055450529076
TMEM241,-0.0002058521202931
RHOBTB1,-0.0002059176605145
ZNF532,-0.0002062012480594
ARIH1,-0.0002062234193247
CSF2RA,-0.0002062474518299
GTPBP2,-0.0002064804680199
DMTF1,-0.0002064861202651
TMEM150B,-0.0002065057354895
C19orf25,-0.0002066049432258
WAPL,-0.000206625620529
SCFD2,-0.0002067303981151
FUT8,-0.0002069120616465
GTF2H1,-0.0002069403176376
PPM1L,-0.0002070000087411
XKR6,-0.0002071805569218
ALG13-AS1,-0.0002073081620859
PPFIA1,-0.000207332125176
C3orf35,-0.0002073736400497
MED27,-0.0002073836224692
HK1,-0.0002075651322873
TADA2A,-0.0002076609027899
NLK,-0.0002076781692678
KLHL29,-0.0002077525976174
ZNF544,-0.0002078091051669
RBPJ,-0.0002078746213252
PTPRB,-0.0002080025696817
DISC1,-0.0002080578506077
CHD6,-0.000208086220326
CLIP2,-0.0002081198072271
STX8,-0.0002081911433941
USP48,-0.0002082089732833
HEATR5B,-0.0002082831827448
MAP7,-0.0002082964014966
PLA2G4C,-0.0002084389282631
DIDO1,-0.0002084482755697
TENT2,-0.000208506739262
ZFP64,-0.0002085659129579
NCOA6,-0.0002086742067095
ECPAS,-0.0002086807542532
SHROOM1,-0.0002087104015148
TUBGCP3,-0.0002087462449945
EXD3,-0.0002089158050237
NCK2,-0.0002089752091676
IRAK4,-0.0002090899621223
WDR37,-0.0002092149432617
BRD9,-0.0002092240280862
BCAR3,-0.0002092593466219
VPS54,-0.0002093280267486
ALOX12-AS1,-0.0002095364058803
NPIPB5,-0.000209565255446
CARD18,-0.0002095954805884
EML2,-0.0002095984750693
GNB1,-0.0002096043835163
MAP3K7,-0.0002096438354241
NIPAL3,-0.0002096543663016
IL17RE,-0.0002096853671867
XDH,-0.000209790870292
BMPR1A,-0.0002098468763763
CDYL,-0.0002099263728276
INSYN2A,-0.0002100184175308
FAM241A,-0.0002100223529185
CASC19,-0.0002100734625098
KLHL20,-0.0002100828805147
MED15,-0.0002100984256271
GAREM1,-0.0002101044958557
WDR33,-0.0002101290048768
BPTF,-0.0002101384408134
STAM2,-0.0002102096501825
MAN1A2,-0.0002102762960838
AK9,-0.0002102887742101
DENND1A,-0.0002103015170536
MARK1,-0.0002104258991541
DIAPH3,-0.0002106087810106
BCL2L1,-0.0002106136734496
LRRC28,-0.0002106835168985
C11orf80,-0.0002108317213525
RIN2,-0.0002108458994961
DCTN4,-0.0002109013164589
DEPDC5,-0.0002109186016249
FOXN2,-0.0002110600172161
ERVK13-1,-0.000211149339401
SRSF10,-0.0002113219007946
NEB,-0.000211375392957
MCF2L2,-0.0002113903243615
SAMD12-AS1,-0.0002115047179151
PPFIBP1,-0.0002116130757973
DENND3,-0.0002117260648098
ZNF280D,-0.0002117291071695
MBD6,-0.0002118121567248
INO80,-0.0002118421107224
ATXN7,-0.0002120773242306
GREB1L,-0.0002121173357735
HEXD,-0.0002121799624664
NYAP2,-0.0002121842790351
PRKAG2,-0.0002122910698901
MMP2-AS1,-0.0002123693291927
ZNF552,-0.0002125477345672
COMMD10,-0.0002125484300395
BMP2K,-0.0002126976056585
NEK1,-0.0002126976677995
ARNT2,-0.0002128730418207
PLEKHA2,-0.0002129451448218
RFFL,-0.0002129787028004
STAT5B,-0.0002132700920556
WDR11,-0.0002132766309178
FUT10,-0.0002133320597278
BRIP1,-0.0002133972785852
NLRP1,-0.0002136453907556
RANBP10,-0.0002136922890089
HHAT,-0.000213903894655
ALG1L9P,-0.0002143142374963
FEZ2,-0.0002143830935654
RARB,-0.0002143942525845
RNF169,-0.0002144354369227
DDX60L,-0.0002145658932207
TCERG1,-0.0002145705095539
GRB10,-0.0002146472537343
GABPB2,-0.0002148635824012
CCDC57,-0.0002148822629496
PRKD3,-0.000214887503187
RASGEF1B,-0.0002149054297059
ZNF875,-0.0002151326346655
RIC1,-0.0002153443096683
SYT17,-0.0002154287310357
KCNQ1OT1,-0.000215550666931
KIAA1958,-0.0002157042059795
NDUFAF6,-0.0002157153856389
ZNF91,-0.0002158067453754
ZNF131,-0.0002158464868312
SINHCAF,-0.0002158809121058
ZC2HC1A,-0.000215927209107
LENG8-AS1,-0.0002159862418367
SLC25A21,-0.0002160817078318
FAM111A,-0.0002161733859372
B4GALNT3,-0.0002163361023398
MAP2,-0.0002163405617015
KIAA0319L,-0.0002164022525567
ARHGEF10L,-0.0002165363624075
LURAP1L,-0.0002165812202416
CNOT4,-0.0002166866376612
CENPP,-0.0002169925794326
PDE7A,-0.0002170762610604
ZZEF1,-0.0002170901513182
EFL1,-0.0002171374576986
MITD1,-0.0002171377808406
MROH7,-0.0002171752716391
LNX2,-0.0002172958888364
CATSPER2,-0.0002173857176167
SEC24D,-0.0002173983684693
FANCL,-0.0002174265408727
OXNAD1,-0.0002175352082947
PCM1,-0.0002175513797153
TEFM,-0.0002177259961607
DROSHA,-0.0002178509814272
ACIN1,-0.0002178644942588
ARHGAP21,-0.0002179749476482
SLC38A9,-0.0002180469556044
VPS50,-0.0002183463407602
XRRA1,-0.0002183740638367
FAM227B,-0.0002184375850464
GPATCH2L,-0.0002185253453431
GRIP1,-0.0002186644028325
TNFRSF25,-0.0002186896227587
CRYBG1,-0.0002187316919093
ACER3,-0.0002188098268172
PLCB4,-0.0002190426171391
KRIT1,-0.0002190729011136
GAPVD1,-0.0002193828243242
NUP160,-0.0002194034913893
LIMS1,-0.0002194071063121
POLR3E,-0.0002194746588002
XAF1,-0.0002196015867781
ELMO1,-0.0002196373651815
RBM33,-0.0002196412552062
FAM120B,-0.0002196500758782
GOLPH3L,-0.0002197295681287
MFSD14C,-0.000219735799593
MYO15B,-0.0002198947228608
GPR155,-0.0002199148446442
STK32A,-0.0002199528286427
SPRED1,-0.0002199771298913
ABLIM2,-0.0002199963533372
LARP4B,-0.0002202708753211
ACOT11,-0.0002203180419307
USP3,-0.0002203419969945
BLNK,-0.0002203986335369
GLIS3,-0.0002204400310888
TMEM135,-0.0002205116673161
HELZ,-0.0002205466355261
MAPK6,-0.0002206301333626
ZNF432,-0.0002206340849338
IKZF2,-0.0002209675533352
POC1B,-0.0002211666213318
KMT5B,-0.000221367200879
ANKRD44,-0.0002214037264414
MNAT1,-0.000221476727916
HDAC7,-0.0002216072839375
CDRT4,-0.0002217991771899
LIMD1,-0.0002219955196404
HLCS,-0.0002220357262942
NOL3,-0.0002220439573355
SUPT3H,-0.000222227154847
RAB40C,-0.0002222989440781
ARHGAP44,-0.0002223057608695
FERMT1,-0.0002224615337557
USP20,-0.0002225324143066
CSNK1G1,-0.0002226416090801
IBTK,-0.0002227066127361
ADAM28,-0.0002227477389918
GPR39,-0.0002231428018928
NVL,-0.0002232251260574
ZDHHC14,-0.0002232514870517
BTBD7,-0.000223445236731
FIRRE,-0.0002234778122244
CPEB3,-0.00022353716211
NDE1,-0.0002235559896388
ENOSF1,-0.0002235777388198
METTL15,-0.0002236117190005
CUL4A,-0.000223614784704
SCFD1,-0.0002236385557932
ADGRA3,-0.0002237062966038
PELI1,-0.0002238013685604
CCDC18-AS1,-0.000223805088481
HIBCH,-0.0002238782428191
ARRB1,-0.0002238802071483
PUM1,-0.0002239229542246
GATAD2B,-0.0002240353714921
MOSMO,-0.0002241377578013
PPP1R12A,-0.0002242492861051
NKTR,-0.0002244141631658
SYBU,-0.0002245490766537
SLC38A6,-0.0002246654024062
ATP2C2,-0.0002247668118407
PPP3CC,-0.0002248062734123
ATE1,-0.0002248780193569
GALK2,-0.0002248881522095
SBNO2,-0.0002249488053468
VPS41,-0.0002249801227892
ATRX,-0.0002250688659106
AHI1,-0.0002251164633556
MIR181A2HG,-0.0002251619762551
SCGB2B2,-0.0002252669161543
TLK2,-0.0002253416526399
LPIN3,-0.0002253876853113
RAB11FIP2,-0.0002254930438838
DCAF10,-0.0002255185998947
ZNF780B,-0.0002255683172866
MAGI2,-0.0002256120772008
LGR4,-0.0002256240196919
MALT1,-0.0002257249238557
MAP3K5,-0.0002257304395001
AFAP1,-0.0002257806990805
TTI1,-0.0002258805175939
AUH,-0.0002260520679664
HIBADH,-0.0002260932915731
ZNF100,-0.0002265029287743
OPA1,-0.0002265393188661
STEAP2,-0.0002265932428995
RC3H1,-0.0002267464341085
PNPLA7,-0.000226887338355
ESCO1,-0.0002268972709196
ANKRD6,-0.0002273945123246
ASH2L,-0.0002274539680432
TSEN2,-0.0002275254971751
PSD4,-0.0002275360154015
GPALPP1,-0.0002275746048513
CELF1,-0.0002276573063432
MIR3936HG,-0.0002276992312957
CRLF3,-0.0002278149462496
PCGF5,-0.0002278342909473
SMAP1,-0.0002278428615004
PHLPP1,-0.0002278443108884
SMURF2,-0.0002280447004202
DTNBP1,-0.0002282216319334
ZRANB2,-0.0002282763424963
MBTD1,-0.0002282783753844
PARP8,-0.0002283548699705
SEC31A,-0.0002284272888937
HERC2,-0.0002284575913483
GON4L,-0.0002286034481055
RDH13,-0.0002286644484888
AP3S2,-0.0002288969513523
KIAA1211,-0.0002291161733965
ZFR,-0.0002292786566915
TRERF1,-0.0002293654937586
ADK,-0.0002298140707578
C2CD3,-0.0002298280522773
CNST,-0.0002298943899627
CHD7,-0.0002299074766302
FNDC3A,-0.0002301406181864
ZNF124,-0.0002301899960764
DYM,-0.0002302067987513
PKD2,-0.0002302690690752
BBOX1,-0.0002303112798931
RAB30-DT,-0.000230312569411
TYW1,-0.0002304079288793
TIAM2,-0.0002304257328761
RAB3GAP2,-0.0002305130477624
ASXL2,-0.0002306326803363
NCOA7,-0.0002307140312117
EGFR,-0.0002307234688826
CBFB,-0.0002307323518977
NUP98,-0.0002307942469744
CAMSAP2,-0.0002308349062247
DNAH5,-0.0002308726106459
USP40,-0.0002309982320996
PAWR,-0.0002310842191411
PATL1,-0.0002311428447505
ZNF337-AS1,-0.0002312848128879
INPP4A,-0.0002313337905656
BICRAL,-0.0002313973621452
ORC4,-0.0002314578219621
SMG6,-0.0002316894612315
SND1,-0.0002318014269624
MIB1,-0.000231882966847
CSAD,-0.0002319076155216
USP15,-0.0002321041702007
PPIP5K2,-0.0002322112249362
NRDC,-0.0002323575766855
SAP30L-AS1,-0.0002326494172538
CYP3A5,-0.0002327007062776
ZDHHC13,-0.0002327803010817
NCOA5,-0.0002329498499193
LRRK1,-0.0002332331068258
PILRB,-0.0002332486595786
ATP2B4,-0.0002332493783872
IQSEC2,-0.0002334960600179
AVL9,-0.0002335145877184
PHF20,-0.0002337533150479
PRPF3,-0.0002340246675324
CAPRIN2,-0.0002340677441659
ARHGEF7,-0.0002340704193035
NRSN2-AS1,-0.0002346623228674
MTAP,-0.0002346851917368
C4orf19,-0.0002347119122315
CFLAR,-0.0002347451800736
FARP1,-0.0002352356532725
PHIP,-0.000235388900082
PTPN14,-0.0002354593450664
PPP3R1,-0.0002354647404008
VPS45,-0.0002355732047358
FBXO42,-0.0002356308923758
RGS12,-0.0002357549196123
MCM8,-0.0002357627504174
STIM2,-0.0002358787646586
DMXL2,-0.0002360109864526
NEK7,-0.0002360665189192
RREB1,-0.0002362050307791
FAM83E,-0.0002363129373413
CLMN,-0.0002363312283401
HDGFL3,-0.000236430340508
EXOC6,-0.0002365042367357
FAR1,-0.0002365466418543
COG7,-0.0002367356210333
FCHO2,-0.0002368271859013
PTPN3,-0.0002368335290887
HDAC4,-0.0002369195981848
CDK19,-0.0002369361123087
ABLIM3,-0.0002371953008111
BRWD1,-0.0002372855322847
DLGAP1,-0.0002372968332906
RAI1,-0.0002373741196607
PAK1,-0.0002374405237263
KDM3B,-0.0002374421630247
KIAA1211L,-0.0002376430949267
CCDC66,-0.0002376785200086
SLC22A15,-0.0002377707926226
GIGYF1,-0.000237822470049
ASB3,-0.0002380735987801
TMCO4,-0.0002381241602085
IFT80,-0.0002381762487237
PAXBP1,-0.0002381852001797
TPP2,-0.0002382734414799
RASAL2,-0.0002384111568711
DCAF8,-0.0002386792285288
FBXO38,-0.0002386799988384
PPP2R2A,-0.0002386806681731
ENGASE,-0.0002387439012026
GOLGA8A,-0.0002387573880799
MCCC1,-0.0002388547525322
RNF213-AS1,-0.0002389087994995
EFHC1,-0.0002389100382823
RANBP17,-0.0002389641450059
USP47,-0.0002389655064817
SPIRE2,-0.0002391390800201
ERCC6L2,-0.0002392390723248
RBMX,-0.0002394377589054
DOCK2,-0.0002395136957725
GAK,-0.0002396303042552
SUPT20H,-0.0002398421972212
DCLRE1C,-0.0002398913119214
RALGPS2,-0.0002400459666409
MAPK14,-0.0002400602428091
UBAP2,-0.0002400734406085
LCOR,-0.0002401640367002
VRK2,-0.000240371026192
SHROOM3,-0.0002403767570567
MLLT6,-0.000240516624822
HTT,-0.0002405541547933
NCEH1,-0.0002406039488029
PIP4K2A,-0.0002406261511419
CATSPERB,-0.0002407289647039
CCNT2,-0.0002407362886503
STX18,-0.0002407653670579
SPAG9,-0.0002413074672398
ZNRF1,-0.0002413181995065
PTPRE,-0.0002414924813189
ZMYM4,-0.0002418028898475
PTPN2,-0.0002418047270538
LYPD6,-0.0002418915816202
USP24,-0.0002418991217465
INPP5A,-0.000241910361907
BTBD10,-0.0002419371803162
ZBTB20-AS5,-0.000241951585894
PRH1,-0.0002419892591352
ARHGAP27,-0.0002420072106832
CREB1,-0.0002421646932575
PSMA3-AS1,-0.0002422580432061
ARHGEF10,-0.0002423998723007
SLC37A1,-0.0002424104099411
PDLIM5,-0.0002424739481802
ESRP1,-0.0002425488733677
BBX,-0.0002426720372858
MAP4K4,-0.0002427744418545
COA1,-0.0002429331625628
SVIL,-0.00024294262868
ENOX2,-0.0002429924129699
TEAD1,-0.0002433781854942
GPBP1,-0.0002434435147164
INPP5B,-0.0002434739350132
ETFA,-0.0002435299143225
PLCE1,-0.0002435609761088
CBR3-AS1,-0.0002437080481617
SLC4A5,-0.0002438450607254
SP100,-0.0002438606391393
UBE2W,-0.0002439094918022
ATP9B,-0.0002439272371998
NCOA1,-0.0002440218302845
SNRNP70,-0.0002441295752574
RBPMS,-0.0002441799704993
ICA1,-0.0002442722566449
THSD4,-0.0002443645878806
SOX6,-0.0002446310447232
PPP3CB,-0.0002447911105672
SLC25A13,-0.0002450579581426
DOCK9,-0.0002451356580932
WIPF1,-0.000245259485812
ZBTB7C,-0.0002453262490977
PPARGC1B,-0.0002453898926548
PLEKHA5,-0.00024540622312
TTC6,-0.0002454093699467
GOLGA4,-0.000245413548975
KIAA0556,-0.0002455696299185
TGFBR2,-0.0002457016579712
PPP2R3A,-0.0002457822091133
ZNF700,-0.000245833433378
ADD1,-0.0002461743047117
PPP3CA,-0.0002461803224992
HIVEP1,-0.0002464975174637
GPD2,-0.000246507970175
ATP8B1,-0.000246524529031
DNM1L,-0.0002465418071252
EPC1,-0.0002465559531204
SLC39A11,-0.0002465588053178
ZNF654,-0.0002465660627424
MYO5C,-0.0002466437259387
PPP1R21,-0.0002469671640016
ZKSCAN1,-0.0002469902817097
NFIB,-0.0002470557634069
KANTR,-0.0002474253503944
TARBP1,-0.0002474918374947
TJP1,-0.0002476755211663
CREBZF,-0.0002480467633554
TBC1D16,-0.0002481168661155
MTX2,-0.0002483487046515
UBR3,-0.0002484434638359
EPB41L4A,-0.0002485274850418
GTF2IRD1,-0.0002486088829733
FOXO3,-0.0002486760581965
KDM7A,-0.0002489378980426
MGRN1,-0.000248975305066
STYK1,-0.0002490638029649
KALRN,-0.0002491298776738
IQCB1,-0.0002491415788251
MAP4,-0.0002492105260707
CPA6,-0.0002492257216261
SYNE1,-0.0002492583523621
AP000943.2,-0.0002492698508761
SPIN1,-0.0002492725083565
GSK3B,-0.000249286185881
TASOR2,-0.0002495003389406
PPP4R1,-0.0002497041474684
ABTB2,-0.0002497408457777
C5orf56,-0.0002498134935506
NAV1,-0.0002498193737125
CAMK1D,-0.0002498866588568
TAOK1,-0.0002499530409581
ITCH,-0.0002502192608289
ZNF587,-0.0002504363327974
MIR181A1HG,-0.0002505662228654
GIGYF2,-0.0002508654625042
HNF4A,-0.0002509055683333
SPOPL,-0.0002509061165741
DIS3L2,-0.0002509839536487
TRIM13,-0.0002511182350397
FRMD4A,-0.0002511536447231
MYO18A,-0.0002512752949033
CNTRL,-0.0002513149017014
RAP1GDS1,-0.0002513953500976
ZHX2,-0.0002515557710357
COBL,-0.0002516204594388
CERT1,-0.0002516421497106
KANSL1L,-0.0002517482479687
CTPS2,-0.0002518999124025
MCTP2,-0.0002520325158994
CEP126,-0.0002520393167344
SRBD1,-0.0002521330142688
PPP2R5C,-0.0002521847989274
GANC,-0.0002522707174887
TET2,-0.0002524709902769
SIK3,-0.0002525534058355
TBC1D2B,-0.0002526206031971
ANKUB1,-0.0002526839317573
ARMC8,-0.0002527493445337
CCDC14,-0.0002527506394409
DGKD,-0.0002529107593744
FBLIM1,-0.0002529957401055
NBAS,-0.0002530082034803
AP002495.1,-0.000253295661574
TOX3,-0.0002533587403782
KLHL42,-0.0002535747273286
OVOL2,-0.0002536245760213
ATF7IP2,-0.0002538591116295
TULP4,-0.0002538741589599
PCED1B,-0.0002541472471502
STRN,-0.0002542018606788
CCDC30,-0.0002542855355323
UGGT2,-0.0002544284278656
RAP1GAP2,-0.0002544328017477
SEMA3C,-0.0002547000288632
CCDC125,-0.00025481868353
NLRC5,-0.0002548779149734
DOCK8,-0.0002549963013556
NEK6,-0.0002550054547474
TBCK,-0.0002555235040351
ZNF431,-0.0002555244955375
RAB40B,-0.0002556587532769
PPP1R13B,-0.0002557690129495
SRGAP2,-0.0002557801756121
FRAS1,-0.0002558603367106
RAPGEF6,-0.0002560191229836
HECTD4,-0.0002562497547535
ANKAR,-0.0002562891231093
MAPKAP1,-0.0002563905073194
TOM1L2,-0.0002564803539252
OSBPL7,-0.000256505766597
PRKCI,-0.0002565257267095
RNPC3,-0.000256557811305
ZNF611,-0.0002565850359416
EMSY,-0.0002568993567483
ANKIB1,-0.0002570021282807
SCLT1,-0.0002571743532958
BANP,-0.0002572240316106
RHOT1,-0.0002572450661255
UTRN,-0.0002573925826846
RABGEF1,-0.0002576068038862
NFYC,-0.0002578115975207
ITSN2,-0.0002578257219935
RAD9A,-0.0002583801785084
SENP5,-0.0002584001123786
MBP,-0.0002585823753451
ACYP2,-0.0002586462534639
ORC2,-0.0002586717237245
BBS9,-0.000258752115432
EHBP1,-0.0002590383577834
ELF1,-0.00025919670257
PSME4,-0.0002596397936221
UBE2E1,-0.0002597403567438
PNN,-0.0002599361156427
ZNF83,-0.0002599890847821
AGFG1,-0.0002605964963168
HOXB3,-0.0002606807883703
LMCD1-AS1,-0.0002607870697966
PLS1,-0.0002609007830446
DHRSX,-0.000261012021612
CCDC130,-0.0002610840218046
PPM1B,-0.0002612084564921
KATNBL1,-0.0002613384705402
MSI2,-0.0002615126101868
EEFSEC,-0.0002617460758026
ULK4,-0.0002617888790393
SLC10A7,-0.0002618485046582
ZNF207,-0.0002620424711
ACACB,-0.0002622071776486
ARMH3,-0.0002624734066456
USP54,-0.0002627070414771
RBM26,-0.0002627578749071
MYOF,-0.0002629495812945
AGO3,-0.0002630300861412
FBXO34,-0.000263323485947
RASA1,-0.0002634395807408
NPEPPS,-0.0002634963335732
PEX14,-0.0002635204084306
MAP3K13,-0.0002636092296514
FNIP1,-0.0002636114616342
SPATA6,-0.0002639918731953
ATR,-0.0002640662928962
HECTD1,-0.0002640834440972
CACNA1C,-0.0002642343469785
UBE4B,-0.0002642444749244
EFCAB13,-0.0002643385661423
IMMP2L,-0.0002644398178401
NFKB1,-0.0002645525558303
AFF4,-0.0002645833477562
DHX32,-0.0002646105923387
CLIP4,-0.0002650562860562
JAZF1,-0.0002650746136852
SNX14,-0.0002651697794197
LETMD1,-0.0002651708561945
VWA8,-0.000265331616744
GIT2,-0.0002653859922341
ZNF609,-0.0002654596145825
ABR,-0.0002654946969722
RESF1,-0.0002655531110889
HNRNPH1,-0.0002655717391951
MAU2,-0.0002656776748048
ATXN1,-0.0002658863779512
CENPC,-0.0002661195906988
PAX8-AS1,-0.000266184185953
ANXA4,-0.0002664416759553
MAP3K14,-0.000266568140624
MYO10,-0.000266584125118
THADA,-0.0002666877184861
EXOC3L4,-0.0002668705929355
DOP1A,-0.0002669028557777
PTBP2,-0.0002672377025705
POU2F1,-0.0002673145712858
SCAF8,-0.0002675515121187
GLCCI1,-0.0002675653515216
ZFYVE28,-0.0002677193452405
NUMB,-0.000267834056528
PDSS2,-0.0002681058962052
ESRRG,-0.0002682825192859
MTUS1,-0.0002683785541967
GCNT2,-0.0002686142261972
FAM83B,-0.000268724128451
TVP23C,-0.0002688897151896
OSBPL3,-0.0002689987767533
HOOK3,-0.000269042745365
PAK3,-0.0002692014653991
AP005230.1,-0.00026950663477
IKBKB,-0.0002696797400832
SEPTIN9,-0.0002698249952383
CAMK2G,-0.0002700936966816
ZNF302,-0.0002702100415889
ALS2CL,-0.0002703160639531
SETD2,-0.0002704322675927
ABCC1,-0.0002705805169401
TESK2,-0.00027113642842
EDA,-0.0002712170311874
LYST,-0.0002712306120745
PLD1,-0.0002714527794704
FER,-0.0002714992954864
POU6F2,-0.0002717180445754
GRK5,-0.0002718664993814
CEP350,-0.0002719313684141
HPCAL1,-0.0002719478778608
FAM222B,-0.0002719622902189
PIWIL4,-0.0002721249059324
FGD6,-0.0002721659854716
ARHGEF11,-0.0002727892654511
PKN2,-0.000272803539113
PRKCA,-0.000272833778358
RAPGEF5,-0.0002728969101099
FAM192A,-0.000272900159189
ATP11B,-0.0002729547036352
LIPE-AS1,-0.000272963614798
GAB2,-0.0002732045481003
ZC3H12C,-0.0002732575792593
TMEM163,-0.0002733260121284
APTR,-0.0002735766507411
ZFAND6,-0.0002737254792089
VPS39,-0.0002737907959
WDR7,-0.0002739666613937
PRPF39,-0.0002740163783831
TRAK1,-0.000274278580933
STAU2,-0.0002746238270624
IL7,-0.0002748445768865
ST5,-0.0002749677932298
RHPN2,-0.0002751452038035
URGCP,-0.0002752584336062
TAPT1-AS1,-0.000275286719229
CRYZL1,-0.0002753950772615
MIR4713HG,-0.0002754731736653
PBX3,-0.0002755361339062
CD2AP,-0.0002763665397864
MICAL2,-0.000276423418726
NSD1,-0.0002769496323459
LRRFIP2,-0.0002770946133121
LRRC37A2,-0.0002773474003618
NFKBIZ,-0.0002773714892544
SPATS2L,-0.0002774841837494
SYNE2,-0.0002775523367397
PCBP1-AS1,-0.0002783398649924
HNF1A-AS1,-0.0002787418187794
MAP3K2,-0.0002788963440145
SSBP3,-0.0002792999644327
STK38,-0.0002793600982905
TTC7A,-0.000280187150544
C2CD5,-0.0002802248411329
CAMKMT,-0.0002804577037956
MLLT10,-0.0002804821031403
FMNL2,-0.0002809602184125
SLC9C1,-0.0002809910385216
RAB28,-0.0002816957587818
SIK2,-0.0002818141890813
MICALL2,-0.0002818336372
ZNF710,-0.000281837651088
ZXDC,-0.0002821230730855
IQSEC1,-0.0002822168525587
ZSWIM5,-0.0002822492590932
EPB41,-0.0002824709814696
GOLGA8B,-0.0002825751950119
TET3,-0.0002829596804283
ZNF33B,-0.0002830468244431
GPBP1L1,-0.0002830565534054
SIMC1,-0.0002831431896216
SKAP1,-0.0002833834695372
DCAF6,-0.0002833869511692
DENND5B,-0.0002835310397011
CREBBP,-0.000283726793686
CHST11,-0.0002837964215443
CHD2,-0.0002839179116246
RAB31,-0.0002839567895487
CIITA,-0.0002840347254304
RUNX1,-0.0002841257756707
TRMT11,-0.0002842144370514
LYN,-0.0002843967271962
TRAF3,-0.0002845102838014
NR2C2,-0.0002845834773286
NPLOC4,-0.0002846362532979
ATG4B,-0.0002853346282474
ANKS1A,-0.0002857646410477
MIR31HG,-0.0002858193458998
PPP1R9A,-0.000285937655484
CSNK1A1,-0.0002860841014356
VMP1,-0.0002861124453619
ARHGAP32,-0.0002863065213771
NSMAF,-0.0002864762503195
FOXJ3,-0.0002869434987486
TAF2,-0.0002876367273811
ABO,-0.0002877194441114
TBC1D8,-0.0002879684359186
ARFIP1,-0.0002881500979512
SETX,-0.000288665786702
INO80D,-0.000289219370754
ANKHD1,-0.00028952243776
PUM2,-0.000289596465691
OPHN1,-0.0002896185801826
FASTKD1,-0.0002896839182496
SPATA5,-0.0002899120027417
FOXK2,-0.0002899167660728
RGL3,-0.0002900300273163
WDR70,-0.0002902166275136
PCGF3,-0.0002902680534801
KIF26B,-0.0002905951292718
NR2F2-AS1,-0.000290768455372
PPP1R12B,-0.0002909504716935
YAF2,-0.0002911011909419
ALS2,-0.0002911132212239
RAB3IP,-0.000291624311841
OGT,-0.0002918790570203
KIAA0232,-0.0002921762003485
VPS53,-0.0002921952894444
MTA3,-0.0002925705660551
PLCL2,-0.0002931503494431
SGMS1,-0.0002933062957667
BACE2,-0.0002935558092524
ZNF407,-0.000293578019513
PARN,-0.0002936712810981
RBMS3,-0.0002939277193595
COMMD1,-0.0002940945800241
KMT2E,-0.0002942099134519
CADPS2,-0.0002945611123165
SUMF1,-0.000294613931657
MYO9B,-0.0002947438505745
TTLL3,-0.0002949674175842
PBRM1,-0.0002950810367933
DYNC1I1,-0.0002952676962738
MAPK8IP3,-0.0002955381383123
SIDT1,-0.0002955432737338
HERC4,-0.0002956187711824
NOS1AP,-0.0002957936961937
TDRD3,-0.0002958196689709
ARFGEF2,-0.0002958472849564
CPLANE1,-0.0002961389943637
EEF2K,-0.0002961527429931
UBE2K,-0.0002962321035632
TAF15,-0.0002964165136322
RASEF,-0.0002964770784968
LUC7L3,-0.0002966634632193
CDC42SE2,-0.0002969414979553
NAV2,-0.0002974430119353
TPK1,-0.0002975022746478
PRKRIP1,-0.0002976800428796
RAB12,-0.0002979116346103
EVI5,-0.0002981578545796
ERICH1,-0.0002983940378464
TAOK3,-0.0002986136154167
GPATCH8,-0.0002991352523228
RCOR3,-0.0002998320515706
NR6A1,-0.0003005427223389
WDR59,-0.0003006165100345
FAM160A1,-0.0003007509941424
AFDN,-0.0003018687926627
ARID4B,-0.0003020008107975
CFAP44,-0.0003024861005123
AKAP10,-0.0003027471802501
KDM4C,-0.0003027894471793
KCNMA1,-0.0003029088577312
PCNX2,-0.0003031822528997
SHTN1,-0.0003032683191783
DEPTOR,-0.0003035343750052
FBXW4,-0.0003035640060567
PRIM2,-0.000303742847831
FBXW7,-0.0003037995679905
MAP2K5,-0.0003039521658197
OGDH,-0.0003040373712689
CELF2,-0.0003047596932207
MICU1,-0.0003048820884683
TFCP2,-0.0003053019679276
HELB,-0.0003057699407752
CLASRP,-0.0003059143429539
GBF1,-0.0003065279800462
PHF21A,-0.0003065593589695
RAB3GAP1,-0.0003069766997669
MRTFA,-0.0003074359986084
DIAPH2,-0.0003078221623894
USP53,-0.0003079394069094
CCSER2,-0.0003083428499976
ABL1,-0.0003084343930418
CDK8,-0.0003084904312571
RABGAP1,-0.0003090960943492
KIAA1109,-0.0003092635740375
LONP2,-0.0003093531358151
MIR34AHG,-0.0003101126352269
MAPK8,-0.0003102220212366
IGF2BP2,-0.0003104032332653
FAM193B,-0.0003105759645384
PIK3CA,-0.000310670171429
ARL17A,-0.0003107277505847
MEIS2,-0.0003107614437454
SRSF4,-0.0003111174212994
RNF111,-0.0003114842015703
NAPEPLD,-0.000311563066007
LRCH3,-0.0003116034287278
TMEM51,-0.0003119330111545
CCDC146,-0.0003121256213165
RASA2,-0.000312269739939
CCNY,-0.0003124589481142
CARMIL1,-0.0003125530351446
DIP2B,-0.0003126251440091
USP25,-0.0003128917366451
DPYD,-0.0003131523425108
KLC1,-0.0003132505768391
SGK3,-0.0003133618385011
DTNB,-0.0003135780062436
NUTM2A-AS1,-0.0003136425521075
CPNE4,-0.0003137465864477
NHSL1,-0.0003140544343787
ANKRD11,-0.000314174950103
ARHGEF3,-0.000315396682673
TPT1-AS1,-0.000315904002346
UBE2E2,-0.0003160090880453
GSAP,-0.0003163061439608
SRPK2,-0.0003163311414251
TTC14,-0.0003163604328426
NSD3,-0.0003164618590615
NBPF11,-0.0003165585963789
BICD1,-0.00031678047253
SKIL,-0.0003171071793684
SF3B1,-0.0003171730496507
FHAD1,-0.0003172730442997
TFDP2,-0.0003173335192436
ELF2,-0.0003183096046963
HIVEP3,-0.0003187517148346
FBXO11,-0.0003195136633124
HERC1,-0.0003196395274182
MIR4435-2HG,-0.000319695254629
FBXL20,-0.00031980506929
BMPR2,-0.0003200320896014
KIAA0355,-0.0003201484138985
MROH1,-0.0003206361767879
RPTOR,-0.0003210688369715
MAP4K3-DT,-0.0003211671871007
CCNL2,-0.000321755058453
IRAK3,-0.0003217703203401
NEBL,-0.0003224449263145
PCSK7,-0.0003227661548682
SLMAP,-0.0003229211444262
MGAT5,-0.0003231365489389
DOCK10,-0.0003233913139166
BANK1,-0.0003234280405166
RSRC1,-0.0003234771132238
CASP8,-0.0003235937535067
R3HCC1L,-0.000324421204914
ZBTB38,-0.0003244596123189
VPS13A,-0.0003247714050137
RAF1,-0.0003248438577196
HKDC1,-0.0003251231018096
PDS5A,-0.000325159498485
STAG1,-0.0003252196069326
VPS13C,-0.0003253430098252
FTO,-0.0003254895893927
ITFG1,-0.0003257586103648
UBR2,-0.000325918886307
FSIP2-AS1,-0.0003260869403655
EYA2,-0.0003261821514746
TRPC4AP,-0.0003261861124375
MED13L,-0.0003262882389097
NBR2,-0.0003267172495221
EPB41L5,-0.0003271194565995
FARS2,-0.0003271244529239
DGLUCY,-0.0003271968285501
PBX1,-0.0003275660253256
KLF7,-0.000327599805548
IGSF1,-0.0003276495490354
SH3KBP1,-0.0003277322535804
AMBRA1,-0.0003280166609487
SH3PXD2A,-0.000328252965272
KDM2A,-0.0003284868212929
ADD3,-0.0003287596419405
RFX3,-0.0003288917271359
PHKB,-0.0003289211752851
AOPEP,-0.0003291544593244
DGKH,-0.0003294610622029
PCDH7,-0.0003297242929704
TMTC2,-0.0003302545650008
PTPRJ,-0.000330535007133
KAT6B,-0.000330612834238
SKAP2,-0.0003309181395125
CLASP1,-0.0003309276241665
ZNF148,-0.0003310538000265
KIAA1217,-0.0003310904514595
CERS6,-0.000331310724916
ZMYM2,-0.0003315222994388
ETNK1,-0.0003316145586676
ELMOD3,-0.0003317238755061
TIA1,-0.0003317876418963
PDE8A,-0.0003317901875455
CAPN9,-0.0003325774424944
TRIM33,-0.0003326385300313
PTPN4,-0.000332686812978
TRA2A,-0.0003327797110889
CHRNA7,-0.000333968994383
AEBP2,-0.0003342333648894
SPG11,-0.000334587193064
PUDP,-0.0003351129370997
MIR29B2CHG,-0.0003351318865459
ATF7IP,-0.0003357974633228
ABHD3,-0.0003360099094508
HMGA1P4,-0.0003361156466057
CDKAL1,-0.0003361203049455
RICTOR,-0.00033620285366
RBM39,-0.0003365443243648
TANC2,-0.0003368977485099
BRAF,-0.0003369157791765
SESTD1,-0.000337048806029
ECHDC2,-0.0003370762880545
TNFAIP2,-0.0003370989243337
MOB3B,-0.0003371034480574
DNAH14,-0.0003371921820722
CCNL1,-0.0003376785282561
CAPS2,-0.0003381747467987
SCAPER,-0.0003382276917458
NINL,-0.0003386763875768
FNDC3B,-0.0003387126503792
SAMD4A,-0.0003387666613035
DOCK5,-0.0003391075149331
SHANK2,-0.0003391233156614
CDK13,-0.0003393223184668
FAM49B,-0.0003394233585136
ZMIZ1,-0.0003396091010052
FBXW11,-0.0003396861985434
FAM193A,-0.0003398256229848
STAT6,-0.0003402405559478
ARHGEF38,-0.0003402803549648
MARK3,-0.000341006638164
HP1BP3,-0.0003411261674121
ZNF827,-0.0003411760112695
DNM2,-0.000341453846534
EPB41L1,-0.000341646680817
ARID2,-0.0003421006996665
PTPN9,-0.0003421207075699
INPP4B,-0.0003422643944519
RNF38,-0.0003423013442173
ERC1,-0.0003426923031506
GAB1,-0.0003441042232439
NCKAP5,-0.0003441218412039
OSBPL10,-0.0003444187716063
TLK1,-0.0003444309837607
TJP2,-0.0003446788383737
CDC27,-0.0003448768283366
FAM13A,-0.000345047258262
PIK3CB,-0.0003451782434011
ANKRD28,-0.0003454892589871
COG5,-0.0003455923253387
PIK3C2B,-0.0003457464286178
GARS-DT,-0.0003459649639687
LCORL,-0.0003465194402582
ANKRD10,-0.0003467750895025
SIPA1L1,-0.000346975693603
VPS8,-0.0003471096269222
NHS,-0.0003473282050191
TNKS,-0.0003475205013942
MIA2,-0.0003475376299297
SYK,-0.000347889931753
FRMD5,-0.0003480844600808
DMXL1,-0.0003483732130149
SH3RF1,-0.0003484768306612
CLASP2,-0.0003486392400823
PARD3,-0.0003491118719114
CAB39,-0.0003491221841564
APBB2,-0.0003493318234825
CBFA2T2,-0.0003493993549752
MAML3,-0.000350718367534
AP001011.1,-0.0003508253833442
FAM172A,-0.0003513324830815
NBEAL1,-0.0003515391001973
VTI1A,-0.0003516494009505
SCMH1,-0.0003517505936222
MAML2,-0.0003517741675174
NEDD4L,-0.0003518864786204
SH3D19,-0.0003521575245427
KIF13A,-0.0003523245679885
LTBP1,-0.000352795993679
MRTFB,-0.0003532574812543
SLC41A2,-0.0003535878063758
MBNL2,-0.0003537771084535
SENP6,-0.0003538330937188
AKAP9,-0.0003539507375346
GRAMD2B,-0.0003539929945213
SDCCAG8,-0.0003540780095219
CHD9,-0.0003542188042662
EHMT1,-0.0003542565238673
NR3C2,-0.00035444001058
STK3,-0.0003552841507237
AF117829.1,-0.000355325089268
FRYL,-0.0003568136991883
R3HDM2,-0.0003574331671807
SP140L,-0.0003574485169252
STX16,-0.0003576965011515
FAAH2,-0.0003578267135581
DAPK2,-0.0003579312881782
WWC1,-0.0003582200523751
MLPH,-0.0003587485125987
CBR4,-0.00035924813062
CDR2,-0.0003602277389873
NPAS2,-0.0003603647258369
SLC25A36,-0.0003606341059397
MYO1E,-0.0003609904557487
PLXNA2,-0.0003611487980532
STRN3,-0.0003613218927087
BACH1,-0.0003617971466496
WWP1,-0.0003627652172626
WWP2,-0.0003628526152916
NT5C2,-0.0003628810261771
LARGE1,-0.0003629530630846
RNF115,-0.0003629939275596
CASK,-0.0003631545318693
PLCH1,-0.000363428828133
RBM47,-0.0003638172988569
EPS15,-0.0003644500806667
TRIO,-0.0003652468807167
DNASE1,-0.0003655010624858
POLR2J3,-0.0003655862289237
DYRK1A,-0.0003656109429044
PHACTR2,-0.0003661795957433
SLC25A37,-0.0003672034889332
GPHN,-0.0003672228187906
STXBP5,-0.0003672941731275
TTC17,-0.0003673256962783
SNX29,-0.0003674384726797
THUMPD3-AS1,-0.0003677151069043
CTNND1,-0.0003682181204838
GRHL2,-0.0003682944200206
ZSWIM6,-0.0003688823983336
NSMCE2,-0.0003692760028423
WDFY3,-0.0003696466446609
AAK1,-0.000369706007812
ITPR2,-0.0003699074026555
ABCC5,-0.0003705495019763
EEPD1,-0.0003707070170006
BABAM2,-0.000371503634014
PALLD,-0.000372306733858
TANC1,-0.0003724211192666
CASZ1,-0.0003735102786649
TTC39C,-0.0003740105732098
EPN2,-0.0003741809383929
SRGAP1,-0.0003743981827886
WARS2-AS1,-0.0003744285142613
PVT1,-0.0003744317646019
PKP4,-0.0003744400884375
NIPBL,-0.0003744886912087
TNIK,-0.0003754538172775
FNBP4,-0.000375485292206
TNRC6B,-0.0003760831391224
SPG7,-0.0003761903498599
FARP2,-0.0003764092975228
ARHGAP42,-0.0003767023951403
COBLL1,-0.000377351534016
ZFHX3,-0.0003788263450661
WSB1,-0.0003791501322682
RAPGEF2,-0.0003793003158888
THRB,-0.0003794211260517
TBL1XR1,-0.0003797521013386
TNS3,-0.0003799746398746
PHACTR4,-0.0003800944629899
DLEU7,-0.0003822118881214
PEAK1,-0.0003828002766046
RAPGEF1,-0.0003828337452819
ZNF638,-0.0003830681153314
VPS13D,-0.0003830779559595
MCPH1,-0.0003834628669433
FCHSD2,-0.0003836770470672
CBLB,-0.0003840344415581
OGA,-0.0003845117811047
CHKA,-0.0003845646799014
NEMF,-0.0003847547254379
RBM6,-0.0003851515467549
ASH1L,-0.0003854785969158
PRELID2,-0.0003879079385034
SH3RF2,-0.0003894403472136
ETV6,-0.0003902845928003
HDAC8,-0.0003903527220695
ZMYND8,-0.000391353029685
FNBP1,-0.0003913809997833
KMT2C,-0.0003914340289247
MKLN1,-0.0003919094248506
ASAP2,-0.0003922883609947
CARD11,-0.0003925118475294
ANKRD36C,-0.0003933285499811
CEP192,-0.0003939773640607
ZFC3H1,-0.0003946892165861
COP1,-0.0003950651464971
ZCCHC7,-0.0003956680831482
UBR5,-0.0003968141625042
DENND4C,-0.0003975385763153
EML4,-0.0003980894612851
SOS2,-0.0003988393895216
ACAP2,-0.0003993155074445
DST,-0.0004000992758863
RALGAPA2,-0.0004001738082819
WDPCP,-0.0004005242544605
MACF1,-0.0004012267890739
MAP4K5,-0.0004019082523022
ZNF292,-0.000402610305437
PHF14,-0.000403966832601
ERBIN,-0.0004041458738142
PHC3,-0.0004044445775123
ANKRD12,-0.0004052202457022
NCOA2,-0.0004052557148853
TPRG1,-0.000405299603797
ZNF586,-0.0004070178562737
SMURF1,-0.0004073503532653
PRKG1,-0.0004079443766322
TBC1D22A,-0.0004080432186287
AFF1,-0.000408686438752
MID1,-0.0004090779238906
SETD5,-0.0004095047476017
C11orf49,-0.0004100801328513
PTPRM,-0.0004107609815675
SPIDR,-0.0004109691783797
PAN3,-0.0004111434810498
PCCA,-0.0004119906358718
SPATA13,-0.000412736518082
SMG1,-0.0004128528011791
LIMCH1,-0.0004137541347045
PIBF1,-0.0004151288127602
LENG8,-0.0004155895353089
PICALM,-0.0004159156504284
TMCC1,-0.0004165392993176
PLEKHG1,-0.0004169125825208
DOCK1,-0.0004179631724514
TSHZ2,-0.0004184945571427
SLCO3A1,-0.0004191788872187
ZNF518A,-0.0004195672724095
PIP5K1B,-0.0004196388298332
FRY,-0.0004218644293114
BBOX1-AS1,-0.0004220512547307
SMAD3,-0.0004221670773189
ARL15,-0.0004224890521977
CPSF6,-0.0004225307880541
NCOA3,-0.0004228292237445
JMJD1C,-0.0004231251150217
POGZ,-0.000423432176715
CLEC16A,-0.0004246659742678
PPP6R3,-0.0004254184055905
DISP1,-0.000425518887163
BCAS1,-0.0004264249893263
CTBP2,-0.0004277785040945
DAPK1,-0.0004278228298389
MAST4,-0.0004293022452181
TNRC6A,-0.0004303348041925
ANK3,-0.0004305135822672
CNOT2,-0.0004308344652434
NCALD,-0.0004320444125115
SPIRE1,-0.0004321200314486
PATJ,-0.0004325174534053
DENND1B,-0.0004326883963904
ATG7,-0.0004335907740095
RALGAPA1,-0.0004340998026263
PLEKHA6,-0.0004344084385525
UVRAG,-0.0004347595721357
ARID1B,-0.0004360258378327
MON2,-0.000437026896516
MAP4K3,-0.0004370904151541
EXOC4,-0.0004375797464151
TRAPPC9,-0.0004377589660386
BCAS3,-0.0004380307770127
TPD52,-0.0004380977614957
NUP107,-0.0004383956613655
RSRP1,-0.0004385352220466
TMEM200C,-0.0004400529723742
ARFGEF1,-0.0004411847094232
RNF19A,-0.0004418705102501
KDM6A,-0.0004439545543728
FOXN3,-0.0004460539028334
CMIP,-0.0004464341949949
ARGLU1,-0.0004468288109321
ARHGEF28,-0.0004498747298733
ATXN7L1,-0.0004502668931981
GMDS-DT,-0.0004508950888104
SORBS1,-0.0004510240931856
MIPOL1,-0.0004533543423062
BTBD9,-0.0004534485456597
FMN1,-0.0004564878848919
MAGI3,-0.0004567674279113
STK39,-0.0004570277649137
PCAT1,-0.0004570774253857
RAD51B,-0.0004575043283454
PIAS1,-0.0004578220070573
NFAT5,-0.0004597526503953
BAZ2B,-0.0004601242192963
TMEM117,-0.0004601780955453
CCDC91,-0.0004603463970726
TMC5,-0.0004611639575718
HNF4G,-0.000462801667424
LRCH1,-0.0004646259311017
PARP4,-0.0004649272100253
FAF1,-0.0004657541939305
TCF7L2,-0.0004673238405965
AGO4,-0.0004674157590318
TRIM2,-0.0004682779899241
MCU,-0.0004689400542228
LRBA,-0.0004700263969877
NF1,-0.0004705172477474
TACC2,-0.0004713850363329
NUTM2B-AS1,-0.0004729492042008
PSD3,-0.0004731885988615
RALGPS1,-0.0004761987178913
PPM1H,-0.0004781670133394
SOS1,-0.0004811051953441
PDE4D,-0.0004828131906334
KAZN,-0.0004835343460684
SNHG14,-0.0004844829804625
ALPK1,-0.0004854187667689
WWOX,-0.0004859346379422
LYPD6B,-0.0004875862725769
PPARG,-0.0004891597403927
FRS2,-0.0004904656514395
EXOC6B,-0.0004933982230688
ABCC3,-0.0004954968585941
CAMK2D,-0.0004976839394126
USP34,-0.0004983730705815
MYO1D,-0.0004989754055017
PRKCE,-0.0004992342520862
ANKRD17,-0.0004994711219247
BIRC6,-0.0005005993906237
MBD5,-0.0005019817766312
ABLIM1,-0.0005053753154473
PHYKPL,-0.0005101397290021
PLEKHA7,-0.000510993759072
UMAD1,-0.0005114991905684
LLGL2,-0.0005116466179232
CUX1,-0.0005120661530444
DLEU2,-0.0005125683288012
VPS13B,-0.0005150966880017
TBC1D5,-0.0005158660678269
CAPN8,-0.0005193556742457
OXR1,-0.0005198037392391
SMYD3,-0.0005198050741708
XRN1,-0.0005235543049312
FBXL17,-0.0005238539950001
SORBS2,-0.000528036781922
DANT2,-0.0005282057565296
GNGT1,-0.0005307736039938
AGAP1,-0.0005364407980045
ARHGAP26,-0.0005433450730469
PTPRK,-0.0005490258063103
AKAP13,-0.0005541196285542
FOXP1,-0.0005560650510859
PACS1,-0.0005611913624318
EIF4G3,-0.0005655824827774
VPS35L,-0.0005697187770144
GNAQ,-0.0005726198249167
SMCHD1,-0.0005830538187445
LDLRAD4,-0.0005867734585415
RERE,-0.0005873471761475
CCSER1,-0.0005986935336572
LRMDA,-0.0005999849789267
MECOM,-0.0006091064208733
MAGI1,-0.0006106449566064
BAIAP2L1,-0.0006108500182493
FGD4,-0.0006142399387358
RABGAP1L,-0.0006151883056201
MEF2A,-0.0006196828054247
N4BP2L2,-0.000620638119254
PTK2,-0.0006288194294518
SIPA1L3,-0.0006396251644484
EXT1,-0.0006408568165416
KANSL1,-0.0006517790298223
MBNL1,-0.000653805796348
PARD3B,-0.0006555624748954
NAALADL2,-0.0006648938549152
ZFAND3,-0.000677297996797
LPP,-0.0006902974854707
DLG1,-0.0006954407828354
CDC42BPA,-0.0007068755111985
SAMD12,-0.0007285606482089
DLEU1,-0.0007369067844271
SSH2,-0.0007468913319278
ZBTB20,-0.0007498910550747
FTX,-0.0008949828579506
NEAT1,-0.0010974930276612
MALAT1,-0.0013637571268235
