,0
BCAS1,0.0004067180676369
PTPRK,0.0004016129296618
MALAT1,0.0003581386812487
MECOM,0.000352858709674
SAMD12,0.0003376547573691
NAALADL2,0.0003165510985501
ARHGAP11B,0.0003152735319282
FAF1,0.0003106198019513
CCSER1,0.0003060349760863
KIF18B,0.0003045611271812
LRBA,0.00030222790517
SIPA1L3,0.0002977127453247
STK3,0.0002894089488852
DENND1B,0.0002886105013261
CPNE4,0.0002749419669625
RRM2,0.0002724666485047
FTX,0.0002722399524415
OSBPL10,0.0002700738275042
TRIO,0.0002666305632943
CDC42BPA,0.0002659402300092
FAM83D,0.0002636146167448
AKAP13,0.0002625073665835
DIAPH3,0.0002620775422622
EXT1,0.0002598454266243
BBOX1-AS1,0.000257637681091
PRKCA,0.0002555003570536
WWOX,0.0002551083237204
MID1,0.0002534842485506
DOCK1,0.0002518218678963
ARHGEF38,0.0002500965480831
ABCC3,0.0002497445964691
RERE,0.0002468980190188
ARHGEF28,0.0002448076105743
TBL1XR1,0.0002440035752104
NINL,0.0002438552100817
PARD3,0.0002424589479462
IQGAP3,0.0002418156196956
EIF4G3,0.0002416115849011
AOPEP,0.0002400961141231
RABGAP1L,0.0002357006341574
PTK2,0.0002355279147308
C11orf49,0.0002349965511214
BRIP1,0.0002349913104096
KANSL1,0.0002325109563355
INPP4B,0.0002316676463845
DLEU1,0.0002302670419521
EXOC4,0.0002299538877268
RALGPS1,0.0002299046526303
GRHL2,0.0002293122471789
HMGA2,0.0002292549868048
DNAH14,0.0002278264333821
ATR,0.0002273601151372
CLASP2,0.0002273070285759
MELK,0.0002261407177498
NCAPG2,0.0002258713403779
PLEKHA5,0.000225241921947
TNIK,0.0002249918813488
R3HDM1,0.0002248835905939
EFNA5,0.0002244194943336
PARD3B,0.0002231372195682
ARL15,0.0002220416622903
ETNK1,0.0002215026468117
GRAMD2B,0.0002210189099428
GMDS,0.0002202954533993
SHANK2,0.0002200484357139
TMTC2,0.0002194029344748
DLG1,0.0002183888370082
ECT2,0.0002160168455601
LRMDA,0.0002149300064415
CIT,0.0002148735785707
TBC1D5,0.0002141661424379
TAF15,0.0002141308249235
ST5,0.0002126940862124
EHBP1,0.0002125325282256
RALGAPA2,0.0002116542266264
PTPN4,0.0002110936000904
ANXA4,0.0002103849224267
DANT2,0.0002090058786594
CAMKMT,0.0002084587505005
NF1,0.0002082096748901
ASPM,0.0002080125349182
ANK3,0.0002071986733457
VPS13B,0.0002070098018264
CENPE,0.0002068487609712
PPM1L,0.0002066454993307
COG5,0.0002061258525645
PLEKHG1,0.0002049671008735
ARFGEF1,0.0002040393142138
SPTSSB,0.0002032444961461
ZRANB3,0.0002031987365154
ADK,0.0002031476233772
METTL15,0.0002027851991693
DIS3L2,0.0002027253660404
IMMP2L,0.0002024888864227
KIF18A,0.0002019353294589
POLQ,0.0002017474433166
UMAD1,0.0001999673841997
CCDC14,0.0001990202161701
RABGAP1,0.0001990168764274
RAD51B,0.0001978938073911
ZBTB20,0.0001978654245003
Z94721.1,0.0001976354436436
DNAH5,0.0001970956578812
SPIDR,0.000196898932827
ADGRA3,0.0001966812960389
RPTOR,0.0001963738676818
LYPD6B,0.0001963103627482
R3HDM2,0.0001960318353026
BICD1,0.0001958509845903
PATJ,0.0001957285139841
UCK2,0.0001954869401918
CCNF,0.0001953804906833
CENPP,0.0001953777642093
CCDC91,0.0001952697335554
VWA8,0.0001952638337126
PHF14,0.0001950880426077
IFT80,0.0001950850296721
NDC80,0.0001949586309244
CHRM3,0.00019474284045
SENP6,0.0001944341015115
STIL,0.0001943978050423
ANLN,0.000194122672374
ATF7IP,0.0001941140029385
DBF4B,0.0001937842271686
FNBP1,0.0001937131475352
PDE4D,0.0001935882309566
KIF14,0.0001926526271924
TANC2,0.0001925332142054
WDR62,0.000192505640646
USP34,0.0001922969566665
THADA,0.0001920992168967
TARBP1,0.0001920898973776
MYO10,0.0001919303969304
WSB1,0.0001916694488619
PCNX2,0.0001913613872167
WDPCP,0.0001911198365097
BCAS3,0.0001910621349449
AGMO,0.0001908964699597
ATG7,0.0001901035353526
CPSF6,0.0001898312494235
FRMD5,0.0001898140348597
PLCH1,0.0001894507595143
ORC2,0.0001894387840649
SMYD3,0.0001889629786373
DCAF6,0.0001888684852089
KIF20B,0.0001885050343647
ZCCHC7,0.0001882320168789
SRPK1,0.0001879233605531
RAPGEF2,0.000187789956076
VMP1,0.00018759071036
FAM172A,0.0001875619488072
ARFGEF2,0.0001874293892127
BRAF,0.0001873762060745
MACC1,0.0001873637366697
CEP192,0.0001871683655308
ZMYM4,0.000186967518924
PLS1,0.0001868584513198
CUX1,0.000186611104434
CASZ1,0.0001862802999812
CKAP2,0.000186168236421
CCDC18,0.000185824733601
TRIM2,0.0001851822337513
KIAA1217,0.0001842473833401
PLEKHA7,0.0001839748278013
UBR5,0.0001838052315235
EHF,0.0001837060406474
CTNND1,0.0001834956158706
TNRC6A,0.0001829545438142
GINS1,0.0001827351144544
ACBD6,0.0001827325936777
ATXN7L1,0.0001826494935098
RALGAPA1,0.0001824001881821
SCAF8,0.0001823394582705
SH3PXD2A,0.0001823322275894
PRIM2,0.0001820534009409
CARD18,0.0001820287440874
PCAT1,0.0001815607565844
FAM135A,0.0001814021944493
PCCA,0.0001810460849142
FARS2,0.0001794558898261
ABCA1,0.000179441572899
NPAS2,0.0001792539567723
CARMIL1,0.0001790918821992
BIRC6,0.0001790851254967
TTC17,0.000178703868793
PRH1,0.0001785968878742
PRC1,0.0001785933762736
VPS8,0.0001783309681267
MYO1E,0.0001777772950227
CBFA2T2,0.0001776298024799
RBPMS,0.0001772084972153
TRMT11,0.0001769805724271
RAD18,0.0001761233013065
CLASP1,0.0001760973757295
ZNF207,0.0001760941651736
NCOA3,0.0001758960431513
FGD4,0.0001755776223609
ATAD2,0.0001755773697553
SMC4,0.0001754813265531
OXR1,0.000175290845544
FARP1,0.0001749039672964
PIBF1,0.0001742405036234
CENPI,0.0001734620633559
MAGI1,0.0001734459155534
PCDH7,0.0001732319555886
FARP2,0.0001729402625425
BRCA2,0.0001727120640882
ZNF337-AS1,0.0001726680776693
KIF4A,0.0001725081677886
HNF4G,0.0001722773901321
NAPEPLD,0.0001722678204356
STOX2,0.0001717758057678
TBCK,0.0001717460557792
RUNX1,0.0001716422256787
FGGY,0.0001716253882549
NEDD4L,0.0001715302578192
ARID1B,0.0001713717402132
SRPK2,0.0001710464632846
NUP107,0.0001708159885849
TMEM241,0.0001704181679468
CYP3A5,0.0001703747083911
STX16,0.0001697880054205
HDAC8,0.0001697292211171
CFAP44,0.0001696082979514
ZNF407,0.0001694762179236
GOLPH3L,0.0001694432061734
SYTL2,0.0001693818062634
XRN1,0.0001691580157261
ETV6,0.0001687523062546
BRCA1,0.0001685882357107
PRELID2,0.0001685143707005
HMGA1P4,0.000168488837345
PIK3CB,0.0001683322054375
PHACTR2,0.0001683005996803
PHC3,0.0001677481833203
PDSS2,0.0001675005569009
CRPPA,0.0001674573224279
BUB1B,0.0001674341292831
KNL1,0.0001673362077311
ZFR,0.0001673173133361
AHI1,0.0001670949402512
FOXP1,0.0001667264224981
GMDS-DT,0.0001666757588438
FOXK2,0.0001663547738324
ARHGAP32,0.0001660413493759
EYA2,0.0001654663870737
SDCCAG8,0.0001651560638451
MPHOSPH9,0.0001651317501568
TTK,0.0001649916290752
ANKRD17,0.000164819758743
TRAPPC9,0.0001645109650504
CDK13,0.0001644574298539
GRK5,0.0001637392320519
PVT1,0.0001632400420939
GTSE1,0.0001632205201735
RACGAP1,0.0001629017701729
MAP3K13,0.0001626499213936
NFIA,0.0001622903987036
CAPN8,0.0001620047988154
UQCC1,0.0001619112055328
NLK,0.0001618965039727
CDCA2,0.0001618712680135
AFG1L,0.000161534288385
MBD5,0.000161400680643
SLC12A2,0.000161302696173
MYO1D,0.000161166899588
DIAPH2,0.000161085936294
SUPT3H,0.0001609458432734
NBAS,0.0001608748352384
OVOL2,0.0001606949568336
HIVEP3,0.0001603480233932
SEMA3E,0.0001600472155249
CERS6,0.0001599085757862
CDKAL1,0.0001597736881792
CTPS2,0.0001596011415188
RAPGEF5,0.0001595110609009
KIFC1,0.0001592868259026
MIPOL1,0.0001592551890413
SIPA1L1,0.0001592411813298
BUB1,0.0001591779405314
AGO3,0.000159012831421
NUF2,0.0001589057558298
MIR31HG,0.0001586371159114
KANTR,0.0001585395749222
SHCBP1,0.0001580483409765
TLN2,0.0001579305488084
FAM160A1,0.0001578876959913
STEAP2,0.0001578573154739
PTPN2,0.0001576481922657
LLGL2,0.0001575050156002
CDK6,0.000157236497632
PPM1H,0.0001572269047018
TBC1D22A,0.0001571991563313
CAMK2D,0.0001571025969896
CCDC138,0.0001570079363435
C20orf194,0.0001569973242391
MAML3,0.0001569208603618
HIBCH,0.0001564789564874
RAB3IP,0.0001562987608172
RAB3GAP1,0.0001562566565135
GPATCH8,0.0001556480743594
MTX2,0.0001555949260563
RBFOX2,0.0001555930198763
JPX,0.0001555701648392
RSRC1,0.000155376392986
WARS2-AS1,0.0001553295089683
NEIL3,0.0001553187782106
PRKCI,0.0001552205544184
RASGEF1B,0.0001549777293699
UBR3,0.0001547864950643
PUM1,0.0001546695735915
TRIP12,0.000154606625647
RANBP17,0.000154433752031
TMEM135,0.000154300284048
DAPK1,0.0001542876791525
CNOT4,0.0001542157528995
NUSAP1,0.0001540884768854
NFIB,0.0001539375485501
ASF1B,0.0001539137391934
RHPN2,0.0001536266104656
FASTKD1,0.0001535493239168
MOSMO,0.0001533461201189
SEPTIN9,0.0001533279077983
TOP2A,0.0001531179070527
ICA1,0.0001530154282229
GTF2I,0.0001528054813415
WDR70,0.0001527610679541
BAZ2B,0.0001526184599053
MYO5C,0.0001523750619039
VPS13C,0.0001521268472805
SH3RF2,0.0001519899806843
SULF2,0.0001519543907082
C1orf112,0.0001519315209395
ALS2,0.0001518070317947
CTBP2,0.0001516306574327
AP002495.1,0.0001514734220384
PIF1,0.0001513566323621
C11orf80,0.0001512752554737
IQCB1,0.0001507928799499
KHDC4,0.000150760544487
CUEDC1,0.0001506582677249
SHTN1,0.000150562052843
KIF2C,0.0001505442183848
AMMECR1,0.0001504293306469
PALLD,0.0001504080568526
ASH1L,0.0001503377894691
SPATA6L,0.0001501998745233
CIP2A,0.0001499734082357
BTBD9,0.0001499611633886
MTUS1,0.000149891590478
CHD6,0.0001498769861261
ARHGAP26,0.0001498303290669
INCENP,0.0001497163998714
NHSL1,0.0001495999503671
PRKG1,0.0001495431826987
RICTOR,0.0001495006996402
CHD9,0.0001494759380637
PIK3CA,0.0001493918913223
SPATA5,0.0001492749282941
FRY,0.0001492494388292
C1GALT1,0.0001492472736214
TRPC4AP,0.00014914633148
ARHGEF3,0.0001491155571405
PKP4,0.0001488587662253
PBX1,0.0001487935574707
MIR181A1HG,0.0001487777782487
SMURF1,0.0001487558941726
MRTFB,0.0001486651843051
DDAH1,0.0001486287016444
TATDN1,0.0001485697608879
PARPBP,0.0001485268573244
BLM,0.0001484349859562
ANKS1A,0.0001483880718999
TPX2,0.0001483292955287
NR2F2-AS1,0.0001482373033609
KIF23,0.0001481645770139
ATAD5,0.0001479370752161
FAM72B,0.0001478685473316
RALGPS2,0.0001478171883416
CACNA1D,0.0001477489749034
PRR11,0.0001473277979842
GEN1,0.0001471290380258
HDAC4,0.0001469917584173
ATF7IP2,0.0001469504502427
XDH,0.000146936154279
KIF11,0.0001469278858396
ZFAND3,0.0001468923044015
TMEM182,0.0001466223235057
FHIT,0.0001465799569191
OSBPL3,0.0001464732362639
PIP5K1B,0.0001463154386139
TET2,0.0001462262268588
SH3RF1,0.0001461928326179
VPS13A,0.000146181664691
RABGEF1,0.0001461078105503
NCAPG,0.0001460611817535
GSTO2,0.0001459282519741
DTNB,0.000145813088165
GALNT7,0.0001455000974515
AURKB,0.0001454381224491
ELP4,0.0001454373142212
CCDC150,0.000145368490155
GABRP,0.0001452837696235
ASCC3,0.0001452736496414
POLE2,0.0001450739546555
SETD5,0.0001450680996089
SLC25A43,0.0001449310990793
CKAP5,0.0001448947930336
YAP1,0.0001448702121911
PCNX4,0.0001448336437078
CDK14,0.0001446352296008
TBC1D32,0.000144525969411
NR6A1,0.0001444158690259
OLA1,0.0001441414811479
LRRC69,0.0001441261510653
TAF2,0.0001438277756115
NCOA6,0.0001437969249193
MAP4K3-DT,0.0001437433996226
UBE2E3,0.0001437224151636
SRGAP1,0.0001436006717357
ATP10B,0.0001434882154174
TNRC6B,0.0001433150192627
SKAP2,0.0001432964602321
MYO18A,0.0001431479256953
CAPN9,0.0001431183570561
PIAS1,0.0001430646628875
SUCLG2,0.0001428343591198
SEMA3C,0.0001427654426901
RASA1,0.0001426777621216
FRK,0.0001426012113803
JMJD1C,0.0001425991369557
GSE1,0.0001425325184164
REV1,0.0001424590073582
ACACA,0.0001421993197059
RHOBTB1,0.0001421984101098
KAZN,0.0001420462731297
TCF7L2,0.0001418262662918
SLC9A7,0.0001417088628186
CASC9,0.0001415930635672
CASK,0.0001415211380352
C5orf66,0.0001413665982271
PTPRE,0.0001412633729164
RAD54L,0.0001412085049513
MBTD1,0.0001411316077367
MND1,0.0001409053222918
CEP55,0.0001408705226021
MIRLET7BHG,0.0001408241651412
NEAT1,0.0001406337603583
SKAP1,0.0001405835497147
RBM26,0.0001405566356597
MYO19,0.0001405309070251
FANCA,0.0001405091391313
TFCP2,0.0001404327239374
LETMD1,0.000140266695801
AVL9,0.000140112695584
SPG11,0.0001400670368087
SETD2,0.0001399609116543
AGBL4,0.0001399242750729
IQCH,0.0001398321501173
NFAT5,0.0001396385914709
ENAH,0.0001395156370887
DBF4,0.0001393414983256
MSH5,0.0001391923340086
BORA,0.0001390611412967
NEMF,0.0001388935274835
CSPP1,0.0001386414700694
NR2C1,0.0001386062766241
HIBADH,0.0001385129343617
ZNF638,0.0001380699320043
SLC22A3,0.0001379904907542
APOLD1,0.000137708171481
RFC3,0.0001376975062231
EHMT1,0.0001375519893797
TRA2A,0.0001373593270166
FBXW8,0.0001373567948568
GPHN,0.0001373212506225
ACTR3C,0.0001372407798373
RAB40C,0.000136962212193
RASSF6,0.0001366624078835
RAD54B,0.0001365997087483
POC1B,0.0001365130664388
GRIP1,0.0001365103803343
WDR33,0.0001364345093928
KANSL1L,0.0001364041977021
PHIP,0.0001363944733566
PLCB4,0.0001362063068787
STAU2,0.0001361384715505
IMMP1L,0.0001359451158335
DENND5B,0.0001358815479943
EPS8,0.0001358069424843
DAP3,0.0001357731178392
IQCH-AS1,0.0001357622594661
CLINT1,0.0001357342932532
FBXL17,0.0001357171189895
MYOF,0.0001356818523686
GIGYF2,0.0001356795179471
ITPR2,0.0001356205604682
LDLRAD4,0.0001356005654133
TIAM2,0.0001355943428106
REXO5,0.0001354701249679
DHX32,0.0001354396697689
ABCD3,0.0001354355242057
GPATCH2,0.000135369796961
UBE3C,0.0001353348455374
LONP2,0.0001353228263767
NHS,0.0001353096699054
ZMYM2,0.0001353059652781
NBEA,0.0001352987039054
CEP128,0.0001352674487166
ZNF652,0.0001349759577336
FUT8,0.0001349394690995
TSEN2,0.0001349231403693
FAM49B,0.0001349204678994
MCM8,0.0001348802942775
WDHD1,0.0001348199135628
MNAT1,0.0001347482088857
PIGN,0.0001346027822298
SUPT20H,0.0001345028965635
SNX14,0.0001344341816377
TSC22D1,0.0001342894086402
URI1,0.0001341502436928
NCAPD3,0.0001341002084253
DNA2,0.0001340644840745
TASP1,0.0001340619574419
NEK7,0.0001340007957044
RPAP2,0.0001339638260525
SCGB2B2,0.0001339171808306
ESCO1,0.0001338187113809
ITGB8,0.000133805305625
CCDC57,0.0001334525486432
SNX13,0.0001332157282432
MAP4K3,0.0001331331057579
TDRD3,0.0001330860601819
TOX3,0.0001330713659399
CAMK2G,0.0001329158638931
USP48,0.0001328808449517
PTBP2,0.0001328120099903
PHF21A,0.000132803273744
CCDC30,0.0001326752525611
RBM39,0.0001326008120367
COL27A1,0.0001325338254585
MAGI3,0.0001324176991272
ARID5B,0.0001323129380039
CHD7,0.000132074656922
UBE2H,0.000132035190234
ACACB,0.0001319349581744
SINHCAF,0.0001319064688252
SPAG17,0.0001318697508665
MIR4713HG,0.0001318494266396
WDR27,0.0001318484370706
GLIS3,0.0001318187017594
ANKS6,0.0001317303444356
LIMD1,0.0001316188695684
USP40,0.0001315043713674
BBOX1,0.000131294247564
TET3,0.0001311948897994
MROH1,0.0001311423601904
FBXW4,0.0001311304453535
CNOT2,0.0001308879513867
PCED1B,0.000130827441692
OPA1,0.000130817764227
ATRX,0.0001307384555418
CYP4X1,0.0001306837313401
ERC1,0.0001303770309409
KIAA1328,0.0001303708500046
SLX4IP,0.0001303118689833
SULT1A1,0.0001302257370902
PRPF40B,0.0001300196815542
ATRN,0.0001299718959769
GARS-DT,0.000129872915186
EFCAB11,0.000129709373944
CIITA,0.0001297013613599
CATSPER2,0.0001295726926469
NVL,0.0001294175988347
CABYR,0.0001294050711529
DENND4C,0.0001293819951391
PKHD1,0.0001293630890872
ECHDC2,0.0001293542145789
NUTM2B-AS1,0.000129346720598
NSMCE2,0.0001292993756152
HELB,0.0001292006514369
CLIP4,0.0001290902538137
EPB41L1,0.0001290479398914
SKA3,0.000128897091186
SOS1,0.0001288778200474
EXPH5,0.0001287504525585
POF1B,0.0001285467286096
IQANK1,0.0001283942622823
ATE1,0.0001283371383323
DOCK5,0.0001283320951556
CLIC6,0.00012827816153
FAM117B,0.0001280155977611
GALNT10,0.0001279885097228
ELF1,0.0001279215627249
ATAD2B,0.0001278594599275
FOCAD,0.0001276831455933
ESPL1,0.0001275759818756
ZNF280D,0.0001275599122739
NIPAL2,0.0001272169553069
NCAPH,0.0001272090913701
NDC1,0.0001270998599895
USP24,0.0001270255179303
ANKRD46,0.0001269911450648
CDK19,0.000126946278469
TANC1,0.00012664959212
OSBPL9,0.0001264331626561
FRAS1,0.0001264157954357
SPEF2,0.0001261833859316
NOS1AP,0.0001261823240788
EFHC1,0.0001261501117081
NCKAP5,0.0001261418886579
TACC3,0.0001260392703505
PIKFYVE,0.0001260120707434
MSI2,0.0001259388028723
SAMD12-AS1,0.0001258752153721
ZNF780B,0.0001258592729779
SRBD1,0.0001258118364171
FAM120B,0.0001257612924768
BCL2L14,0.0001257222863119
LCLAT1,0.0001256773693366
GPR39,0.0001254953009452
MACF1,0.0001253686470358
ZFYVE9,0.000125364760478
BTBD10,0.0001253291314295
TRERF1,0.0001253022819337
FAAH2,0.000125301038159
ABL1,0.0001252934677926
SLC39A11,0.0001250707040417
DYM,0.0001249818824693
SPATA6,0.0001249421429866
MAP2K5,0.0001246942309909
ARSJ,0.0001246562420068
EPB41,0.0001245786680027
ZNF827,0.0001245502024057
LRP5,0.000124499179875
ARMC8,0.000124498917914
HGD,0.0001244621686963
AURKA,0.0001243992118735
CLMN,0.0001243929513158
MBNL1,0.0001243610495279
ZNF33B,0.000124343497767
POGZ,0.0001243313838086
LIMCH1,0.0001241819879733
HOXB3,0.0001240917105762
ARMH3,0.0001240237247287
PPP1R12B,0.0001239420671375
RAI1,0.0001237138151534
C2orf27A,0.0001236533923626
STXBP6,0.0001236129024531
PLD1,0.0001234476986857
PRPF3,0.0001231413633318
LRCH3,0.0001229943131174
POC1B-AS1,0.0001229394593702
PPP6R2,0.0001229187344726
MYO9A,0.0001228984111479
BARD1,0.0001228493246248
ZNF138,0.0001228491376002
RHOT1,0.000122819685007
LIN9,0.0001228124900282
KIAA0556,0.0001227749085047
CCDC191,0.0001225658061358
CPA6,0.0001225146964977
NSD1,0.0001224896080762
IFT74,0.0001224862803712
KANK1,0.0001224556292854
TROAP,0.000122440481861
VPS45,0.0001224164263481
TIA1,0.0001223235371135
ZNF503-AS1,0.0001223158015888
IGSF1,0.0001222817667136
CTPS1,0.0001219574444613
PASK,0.0001218532372631
PPFIBP1,0.0001217624095674
TTI1,0.0001213837125961
FUT9,0.000121369966494
CRLS1,0.0001213664103959
ENOX2,0.0001213355777938
RNF207,0.0001212043351173
DLG5,0.000120998766315
MIR181A2HG,0.0001209940325739
HECTD4,0.000120948691953
CENPK,0.000120912742717
JAZF1,0.0001208603373006
PPP3CA,0.0001208220428987
ENOSF1,0.0001207079773794
CEP70,0.0001206692054328
C2CD5,0.000120614408953
DNM1L,0.0001205300214869
MCCC2,0.0001205034006049
SORBS2,0.0001204995950822
SH3YL1,0.0001204555612185
DYNC2H1,0.0001204315207229
FANCD2,0.0001203819479976
POC1A,0.0001201882600495
CUL5,0.0001201296870208
LRIG3,0.0001200435600816
CSNK1G1,0.0001199136702894
CCDC18-AS1,0.0001198641935384
SCLT1,0.0001196980460028
AFAP1,0.0001196967397558
STK38L,0.0001196948756642
CREBBP,0.0001196824176588
TMEM67,0.000119665720791
GABPB1-AS1,0.0001195848345239
DOP1A,0.0001194208752619
VRK2,0.0001194132127969
COL4A5,0.0001193477116044
KIF15,0.0001192906900043
SGMS1,0.0001192558324031
NRIP1,0.0001192467860631
BBX,0.0001191676511217
PPA2,0.0001191672934193
TNRC18,0.0001190150344805
FBXL2,0.0001189910661767
PUM2,0.0001189287583606
AP001207.3,0.0001188861332208
KIAA1211L,0.0001188070594563
ATP10D,0.0001187625227702
RC3H1,0.0001186794721757
KIF16B,0.0001186382406514
IQSEC2,0.0001185499987467
SULT1C2,0.0001184473054694
RIN2,0.0001184345827134
DEPTOR,0.0001183879986954
TICRR,0.0001182933191726
MAML2,0.0001182615497431
PHYKPL,0.0001182506743166
RNF213,0.0001182401649324
TIAL1,0.0001182300902096
FOXJ3,0.0001181606646628
REPS1,0.0001180689320056
CMIP,0.0001178917756805
PTPN9,0.0001177274525284
CSNK1A1,0.0001176495278002
PCSK6,0.0001175977685999
KDM2A,0.0001175897410882
RNF213-AS1,0.0001175605539466
CCND3,0.0001175553616905
FBXO38,0.000117252667945
SLC44A5,0.0001172396967313
MFSD4B,0.0001171471719383
ZMYND11,0.0001171434224259
HMMR,0.0001171001814144
ARHGAP11A,0.0001170990349817
TENT4A,0.0001170787341948
LRP8,0.0001170542174688
SNX29,0.0001170467988795
RFX3,0.0001170367865873
MYEOV,0.0001169863160064
CDC25C,0.0001169498792612
ATL2,0.0001167969795984
DZANK1,0.0001167387659805
DGLUCY,0.0001166714085104
ACOT11,0.0001164971975708
LRSAM1,0.0001163119140915
HERC1,0.000116230516211
DEPDC1,0.0001161880569367
BPTF,0.0001160024931748
CASC19,0.0001159996470718
TNKS2,0.0001159782527171
HOOK2,0.0001159566840005
LMTK2,0.0001158056066088
BCLAF3,0.0001157497982947
TMEM63A,0.0001156930044047
CMSS1,0.0001155846329923
FNBP4,0.0001154701304568
CHKA,0.0001154566269678
PARN,0.0001153991011303
PAK1,0.0001153232670764
CABLES1,0.0001153188811909
MAP3K5,0.0001153179275232
PLEKHA6,0.0001152966585044
KIF24,0.0001152348117999
ITCH,0.0001151710518176
C15orf41,0.0001151664366047
XKR6,0.0001151515430126
FSIP2-AS1,0.0001151257218147
TMEM267,0.0001150517734265
ARHGEF10L,0.0001149381520076
ESRRG,0.0001147428669758
SEC23IP,0.0001146720668753
CWF19L2,0.0001146590668879
FBXL13,0.0001144712439953
ZNF519,0.0001144367621122
IREB2,0.0001144281719504
USP54,0.00011442169752
MINDY4,0.0001143682381826
DHX8,0.0001143230327078
BTRC,0.0001143097830217
XPO1,0.000114217878716
PSD4,0.000114146833344
CDCA8,0.0001141174059268
LURAP1L,0.0001140348830752
ZNF875,0.0001140088688714
USP6NL,0.0001139676430195
DPH6,0.0001138913050828
POLA1,0.0001138708296508
CCDC186,0.0001137993981629
ATXN10,0.0001137942592905
MTMR12,0.000113698350975
GTF2IRD1,0.000113672909578
WDR35,0.0001135558854233
ALG13,0.0001135082856179
ANKRD28,0.000113404646442
CEP126,0.0001133484452308
APTR,0.0001133366360196
PPARG,0.0001133296405685
CDCA4,0.0001133052162834
XRRA1,0.0001132455305177
LMBR1,0.0001131930989193
PILRB,0.0001130395224215
EFCAB2,0.0001128935989066
CHEK1,0.0001128434640307
PEX7,0.0001127798612843
PTPN12,0.0001126876460049
FBXL20,0.0001126570640517
MLLT3,0.0001126383174607
USP53,0.0001126290689056
ORC6,0.0001125786141887
LGR4,0.0001124417354488
ZSCAN31,0.0001123916053977
ZSWIM5,0.0001123791686152
LYPLAL1,0.0001123492629004
CD2AP,0.0001123391258699
ZNF586,0.0001122452510349
ATP1B1,0.0001122048445567
KLHDC10,0.0001121421012761
AMBRA1,0.0001121065275657
N4BP2L2,0.0001119072417595
MLLT10,0.0001118492265087
TESC,0.0001117460674711
DCLRE1C,0.0001116797475122
TENT2,0.0001115696164775
WDR37,0.0001115505922169
ZNF107,0.0001115476559232
PACRGL,0.0001114190623057
VTCN1,0.0001113889828124
WNT5B,0.0001112428138479
CBR4,0.0001112386495051
NRSN2-AS1,0.0001112281509075
NR2C2,0.0001112193984533
CCL28,0.0001111786006433
CAPS2,0.0001111552612098
XYLB,0.000111127646777
AP3S2,0.0001110714355832
POLR2J3,0.0001110679607965
TMEM45B,0.0001110452862286
TMEM117,0.0001110065152811
CATSPERB,0.0001109877584164
SMARCC1,0.0001109621723087
CCNT2,0.0001108830509659
UBA6-AS1,0.0001108444821934
BANK1,0.0001108071287449
KIF13B,0.0001108014209376
FRYL,0.0001107935254159
KCNK1,0.0001107574229473
FBXO32,0.000110692114432
KAT6B,0.0001106514056453
NIPAL3,0.0001105960108286
SFSWAP,0.0001105903507543
CA5B,0.0001105705753945
SYCP2,0.000110560448225
CDK1,0.000110508015231
ATP2C1,0.0001104266725325
POLA2,0.0001103590942918
PPARGC1A,0.0001103010602239
USP10,0.0001103009680511
BTBD3,0.0001102478041158
TCP11L2,0.0001101918181209
MTBP,0.0001101398013925
LUC7L3,0.0001100414981022
FANCB,0.0001100112631636
USP47,0.0001099853307787
CWC27,0.0001099123769997
RCOR3,0.0001098551902334
DGKH,0.0001097303329242
PLA2G4A,0.0001096301735165
KDM4C,0.0001095690950936
DIP2B,0.0001095407503496
BCKDHB,0.0001095145460732
OGT,0.0001094983190438
ZNF721,0.0001094948970261
CRCP,0.0001094927930253
TRPS1,0.0001094850980907
IGF2BP3,0.0001093191334431
UBA2,0.0001093053872091
XPR1,0.0001092499085386
PER2,0.0001092092620786
HHAT,0.000108914872154
ANKRD26,0.0001088526835836
NUBPL,0.000108809290202
AHR,0.0001087920988149
ARGLU1,0.0001087717623204
IGF2BP2,0.000108742371965
MIS18BP1,0.0001087255801046
SNAPC3,0.0001086870492385
C21orf58,0.0001086541766566
FOXM1,0.0001086205742128
CHTF18,0.0001086036086063
C2CD3,0.0001084518611787
NAPB,0.0001083432080277
PPP1R9A,0.0001083367812837
MRE11,0.0001083185590867
MGAT5,0.0001082132865653
ATP2C2,0.0001081945747856
SSH2,0.0001081513811968
FANCL,0.0001080938421456
SLC22A15,0.0001079356909675
TMCC1,0.0001078534392709
GAREM1,0.0001078485373587
CSTF3,0.000107833073377
CCDC146,0.0001077757028207
PACS1,0.0001076577482176
DARS,0.0001076503242063
AP000873.2,0.0001075969140849
VTI1A,0.000107512370523
MRPS27,0.0001074649176616
SMAD3,0.0001074353328325
CPLANE1,0.0001074331179985
MAPK9,0.0001074146405479
UNC13B,0.0001073816793203
PSRC1,0.0001073453762156
ARHGAP12,0.00010724861156
MBNL2,0.0001072469547533
ABO,0.0001072157684639
ATM,0.0001071735319266
PCBD2,0.0001070503831106
CENPL,0.0001070304076969
FBF1,0.0001069682333006
SNHG31,0.0001069351948345
BMPR1A,0.0001069302392417
KMT5B,0.0001069178512433
MTM1,0.0001069077820607
ZBTB7C,0.0001068684877653
GSTCD,0.0001068165984042
ARID2,0.000106753329975
MON2,0.0001067098220836
NFKBIZ,0.0001065012188829
SYT17,0.0001064124301061
FNBP1L,0.0001064072741111
DNAH7,0.000106259131722
ZNF33A,0.0001061953841993
GAS8,0.0001060744204258
KIAA1958,0.0001059870158447
SYNE2,0.0001059359045496
PCMTD1,0.0001059120528917
MZF1,0.0001058954282454
BABAM2,0.0001058765177718
DDX11,0.0001058588679037
TRIM66,0.0001057338543715
MRRF,0.0001057231163958
EZH2,0.0001057153701816
RBL1,0.0001055965736096
CHCHD3,0.000105591901873
FANCC,0.0001055791607613
TFDP2,0.0001055743133118
GCNT2,0.0001055478140936
SAMD5,0.0001055416879058
FAM222B,0.0001055375949452
MCCC1,0.0001055231961353
STRBP,0.0001055117657549
PPARGC1B,0.0001055099920524
MAPKAP1,0.0001054981939885
ITFG1,0.0001053590652905
TFCP2L1,0.0001053245007417
MCM10,0.0001053136751883
ATF7,0.0001052997867378
KIZ,0.000105292485593
GFPT1,0.000105260787533
SEC24B,0.0001052564809437
PPP2R3A,0.000105207403642
MAP7,0.0001051757022763
AGPS,0.0001051714707384
SIK3,0.0001051402790339
C1orf159,0.0001051016495692
ZKSCAN1,0.0001050883210183
RSF1,0.0001050657491778
EML4,0.0001049922532666
RNF144B,0.0001049330808527
TAPT1-AS1,0.0001048878703017
SPICE1,0.0001047648848158
ORC5,0.0001046371853087
RHOBTB3,0.0001045355390923
MIPEP,0.0001045169586049
KDM5B,0.0001044712432014
MEIS2,0.0001044508721097
SPC25,0.0001043753493609
ZNF131,0.0001043646400398
HULC,0.0001043597282623
KCTD3,0.0001043007929629
VSTM5,0.0001042218868827
MSH3,0.0001042123655921
MYO6,0.0001041019708583
DROSHA,0.0001040762948287
BRWD1,0.0001040691162647
PRKCE,0.0001040665925589
CASP8,0.0001040391536185
MKI67,0.0001040123144806
GSAP,0.0001039378689306
CFDP1,0.0001038963852083
DMXL2,0.0001038124225514
PPP1R13B,0.0001037314053094
PDZD8,0.0001037218039723
COL28A1,0.0001036331212931
RALGAPB,0.0001035848654226
CFTR,0.0001035334918663
NBEAL1,0.000103490950423
TRIM33,0.0001033998280769
AKAP10,0.0001033630233056
STK33,0.0001033327707197
SRD5A1,0.0001033312697345
EVA1C,0.0001033042810249
GSK3B,0.0001032659635118
MROH7,0.0001032582665577
TTC8,0.0001031997719591
PMS1,0.000103191521426
STAG1,0.0001031829159027
COG7,0.0001031813765371
PLEKHS1,0.0001031514200136
LAMTOR5-AS1,0.0001031504823765
ATP9B,0.0001031208661818
HS2ST1,0.0001031120396193
ANAPC1,0.0001030614628641
RMDN2,0.0001029927027744
SPC24,0.0001029362349363
INO80D,0.0001028808941969
BTBD8,0.0001028304454664
ZSWIM9,0.0001027959468061
PAX8-AS1,0.000102753796434
LEKR1,0.0001027402963788
MECP2,0.0001027061042665
ADH6,0.0001026788079808
EPB41L4A,0.0001026103372835
NSRP1,0.000102552831455
FGFR1OP,0.0001025020031438
TLK1,0.000102453334763
CKLF,0.0001024417886795
GAS2,0.0001024100523918
GPBP1L1,0.0001023740107231
ACAD11,0.0001022676664847
DPY19L4,0.0001022566717275
BBS9,0.0001021897550645
TNKS,0.0001020879206026
CRACR2A,0.0001020366500602
HJURP,0.0001020070909168
RPRD1B,0.0001019768055657
ANKRD6,0.0001018540384087
SLC10A7,0.0001018499296612
SMARCAD1,0.0001017798504548
UPRT,0.0001017065253739
MGME1,0.0001016994910331
SCYL3,0.000101678933326
ASCC1,0.0001016111934083
WDR60,0.0001015939282278
DNM3,0.0001015883266891
WDR92,0.0001015761025549
FANCM,0.0001015226995422
CNOT10,0.0001015056868019
TAOK1,0.0001014992348002
ABLIM3,0.0001014359327173
INTU,0.0001014045249279
NMD3,0.0001013971479596
CDC45,0.0001012708734521
SND1,0.0001012678530337
GABRB3,0.0001012337209201
ACOT9,0.0001012282999541
ERRFI1,0.0001012186793523
DOCK9,0.0001011998899253
KMT2C,0.0001009904037952
HSF2,0.0001009746217871
GNAQ,0.0001009352389663
CDC27,0.000100917123904
SLC4A5,0.0001009153223323
STK39,0.0001008828319984
SPATA13,0.0001007388580208
BCL2L1,0.0001007176410602
KRIT1,0.0001005296293524
THUMPD2,0.0001005281380886
BICRAL,0.0001005173839316
PAXIP1-AS2,0.0001005120213464
DNAJC16,0.0001005058368637
MMS22L,0.0001004440554644
MRTFA,0.0001002897844266
CCDC7,0.0001002783187035
FANCI,0.0001002363535304
MAK,0.0001002098086109
PPME1,0.0001001954320428
ZNF587,0.0001001796583482
INVS,0.0001001768353887
RPH3AL,0.0001000714885148
DNASE1,0.0001000068865329
ARL6IP6,9.991105919668622e-05
ZFAND6,9.98522812494303e-05
RNGTT,9.984534871110713e-05
L2HGDH,9.974696086908106e-05
KYAT3,9.971199309872754e-05
RBBP8,9.970865985194776e-05
TASOR2,9.963401453306144e-05
IWS1,9.962053146236684e-05
CSNK2A1,9.95635239997131e-05
CLEC16A,9.952616124572314e-05
ESRP1,9.950780460081308e-05
COBL,9.934715434139171e-05
PLK4,9.934495345551702e-05
SOBP,9.927535956603472e-05
GOLGA8B,9.924034960911864e-05
B3GALNT2,9.916376003745323e-05
PDK1,9.914410279023058e-05
STX18-AS1,9.912132974445588e-05
WWTR1,9.907615544966726e-05
ADNP,9.904949756837316e-05
SLC29A2,9.894048464357297e-05
LYN,9.884010544963456e-05
CSGALNACT1,9.876816338431942e-05
TRIM16L,9.866237557851098e-05
MTHFS,9.848785134174208e-05
PCM1,9.844532822475113e-05
CDYL,9.843711542981808e-05
ZNF678,9.830851408982696e-05
FAM83B,9.823786940611824e-05
MLPH,9.8190483303806e-05
COP1,9.817903510564628e-05
AK3,9.817515300582146e-05
FAM83E,9.813621451567388e-05
MNX1,9.813273649054924e-05
PREPL,9.811554809717669e-05
CLHC1,9.809684684369864e-05
RTKN2,9.807758050368871e-05
TMPRSS4,9.800886012791044e-05
VPS54,9.799112361984292e-05
ACIN1,9.78970995494282e-05
UBE4B,9.784137138978164e-05
CLOCK,9.781612242928878e-05
FIRRE,9.77895667530625e-05
TNPO1,9.777183555072848e-05
TCF12,9.775995190080685e-05
GOLPH3,9.77501520596078e-05
TMEM181,9.774560737603192e-05
BANP,9.769780193118215e-05
NUP160,9.756635627058827e-05
MAP4K5,9.756345364201432e-05
CRTC1,9.753127897195414e-05
SLC25A13,9.747676900503474e-05
PTCD3,9.74541287725648e-05
BCL2L15,9.743121949714112e-05
WDR78,9.739843232638248e-05
SPOPL,9.739408220564558e-05
MAP4K4,9.739043379373352e-05
IPO9,9.733957874445554e-05
ZNF10,9.732952396784034e-05
MITD1,9.730744941741066e-05
APOO,9.7260565491956e-05
FAM111B,9.725819105569246e-05
PDE3A,9.723405136244042e-05
CMTM8,9.723374104581588e-05
STYXL1,9.718371372135088e-05
MDM4,9.71565990900412e-05
RNF169,9.710020584750126e-05
SUMF1,9.70996081818703e-05
ACP6,9.709569646394948e-05
HNF4A,9.70411127620336e-05
TLK2,9.695488842595952e-05
ZNF695,9.693338040082968e-05
CABIN1,9.691994182001468e-05
XPO4,9.683436654949247e-05
PSMA3-AS1,9.683089037590646e-05
CDK18,9.677849473705104e-05
ARL17A,9.677384057763262e-05
USP25,9.67275308314029e-05
CDC42EP4,9.669534096706256e-05
HEATR5B,9.667772860439826e-05
TOPBP1,9.66269299937352e-05
CEP85,9.657326910078447e-05
SH3D19,9.65022453802646e-05
LRRK1,9.6485538955676e-05
ELMOD3,9.648318977722244e-05
LYPLA1,9.647656137356732e-05
LCOR,9.645929362944996e-05
TTLL3,9.63795515544344e-05
LARP1B,9.634814457556816e-05
SLC12A8,9.632555569137614e-05
MRM1,9.630191312498394e-05
POLR3E,9.630167975727812e-05
C9orf85,9.628485189962416e-05
TRAPPC8,9.62299346039364e-05
KIF13A,9.622866376344258e-05
TPD52L1,9.622252329016465e-05
ACVR1,9.621748852959233e-05
MGA,9.61419527933647e-05
STPG4,9.59902851532947e-05
ZNF148,9.598266592050776e-05
SLC35A3,9.597324520070654e-05
HEATR5A,9.595823890862612e-05
EYA3,9.58390531301694e-05
STK38,9.581351348569464e-05
CDC42SE2,9.580976573086884e-05
KLHL24,9.580017221296496e-05
KALRN,9.560734143345278e-05
CCDC130,9.558920719819756e-05
USP3,9.55620331577656e-05
ZC3H8,9.55448347007932e-05
RMI1,9.554031834332754e-05
CEP162,9.546520988774986e-05
ANKH,9.533849344783947e-05
SPIN1,9.53185570496852e-05
DLGAP5,9.529062889424358e-05
NT5C2,9.527468985123524e-05
SAP130,9.517464912172516e-05
SPATA17,9.505247974694766e-05
NOXA1,9.504991291637084e-05
VEZT,9.504235546698364e-05
XKR9,9.501738097846328e-05
PTER,9.499642055315752e-05
R3HCC1L,9.499442365617251e-05
COQ9,9.494700075067536e-05
PREP,9.494302238042111e-05
XPNPEP3,9.48917519074131e-05
MFSD4A,9.479103364134606e-05
HELLS,9.478597139582372e-05
HDHD2,9.474412220370072e-05
KIF3A,9.466255499546131e-05
SKIL,9.4657177022609e-05
PKN2,9.464352149998403e-05
MOCOS,9.459167164224637e-05
TGFBR2,9.458686630383168e-05
IKZF2,9.454746852422398e-05
AAGAB,9.452545404096706e-05
UBR1,9.45019643354001e-05
DOCK7,9.448384892327728e-05
NARS2,9.441067399465924e-05
LRIG1,9.43926197333106e-05
UBR2,9.438869260209957e-05
FAM149B1,9.434337462152034e-05
UBN2,9.43055845087866e-05
FANK1,9.430542935789448e-05
SBF2,9.425837871068823e-05
AQR,9.42579757358222e-05
LYRM7,9.4253178546264e-05
RBM45,9.424120405001252e-05
ULK4,9.423503250017023e-05
STK32A,9.41724312631344e-05
MEGF8,9.413887725789232e-05
ZC4H2,9.403250745138558e-05
ADD3,9.39592023067326e-05
CAPRIN2,9.395306235907138e-05
GABPB2,9.394627152024608e-05
CA8,9.393059833343526e-05
ZFC3H1,9.392950777528886e-05
SRSF11,9.379125422016442e-05
TMEM53,9.370632826387396e-05
TOM1L2,9.369267464261484e-05
HP1BP3,9.367597880639982e-05
PTPN14,9.367243208808162e-05
WDFY3,9.35322899248207e-05
FAM168A,9.349096613366224e-05
ITGB6,9.347232359440262e-05
USP32,9.339141064693344e-05
SMURF2,9.335512731572864e-05
PPIP5K2,9.324234943326815e-05
SOX6,9.32171606615112e-05
PECR,9.320603227136217e-05
SNX4,9.311414780730466e-05
TTC6,9.30987998138208e-05
SFXN1,9.30940413211354e-05
RAB30-DT,9.307372708105942e-05
MYO3B,9.30602484446368e-05
CKAP2L,9.3043908535945e-05
RAD9A,9.297468624620756e-05
HMGA2-AS1,9.296695562352606e-05
KIAA0319L,9.294673377642878e-05
GLMN,9.292087113733954e-05
AFMID,9.292036293990782e-05
RELCH,9.291603766148172e-05
GPR155,9.290724208578428e-05
CAP2,9.290275657791288e-05
RFWD3,9.287487612538186e-05
HEATR1,9.277451955958455e-05
KITLG,9.272435225867296e-05
SLC22A23,9.270410384825142e-05
OXCT1,9.266236694927265e-05
NSD2,9.264761213242936e-05
RWDD3,9.257648536921284e-05
TTC39C,9.25692710087459e-05
NEK6,9.254745687673992e-05
NBR2,9.251367358274396e-05
AF230666.1,9.248794594600102e-05
HUWE1,9.243545820538668e-05
CREBZF,9.234002415003738e-05
RBM41,9.233594918810376e-05
CDKL1,9.228425498184927e-05
FAR1,9.224918250126715e-05
FOXP4-AS1,9.222630523935631e-05
SLC38A9,9.210130717456013e-05
FHAD1,9.196670475498216e-05
RNF43,9.195624792582725e-05
RNFT2,9.195546899024116e-05
RPRD2,9.194105744262828e-05
PRKRIP1,9.19164966480138e-05
HSD11B2,9.190834077726418e-05
EFR3A,9.18931821285043e-05
LSG1,9.18927089058783e-05
USP49,9.178760621488212e-05
PPFIA1,9.178453109404652e-05
MAN1A2,9.17767506045504e-05
FOXO3,9.177153683543396e-05
LRP6,9.170720724086536e-05
DNAAF4,9.160855609009772e-05
ARFIP1,9.157990125238728e-05
VKORC1L1,9.15674129356864e-05
DTNBP1,9.15150505262472e-05
EPN2-AS1,9.151206919122416e-05
ARRB1,9.144637824829233e-05
SMG7,9.144590868511204e-05
IPO8,9.140102312630152e-05
EYA4,9.131480593496152e-05
CBWD6,9.130863755307603e-05
WDR11,9.123913828622625e-05
LRRC1,9.117733471371498e-05
DET1,9.111504926682036e-05
WNK2,9.109214658449847e-05
ITGA6,9.1091817041902e-05
KIF26B,9.108678899172356e-05
KLF7,9.100196496476058e-05
ECHDC1,9.098696202391512e-05
DCAF8,9.09305009241862e-05
ARNT2,9.092170843816658e-05
ZXDC,9.092030848649511e-05
TPD52,9.090796064354312e-05
COMMD10,9.085231600172878e-05
METAP1D,9.084676128987676e-05
WDR73,9.078619177478282e-05
AP1S3,9.077986218405418e-05
PRR5L,9.069516432033952e-05
TC2N,9.063197022154217e-05
HELZ,9.053731915801992e-05
SDCBP2-AS1,9.050111709729e-05
NEIL1,9.049932797562303e-05
KIF9-AS1,9.043100559356384e-05
KDM6A,9.042706503943748e-05
MTCL1,9.038708071597867e-05
MORN1,9.03396462680126e-05
C8orf37-AS1,9.032235632339284e-05
RC3H2,9.031961796588132e-05
VTA1,9.029289887700647e-05
DDIAS,9.028885105291948e-05
MED27,9.02589054793536e-05
PRKAR1B,9.023486279068524e-05
IL20RA,9.023155684355936e-05
CLSPN,9.022604102460368e-05
ANKMY1,9.013460115303512e-05
MEI4,9.010486129624134e-05
ARHGEF39,9.009454126435547e-05
LRRC37A2,9.005355071513705e-05
NPIPA2,9.004743728368605e-05
SPATS2L,9.004440372978433e-05
CCNY,9.003608522566824e-05
DDX60,8.999771365729991e-05
NFX1,8.99739468017866e-05
IFT43,8.995225302536197e-05
SLC2A12,8.986763538832167e-05
FAM214A,8.98172407830127e-05
GK5,8.972442440588704e-05
PEAK1,8.969438380933507e-05
IQCK,8.968333441558386e-05
LRRC34,8.968244962199462e-05
SZT2,8.962505302087827e-05
DMXL1,8.962397972210552e-05
Z94721.3,8.962074637783017e-05
SYT1,8.961001890554844e-05
ZDHHC17,8.960442536584326e-05
VPS13B-DT,8.958584545401229e-05
RHBDD1,8.958263414337984e-05
B4GALNT3,8.956818188616339e-05
EPS15,8.953451436807576e-05
E2F5,8.952606732817018e-05
ETV4,8.948196675228012e-05
RLF,8.947414151149763e-05
TEX9,8.94320455644808e-05
ZZEF1,8.941940826071674e-05
NEB,8.939386717436972e-05
RASAL2,8.937510611176062e-05
TBC1D14,8.936883326200259e-05
DYNC2LI1,8.936126540671981e-05
CDC14B,8.936024902011922e-05
CLASRP,8.935600901512028e-05
BZW2,8.934302592885284e-05
KLHL23,8.928119422069012e-05
STK17A,8.923291469786586e-05
DCUN1D5,8.922659575385838e-05
CEP295,8.922003565492295e-05
NR3C2,8.91842611381586e-05
ELL2,8.916791934025416e-05
C4orf19,8.913655802010255e-05
KLHL29,8.913285903564481e-05
MAP3K20,8.905965912082406e-05
RBM6,8.90547220737001e-05
GSDMB,8.904302548446237e-05
RAB40B,8.90357368717803e-05
PDS5A,8.902988085920787e-05
STEAP2-AS1,8.90033673945069e-05
SKP2,8.8934373060686e-05
ANKMY2,8.892046690220777e-05
SLC25A20,8.89155524760951e-05
SCFD2,8.872880303329787e-05
TOP2B,8.871735788731168e-05
SEC22A,8.869657002501892e-05
AGK,8.868839436148733e-05
CDC73,8.859619691602009e-05
DNAJC3-DT,8.855662091924543e-05
MAPK14,8.854918129671806e-05
ZHX2,8.850475414724981e-05
AP003555.2,8.848383342578121e-05
STK31,8.84722645965112e-05
RCOR1,8.8439376701146e-05
MAP3K7CL,8.838347504150845e-05
DZIP3,8.8333241173908e-05
RCCD1,8.828900872617229e-05
ATP11B,8.819815054649709e-05
CDH3,8.81876076184676e-05
FAM221A,8.81830471053022e-05
RNF215,8.818215866247566e-05
CRYBG3,8.81651573900519e-05
DNAH6,8.812973884907244e-05
CASD1,8.812359335136158e-05
CCDC88C,8.810177843169184e-05
NCK1,8.80772810107409e-05
EPHB2,8.806442416245012e-05
ZNF587B,8.805742638143629e-05
ZNF644,8.802463171499384e-05
SLC25A12,8.801710825851991e-05
CEP152,8.799187803178841e-05
TRIM44,8.798356533794082e-05
TYW1,8.79237306065384e-05
DENND4A,8.791240095350124e-05
EDRF1,8.790129708886636e-05
CRYBG1,8.788156038289037e-05
NDUFAF5,8.78552844116834e-05
HNF1A-AS1,8.777384824692001e-05
ICA1L,8.776013687854792e-05
S100PBP,8.772877931867114e-05
GOSR1,8.770800912817952e-05
PRAG1,8.770713352599638e-05
ZP3,8.767228198912653e-05
TOM1L1,8.766172123931701e-05
CUL3,8.7659816041309e-05
FER,8.759715908932279e-05
Z84485.1,8.749963376918028e-05
CBR3-AS1,8.749823955905377e-05
WDR44,8.749637147704199e-05
SYTL3,8.747072377806434e-05
CEP63,8.743083741579966e-05
ZNF461,8.740918631307146e-05
ZNF623,8.739248282080644e-05
PELI1,8.738514135259561e-05
EGFR,8.738262642233456e-05
SLC11A2,8.716423350885682e-05
WARS2,8.712761004378642e-05
PAN3,8.712697637525932e-05
MGMT,8.709715644930647e-05
MAP3K21,8.705556558164136e-05
KLHL28,8.705513602612991e-05
TYW1B,8.704655051273772e-05
LARS2,8.702975128050632e-05
WDR7,8.701694033405014e-05
PUDP,8.700033996239371e-05
WDFY1,8.697967076422895e-05
MAP3K1,8.690371748847845e-05
PCBP1-AS1,8.689101595366167e-05
ZNF680,8.688838870824978e-05
BAIAP2L1,8.687933761379458e-05
RNF121,8.683780206047805e-05
NPIPB5,8.680930130884215e-05
XRCC4,8.666359502260766e-05
PABPC1L,8.655592902012117e-05
AP000943.2,8.652408009392295e-05
MAPKBP1,8.650958860067111e-05
EXOC7,8.64899245651212e-05
KIF20A,8.648657478760273e-05
AATF,8.648651901339481e-05
DOP1B,8.640991449032257e-05
USP20,8.63855657779792e-05
THEM4,8.636502291274077e-05
SS18,8.632935908093956e-05
LARP4B,8.627775830053376e-05
OGA,8.626299708259793e-05
POU2F1,8.623399856407289e-05
TBC1D19,8.621050009734647e-05
MBNL3,8.620905145254123e-05
SESTD1,8.61809217983377e-05
PHKB,8.617698561424347e-05
TRAIP,8.615502128980464e-05
MRPS25,8.615182177650829e-05
TTC27,8.613273980238699e-05
UEVLD,8.608720417071362e-05
FAM81B,8.607471123434636e-05
DMGDH,8.603936846653081e-05
GBF1,8.6007551993662e-05
USP31,8.600466389783059e-05
TGFB2,8.597911352952488e-05
DTL,8.59540148553008e-05
ST7L,8.592102158881326e-05
DPYSL2,8.591369735129672e-05
MOB3B,8.589135867319254e-05
ANKIB1,8.58630208714807e-05
RSBN1L,8.580148459724967e-05
SHLD1,8.577550149394258e-05
MTF2,8.577000950101774e-05
GRAMD1A,8.576643966867476e-05
SH3KBP1,8.576172402758952e-05
LARGE1,8.57545315153114e-05
CFAP61,8.57161064590142e-05
NRF1,8.561323237524644e-05
ANGEL2,8.554925691622314e-05
AP2B1,8.548288327395027e-05
MFHAS1,8.536690352961205e-05
LRRC39,8.532709612812304e-05
NBPF15,8.530240304459469e-05
AUH,8.529040541255068e-05
CHD1,8.523176950539236e-05
ARL13B,8.522011114921788e-05
NPHP1,8.518666512528374e-05
PAPSS1,8.51182646770439e-05
OTUD6B,8.510366503726292e-05
STX17,8.506287823890869e-05
FBXO28,8.506028002666199e-05
PHLPP1,8.500928057848033e-05
NUMB,8.500570775523268e-05
IRAK2,8.499720586163248e-05
RAP1GAP2,8.492752903229694e-05
INTS7,8.488458795451587e-05
CRAMP1,8.483144194532462e-05
PTPRJ,8.479894896297028e-05
ZNF600,8.476398553172734e-05
NUP42,8.472155035051084e-05
LRRC6,8.471938904820622e-05
LATS1,8.47072521021452e-05
CDK8,8.470245035352967e-05
DCP1B,8.469628175642397e-05
SRSF10,8.466518972186627e-05
RCHY1,8.465030735474887e-05
ARID4B,8.462827895847998e-05
PAK4,8.457970252559203e-05
NFATC4,8.456059698767219e-05
G2E3,8.45290044203169e-05
TMEM51-AS1,8.452851203605741e-05
EFCAB6,8.452124239578725e-05
MTR,8.449919229073045e-05
ELOA-AS1,8.44224534100423e-05
MTA3,8.44158524692056e-05
TBC1D31,8.434434102638408e-05
TBC1D30,8.430868641557468e-05
ZNF251,8.428613708682725e-05
TTC12,8.423439652609934e-05
ALKBH8,8.420840354257362e-05
TUBG2,8.411443878262136e-05
TRIM16,8.410628794167324e-05
TTC14,8.410125625931405e-05
ZNF782,8.409745154267016e-05
ETFA,8.408052024247793e-05
SLC35B3,8.406837310903021e-05
EXOC6,8.40096154633167e-05
LENG8-AS1,8.395960835625854e-05
TOX,8.395891920311113e-05
SCN5A,8.394547346964809e-05
BEND3,8.394203438789198e-05
SUSD4,8.390431051816849e-05
FBXW7,8.388368175579881e-05
NCOR1,8.384150512878818e-05
FCGBP,8.383185456579479e-05
ZNF253,8.37812580194754e-05
HIST1H2AC,8.377181263914239e-05
STXBP4,8.375230577129584e-05
NEK11,8.372612060159839e-05
SGK2,8.366250806584708e-05
ZNF69,8.363622614656501e-05
ARFGEF3,8.34623734801329e-05
ABHD17C,8.345474293384716e-05
MICU2,8.33826633925616e-05
APOOL,8.33609640707309e-05
ERI3,8.335396958519375e-05
AP001628.1,8.334231533076037e-05
OFD1,8.332110783837713e-05
NCKAP1,8.329679640106354e-05
CLCN3,8.328736586614709e-05
ERV3-1,8.328332207892958e-05
SLFN13,8.327600093077325e-05
DEPDC1B,8.318005370358262e-05
TEX2,8.312259234311383e-05
SUSD1,8.308094110895402e-05
GRTP1,8.306869836656569e-05
GNA14,8.301514507653583e-05
MYSM1,8.300586965089976e-05
NCAPD2,8.299674530906666e-05
GPR89B,8.298095003715486e-05
NBPF11,8.290183297163568e-05
TM7SF3,8.287439319078544e-05
FANCD2OS,8.286392631032499e-05
LIG1,8.285366428561033e-05
LINS1,8.284385012894645e-05
STRN3,8.283322598485947e-05
ZNF124,8.282238057257194e-05
PPP2R5C,8.28070841850383e-05
TEP1,8.279139111086733e-05
KIF3B,8.275941036270493e-05
ZNF302,8.273484098071619e-05
GRAMD2A,8.269743679335597e-05
LUC7L2,8.269343954723531e-05
MCU,8.269190422538242e-05
BCAR3,8.260939352924621e-05
TBC1D2B,8.252620095950926e-05
ANKHD1,8.251122870406301e-05
IQCJ-SCHIP1,8.249488919253815e-05
CMTM4,8.247592351294605e-05
PGAP1,8.245649575269191e-05
SGO1,8.244592173603675e-05
ST6GAL1,8.243474509724165e-05
SMAD2,8.240620372972948e-05
ERN2,8.237777933152721e-05
BLZF1,8.235491592527809e-05
ATP6AP1L,8.233688237937388e-05
BACE2,8.230206912911836e-05
MAP2K6,8.229820803994725e-05
CFAP77,8.228771447559417e-05
MAU2,8.227037130107072e-05
PPP3CB,8.220822059659544e-05
THRAP3,8.220206468860237e-05
IGSF11,8.214818516722706e-05
POC5,8.214453587669708e-05
TNFRSF21,8.208975032228262e-05
RTP4,8.208802676028464e-05
RPRD1A,8.20769763781581e-05
SPAG1,8.207138689373728e-05
CCDC125,8.20689095295901e-05
VAV3,8.203623730120727e-05
SNHG30,8.202404945840345e-05
ROR1,8.196244353678143e-05
ZNF608,8.196075305088485e-05
CD27-AS1,8.194439348262158e-05
ERICH6-AS1,8.193736855660922e-05
NT5DC1,8.186220335567675e-05
PPP2R5E,8.182363927162939e-05
ARHGAP27,8.182215295615756e-05
NUP214,8.179147991176255e-05
GALK2,8.174922716819599e-05
WRN,8.174397753805576e-05
PTAR1,8.172544688659745e-05
HPS3,8.17187593840366e-05
HPN,8.168389702592553e-05
VPS41,8.166922070921209e-05
TULP4,8.166125735007532e-05
ARIH1,8.16269084521091e-05
CCDC66,8.162007247795256e-05
POLG2,8.161574885857325e-05
FOSL1,8.157525235673469e-05
PIP5K1A,8.151382458171707e-05
SOCS7,8.150895551932324e-05
NCOA7,8.14315396018113e-05
PRKCA-AS1,8.142770522988102e-05
SNTB1,8.141261945905819e-05
EXOC2,8.131196888940877e-05
MIR222HG,8.130083560219101e-05
MFN1,8.12674522574012e-05
SASS6,8.124244432648544e-05
SLC25A53,8.119368808205407e-05
IL18,8.115509993272472e-05
FSIP2,8.101416018124679e-05
DIDO1,8.100862422635449e-05
PPL,8.096763382116092e-05
TMEM213,8.092891704773837e-05
SMARCAL1,8.089905186321942e-05
EBLN3P,8.085468346883096e-05
DHX15,8.084150854203313e-05
ZER1,8.075404623219454e-05
FBXW11,8.070865260312952e-05
PGM2L1,8.0698546218069e-05
SMG9,8.059916763236115e-05
UBA3,8.058974352199847e-05
ATF1,8.057335309522313e-05
SHB,8.055594109936097e-05
SYNJ2,8.055064515973848e-05
USP45,8.05048123822483e-05
ANAPC4,8.048462893819173e-05
SUCLA2,8.047916578654367e-05
NPHP4,8.046863686238579e-05
RAB27B,8.046399002420795e-05
CDK12,8.043813094412946e-05
NFU1,8.035621075523533e-05
NCOA1,8.034155022076533e-05
UBE3D,8.032748686450114e-05
ARHGAP5,8.028828653162517e-05
BNIPL,8.021660095367123e-05
SCYL2,8.020161225579874e-05
TPST1,8.010164424930206e-05
DLGAP4,8.005286255959563e-05
AK9,8.000378493209781e-05
TANK,7.997505074849043e-05
TOGARAM1,7.995489252550549e-05
CBFB,7.992701819576652e-05
PUS7L,7.992463137497307e-05
CCNL2,7.991325953853391e-05
ABCC5,7.989623373134195e-05
OSBPL7,7.983093730102773e-05
ZNF700,7.982637090801598e-05
UBR4,7.981165260628487e-05
RMDN1,7.980369107521825e-05
ANKRD27,7.979801907181274e-05
RAVER2,7.975476716331751e-05
RAPGEF6,7.974682409696414e-05
SLC25A26,7.97426553589108e-05
STAG2,7.968451017634964e-05
ZNF860,7.96837542617584e-05
HOXC4,7.962431828304834e-05
TMEM232,7.958394572124166e-05
PLCG2,7.95729953597039e-05
MDM2,7.944886265127814e-05
MTREX,7.938212373700917e-05
RBM12B,7.935477409600323e-05
RNF138,7.935273705994463e-05
RARS,7.934843560698531e-05
PPP6R3,7.934029137059334e-05
RPGR,7.932178900856533e-05
THSD4,7.932164600851294e-05
NPHP3,7.930476081297345e-05
BLACAT1,7.927226438664826e-05
NCALD,7.926025427551126e-05
ANKAR,7.920031772353463e-05
CLYBL,7.915691389178702e-05
ARNTL2,7.913897670556583e-05
METTL3,7.911021672359582e-05
HOXB5,7.909393542188368e-05
EIF1B-AS1,7.90514021626204e-05
USP13,7.903712575686175e-05
SLC9A8,7.899333279591873e-05
SMAD6,7.898398636768761e-05
ARHGAP8,7.895903680528281e-05
SIL1,7.895628676185014e-05
CEP290,7.892364503281896e-05
CDH26,7.890485465685554e-05
PUS7,7.889493189283096e-05
TBCD,7.889399639433304e-05
ADAT2,7.888825722956822e-05
SGO2,7.888530574667617e-05
ACPP,7.887476454042915e-05
ARMH1,7.88041672636909e-05
RIC1,7.875023122265675e-05
MRPS30-DT,7.871876410311809e-05
ALCAM,7.864161786502226e-05
NIPSNAP2,7.857626231946234e-05
NEMP1,7.855757444953807e-05
ITGA9-AS1,7.854101726141913e-05
MORC3,7.85287810616605e-05
SCRN3,7.849844507470752e-05
TDRD5,7.848949874414567e-05
WEE1,7.838967311035827e-05
COA1,7.837057737336031e-05
FUT6,7.824476958303916e-05
OLFM2,7.823333625167765e-05
CFAP300,7.821490349240706e-05
ARMC3,7.820364209257066e-05
PCSK7,7.812172420603336e-05
COMMD1,7.806251358761886e-05
KANSL3,7.80584987143528e-05
HCG17,7.804979035682622e-05
MTHFD2L,7.80339435333959e-05
DHRS7B,7.801381509703769e-05
TUBD1,7.800379522751035e-05
IL19,7.798030022334236e-05
YEATS2,7.795700306826828e-05
CHIC1,7.791990047683693e-05
TMEM245,7.79172129322365e-05
METTL16,7.791177327090992e-05
ACYP1,7.776058597641348e-05
ZNF462,7.775262366762275e-05
NCOA2,7.774910102187742e-05
ZMYM6,7.770790668609446e-05
ZBTB20-AS5,7.767006730215444e-05
ZNF177,7.762438539191944e-05
NMNAT1,7.760841912932915e-05
PSME4,7.759653445490275e-05
THOC2,7.756844673527415e-05
CFAP44-AS1,7.755532108571281e-05
EDAR,7.754491057215041e-05
ST3GAL3,7.75245313013978e-05
MFSD14C,7.750810763818334e-05
ITFG2,7.747235632512065e-05
AP000695.2,7.746995516640035e-05
LPP,7.746506321860459e-05
UBAC2,7.744864868823623e-05
DCAKD,7.741773714990617e-05
DENND1A,7.741026293099756e-05
BCL2L13,7.741013557162014e-05
MAT2A,7.729731570579366e-05
HHLA2,7.728564629749641e-05
IKZF3,7.727384428598458e-05
TPRG1,7.724524737412885e-05
RBM4,7.719227517507893e-05
RAB12,7.71420892091601e-05
ZKSCAN5,7.706183597687461e-05
CYP4A22-AS1,7.703886492885825e-05
RAB3GAP2,7.702334837378517e-05
DHX35,7.701343859187253e-05
ZNF618,7.695476217571785e-05
CFAP43,7.695056733663812e-05
CADPS2,7.694463172166284e-05
OMD,7.693087588764512e-05
SCAF11,7.690238730717611e-05
PLCB1,7.689669406402842e-05
ANXA3,7.68705215641896e-05
CIAO3,7.684868281764765e-05
ASB3,7.684519902551852e-05
CEP112,7.684226838885806e-05
NEDD1,7.675857778715517e-05
RPGRIP1L,7.670251108721354e-05
TXNRD3,7.666336131841526e-05
TBXAS1,7.664803502773659e-05
NCOA5,7.664311906621266e-05
COPG2,7.659101575977295e-05
TBL1X,7.655013888985234e-05
CD99L2,7.654214951719867e-05
ABCA12,7.653355530607922e-05
MIR34AHG,7.652504333280122e-05
VHL,7.6488273777495e-05
PWWP2A,7.648353275773804e-05
GVQW2,7.646429517342416e-05
ADAMTS6,7.645244003060401e-05
ATP6V0A4,7.644188405365196e-05
POP1,7.637312795701729e-05
NUP98,7.632962163301954e-05
SERGEF,7.630062436990253e-05
PRORP,7.617383073029726e-05
DAAM1,7.617280126120963e-05
PDE8A,7.615438647311966e-05
CCDC24,7.614169981871233e-05
PPP3CB-AS1,7.610139934207838e-05
MRNIP,7.609212481719194e-05
CDK7,7.606795407209657e-05
OPHN1,7.60506514401002e-05
SYNRG,7.603136567386271e-05
STIM1,7.602183419853432e-05
KNTC1,7.599010424674394e-05
NAALADL2-AS3,7.597341314410622e-05
MED24,7.596614985860267e-05
NIFK-AS1,7.594726652722937e-05
ARHGAP18,7.594594277434899e-05
ASAP2,7.590728447395659e-05
LMLN,7.589350223179828e-05
HCG18,7.586992346943233e-05
MEIS1,7.584708716989029e-05
MIR3936HG,7.584640609781311e-05
WIPF3,7.581284517944802e-05
SARM1,7.580168865024824e-05
GEMIN8,7.579501990648083e-05
SEC61A2,7.578775641964685e-05
MYCBP2,7.578151619950477e-05
ZNF654,7.576265927296854e-05
ZNF26,7.57463524515455e-05
MYNN,7.562008612798632e-05
NCMAP-DT,7.559393690652216e-05
SAP30L-AS1,7.556227851792737e-05
PIGZ,7.551385754395178e-05
CMC1,7.549798811995553e-05
PRC1-AS1,7.549475134745995e-05
TMCO1-AS1,7.547839586492658e-05
RAD52,7.542477221803964e-05
ASXL2,7.541227576658001e-05
PLA2R1,7.537156408562623e-05
PDE5A,7.53406991394736e-05
ZNRF2,7.530425147130764e-05
PIK3R3,7.530422217784327e-05
AEBP2,7.529104706784273e-05
SUZ12,7.528474384427566e-05
EED,7.52682715783406e-05
ANKRD12,7.526802784556949e-05
ERMAP,7.524550605710993e-05
ZC3H12B,7.523901164970066e-05
TMEM62,7.516439791510591e-05
DDX10,7.515372911519544e-05
CARD8,7.510595969125742e-05
HTT,7.509167509663773e-05
TTC3,7.508998119368878e-05
FZD3,7.506409344340389e-05
CCNE1,7.504730295352846e-05
ASB9,7.503637909102668e-05
CCDC122,7.503418244605184e-05
PDPR,7.496421939958418e-05
ALG1L9P,7.494684219033524e-05
NRDC,7.492781285001348e-05
TK1,7.489807832183657e-05
PRPF4B,7.48819916678507e-05
SLC44A3,7.486405311547994e-05
EHHADH,7.486325621002153e-05
TAOK3,7.485413934597482e-05
TEX10,7.482785439753327e-05
LAMC2,7.482667370339084e-05
L3MBTL1,7.479907633187097e-05
PRICKLE2,7.479738260868239e-05
TBC1D16,7.475551235212616e-05
METTL8,7.472745468451216e-05
CCDC40,7.472256830484345e-05
KLHL20,7.461959008837482e-05
SH3BP4,7.461951997571839e-05
ZFAND4,7.461076942227938e-05
MLH3,7.456360870416143e-05
DIXDC1,7.455927792762457e-05
PPFIA2,7.455439101445224e-05
TNPO3,7.45030167798758e-05
PTGR1,7.449502094891247e-05
ODF2L,7.449232983658126e-05
ATXN2,7.438680708216639e-05
CCDC85A,7.434629836808021e-05
TMEM164,7.431635004756422e-05
MICALL2,7.43088443513586e-05
JPH2,7.430787594190628e-05
KLF5,7.429440671356172e-05
DMTF1,7.426649739089848e-05
SOX5,7.425189541244587e-05
SLC25A40,7.420607880675474e-05
TSTD3,7.419560693711126e-05
TTC37,7.419434133751938e-05
RAB28,7.418771954991157e-05
WDR72,7.418158213048334e-05
TAMM41,7.417474507188057e-05
PSMD5,7.416508876949769e-05
CMC2,7.410942540996346e-05
CASC3,7.407479567202452e-05
MCTP2,7.40398836768128e-05
HIPK3,7.402583343981935e-05
EIPR1,7.396876819790344e-05
MARCH7,7.39634266738521e-05
ABLIM1,7.386097231137071e-05
IFT88,7.386035178034086e-05
NPEPPS,7.38439506902666e-05
CEP350,7.382823957613692e-05
VAV2,7.381801297511449e-05
SETDB1,7.377044366680422e-05
PDHX,7.374268184022007e-05
LRP1B,7.373564800611894e-05
CREB1,7.373071828692445e-05
TMCO4,7.370417480801043e-05
BX890604.2,7.368814844559454e-05
JPH1,7.367606110038126e-05
EML2,7.364905507272874e-05
JHY,7.36155182671123e-05
SPDL1,7.358842552820103e-05
SIN3A,7.358544041785085e-05
GTF2IRD2B,7.357862578474488e-05
CCDC192,7.350382661680866e-05
NEDD4,7.34905796740561e-05
TRMT13,7.347229217748104e-05
FNDC3B,7.341634085755929e-05
GARNL3,7.335058111224243e-05
MARK3,7.333442480288812e-05
CAAP1,7.332193362438514e-05
LGR6,7.329571865705956e-05
TEFM,7.328191806247894e-05
TMCC1-AS1,7.328024258647883e-05
CEP44,7.32184198027737e-05
ZFAT,7.319657744465785e-05
FBXO42,7.317540393051618e-05
SACM1L,7.316415877437725e-05
SPPL3,7.314348353690878e-05
PYGB,7.313935681449264e-05
PIR,7.312423500639763e-05
CLIP2,7.312279978208639e-05
EPS15L1,7.312179597719664e-05
MYLK-AS1,7.311048871078259e-05
EDRF1-DT,7.31003834753852e-05
KCTD13,7.304725951884444e-05
PDE7A,7.304469878374029e-05
AGO4,7.302662103007894e-05
CERNA1,7.301473408303999e-05
DHRS11,7.293818744128755e-05
ATP8B1,7.292998655394188e-05
SNHG12,7.292382229373613e-05
ERC2,7.289856178209779e-05
CA12,7.289736203529025e-05
DNAJC13,7.288384097963462e-05
VWA2,7.287222769516173e-05
ADAMTSL3,7.286857145701019e-05
KIZ-AS1,7.277389438080754e-05
FAM24B,7.277031737670143e-05
AGAP1,7.27589328380657e-05
TEAD1,7.274058493706203e-05
RFX2,7.268157259052159e-05
TBK1,7.268046601090216e-05
GTF2IRD2,7.265261668019234e-05
LRGUK,7.264477552595589e-05
TP73,7.257965105222711e-05
WDR66,7.252282685626e-05
CADM1,7.249631716274873e-05
LTO1,7.244646258345984e-05
PRMT3,7.242089437280592e-05
AP005233.2,7.234242630682375e-05
THUMPD3-AS1,7.23327431847346e-05
SMAD1,7.23034453760346e-05
ALS2CL,7.227047862880514e-05
SLC1A1,7.226320125041044e-05
MINDY2,7.22250210987651e-05
MED14,7.22143064472636e-05
C3orf49,7.219027580625485e-05
CARNMT1,7.217173790563075e-05
ALOX12B,7.216826639996829e-05
FBH1,7.216229601709046e-05
HORMAD2-AS1,7.215835246792901e-05
MED13,7.21479452936308e-05
LRRC43,7.20993690541813e-05
RYK,7.2022915662724e-05
HPCAL1,7.199177715589767e-05
INTS9,7.197924359898897e-05
ZNRF1,7.197328572431446e-05
IFT140,7.19504481018324e-05
STARD7-AS1,7.194300298468388e-05
SCMH1,7.192357334017573e-05
ATXN2L,7.191357706921399e-05
APPBP2,7.190493349654811e-05
PHKA2,7.189665971172612e-05
RNF19A,7.189207429334983e-05
HOXA-AS2,7.188831193605615e-05
MYO5B,7.186559476949241e-05
CASC2,7.186103026384516e-05
PRKAA1,7.179064354739994e-05
CRYZL1,7.178573893814867e-05
ZSCAN5A,7.176379484423042e-05
ZMIZ1,7.172105282883747e-05
MARK4,7.171706604700832e-05
MAVS,7.168204719875697e-05
MCPH1,7.167787683444908e-05
MAPRE2,7.167294708684901e-05
RAPH1,7.158362844329343e-05
PDE10A,7.156441846903034e-05
OSBPL1A,7.156123423070105e-05
GEMIN7-AS1,7.155635186404141e-05
ITFG2-AS1,7.141038316593629e-05
ENTPD1-AS1,7.138685540744855e-05
NEK5,7.137035770227563e-05
CROCC,7.136654580788288e-05
CTNNBIP1,7.132129274983711e-05
RAPGEF4,7.131588887832376e-05
ANKRD30B,7.131464888664346e-05
SALL4,7.131382771077325e-05
HADH,7.131195561492448e-05
DCUN1D4,7.126725473524224e-05
DNMBP,7.125435897189997e-05
TTN-AS1,7.124936875269438e-05
PRSS51,7.121856124437753e-05
GPRIN3,7.121220680191291e-05
FMN1,7.12121404391879e-05
ALDH1L1,7.121128360914082e-05
FAM106A,7.11796318840101e-05
SMG1,7.114698608992417e-05
RFX7,7.112137861699356e-05
CWC22,7.11052803910767e-05
MOK,7.105432439086817e-05
ITGB3BP,7.097209103670608e-05
HMG20A,7.095758255035796e-05
MTRR,7.092969619943194e-05
CCDC6,7.092132632412645e-05
CLEC2D,7.09131749883852e-05
CFLAR,7.08764843251303e-05
DAPP1,7.0871070502759e-05
WNK1,7.086746483448056e-05
AHCTF1,7.086744229940996e-05
C2orf42,7.0831964367481e-05
MRPS9,7.081699186982815e-05
CEP95,7.080489938510726e-05
LANCL2,7.075960199425268e-05
ME1,7.067622548237742e-05
L3MBTL4-AS1,7.065241460409442e-05
STRADA,7.064070974786213e-05
NGEF,7.058131171531511e-05
PLCXD2,7.057551946876708e-05
SEC16B,7.05552230075266e-05
WDR59,7.053160570771401e-05
EXOC3L4,7.051872524875822e-05
YEATS4,7.049562281740916e-05
DCDC2,7.04789365111743e-05
FRS2,7.047890630243121e-05
MTRF1,7.047131961520161e-05
SPRED1,7.043386738669447e-05
NOL3,7.04216280557247e-05
INSYN2A,7.041994532696316e-05
GATA4,7.040615277218095e-05
SH3PXD2B,7.04019264974447e-05
SNX19,7.037132650121588e-05
CCR5AS,7.035855443601655e-05
PROM2,7.034797340911507e-05
SP2-AS1,7.034535769018085e-05
FTO,7.033730509592666e-05
CDK5RAP1,7.032471033569986e-05
FUT10,7.031406983760544e-05
MKS1,7.030537862015718e-05
BIN3,7.024127146433194e-05
FAM122B,7.023083186780544e-05
ENC1,7.022138363486598e-05
ZNF440,7.018385282330994e-05
NECTIN4,7.015511663025005e-05
FNTB,7.014303678967812e-05
LPIN3,7.011736458526417e-05
NLN,7.00854833972028e-05
STXBP5-AS1,7.00549526781329e-05
ICE1,7.00527127182448e-05
RAD51,7.005263143109458e-05
CAPN13,7.003946487238477e-05
PI4K2B,7.002912944673658e-05
EPN2,7.002168456643273e-05
PEX14,7.001689335444716e-05
PIGL,7.000619814816924e-05
EEF1AKMT1,6.996363861749547e-05
SLC25A33,6.99548940423843e-05
AGAP5,6.99489133039705e-05
SCAPER,6.994714443646972e-05
NCBP1,6.992918871735762e-05
KBTBD2,6.987106695303456e-05
TNFRSF11A,6.985202433186943e-05
ILDR1,6.981988008631276e-05
EFCAB13,6.980610802147575e-05
MYEF2,6.974830309181708e-05
TAX1BP1,6.971169799762346e-05
EIF2A,6.97094569549845e-05
WDSUB1,6.969493079818381e-05
KYAT1,6.969042590457697e-05
GMNN,6.969032968523437e-05
AGL,6.967065670058326e-05
OBSCN,6.963505723787784e-05
ZNF544,6.958244058976454e-05
SERINC5,6.956813905968779e-05
RAD51-AS1,6.955780020926823e-05
NGLY1,6.955079219494674e-05
GNA14-AS1,6.948932455795454e-05
UBE2E1,6.947562142663962e-05
STX5,6.943453157572666e-05
MRPS31,6.93801916533358e-05
COX10,6.937197500510122e-05
CCDC77,6.932628386690041e-05
PDIK1L,6.931973101908834e-05
CRTC3-AS1,6.931253568286664e-05
ZNF365,6.929625114119959e-05
SLC25A21,6.928760974494185e-05
FXN,6.928396966765592e-05
KDM3B,6.926762783664693e-05
PHLDB3,6.926290122413312e-05
TCEA3,6.922838719202559e-05
PROM1,6.922634370148629e-05
TCF20,6.921574272346528e-05
CKMT2-AS1,6.920528122343801e-05
SGK3,6.914210278686552e-05
TOR1AIP2,6.910778819560504e-05
FRMPD3,6.90949998591507e-05
CDK5RAP2,6.909325447542566e-05
GNB1,6.908068480218923e-05
CROT,6.906243652513814e-05
LRRC37B,6.906133561138828e-05
FBXL4,6.905831465807916e-05
DHX9,6.905571112494705e-05
GHRLOS,6.902651093033683e-05
RIOK3,6.902480861349721e-05
FAM182B,6.902049220376391e-05
RNF149,6.899827102518848e-05
CDYL2,6.898823468720738e-05
NUDCD3,6.898397673218035e-05
MTOR,6.89632017394954e-05
ZNF398,6.890279647275892e-05
RRAGB,6.890129513615636e-05
MAP3K4,6.888097550561652e-05
TM9SF4,6.88693545785793e-05
DLEU7,6.886705781096099e-05
ICE2,6.883375525525406e-05
TERT,6.88292923837087e-05
LRPPRC,6.877611338288448e-05
PEX3,6.87676140458849e-05
SLFNL1-AS1,6.871556223567415e-05
HIST2H3PS2,6.871509520594211e-05
FMO4,6.869770851908884e-05
FAM76B,6.868472688360677e-05
SNX7,6.8680468620313e-05
PROSER3,6.866266302561762e-05
TTN,6.866011117055289e-05
ARHGAP21,6.861523044086326e-05
HOXC6,6.85760505027245e-05
ZDHHC1,6.856642275869995e-05
PARG,6.851911281655288e-05
COQ4,6.850236232055164e-05
VIM-AS1,6.850026735525e-05
MTFMT,6.847831599290909e-05
C7orf50,6.844567430574866e-05
SLC35E3,6.843303563633179e-05
CASP2,6.842504872816593e-05
SLAIN2,6.838350248839184e-05
C2CD4C,6.838295079309357e-05
CRADD,6.837380679992624e-05
KIFAP3,6.836778672380836e-05
IL1RAPL2,6.83536980671626e-05
NOMO2,6.830933661450881e-05
PPP3R1,6.830784263238552e-05
EDA,6.830490180275743e-05
KLHL42,6.829823243660767e-05
MRPL1,6.826541268884234e-05
TRIM52,6.821663757354439e-05
SH2D4A,6.816630851558549e-05
UNK,6.815952804817316e-05
TMEM72-AS1,6.815300735871263e-05
SH3TC2,6.814004265145167e-05
STPG1,6.812005808068763e-05
SCAI,6.806487139627616e-05
RANBP9,6.805858825492623e-05
PLXNA2,6.805297633531964e-05
ZNF45,6.804617362451616e-05
TAF1A,6.803065027362702e-05
ATP1A1-AS1,6.797966955259828e-05
PPP2R2D,6.793849896740293e-05
WWP2,6.791764978522584e-05
ETV5,6.786919504614607e-05
ZC2HC1A,6.786582279525564e-05
TNS3,6.786231628609043e-05
BRMS1L,6.780621136769317e-05
PTPN22,6.778592685931632e-05
CASC6,6.776640313610466e-05
FAM118B,6.775610309535898e-05
PKIG,6.774692936102615e-05
YY1AP1,6.77412255146453e-05
JADE2,6.772775009409488e-05
DCBLD1,6.77167578778624e-05
IKBKE,6.771641055129023e-05
GANC,6.764625599449488e-05
ZFP62,6.762296009360222e-05
ZFP64,6.761656267918781e-05
CBWD1,6.749351127409196e-05
MRPS35,6.746925426913443e-05
TIMMDC1,6.744872883565158e-05
LIMK2,6.743172230567432e-05
RERG,6.741525153399635e-05
ATXN1,6.738546864730807e-05
KIAA1522,6.735393831112928e-05
EXOC6B,6.730948880603421e-05
CATSPERE,6.729482008934344e-05
NBPF12,6.728466043230749e-05
CNTNAP3,6.726978572368172e-05
ADTRP,6.725181964083143e-05
TAB2,6.719832242782064e-05
DDX17,6.719752310778787e-05
GOLGA6L9,6.71606281240414e-05
SLC12A9,6.699867342572175e-05
BRD9,6.696038778601749e-05
TMLHE,6.69394744378613e-05
HOTAIRM1,6.691942232886733e-05
ARRDC3-AS1,6.6900207242949e-05
REM1,6.686822055213227e-05
KLC4,6.682393241949617e-05
KHDRBS1,6.681430737862898e-05
PLEKHM3,6.681133252221157e-05
CHFR,6.680120627439958e-05
PRDM16,6.679826165110767e-05
GLUD1,6.679379445905953e-05
AP001574.1,6.678432380424347e-05
F8A1,6.677831393454956e-05
HBS1L,6.674612058000516e-05
IL17RE,6.674504898683032e-05
PTP4A1,6.674483986906114e-05
NDE1,6.67364666450701e-05
MANBA,6.672904653462613e-05
BIRC3,6.671990661098231e-05
ALMS1,6.671700965865791e-05
PRPSAP1,6.667040665183461e-05
RMND5B,6.664647180469252e-05
URB1,6.663992014337834e-05
C2CD4D-AS1,6.663723579900683e-05
TIMELESS,6.66231163518371e-05
PCCA-DT,6.662049116895343e-05
BDH1,6.661248976895459e-05
DFFA,6.658915716493666e-05
SLC5A5,6.658470307212119e-05
LDAH,6.655836956435535e-05
KCTD18,6.652640463495004e-05
KCNH8,6.652410172140184e-05
UHRF1,6.651914194757315e-05
CBWD5,6.644523407569854e-05
ESF1,6.643927628539026e-05
GNB1L,6.642044881415208e-05
DCAF7,6.641848541863564e-05
SGF29,6.640690336054585e-05
SATB1-AS1,6.639792242184814e-05
STX7,6.638567938890087e-05
TFB1M,6.637451520791169e-05
NSF,6.634398851912692e-05
PTCD2,6.633884392035985e-05
BMERB1,6.633550523842315e-05
DENND5B-AS1,6.632706163438488e-05
DAB1,6.630861061696138e-05
CEMIP2,6.629838751467482e-05
KIAA0586,6.629171230087646e-05
RASGRP4,6.628601583480898e-05
IFI44L,6.628062392919459e-05
PAK3,6.627052955047815e-05
ACAD10,6.623033337241945e-05
SCN8A,6.622878221135603e-05
PRTFDC1,6.619501697015428e-05
USPL1,6.617577407686665e-05
SMAGP,6.617570415631104e-05
HEATR6,6.61531698438198e-05
RPA2,6.613370105006244e-05
UHRF2,6.612611214392682e-05
TMEM163,6.610958371620394e-05
CCDC61,6.610171633865817e-05
SPOP,6.609882299463936e-05
CA3,6.608157546769716e-05
GNPAT,6.607180331976539e-05
NAA35,6.604397263516961e-05
FLACC1,6.600193176527249e-05
CERS5,6.595114423092693e-05
TNS4,6.591546232774546e-05
GTF2F2,6.590072036795588e-05
ACOT8,6.587767961933856e-05
FGF1,6.583410499931521e-05
SLC4A4,6.583115871954494e-05
CARD14,6.578571716627227e-05
THOC1,6.578449674694057e-05
SLC2A13,6.575706543803214e-05
COL4A3,6.571876951623159e-05
EVI5,6.570278672050717e-05
FGFR2,6.569104876710939e-05
NDUFAF7,6.564154087655432e-05
TRIT1,6.563336396959798e-05
APBB2,6.559101501543383e-05
GDA,6.557548849524933e-05
POM121,6.556740746889401e-05
TSGA10,6.556261741435951e-05
PARL,6.554932565809331e-05
GIPC2,6.552745426081426e-05
HACL1,6.552155767996525e-05
SSX2IP,6.552086695337371e-05
PKDCC,6.551615000604288e-05
ZBED4,6.546486733130939e-05
THAP6,6.54645052100105e-05
IP6K1,6.545564707382848e-05
CFAP221,6.544254249537967e-05
HLCS,6.54267336016607e-05
DHRSX,6.540417880582826e-05
JMY,6.539750517135635e-05
HYDIN,6.536110310641806e-05
THAP2,6.532417255784617e-05
ECT2L,6.53195172963199e-05
TRIM14,6.52792551439934e-05
NFXL1,6.525067770814782e-05
PRR14L,6.524783140054031e-05
TNFSF14,6.521895373680389e-05
NRG4,6.521205178851218e-05
TTF2,6.518875545238194e-05
ADGRV1,6.516682058737239e-05
ZNF214,6.512900631501537e-05
CDKL2,6.512618722149147e-05
ZNF718,6.511669257074304e-05
TTLL5,6.511519503337561e-05
VPS37C,6.505064638087768e-05
PITPNM2,6.503681586992656e-05
TRPV6,6.503453543428205e-05
CHEK2,6.50176957040482e-05
NFYC,6.500047509483556e-05
ENSA,6.498714281345879e-05
POU5F1,6.498399999170306e-05
SETBP1,6.495064195029677e-05
TTC39B,6.494826930006973e-05
SHPK,6.490567404582254e-05
PNISR,6.489272620394266e-05
RGS14,6.488354407328001e-05
DDX42,6.487717977331614e-05
APTX,6.485766256908283e-05
INTS8,6.484703029905359e-05
CENPN,6.483111427897603e-05
AZIN1-AS1,6.48240450935552e-05
NAALADL2-AS2,6.481736699807975e-05
E2F3-IT1,6.480099713671722e-05
SPOCK3,6.474364987530004e-05
NUP50-DT,6.474190141769653e-05
PIK3R1,6.473059451330722e-05
IDS,6.470728396606045e-05
FCHO2,6.470632519499177e-05
ENPEP,6.467690446800969e-05
USH1C,6.466379981909526e-05
TCAIM,6.462902556866254e-05
SIAH2-AS1,6.460689473814588e-05
TTI2,6.457039021745045e-05
PCGF3,6.456938676692839e-05
SMYD2,6.444303106736245e-05
CCDC169,6.443296184875111e-05
FBXO36,6.442550261203613e-05
CENPV,6.441732666536523e-05
GRAMD1C,6.440862572309551e-05
GIT2,6.44041833001526e-05
C16orf46,6.432872251535519e-05
ERI2,6.432231322837973e-05
EME1,6.431073427734026e-05
KCNK13,6.428961085480685e-05
CDC25A,6.42790134799164e-05
EXOC1,6.42649678281685e-05
WDR12,6.425992832114712e-05
MIB1,6.422341511823559e-05
ARMCX4,6.418778622373454e-05
PAN2,6.417671881498e-05
NDUFV1,6.414640132906855e-05
PAX9,6.414209582059473e-05
TMEM161B-AS1,6.412651054913319e-05
PAFAH2,6.407255543284438e-05
EGF,6.406248497476752e-05
MAPK8,6.406096287313057e-05
BFSP1,6.405416403368325e-05
BCO2,6.405371212440041e-05
BIRC5,6.402209846794485e-05
TMEM87B,6.396598511723868e-05
INTS10,6.390544562478271e-05
KLHL22,6.389629081268855e-05
MTMR3,6.387294178746952e-05
NUP93,6.386538576058294e-05
TRMT10B,6.386094530699639e-05
FUBP1,6.385766634632134e-05
EPC1,6.382758742694389e-05
WAC,6.380238172928884e-05
BTBD7,6.380058657846456e-05
MIR3142HG,6.379828675653791e-05
ZNF516,6.379542445966264e-05
FAM122C,6.378885618966961e-05
ZC3H7A,6.377900915251345e-05
TMPRSS5,6.377020126779678e-05
MAGI1-AS1,6.376159410341021e-05
CCDC9B,6.375857576475782e-05
HERC6,6.375146608884336e-05
C6orf141,6.374941418375963e-05
NRDE2,6.37467963773164e-05
SOX2-OT,6.372633857882145e-05
OGG1,6.371688051677509e-05
KCNJ15,6.367737738594359e-05
MKRN3,6.36743525536601e-05
UBA5,6.363522311501765e-05
PIGU,6.359600260032354e-05
SLC44A1,6.359497100528708e-05
FAM111A-DT,6.359255453010781e-05
OXNAD1,6.359077664981204e-05
SP140L,6.357998809588424e-05
FAM81A,6.356985628278522e-05
SRGAP3,6.355967548267844e-05
POLR3B,6.355811614720851e-05
TIMM9,6.355621315440125e-05
DHX34,6.355004535270526e-05
PON2,6.35434480224641e-05
TBC1D8,6.35386668830788e-05
NEO1,6.352472854721009e-05
ALDH3B2,6.349038829422241e-05
POU2F3,6.34695554664779e-05
PTK6,6.346275592848772e-05
HNRNPLL,6.346044537143468e-05
SLC9C1,6.345694566119046e-05
PRDM15,6.343959307210278e-05
PLAAT1,6.343187823181641e-05
TRIM4,6.34049443916398e-05
TGIF1,6.339528172818025e-05
ZBTB11,6.336882260483549e-05
ZNF169,6.336135136383311e-05
DELE1,6.333419475134224e-05
DNAJC24,6.333103044140675e-05
IFT52,6.331928322992513e-05
MICU1,6.328509869319442e-05
PLEKHF2,6.32796315181568e-05
SHROOM3,6.327170362351957e-05
DGUOK-AS1,6.327027829809442e-05
NEK8,6.325534653510366e-05
SPDYE5,6.32504984336131e-05
MIOS,6.323149565739725e-05
CBWD2,6.320967281700701e-05
ITPA,6.318631401998099e-05
GMPS,6.312912603007997e-05
PPP1R13L,6.311957387579816e-05
AHCYL2,6.306553736761742e-05
DICER1-AS1,6.304476040152627e-05
FAM185A,6.302210170597514e-05
TMEM231,6.302040767853205e-05
TTLL4,6.301508490002564e-05
OLMALINC,6.299161678184188e-05
ATG5,6.295011557709902e-05
PPIL6,6.293633115162838e-05
ZDHHC21,6.291582693058319e-05
PLEKHA8,6.289346508570932e-05
VIPAS39,6.286804492969996e-05
FBXO4,6.28499617884167e-05
HSF4,6.281401165075021e-05
ESM1,6.280986478448422e-05
PHKA1,6.280798606330667e-05
MGAM2,6.279739669382142e-05
WNT2B,6.278703978183198e-05
TESK2,6.268739489754997e-05
NMNAT2,6.266280099210719e-05
BNIP1,6.264556554997063e-05
MANEA-DT,6.264103448128104e-05
STAT3,6.263351776130235e-05
MIER1,6.261627868008975e-05
ABCA7,6.260735523866417e-05
HLA-F-AS1,6.257873165324297e-05
NKAIN3,6.257134422116264e-05
GLIPR1L1,6.256540327295707e-05
SMAD4,6.253989880711339e-05
SNHG4,6.253162007203858e-05
TTC13,6.252396391859652e-05
IQUB,6.25198972446255e-05
EEPD1,6.251178924602736e-05
U2SURP,6.25000983430667e-05
MYBPC3,6.243961981112612e-05
ANKRD35,6.243350884285795e-05
E2F3,6.240748155345297e-05
STPG2,6.238678848011629e-05
VAPA,6.238544274894442e-05
METTL22,6.238278280738613e-05
IPO7,6.236920077296597e-05
FGD6,6.236781284913389e-05
STAMBP,6.23501001704246e-05
ZNF133,6.234807662563614e-05
PKMYT1,6.23020380840981e-05
HECW1,6.229767119306774e-05
SIDT1,6.229446249404562e-05
URGCP,6.229131209872428e-05
CLK4,6.227611756748781e-05
TAF12,6.227328697561045e-05
SIGLEC5,6.227024914621501e-05
BCR,6.226557590281381e-05
DYNC1I1,6.216666637776387e-05
GCC2-AS1,6.214015518184083e-05
GPALPP1,6.213949300551027e-05
PI4KA,6.213519434462516e-05
TRAPPC11,6.21142184973646e-05
CAPRIN1,6.208866844517781e-05
ARL9,6.206937243995571e-05
DOCK3,6.204557481012316e-05
CSNK1G3,6.204267900947484e-05
SCFD1,6.203171903143609e-05
YLPM1,6.200804579119776e-05
NHEJ1,6.198049330503373e-05
ZMYM1,6.194037863338477e-05
TTC31,6.192233128475398e-05
CEP164,6.192034929333181e-05
WDFY2,6.190547973798268e-05
KIAA1257,6.189289888370314e-05
TMEM169,6.186759101117668e-05
ZNF761,6.186435191357645e-05
C7orf31,6.185643654466992e-05
SAPCD1,6.181296130153022e-05
ZNF627,6.180265663995675e-05
TMED8,6.179280496772546e-05
WDR76,6.178580643619879e-05
FLOT2,6.178286298833171e-05
GDAP2,6.176388458067444e-05
ZNF277,6.172186853765496e-05
SLC25A17,6.171855236850092e-05
XPO5,6.170203853634157e-05
OPA1-AS1,6.169696958614977e-05
ZDHHC14,6.166727050505079e-05
TTC38,6.166060000260885e-05
RABL2A,6.162977110960347e-05
SEC24A,6.159629996508645e-05
XRN2,6.159018054637089e-05
IL15RA,6.157583261947934e-05
RBM33,6.156212609175491e-05
TNFRSF25,6.152784851981124e-05
IFT81,6.15117222725553e-05
MLH1,6.149949696818411e-05
ZNF286A,6.14766152400229e-05
MGRN1,6.1470358779148e-05
CCDC158,6.146242050180874e-05
RHBDL2,6.140288248529753e-05
FOXQ1,6.13951658712327e-05
ODR4,6.139104995863691e-05
PHACTR3,6.137810348055474e-05
CENPA,6.135903629165204e-05
STK11IP,6.12534791351901e-05
TBC1D8B,6.124590821061002e-05
FAM110C,6.12313285771347e-05
KLHDC2,6.121368828011664e-05
INTS4,6.120428715667223e-05
UBE2K,6.117366432831223e-05
GMCL1,6.114698423282554e-05
PSTK,6.112602188423059e-05
CCDC134,6.110410719369774e-05
TMEM272,6.108865830252428e-05
NFS1,6.10871520564556e-05
RAB3C,6.107542309947343e-05
CHCHD6,6.105838307967276e-05
TONSL,6.10500246034957e-05
AMACR,6.104557944875297e-05
MFSD8,6.10154041894272e-05
TTC7A,6.0985121168777824e-05
GINS4,6.095605150025564e-05
SAPCD1-AS1,6.095338182070118e-05
PTPRD-AS1,6.091991732677262e-05
VEPH1,6.091428471839189e-05
BTBD19,6.0906031269547874e-05
NPIPB2,6.0889451344859415e-05
NSUN3,6.0863962343028674e-05
CARF,6.0827036391705125e-05
EPDR1,6.080820059124723e-05
SPDYA,6.078444682259193e-05
KIFC2,6.075491771963234e-05
DPY19L1,6.073571412239442e-05
ACYP2,6.073386341705413e-05
PCF11-AS1,6.0691244468061495e-05
DNAJC17,6.0675401539593565e-05
ZNF8,6.066468301422388e-05
CSE1L,6.066169319719703e-05
MTERF2,6.063675365557631e-05
VPS35L,6.0631455019637816e-05
ENO4,6.062125586332467e-05
MED23,6.0606462064741885e-05
FAM155A,6.0593597253747646e-05
GGA1,6.05848550195596e-05
SLC30A4,6.05711692447744e-05
KAT14,6.056098539517296e-05
ASB7,6.05594377769087e-05
ALG13-AS1,6.055309627423633e-05
PHKA1-AS1,6.055284855116275e-05
AP002812.2,6.055122424987221e-05
RBM23,6.0539716832339775e-05
ZFYVE28,6.0538068802292885e-05
LRRC37A3,6.053123529243839e-05
FKBP15,6.052235803362315e-05
ZNF785,6.05133523366776e-05
ARL17B,6.0503688003162505e-05
KPNA5,6.047655634472195e-05
TLR5,6.047092818889128e-05
FSBP,6.0463052487184365e-05
JAG1,6.043902718401435e-05
ZNF888,6.043447698736033e-05
ANAPC5,6.041672051590814e-05
NME7,6.038704119817697e-05
PAWR,6.036305726968945e-05
PRKD2,6.035292781888735e-05
NSMAF,6.034111773283385e-05
C9orf147,6.0339227600056e-05
MAPKAPK5-AS1,6.033608089498988e-05
BCCIP,6.032245869808018e-05
TMC5,6.0300889293107336e-05
RBM27,6.03003759540589e-05
CRNDE,6.028946915260367e-05
FAM72D,6.027851202586009e-05
RINT1,6.0251284638563726e-05
IMPA1,6.025082305816542e-05
QSOX2,6.023558380174358e-05
C3orf35,6.023312343011917e-05
GUF1,6.022163602015757e-05
VAMP4,6.021335001441604e-05
NOL9,6.015058798005963e-05
PRMT7,6.014383709501743e-05
LONRF3,6.012477145707919e-05
CENPQ,6.011572366999369e-05
ASAP3,6.01096948297146e-05
EXOG,6.00816175949232e-05
EIF3J-DT,6.006610050201454e-05
PDE7B,6.005183119577151e-05
MCEE,6.004382654843826e-05
E2F8,6.003975494229243e-05
RAB20,6.0026624666968845e-05
ERVW-1,6.000293844678763e-05
NDRG3,5.999079765624559e-05
KCNN2,5.998356830609849e-05
MIR4435-2HG,5.993200019740664e-05
ATG10,5.991631928243907e-05
DERA,5.9913493858811925e-05
PRELID3A,5.9893168487207554e-05
PHF12,5.988589888302104e-05
VPS39,5.986110810173435e-05
XK,5.985569587971109e-05
FRMD3,5.980394075940182e-05
MRPS28,5.980298207896372e-05
MINDY3,5.978898677430385e-05
ACTR2,5.972622013128476e-05
RGL3,5.970344343732729e-05
PTPN18,5.970211372447287e-05
OCRL,5.969158423083154e-05
KIF7,5.968642922614447e-05
PMM2,5.961805570333222e-05
CNNM2,5.960268100331577e-05
CENPU,5.957556231584853e-05
ZFP14,5.951227231916659e-05
MCM3AP-AS1,5.946565113431821e-05
DIAPH3-AS2,5.946110189692245e-05
STAM2,5.9448923270170864e-05
ACSS1,5.944165118302245e-05
NCEH1,5.942456105386749e-05
DIAPH2-AS1,5.942023701340723e-05
PDIA5,5.940790447103271e-05
RHD,5.940736301455519e-05
RBL2,5.937708347933526e-05
NOVA1,5.937691783963799e-05
BBIP1,5.925268118177023e-05
ARHGEF11,5.923172973284557e-05
PSMD1,5.9207234944079136e-05
FAM171A1,5.917579161937892e-05
TCEANC2,5.915984418052725e-05
EXD2,5.9147568384221445e-05
BDNF-AS,5.913847652836293e-05
ZBTB25,5.913086140894359e-05
STX6,5.910591449700446e-05
EME2,5.907337364049221e-05
ZNF850,5.904754219449441e-05
C9orf152,5.902666432108312e-05
ARHGAP24,5.9013505616799066e-05
KSR2,5.900316399306863e-05
DNM2,5.898294439324694e-05
SNTB2,5.88960088557151e-05
PTCD1,5.888653393921808e-05
KCTD16,5.887355251595027e-05
C22orf23,5.885666606372659e-05
NIPBL,5.882473016421834e-05
GIPR,5.882368262450692e-05
ZNF839,5.881922936290531e-05
FAM193A,5.879991757292873e-05
DPY19L3,5.877331201740842e-05
HOMER2,5.876848227797079e-05
ANKRD11,5.876625839349571e-05
KLRC1,5.87574200056888e-05
ING4,5.875001583153769e-05
AXIN1,5.873205131527191e-05
TEDC1,5.871603721830705e-05
ZNF248,5.866150051266452e-05
C17orf53,5.864285155937779e-05
CDKN2B-AS1,5.860693576170377e-05
BBS1,5.86056068703685e-05
BMT2,5.8588210398514273e-05
SENP1,5.857269977715227e-05
ANKFY1,5.850926658310403e-05
RNPC3,5.847945217511558e-05
BCL7A,5.84678205062323e-05
INAVA,5.845839138710262e-05
PCMTD2,5.844579921250607e-05
SH2D3A,5.8433290552215033e-05
TTC21B,5.843268311222079e-05
SERHL2,5.836958938334339e-05
TRIP4,5.8369538970212064e-05
USP33,5.836770305997098e-05
AGAP4,5.836511370252376e-05
TRAK1,5.836451247802496e-05
ZNF451,5.834037995320066e-05
KLHDC1,5.832966909744414e-05
C9orf153,5.832923119373147e-05
PYROXD2,5.832543557411489e-05
AKAP9,5.830985118433379e-05
DNAH10,5.827547097914279e-05
APOL2,5.826357191659408e-05
TCTN1,5.824711089462733e-05
FAM157C,5.822466491234431e-05
RNF38,5.82199815530997e-05
PLAA,5.8215485537814765e-05
PSMG3,5.819521244567511e-05
CTDSPL,5.819183854802169e-05
USP37,5.818710220814733e-05
TMEM9B-AS1,5.816837866496627e-05
TVP23C,5.8157598358004365e-05
DPP8,5.8149882535262536e-05
SLC25A25-AS1,5.810748550080501e-05
PARP4,5.809912238896061e-05
NUP133,5.80062880911429e-05
FER1L6-AS2,5.800497984525711e-05
ECPAS,5.798451486109543e-05
EEF1AKMT2,5.797442865950891e-05
TTC23,5.795020819948885e-05
FASTKD2,5.793741258181559e-05
SYBU,5.7929313927362845e-05
EPSTI1,5.790464415661168e-05
RUFY1,5.789752484378943e-05
MICAL3,5.78716246130904e-05
MALT1,5.784685065777203e-05
RAI14,5.782434899508131e-05
ZWILCH,5.779724926571312e-05
C11orf65,5.779065311768197e-05
TUBGCP2,5.777507602176241e-05
RARS2,5.776818546830072e-05
MAP3K2,5.775989054912734e-05
PLSCR1,5.768780370599324e-05
OIP5,5.7667744432965896e-05
BET1,5.762083767828019e-05
ZNF75A,5.75953087522133e-05
FKBP14,5.758082580975933e-05
METTL25,5.753440615030183e-05
ZFX,5.752984259482469e-05
ILF3-DT,5.752004860670416e-05
ADGRF1,5.750863976590559e-05
C19orf44,5.750080514209728e-05
TRPV1,5.749239141878302e-05
EIF2AK3-DT,5.745973749956099e-05
LYPD6,5.7436328702007626e-05
SCAF4,5.7393543839718055e-05
ZNF236,5.739312189643123e-05
KIF22,5.7355312603386775e-05
PHACTR4,5.734677514140217e-05
ACTR5,5.7304360569116914e-05
DECR1,5.729136163116964e-05
IGSF9B,5.7251923977233976e-05
VPS53,5.7215685389145165e-05
DCUN1D1,5.7193171071790366e-05
POLR1A,5.716417564774063e-05
UFL1-AS1,5.715945318583778e-05
KDM7A,5.714386089012264e-05
ZKSCAN3,5.713862185363922e-05
USP50,5.713242500207616e-05
MIR924HG,5.710866398082751e-05
TTC39A,5.709280699357993e-05
RBM19,5.707555348741944e-05
PPWD1,5.7060554835297314e-05
RELA-DT,5.705066823480774e-05
COG2,5.7048490001035054e-05
POLD3,5.704840303796749e-05
ZNF30,5.7045678681028654e-05
ENKUR,5.703826379793068e-05
AP3B1,5.700217970654676e-05
ZNF76,5.6993848078746255e-05
RAB17,5.6990122489503805e-05
MLLT6,5.698580944711431e-05
MTO1,5.69841898932654e-05
NAV2,5.697236747310591e-05
TUBA8,5.694033479793127e-05
KLF3,5.693395018418466e-05
COL24A1,5.687314753537632e-05
PIGK,5.686349844169575e-05
GABPB1-IT1,5.6816992398201735e-05
TMEM161B,5.680489447102483e-05
ARL5A,5.678575505892346e-05
EPHA1-AS1,5.678445834036398e-05
HSDL2,5.677741148959823e-05
TRMT1L,5.676118281271096e-05
FAM169A,5.675958540996762e-05
ARID1A,5.675863023992985e-05
AK4,5.671253692377339e-05
FAT2,5.6703964849577095e-05
TMC7,5.668751153156593e-05
SYDE2,5.667757899696589e-05
SOX21-AS1,5.663499884182613e-05
SCIN,5.6613674745044826e-05
MFF,5.660713072991411e-05
PAX8,5.659550179836426e-05
ZNF431,5.658163490138162e-05
ANO6,5.658134196372845e-05
RASSF8,5.655124500988899e-05
MAST2,5.652241884101743e-05
RNF183,5.64986440662268e-05
GATAD2B,5.649477587295773e-05
ZNF804B,5.648610373152784e-05
GATA3,5.646793745145161e-05
RPARP-AS1,5.644690388499229e-05
NBN,5.637651106373391e-05
KDF1,5.6367859214160586e-05
TRAF3IP1,5.6346442441336686e-05
CEP89,5.634583963766734e-05
ACSF2,5.632352023798103e-05
MKNK1,5.630862188511807e-05
AP003390.1,5.62985898472769e-05
FAM192A,5.627120829606784e-05
PNCK,5.627057800053736e-05
FAIM,5.625687498952508e-05
SPATA32,5.6225334251529264e-05
TRAF3IP2,5.61902150679483e-05
RAP1GDS1,5.618345140867602e-05
PYCR3,5.615299719975101e-05
FMNL2,5.615071615252195e-05
TMEM209,5.613773426702927e-05
ARMCX5-GPRASP2,5.609545632577651e-05
ALDH18A1,5.59642788014132e-05
PMEPA1,5.594976719724768e-05
STX18,5.592708172713152e-05
KRCC1,5.59093073217984e-05
UBAP2,5.587018048635253e-05
CEP57L1,5.586543518216711e-05
TECPR2,5.584705956809114e-05
ZNF25,5.580949303566582e-05
SRP14-AS1,5.57987237571409e-05
ASB13,5.57872500160104e-05
EXO1,5.5780390788691735e-05
CBLC,5.578026898670771e-05
ERCC6L2,5.577922341961984e-05
CPSF7,5.5767631142048566e-05
TRAPPC13,5.575631321500071e-05
SEMA3A,5.573333242495765e-05
ALOX12-AS1,5.573208445186009e-05
NSUN6,5.572550898515455e-05
ENGASE,5.5717687143193245e-05
KCNQ1,5.571262802934613e-05
NWD1,5.56912707551867e-05
XRCC3,5.567798168908627e-05
AGAP9,5.566995079393287e-05
CCDC148,5.5666271189417214e-05
NCK1-DT,5.565732206450085e-05
C3orf67,5.564481018491437e-05
SLC35A1,5.562473529336948e-05
ASPSCR1,5.561228281204098e-05
DNMT3A,5.560715671204124e-05
ROCK1,5.558751594958976e-05
SRSF4,5.558427468288324e-05
CTTN,5.555560807357595e-05
AFDN,5.554863051074151e-05
CUL2,5.553563620938965e-05
NUP205,5.553076446556678e-05
RAB11FIP4,5.545867869688183e-05
NPTN-IT1,5.544271218539725e-05
AP3M2,5.54280519465874e-05
PEBP4,5.540801521862082e-05
TJP2,5.539826422231814e-05
CCDC154,5.5390463444593353e-05
KNDC1,5.538569002013172e-05
PACSIN2,5.536694305428118e-05
LDLRAD3,5.536059752763392e-05
MBOAT1,5.535635464436422e-05
SENP2,5.5355522317862025e-05
STYK1,5.530426900132277e-05
SLC25A16,5.5279973373880464e-05
STOX1,5.52460060015214e-05
JRK,5.5244059867108485e-05
TP53BP1,5.52336574114034e-05
RFC2,5.5229910708337074e-05
ILKAP,5.522182969132403e-05
SPINK5,5.521341039734324e-05
SPAG16,5.5205026510485495e-05
CLCA4-AS1,5.51999575659397e-05
TAF1B,5.519887351224792e-05
KLHL3,5.512975797643631e-05
DNAI1,5.5114821923802464e-05
PSMF1,5.510438125401914e-05
GPSM2,5.509418320954626e-05
C4orf36,5.5077439715090776e-05
MRPL48,5.5069558716798654e-05
TAF1,5.505502119519129e-05
KIF26B-AS1,5.503324157568462e-05
CDHR3,5.503134341891638e-05
DICER1,5.502568768722497e-05
RHCE,5.5021140828434506e-05
CTNNA1,5.497320378006985e-05
CDKL3,5.494821166229917e-05
IRAK1BP1,5.493100897274444e-05
ZNF697,5.4917579475216986e-05
ST7,5.490526333535732e-05
UBOX5,5.489853279108225e-05
ERI1,5.4893185152516045e-05
VAC14,5.488898327728029e-05
ZNF397,5.488614002078216e-05
MASTL,5.4878390618625125e-05
ADAMTS17,5.48726957199769e-05
TRIQK,5.486868050768213e-05
AD001527.1,5.483882261542864e-05
ZBED5,5.4831529407308537e-05
ATP6V1H,5.4813493279426005e-05
RABEP2,5.4789208089855534e-05
MAP3K14-AS1,5.476980186044159e-05
CFAP74,5.4742556201728655e-05
RNF135,5.472611575961059e-05
KCNIP2,5.4703967386316535e-05
MSL2,5.4693438466413445e-05
MFSD11,5.467267717205272e-05
TMEM144,5.462978342030967e-05
PUM3,5.4624199595092106e-05
DNAL1,5.45857613000973e-05
CC2D2A,5.45840280080409e-05
AP002360.1,5.455712776308383e-05
GTF2H2,5.454451604620353e-05
BCAS4,5.45422237244205e-05
ATG4B,5.453160731185975e-05
RNF13,5.452701259650303e-05
GTSF1,5.45179534104823e-05
IDH1,5.448160394798275e-05
HRH1,5.444602679958104e-05
GPR157,5.444574055438041e-05
C12orf4,5.44283731420242e-05
NCR3LG1,5.441862057908239e-05
IL1RAP,5.44046165935768e-05
ACCS,5.439901433826624e-05
UQCRC2,5.439846873434299e-05
TRAF2,5.4362112068242936e-05
TTC28-AS1,5.4344253458116826e-05
SPATA7,5.433970448290857e-05
ARL6,5.433910788741379e-05
HDHD3,5.427109676680852e-05
ZNF41,5.423195861436802e-05
PGAP2,5.421554152338823e-05
NFIX,5.419651338223236e-05
AP006621.4,5.418684332209829e-05
ZSCAN2,5.417793711423164e-05
ZNF225,5.417230120812268e-05
ZNF750,5.416391650159304e-05
HTR3E,5.415166025751909e-05
TTPA,5.414470090239983e-05
ERICH1,5.412159451772395e-05
DOC2B,5.412075091992728e-05
TNPO2,5.411341184392475e-05
ARHGAP35,5.411143220065666e-05
ALG8,5.409673741301326e-05
FDFT1,5.407501828760352e-05
TAF3,5.407164537201374e-05
VWA5A,5.403184816634208e-05
SLC28A3,5.401068756960169e-05
SLC1A2,5.400148053324481e-05
ITGA3,5.3993865601066345e-05
FAM227A,5.393485924138884e-05
ILRUN,5.3908718444761575e-05
CACNG8,5.390728205457727e-05
UBE2F,5.385678969768817e-05
GCFC2,5.384490611067302e-05
PM20D2,5.384106599928495e-05
GATB,5.383744018719714e-05
ZFAND1,5.378126446043269e-05
MAP7D2,5.377612873698245e-05
CYTOR,5.375815871431519e-05
LRRC28,5.372572528347808e-05
PLAC1,5.368002369024246e-05
LRCH1,5.364941913239731e-05
C1QTNF3,5.362397308427751e-05
MORC4,5.362337046344851e-05
FOXN3,5.358890923374846e-05
CHAF1A,5.35803631172593e-05
LRIG2,5.357824238904479e-05
PRDM10,5.357639291993157e-05
DCAF10,5.356007448323495e-05
ZNHIT6,5.355536104401691e-05
DAP,5.3539923777323655e-05
SLC51A,5.3524969195903855e-05
FBXO34,5.35211259650472e-05
CCNE2,5.3508543327413005e-05
PGR-AS1,5.346106889131715e-05
ST7-AS2,5.344805824594434e-05
ASB16-AS1,5.341765136503016e-05
WDR47,5.336062133159883e-05
PPP4R1,5.3357855205745634e-05
FEZ2,5.333882315808275e-05
TSNARE1,5.33283626354942e-05
SETD6,5.329537177617961e-05
ANKUB1,5.325246502264639e-05
SECISBP2,5.324643769212037e-05
UBXN2B,5.324282291546198e-05
NCK2,5.321997564780592e-05
CHD8,5.3158227737081744e-05
NADK2,5.314965279669816e-05
SLC38A6,5.3146051543231525e-05
TMEM260,5.313679719388856e-05
GATAD1,5.312922867144806e-05
RSAD1,5.3117777661174415e-05
FREM2,5.311437014861082e-05
FOPNL,5.3113435962258926e-05
IVD,5.306963616736662e-05
MAP3K10,5.306851722468722e-05
PRRX2,5.305293671584179e-05
TYW5,5.3031180756269416e-05
LGR5,5.301677149750476e-05
AFF1,5.3012160854745376e-05
PPP2R3B,5.297198042532351e-05
HFE,5.295870418988991e-05
NIPSNAP1,5.295591173052782e-05
SCAT2,5.292080661111859e-05
UBE3A,5.2885130773411854e-05
MMS19,5.28686732799441e-05
TMEM161A,5.2854680143673125e-05
NEBL,5.282388252811085e-05
CUL1,5.27878616732439e-05
WDR20,5.27868661726175e-05
MTG2,5.277821236463445e-05
DDN-AS1,5.276702016386224e-05
PRSS3,5.275207585950157e-05
CLCN6,5.2730139727034445e-05
C21orf62-AS1,5.272802665186968e-05
CDK3,5.27207855984701e-05
KCTD1,5.270616997969139e-05
LMCD1-AS1,5.26852401253249e-05
BX004987.1,5.267916259322301e-05
ZGPAT,5.26657057342489e-05
UGDH-AS1,5.2663285483504574e-05
C4BPB,5.263011371678725e-05
AVEN,5.262678702668582e-05
DISC1FP1,5.262400187829163e-05
CDCA3,5.260701330412192e-05
SPAG5,5.259629349710256e-05
ATG4C,5.256002217065199e-05
NPAT,5.254239652021038e-05
SPTLC3,5.251428486885189e-05
SCLY,5.250155721725287e-05
RRP15,5.250036022004044e-05
TRRAP,5.24992749133726e-05
IQGAP2,5.2491687645158753e-05
CHM,5.248931867401706e-05
LRRFIP2,5.246131558043826e-05
MST1R,5.246097433532361e-05
NAA25,5.245209649825712e-05
ZDHHC13,5.24496962452715e-05
ZNF708,5.243926740755136e-05
MPV17L,5.2426097446837e-05
PPP3CC,5.240770535167631e-05
CCSER2,5.2392432388510605e-05
FER1L5,5.238525930884593e-05
AP000446.1,5.236253059282475e-05
VPS50,5.234932925637381e-05
SPRY4-AS1,5.23379283346434e-05
GCNA,5.2330947564700006e-05
AGBL1,5.232050210661258e-05
MTMR1,5.231199712223653e-05
Z97192.1,5.228704203745756e-05
ZNF710,5.22796908255337e-05
DST,5.227314333542843e-05
B9D1,5.225340644943437e-05
GPR18,5.218514484945602e-05
PGM2,5.218381514868934e-05
HELLPAR,5.217899623915796e-05
AMY2B,5.21737456951695e-05
FAM27C,5.21700969624594e-05
ZMYND8,5.215468631191044e-05
IKBKB,5.208854301477296e-05
C16orf74,5.206767662829296e-05
ZNF460-AS1,5.205597968089105e-05
SIMC1,5.204613146387289e-05
PNLDC1,5.204407506233487e-05
TMEM92-AS1,5.2043995726378726e-05
NRBP2,5.2043348925026686e-05
RBMS1,5.203073382235079e-05
SAE1,5.201429688911815e-05
CYB5RL,5.201175948660346e-05
ARMH4,5.201174255141272e-05
C8orf86,5.199031278207222e-05
TAFA2,5.198681370385983e-05
GAN,5.194260109210289e-05
C20orf96,5.194241008356611e-05
PIPOX,5.192933920484822e-05
LNP1,5.1914750392176434e-05
PRMT8,5.19118705623466e-05
UBQLN4,5.187553190468909e-05
DNM1P35,5.187087217422729e-05
SF1,5.187071745721121e-05
SNX16,5.185436021533362e-05
ZBTB4,5.1840413988814406e-05
WDR90,5.183353659340458e-05
CSMD2,5.182176821943005e-05
ACOT7,5.181136670841591e-05
ELK4,5.180667061127335e-05
DNAJC28,5.179629048375209e-05
ZNF195,5.178613403161232e-05
UBP1,5.178259846168461e-05
EPHA10,5.177697019485237e-05
GTF2H1,5.1774106514554896e-05
TAF1D,5.176664248179773e-05
ABCA13,5.1737883778329913e-05
ALMS1-IT1,5.173527651259379e-05
SPG7,5.173525478783722e-05
ZNF814,5.1690312494230845e-05
PDE6D,5.166241671698111e-05
CRYL1,5.163477740312361e-05
NUTM2A-AS1,5.162700152838652e-05
KIF27,5.1595312004722585e-05
RBFA,5.157528784174792e-05
TFG,5.155645819284281e-05
ACVR2B,5.152728675648338e-05
BICDL2,5.150401415911359e-05
PLEKHH3,5.149441768318508e-05
COL11A2,5.149402698408077e-05
PAXBP1,5.148862161701004e-05
DCTN4,5.1483316174466255e-05
GPT2,5.14536768869687e-05
PCCA-AS1,5.144763771352653e-05
HSD17B4,5.144238358384622e-05
NELFA,5.142264283240691e-05
LHPP,5.134360823864418e-05
E2F7,5.131636243409202e-05
CHTOP,5.1296319289925294e-05
KCNQ1OT1,5.127880969966251e-05
EXOSC5,5.125702349504673e-05
C19orf25,5.1228199178019846e-05
SDHAF3,5.119009151040679e-05
CMTM1,5.118299138664719e-05
COLCA2,5.117969678481816e-05
ADCY9,5.117040858163482e-05
TAC4,5.115741199929696e-05
TTC4,5.115596183332831e-05
DLX4,5.112646861759784e-05
BX640514.2,5.111977583112622e-05
LRRC14,5.111844991538758e-05
NME9,5.105945177716615e-05
ZNF607,5.102979866783576e-05
PCLO,5.101510566994072e-05
MDM1,5.09950886831032e-05
QPCTL,5.098797819649002e-05
FAM177B,5.098440575800039e-05
RTCA-AS1,5.094553673257423e-05
WDR25,5.090236630552982e-05
ZFHX2-AS1,5.08991181841072e-05
GTDC1,5.089538520689345e-05
SLC20A2,5.088633221892511e-05
ADAMTS16,5.088561099339175e-05
ELP3,5.086228868491291e-05
CSAD,5.0846590527296896e-05
PRKDC,5.081168047994638e-05
PARVA,5.080607443874761e-05
SLC25A36,5.080163380129414e-05
INTS2,5.077186821560077e-05
SNX30,5.074079918722149e-05
PIGB,5.073609326703451e-05
ARHGAP28,5.071169218845968e-05
ELMO2,5.0699092594266615e-05
SMCHD1,5.0691991078282125e-05
DDC,5.069056554139178e-05
C1orf127,5.068514304113312e-05
AP003059.2,5.068153704815394e-05
SYNE4,5.059118602030299e-05
INPP5B,5.057322461499099e-05
SIM2,5.056824610345346e-05
GFM2,5.055797049486149e-05
OXSM,5.054406188414922e-05
TRIM27,5.0533523727434615e-05
MTERF4,5.053024242313564e-05
HCFC2,5.052341522598889e-05
ALDH1A1,5.05217759662013e-05
RAD50,5.049035058547711e-05
DYRK1A,5.0462834475562495e-05
ANKRD36B,5.04584769110884e-05
RASAL1,5.041481184032202e-05
RCOR2,5.037369423615642e-05
TRIM73,5.037284548327125e-05
TBL1XR1-AS1,5.036834198048029e-05
INO80C,5.0350539660049975e-05
KMT2D,5.0338832154982825e-05
SLC36A4,5.033246259830729e-05
LIAS,5.0329518870314375e-05
PIK3C3,5.029997345750306e-05
CTIF,5.029763930028816e-05
STXBP5L,5.028160898786119e-05
SMAD5,5.027311747413702e-05
FAM241A,5.02511428048743e-05
PHF8,5.024876322758374e-05
GPR160,5.023799961444337e-05
SEPTIN4-AS1,5.022813715806731e-05
SYTL5,5.022487541119939e-05
SPINDOC,5.017359206442407e-05
DCAF17,5.016498241605e-05
YARS2,5.016068502878952e-05
SNHG11,5.0142655411316e-05
ADD1,5.012400688096712e-05
TRIM24,5.0097340957583806e-05
KATNAL2,5.00959940925397e-05
POLR3C,5.008825982529311e-05
SRCIN1,5.008670004080326e-05
ZNF551,5.000916619863126e-05
TP63,5.0007509392018384e-05
LRIF1,4.999509077420499e-05
SCN3A,4.999142387796054e-05
DARS2,4.995856880430327e-05
HIPK2,4.994992006904816e-05
ADCY4,4.994472590457024e-05
PTPN20,4.993716678760812e-05
AGTPBP1,4.993075134967801e-05
DSCC1,4.990371640157092e-05
ZNF273,4.9896888895405285e-05
SLC37A1,4.989590742299981e-05
AP001341.1,4.989516296256002e-05
SIRT5,4.986220675909718e-05
KDM4A,4.985521347364638e-05
ELOVL6,4.984954788320144e-05
TSEN54,4.983392663737163e-05
CCDC113,4.9828698021990175e-05
ATXN3,4.982225926777763e-05
MET,4.98114035565103e-05
HOXB-AS3,4.979296246530772e-05
VLDLR-AS1,4.977555166933919e-05
UNC5CL,4.977403144643546e-05
ZNF862,4.977132672461306e-05
CYTIP,4.976485548109694e-05
BTAF1,4.974644880717491e-05
TTLL1,4.972098682711648e-05
AGPAT3,4.971447418553523e-05
TNFRSF11B,4.970919102153416e-05
CHRNA7,4.968516309365277e-05
SYT8,4.966299010339243e-05
KCP,4.965673624539456e-05
KLHL5,4.965320686516783e-05
C5orf63,4.964071136621588e-05
IQSEC1,4.964002720631371e-05
DHX58,4.962523438567744e-05
IRF2,4.960614613618424e-05
GALNT12,4.958537636864648e-05
RNF17,4.9584512186976e-05
HAVCR1,4.958440059210411e-05
BRWD3,4.9582739362442446e-05
TFDP1,4.956383518488812e-05
WDR17,4.9561250734023606e-05
ZBTB1,4.954527432651978e-05
LARP1,4.954045686182324e-05
LRP4,4.952500763534743e-05
ST7-OT4,4.951746233629233e-05
SNHG20,4.950538941822936e-05
PISD,4.949052990839591e-05
RUFY3,4.948783127447293e-05
PIWIL4,4.947852102681684e-05
MCM9,4.9474861348308624e-05
CCDC82,4.946133245096749e-05
NNT,4.9445354119771645e-05
GTF2H3,4.944143444024287e-05
TVP23B,4.941296064296584e-05
ANO4,4.940179675152718e-05
MCM4,4.934965671068687e-05
TRAPPC10,4.9348133095397655e-05
DGKG,4.934812280811816e-05
IP6K2,4.932529389578775e-05
STX1A,4.929495565893601e-05
AXDND1,4.92914293690066e-05
PI4KB,4.9288995671661445e-05
C1QTNF2,4.9286810266668026e-05
AFAP1L2,4.926362523441928e-05
DHRS4-AS1,4.923846879338826e-05
SLC7A2,4.92273570548987e-05
MTCP1,4.922317610416541e-05
PPP1R21,4.919142733511745e-05
ZXDA,4.9188324537261245e-05
YPEL3,4.917394130049415e-05
THRB,4.916013158282554e-05
PRDM2,4.91476519159645e-05
TRAF3,4.913704339960554e-05
BRWD1-AS2,4.913375001892521e-05
TIMM23B-AGAP6,4.910484047186194e-05
ARMC9,4.910474997764642e-05
ZNF264,4.909212861887205e-05
C1RL,4.907725067338127e-05
EMSY,4.90686822625067e-05
SEC62-AS1,4.9064013706677154e-05
TMEM131,4.904991807002164e-05
ACSM1,4.904582022804845e-05
KIAA1671,4.904212129313257e-05
PSMD14,4.903107792897208e-05
ATAT1,4.903031092243057e-05
LSM14A,4.901175519895247e-05
AP1G1,4.898986490358603e-05
FAM98C,4.898560043074819e-05
EIF2B3,4.895128356990516e-05
CLUAP1,4.894950179579795e-05
AP003392.1,4.893185324096096e-05
ARHGAP6,4.8927832011756665e-05
KRAS,4.892282125742986e-05
FTCDNL1,4.891722994318853e-05
DTWD1,4.891164075225825e-05
PTPRZ1,4.889359068523087e-05
MAP3K14,4.889272304672326e-05
SHLD2,4.8887157674537775e-05
LHFPL5,4.887440961409359e-05
BORCS5,4.88174923346316e-05
OSBPL2,4.88114157899559e-05
KRTAP5-AS1,4.880082207665425e-05
PTPN1,4.879662008716311e-05
KAT6A,4.87853500423707e-05
SLC41A2,4.878339569237272e-05
SPIB,4.8775738091475335e-05
AGBL2,4.877563164399406e-05
RASEF,4.877388926782261e-05
KRBA2,4.877202937819358e-05
KCMF1,4.8770884007176335e-05
AIG1,4.8767301603685856e-05
ASB5,4.87599018940706e-05
CMYA5,4.874506327581824e-05
BBS5,4.873427591911135e-05
INPP4A,4.873397948465438e-05
ZFP41,4.871545759013811e-05
STK35,4.870666572668967e-05
UIMC1,4.870205078938362e-05
ALDH3A2,4.869786901818931e-05
C16orf71,4.868989011358147e-05
FAN1,4.86663466535168e-05
TOMM70,4.866481303215956e-05
SNX25,4.864435778566778e-05
SETD3,4.864389956019825e-05
IL20RB-AS1,4.863429635796831e-05
MTMR2,4.860648544304851e-05
PDE9A,4.8605073883704425e-05
EXTL2,4.859136916155247e-05
SMCR5,4.857697349978067e-05
WASF3,4.857349095260496e-05
TADA2A,4.846372267196312e-05
HK1,4.844038466467444e-05
AGBL3,4.842809984772561e-05
COLEC10,4.8420045709469176e-05
TMPRSS2,4.840588368296965e-05
CNDP2,4.840233357119909e-05
BDH2,4.839628167605399e-05
SLC37A3,4.837504746876388e-05
BX284613.2,4.837374417196633e-05
YES1,4.8373637236372345e-05
LRRIQ4,4.833598005170252e-05
PDXDC1,4.832757656732093e-05
INTS12,4.8321498105661806e-05
PLXNB1,4.830768778747819e-05
ABLIM2,4.829955699122772e-05
KPNA1,4.828675266382921e-05
SLC26A5,4.828215723683028e-05
AF165147.1,4.825255547216906e-05
PRPF39,4.825224506311823e-05
ACTR3B,4.822098365952539e-05
ZNF18,4.819443408991818e-05
CCDC114,4.818562795410989e-05
ZNF780A,4.81728146200556e-05
CHIC2,4.816240484350238e-05
CKMT2,4.814548180736225e-05
CROCC2,4.81406052757992e-05
C2orf69,4.8129298320538695e-05
TTC19,4.812073473064944e-05
TAZ,4.812068560283837e-05
CEP83,4.811671051247945e-05
PPHLN1,4.807105995931574e-05
FLYWCH1,4.80517324221818e-05
RB1,4.803609548194689e-05
NPRL3,4.803496448558695e-05
GLI2,4.8028975476994416e-05
JAKMIP2,4.801813309999179e-05
ITPR3,4.799816358628378e-05
SNHG26,4.799017252218385e-05
KPNA3,4.7987237279488165e-05
ZNF484,4.798594245959482e-05
SPRED2,4.7982483256509824e-05
ARFGAP3,4.797702103435719e-05
ZFYVE27,4.797178319037155e-05
ZWINT,4.793450929727897e-05
CACNA1C,4.792600958549358e-05
FAT1,4.792125478755304e-05
TIMD4,4.791768708628578e-05
HKDC1,4.786568230007784e-05
BLCAP,4.785693759132496e-05
TGFA,4.784263433446048e-05
SEPSECS,4.784210803501767e-05
KCNJ13,4.7838106735602295e-05
ZNF333,4.7835485989364886e-05
ZNF891,4.7814204338400895e-05
TPTE2,4.780882029873229e-05
TPGS2,4.780135818047367e-05
DNAJB14,4.779577251501409e-05
DRICH1,4.7791666805818376e-05
HOMER1,4.7780520413532655e-05
SNHG3,4.777875605657056e-05
DUSP16,4.777695909874728e-05
ZNF670,4.7756135549263066e-05
ABCC6,4.7730359204538623e-05
CHD2,4.76341945828122e-05
PDLIM5,4.763080644301292e-05
ABHD17B,4.762960075613427e-05
SLC13A3,4.760744033080869e-05
ADNP2,4.75818191845152e-05
CLDN15,4.7579999346265645e-05
CYP2R1,4.75741259273206e-05
GOLGA1,4.756625049081544e-05
NUP85,4.755574893710245e-05
FRS3,4.7542844975469226e-05
MCF2L,4.754093508010909e-05
SLC25A10,4.753484467254087e-05
NUP37,4.752693566769e-05
PRIMPOL,4.750115027327113e-05
MCPH1-AS1,4.748536182151035e-05
ARAP2,4.747890297247408e-05
HHLA3,4.746415372322924e-05
TGM3,4.745286567127047e-05
SAMD13,4.744778947607103e-05
FEZ1,4.744250389376425e-05
PCYT1A,4.744166893317724e-05
EPC2,4.7425861579627325e-05
DNAJA3,4.738319925817455e-05
ZC3H12A,4.738098749703303e-05
UBE2G1,4.73693877987971e-05
AP000866.6,4.736827385214148e-05
MYO16,4.735391629315479e-05
OR2A7,4.735066376841782e-05
VWA5B1,4.734478462512972e-05
MROH6,4.7327834258576415e-05
AP001442.1,4.731448827046563e-05
ZNF230,4.730703383112967e-05
GULP1,4.730591806725705e-05
EPM2AIP1,4.730012165143908e-05
KIAA0895,4.7299767119249656e-05
TMEM39A,4.728505667436515e-05
LNX2,4.724980876545227e-05
ZNF175,4.7248228753798366e-05
TESMIN,4.7244199873686514e-05
CERT1,4.723175494076077e-05
CD44,4.720305738870301e-05
SNX21,4.71700254392636e-05
SLC66A1L,4.71643992375778e-05
MTMR9,4.716033978404387e-05
CNIH2,4.7143159018467975e-05
SNHG22,4.7115734528650616e-05
ZCCHC2,4.711154728169619e-05
CPOX,4.710793043502586e-05
QSER1,4.71048749207359e-05
UBAP2L,4.710425404473744e-05
AP002026.1,4.709207085441181e-05
SPTBN5,4.7054902561493534e-05
MPRIP,4.704701275992378e-05
AP000787.1,4.702430858308244e-05
USP14,4.701660824391036e-05
ERICH5,4.699563547288596e-05
SLC25A14,4.699437743091306e-05
ANAPC10,4.6994014564316e-05
MISP3,4.6974105625957695e-05
DENND6A-AS1,4.695020302745524e-05
CFAP97,4.6930447526645184e-05
HOXB-AS1,4.6916611993274914e-05
CHST15,4.6912736843774256e-05
ZBTB26,4.690875919448737e-05
CRBN,4.690824716983976e-05
TBCCD1,4.689006700956894e-05
AP000753.2,4.688387292223824e-05
SHOC1,4.686703284899861e-05
MSANTD2,4.686218837729446e-05
FAM13A-AS1,4.6829364831582007e-05
SPAAR,4.679771869829584e-05
TAS2R30,4.679520478377228e-05
ZNF200,4.6789147865456176e-05
ADCY6,4.678893643594021e-05
TRIM23,4.676642121168902e-05
BTNL8,4.676186860570708e-05
RANBP10,4.676164446049751e-05
NKTR,4.675314824537184e-05
NSUN7,4.673217464004746e-05
LCA5,4.670094322596719e-05
SIRT7,4.669641611002163e-05
CARD11,4.668767454461381e-05
TNC,4.666049219680082e-05
ZCCHC14,4.663889292568884e-05
TMEM69,4.6622814152112896e-05
NFRKB,4.661516176905213e-05
PPIL2,4.66135166096404e-05
SYTL1,4.660735165270027e-05
KIAA0753,4.66052193029056e-05
TRDMT1,4.6596178169351e-05
CASTOR3,4.659482990549022e-05
DENND11,4.658704178612182e-05
AP001318.2,4.656698202198738e-05
MSI1,4.655704601958062e-05
MTSS2,4.652236098015623e-05
ZNF256,4.651473267062498e-05
PEX13,4.6512814710772e-05
FAM133B,4.6506165601157046e-05
SLMAP,4.648986760165447e-05
SERP2,4.648836888879558e-05
KIF5A,4.648291524012794e-05
ADGRG2,4.64543900337048e-05
TDRKH,4.641345584923869e-05
BTBD16,4.640095775778762e-05
JAKMIP3,4.639246943907676e-05
FKTN,4.636415685869961e-05
AP000266.1,4.63626253905998e-05
SPTY2D1OS,4.636082724098247e-05
WTIP,4.63601513263498e-05
WIPI1,4.6315085651611766e-05
CATSPERG,4.631338641274948e-05
NBDY,4.62918216451588e-05
PLSCR2,4.628698996160572e-05
CORO2A,4.628566183264475e-05
FAM126B,4.628183786803778e-05
DTYMK,4.6271454647541536e-05
Z69720.1,4.626474748484311e-05
AP001020.2,4.625427053311907e-05
PTBP3,4.624561073215114e-05
KIAA1549,4.624448436054515e-05
SLC38A4,4.623843762276244e-05
WRAP73,4.623510740349512e-05
FIG4,4.622776776100321e-05
NTF3,4.621246188230974e-05
TASOR,4.62071275630578e-05
MIR548XHG,4.619255271763765e-05
ZNF550,4.617468594361523e-05
LRR1,4.6174285857963015e-05
MAGI2,4.615573361310468e-05
GOLGA8A,4.614383825375941e-05
ANAPC16,4.612604532617904e-05
FAM161A,4.611502267230824e-05
CELF4,4.6094534941879696e-05
UNC13D,4.609372833085131e-05
FLCN,4.608894716741068e-05
SHANK2-AS1,4.607173640714695e-05
HYMAI,4.606248629790466e-05
MAP2,4.606233717862343e-05
APBB3,4.601763023352858e-05
POT1,4.6016579859592296e-05
CCT6B,4.6015780482183344e-05
COG4,4.600894861061856e-05
KDM1A,4.600342361406827e-05
PDE6A,4.599316722171776e-05
RSRP1,4.597696632993859e-05
UBE2G2,4.597543777298802e-05
EFCAB12,4.597252215312063e-05
ZYG11B,4.597163336312915e-05
DSN1,4.597083567092324e-05
ENPP6,4.596441645043185e-05
FERMT1,4.596396580554736e-05
GON4L,4.596268552805172e-05
PTCSC3,4.596187154154836e-05
C1orf195,4.593885392627248e-05
TM4SF19-AS1,4.5932369903272096e-05
ADCY5,4.592466704404234e-05
ZNF239,4.592191427185932e-05
ZBTB20-AS4,4.592052297429079e-05
GNL3L,4.59154815894517e-05
LHFPL3-AS1,4.59077278840158e-05
WFDC10B,4.5891094967104674e-05
EFHC2,4.588157671380106e-05
M1AP,4.58772452051043e-05
USP46-AS1,4.5845162010439846e-05
ZNF514,4.581851666791904e-05
ZUP1,4.580696995874954e-05
SESN3,4.579641161691422e-05
EPB41L4B,4.576220002071118e-05
RNF115,4.5743453453310185e-05
ANKRD10-IT1,4.573094603040748e-05
KPTN,4.57274267717186e-05
ABHD12,4.5721715872825386e-05
CCDC195,4.570882331407107e-05
DANCR,4.5703935474474725e-05
PYROXD1,4.566094541829971e-05
MXD3,4.565022637413684e-05
FAM9B,4.563171668822145e-05
PDE4C,4.561390202846726e-05
MEMO1,4.560655066238857e-05
ZEB1-AS1,4.558935395204844e-05
C16orf95,4.557123951085481e-05
HIST2H2BF,4.553089814166028e-05
MANSC4,4.552762024261683e-05
WDR3,4.550732250347408e-05
AKAP1,4.549519609516288e-05
DAPK1-IT1,4.547060495383245e-05
GPD2,4.547007762081194e-05
DPCD,4.546486175877597e-05
ZNF212,4.545652262163162e-05
REV3L,4.545628465024364e-05
CSRNP3,4.545018430336416e-05
APOL4,4.544232996132616e-05
SLC25A21-AS1,4.544206801831774e-05
RAPSN,4.543572859118389e-05
PPCDC,4.541832296821096e-05
C2orf68,4.541827159251531e-05
FAM86B1,4.539839413138272e-05
CNTD1,4.538206446086245e-05
CCDC180,4.537404143961669e-05
PLAC8,4.5365410739491535e-05
CCDC112,4.535102850157842e-05
FIP1L1,4.534648503742083e-05
SRSF7,4.5343880191652646e-05
PRKAG2,4.534202880752436e-05
GABPA,4.532609563613307e-05
TNFRSF14-AS1,4.532508276616125e-05
AF117829.1,4.530209785824536e-05
ZNF3,4.5293976256048856e-05
MFSD13A,4.527881569081241e-05
DNTTIP1,4.5247381545677135e-05
GORASP2,4.524469678909318e-05
RBAK,4.5235431658743305e-05
ZNF565,4.523287705915369e-05
ANKRD31,4.5229144540754416e-05
SETD4,4.522196041341667e-05
HIST1H3B,4.521945002208727e-05
AP006545.3,4.520078290003948e-05
DISC1,4.519876066084738e-05
SOX13,4.518510609006783e-05
AP000897.1,4.5183435217195674e-05
MTERF1,4.516154345889872e-05
PCSK5,4.514816770358974e-05
AHDC1,4.510981962367779e-05
USO1,4.51075075451504e-05
DECR2,4.51014859527188e-05
AP001831.1,4.510031969566024e-05
HAUS4,4.508779416851404e-05
AP005230.1,4.508041914733864e-05
FAM66C,4.5069769118582e-05
MORN4,4.506714981792833e-05
FAM193B,4.5060669894214846e-05
GALM,4.505780101151082e-05
ARHGEF7,4.50531408030317e-05
SMAP2,4.505313505164109e-05
AP002518.2,4.502575681829659e-05
NUFIP1,4.501574550161299e-05
ABHD18,4.500365660394352e-05
CAPN7,4.499085686406446e-05
KCNK5,4.492534250148261e-05
TBCE.1,4.4914142229635e-05
POU6F2-AS2,4.491377148898119e-05
FAM83A,4.488934444813044e-05
SPATA5L1,4.4888494472406354e-05
TRIM25,4.488797130779736e-05
HMGXB3,4.486760176337679e-05
RGN,4.486280486691338e-05
SNAPC4,4.486136543358863e-05
GPRC5D-AS1,4.48366801964344e-05
MACO1,4.4801789803667806e-05
WDYHV1,4.479709650682551e-05
FP700111.1,4.478743902675591e-05
G3BP1,4.478718907403497e-05
QRSL1,4.475552486159065e-05
GSTA4,4.475117940557475e-05
BRDT,4.473293088100704e-05
ADGRL2,4.471758100032099e-05
NPIPB7,4.469124677561274e-05
FITM1,4.4680058951003176e-05
CLVS1,4.465828885940988e-05
VEGFD,4.465722695074723e-05
PGAP3,4.464187869992502e-05
Z83843.1,4.462864869871418e-05
BCL11B,4.45881962265656e-05
NOL10,4.457731698419041e-05
ACADM,4.456542379214972e-05
TUT7,4.455477807255388e-05
VPS33B,4.455190608917745e-05
ADNP-AS1,4.453548695364191e-05
TMEM51,4.453170322811176e-05
NUP58,4.452255280497704e-05
ABI2,4.450613784436878e-05
HTR2A,4.44734567200927e-05
LNX1,4.4468185600136085e-05
CENPO,4.4456481150645296e-05
TTC39A-AS1,4.4455975404595005e-05
HPN-AS1,4.444779052509146e-05
POLK,4.443895838088134e-05
CALCOCO2,4.4436755779652166e-05
RBM5,4.4435305368463335e-05
TMEM186,4.439435495811184e-05
UGGT2,4.438205433197334e-05
PBK,4.4372479321906007e-05
GDPD1,4.437019617315789e-05
COLQ,4.43639188297851e-05
PARP8,4.43615879814484e-05
SLC16A4,4.435445247901957e-05
SLC18A2,4.435004483259315e-05
DEFB131B,4.434431492827824e-05
ATP8A1,4.433946251099797e-05
DHRS1,4.433060952460248e-05
TP53,4.432843216460006e-05
FAM27E3,4.4316276680012974e-05
ITGB5-AS1,4.430116497477672e-05
ZFYVE16,4.427874304125664e-05
MX2,4.426567534280172e-05
CA13,4.42615789011335e-05
PPP4R3B,4.425909832180319e-05
LAMA2,4.424606625273561e-05
KCTD20,4.423952185126632e-05
NMNAT3,4.423307689640594e-05
ZC2HC1B,4.422943932174294e-05
HID1,4.420816121904963e-05
PTPRA,4.420711448475093e-05
C1orf131,4.420534232236542e-05
AKAP6,4.420388568960471e-05
CENPS,4.4185133299940135e-05
C4BPA,4.418174022612068e-05
NAV1,4.418005262816157e-05
ANGPTL1,4.417948416350945e-05
MMP24,4.414648902491532e-05
PKP4-AS1,4.413523981794058e-05
HIST1H3E,4.41348511058081e-05
ZNF506,4.41317194770099e-05
ATP2A1,4.413095848254626e-05
MAPK8IP3,4.4124890567239846e-05
PNPLA7,4.411788394776583e-05
DNAJC11,4.411121869504344e-05
RNF24,4.4106044446428825e-05
ABCC12,4.4099316820303295e-05
TSSK3,4.407684880683787e-05
POU6F1,4.406600777528304e-05
ASB14,4.405279542300789e-05
NUP54,4.4043684280463074e-05
MED17,4.403253405057022e-05
BDNF,4.4017122788640647e-05
KDM4D,4.401694777321102e-05
CPNE1,4.400890808996982e-05
LBX2-AS1,4.400672257081624e-05
STRN,4.399107291999849e-05
MMP21,4.397595773474222e-05
CHST3,4.395538449394391e-05
WDR49,4.395017540340333e-05
UBXN2A,4.391867717619711e-05
ZNF507,4.39149911919884e-05
PRDM16-DT,4.3912485904694006e-05
SUMO4,4.389347486926293e-05
TTC33,4.388188962934195e-05
GPRC5D,4.38745687164983e-05
TMPRSS11A,4.387091116793655e-05
ZNF720,4.384704021592173e-05
ARMC10,4.38279608120086e-05
ZNF391,4.381060167310228e-05
PPP1R26-AS1,4.380871476815216e-05
MKRN2OS,4.3799566642142806e-05
ALOX5,4.3795548182700855e-05
SLC35C2,4.379384138166165e-05
TJAP1,4.379057567916365e-05
FZD4-DT,4.378228148387887e-05
NPEPL1,4.377998238100968e-05
AAR2,4.3755102325561256e-05
ZW10,4.374952506642827e-05
PRUNE2,4.373844169190101e-05
EEF2K,4.373259761403795e-05
ZNF610,4.373231353985068e-05
RTTN,4.372213469892052e-05
ERVK13-1,4.371425454905401e-05
RBP2,4.3679929399870886e-05
RSPRY1,4.366696364791051e-05
TRIM6,4.3660882989603295e-05
CLDN16,4.363810639139743e-05
PRPF18,4.362947764693685e-05
RNF31,4.362481328896719e-05
MEGF11,4.361402637108141e-05
FBXO9,4.36132582526905e-05
COG3,4.358550018920899e-05
RNF2,4.3552819806926025e-05
PIMREG,4.355067196951284e-05
FBXO5,4.35478547121947e-05
DEUP1,4.354317570675046e-05
PHOSPHO2,4.352419402030457e-05
IBTK,4.352357791158628e-05
ZMYM3,4.352204911528062e-05
CASC4,4.351478870273097e-05
AP000926.2,4.3507337510807214e-05
SPRTN,4.347902814642754e-05
PTCHD1,4.3476822153354906e-05
LEPR,4.3456256595747714e-05
VPS9D1,4.345101959567456e-05
NFE2L3,4.3449982190024086e-05
PDCD2L,4.343736227993474e-05
KCNJ6,4.343153013182045e-05
QTRT2,4.342370529251312e-05
SCAMP5,4.341762070424927e-05
ZNF573,4.337447102005232e-05
PTPRB,4.337337939035719e-05
ARHGEF2,4.337046985986288e-05
RNF214,4.335508053141856e-05
IL17B,4.332347430910573e-05
PDSS1,4.332315663128672e-05
ZNF235,4.331559204116763e-05
NPIPB4,4.331248559162879e-05
ABCB7,4.330107280666036e-05
CYP2C19,4.329121877447525e-05
GRIN3A,4.327215306467563e-05
OSGEPL1,4.3245444096801376e-05
HORMAD1,4.320453053650495e-05
CCDC68,4.31963754758696e-05
AFTPH,4.3182113757505614e-05
Z99572.1,4.3181096451189306e-05
TMEM40,4.315764869984229e-05
C17orf78,4.314727545500412e-05
CHD3,4.311778900087449e-05
PATZ1,4.311288186062718e-05
MRS2,4.30713437070136e-05
TSPAN10,4.305996522021457e-05
ATPSCKMT,4.3056749411994445e-05
BUB3,4.304017406279e-05
CX3CL1,4.302710877919828e-05
OXLD1,4.299191327135324e-05
ITPKB,4.299042312738802e-05
CNOT1,4.297287754440442e-05
HECTD1,4.2952403492171774e-05
ORC4,4.2946063851388734e-05
RHBDL1,4.2937817169468525e-05
UGT8,4.29236927416664e-05
ANKRD61,4.29234187559594e-05
SPATC1,4.291411777703856e-05
PXK,4.291321797313411e-05
TULP3,4.289658024484667e-05
TUBE1,4.288167891547962e-05
HOXB4,4.288119942610914e-05
PVALEF,4.285555104667215e-05
PLAC8L1,4.284499911241971e-05
DNAH12,4.282672891088602e-05
RNF170,4.282563711284065e-05
NOD2,4.277834255229626e-05
SFXN4,4.277294815935385e-05
CDC6,4.276072920417741e-05
APCDD1L,4.273390163725203e-05
ZBTB44,4.271700395367827e-05
YTHDC2,4.271274573758063e-05
WDR91,4.271094673718359e-05
TYMS,4.270646974491641e-05
Z97055.2,4.270101292003451e-05
TBPL1,4.268438155645129e-05
PRRT2,4.265636161008311e-05
POPDC2,4.264153461740793e-05
FHOD3,4.263276040294096e-05
TRAPPC12,4.263209096310492e-05
NEK4,4.261705051598671e-05
HIST1H3G,4.260751949713277e-05
RNF128,4.260162709219115e-05
CDH17,4.258803103194826e-05
KCNMB3,4.258337277441711e-05
OSBPL11,4.256326901203736e-05
WDR88,4.255280160776244e-05
TDRP,4.254609681418124e-05
GTF2H2C,4.254043242836155e-05
DLG2,4.253822351145514e-05
RAD51AP2,4.253214852863116e-05
FZD6,4.2530561312747104e-05
PRRG1,4.251658015820096e-05
AF131215.4,4.248247315821765e-05
Z93930.2,4.247660627894307e-05
VAV3-AS1,4.245345323753298e-05
MTURN,4.2451143149234536e-05
MADD,4.244880980790409e-05
TBP,4.238126118331526e-05
TRMU,4.237094270285741e-05
EBAG9,4.236883809417744e-05
BCDIN3D,4.233916342304515e-05
AP006621.3,4.2335589550896e-05
AKNAD1,4.232507175168265e-05
PWWP2B,4.2290674744807496e-05
RASSF9,4.228356084795961e-05
CTNNA3,4.2273263686748977e-05
SYCE2,4.225174017655893e-05
PGBD1,4.2237571145051097e-05
GPATCH2L,4.22373743166612e-05
CAB39L,4.221161111826052e-05
FAM47E,4.21575212699882e-05
TADA1,4.214618610013414e-05
LRRC27,4.21414737754926e-05
ZNF92,4.211052380322278e-05
SLAIN1,4.21073717186066e-05
KMT2A,4.2088958596566445e-05
ARNT,4.208150792775397e-05
UBE2W,4.208017934549552e-05
TOPAZ1,4.206020571134508e-05
EPHA4,4.20501927158493e-05
EDEM3,4.204040540847737e-05
ZNRF3,4.2032998851236206e-05
ZNF337,4.203296817560269e-05
VWA3B,4.2015221700405616e-05
RIBC2,4.2006153256699504e-05
GSN-AS1,4.199826167543813e-05
FAM76A,4.199088216708375e-05
SNX27,4.195555632954432e-05
CLIC5,4.195184364427956e-05
KIT,4.193316742724376e-05
TSNAXIP1,4.192717571337063e-05
GALNTL6,4.191101033259157e-05
PPP1R1C,4.189559693594291e-05
STXBP5,4.189548331651232e-05
DSG1-AS1,4.189524001920375e-05
WWP1,4.18621595586797e-05
ZGRF1,4.186193683455098e-05
DTWD2,4.184551724090992e-05
RABGAP1L-IT1,4.184180037376027e-05
F11-AS1,4.1830389622584695e-05
UTP20,4.1824156111467806e-05
SUSD6,4.179464934949975e-05
TAB1,4.1775181748607394e-05
SLC38A1,4.176059544389896e-05
AP3M1,4.1743139678762416e-05
HERC4,4.172776948484674e-05
NUFIP2,4.170160512276288e-05
TRABD2A,4.16928418426145e-05
C11orf16,4.167129806640301e-05
IQCM,4.1665415460616114e-05
ZNF224,4.165311376938722e-05
RNF111,4.1648987605506285e-05
TRAF5,4.163906167293791e-05
NADSYN1,4.162837667053849e-05
TOB1-AS1,4.1620106483839024e-05
TBC1D24,4.161715880316124e-05
SPATS2,4.16154879786597e-05
GTF2E2,4.161260497970752e-05
CENPJ,4.161130808149233e-05
ACKR4,4.158204270715462e-05
UVRAG,4.157718983553302e-05
LY75,4.157661134545649e-05
TBC1D22B,4.156321846194588e-05
DHDDS,4.1559505160139e-05
BLNK,4.155437479643309e-05
IL5RA,4.154175984056836e-05
PPM1B,4.1538751187490216e-05
MYO18B,4.153720535725381e-05
ZFX-AS1,4.153434755378839e-05
SCN2A,4.153010185970378e-05
ASTE1,4.15234916157776e-05
TRIOBP,4.152200491192109e-05
NPIPA1,4.152031532034402e-05
HAUS8,4.1472893847135447e-05
UHRF1BP1,4.146843075274887e-05
PRKCZ,4.146235479715564e-05
LEMD1,4.145178271525344e-05
RASSF3,4.143281735615227e-05
BRAP,4.1424945836021255e-05
TRIM37,4.142095516383281e-05
ZMYM5,4.140780149593651e-05
ME3,4.140306401171292e-05
ALDH5A1,4.140260288056055e-05
PIK3R2,4.138106653655597e-05
PATL1,4.138035737194e-05
WDR26,4.135920423665422e-05
BX322562.1,4.135362739738557e-05
NETO2,4.134756157867782e-05
STARD13,4.1345786037619086e-05
TRIM36,4.1345033761163954e-05
CCDC90B,4.134426766556477e-05
PAK5,4.133325098349543e-05
SSSCA1-AS1,4.130893228544188e-05
BSPRY,4.129078328394996e-05
FCSK,4.128573433802455e-05
TAF1C,4.128320727889566e-05
CEACAM1,4.1275697026438846e-05
PDE11A,4.125665392136404e-05
ATRIP,4.124128471335708e-05
AACS,4.123353951041406e-05
TMED2-DT,4.119716744733936e-05
ALPK1,4.119045383400507e-05
RMND1,4.1181942909510986e-05
KIF21A,4.115805953343883e-05
HNRNPR,4.115456135100899e-05
NPHS1,4.114801969897661e-05
LMBR1L,4.114359490389695e-05
BMPR2,4.113994928620051e-05
NDUFS1,4.112100044877669e-05
BTNL9,4.110958443060899e-05
CCDC126,4.109707064006071e-05
TTC9C,4.108750109502071e-05
B4GALT5,4.108249889900163e-05
PTPN21,4.107298491479128e-05
RASSF5,4.1072809991115016e-05
COL22A1,4.106441066610637e-05
ACAP2,4.106402142120468e-05
IGSF23,4.106067260975863e-05
CAMSAP2,4.1058783660066e-05
SMIM11A,4.103542262277108e-05
LRRIQ1,4.102231337444015e-05
RRM1,4.1007159327491375e-05
MRPL3,4.09957061718303e-05
C11orf71,4.098869830713169e-05
CASC1,4.097381438187312e-05
MECR,4.096499244914258e-05
GAB1,4.0960721332008245e-05
MYO15B,4.093869460712312e-05
UVSSA,4.0929705253780886e-05
XXYLT1-AS2,4.092746389362375e-05
ZNF44,4.092526803459587e-05
NOL11,4.092050109215115e-05
CFAP52,4.091845607900714e-05
SP2,4.091445487783485e-05
SLC9A2,4.090704016376669e-05
SNCAIP,4.087875287177963e-05
ZNF630,4.08755526311835e-05
MYBL2,4.085879058043104e-05
LMNB1,4.0846459484455246e-05
TRIM59,4.08335713898108e-05
CD58,4.08316754170294e-05
CU634019.5,4.080473964822464e-05
KCNK15-AS1,4.0800520051860254e-05
SLC35D1,4.078662137834465e-05
PLCL1,4.076101348635839e-05
ENTPD3-AS1,4.073232370305247e-05
TMLHE-AS1,4.073141017826942e-05
TNFRSF10C,4.073084446622513e-05
POU5F2,4.072913929182829e-05
FAM174B,4.072725668120726e-05
SEPTIN7-AS1,4.070423955785872e-05
CELF5,4.070393194931304e-05
ARMCX5-GPRASP2.1,4.068995947211861e-05
BATF2,4.067189493360295e-05
CHRNA3,4.066946355784687e-05
RAF1,4.065432627641376e-05
NPIPB11,4.065239037911218e-05
MARCH5,4.063943248674954e-05
CCNO,4.063318448864197e-05
SLCO1A2,4.062361962817038e-05
ZNF609,4.061247979558223e-05
ERCC8,4.0599465029239415e-05
TSPYL4,4.0597499513603255e-05
IGBP1,4.057264220244229e-05
CABP4,4.053196494575213e-05
TMEM202-AS1,4.052688316423246e-05
MAIP1,4.05213775626189e-05
DCHS2,4.051885147021845e-05
SATB2,4.049831496261391e-05
CFAP57,4.046396905154858e-05
HRH4,4.044528150086663e-05
COQ10B,4.044290260069711e-05
RABL2B,4.043562490726269e-05
CAT,4.043499693695951e-05
PAM,4.041555295386895e-05
ITPR1,4.0413354664447815e-05
CDR2,4.041264417996767e-05
COQ8A,4.039485622818042e-05
BOLA3-AS1,4.038522298149708e-05
GNB5,4.038411752268908e-05
STK32A-AS1,4.03814282741776e-05
FBXO16,4.036891734142209e-05
L3HYPDH,4.0362979549797474e-05
PHF20,4.035617381700381e-05
CARNMT1-AS1,4.0332384899708784e-05
SMIM8,4.0323420716350416e-05
NEK2,4.032137862163731e-05
COX15,4.030421487863352e-05
MSH2,4.02902464789236e-05
KCNIP4,4.028124901237249e-05
IFI44,4.027439394895022e-05
ZNF486,4.027321474383761e-05
TRPM7,4.02678306814628e-05
ZBTB20-AS1,4.026762110435264e-05
KPNB1,4.025585915800018e-05
LIN54,4.02551161095328e-05
RORC,4.024179986952721e-05
EPG5,4.023764730277685e-05
BTBD1,4.023520943520305e-05
TUBGCP3,4.022654765135446e-05
API5,4.0212746244636e-05
EPCAM-DT,4.0211140419449626e-05
C17orf67,4.0208422370940135e-05
MIR29B2CHG,4.0187534096788965e-05
NAA50,4.018739119013958e-05
LRRIQ3,4.018065150258751e-05
SMIM17,4.0161972941548844e-05
RBPJ,4.015134053243571e-05
BX255925.1,4.0130765219478525e-05
SLC17A9,4.011543132424472e-05
GNG12,4.010945120705968e-05
ZBTB41,4.010909377587472e-05
CCDC39,4.009910283722236e-05
LANCL3,4.0098808979529065e-05
SAMD4B,4.009107256869944e-05
ACSF3,4.008986158350182e-05
GPR135,4.005075451321632e-05
DLEU2L,4.003826573877587e-05
COG1,4.003376147344553e-05
GBA2,4.003266102895619e-05
PPP1R32,4.002615441755575e-05
PPP4R2,4.001820817102159e-05
GLCE,4.0013766634458415e-05
CSNK1D,3.99905926658424e-05
C9orf106,3.997878072605219e-05
MINDY1,3.996431813425252e-05
KAZN-AS1,3.996270550690167e-05
VAPB,3.996008589552183e-05
HIRA,3.995121195733342e-05
AMT,3.994898456707641e-05
STRADB,3.99304834865846e-05
GRM3,3.990527494202031e-05
AZIN2,3.99047899919956e-05
TIGD1,3.990314794660691e-05
AP000553.2,3.98964035850361e-05
METTL14,3.989019248900436e-05
KLHL9,3.9881724995018894e-05
EXOC3L2,3.988090421715109e-05
TSEN15,3.986670961997703e-05
EVI5L,3.985933727273805e-05
ROPN1L,3.985300770348693e-05
LTB4R2,3.984054604310461e-05
CSKMT,3.983992573854877e-05
TMEM116,3.9834271282691066e-05
DARS-AS1,3.982175683011624e-05
BTBD18,3.981728865581079e-05
PRDM11,3.9814761362251296e-05
SMC5-AS1,3.979141273783079e-05
TRMT61B,3.9751188963698136e-05
MROH9,3.973279940778028e-05
E2F1,3.971213201061351e-05
C5orf67,3.9711472157679e-05
PICART1,3.970564227040066e-05
NAE1,3.969030137862882e-05
RAD1,3.966532502931265e-05
PIH1D2,3.963119689685165e-05
ZMYM4-AS1,3.962728606458724e-05
CLCN1,3.960724708154928e-05
ERCC6,3.959608292405383e-05
PIAS2,3.95796984796884e-05
ZFP37,3.957437665046044e-05
EXOSC8,3.9572677887589696e-05
LRMP,3.953657264368919e-05
TPCN1,3.952668877015033e-05
CCNH,3.9526415760334574e-05
GNE,3.952441553467458e-05
OSBPL5,3.951056273612145e-05
RANBP3L,3.949210607806571e-05
AMOT,3.948098434684588e-05
CEP135,3.947856578195432e-05
PFKFB2,3.947850633561605e-05
CCDC65,3.947493864359083e-05
ZNF174,3.946964285254734e-05
ZFAS1,3.945682201653008e-05
MED12L,3.9450944530634766e-05
KLRC3,3.941397583922112e-05
TEPSIN,3.938795859240347e-05
GABRG2,3.937890567189762e-05
ZRANB2,3.935969605354594e-05
MED21,3.933735676159706e-05
AP000331.1,3.933259214937896e-05
FAM13B,3.933205747255896e-05
SLC35F3,3.9313828004777984e-05
SVIL,3.93018839030776e-05
LPAR1,3.928472623257559e-05
UCKL1-AS1,3.9281875947358334e-05
MPL,3.926780299073024e-05
CAMTA1-DT,3.926720436206711e-05
ATP11A,3.926231815847949e-05
PTPN5,3.922995604466305e-05
PARP11,3.92236247782018e-05
SLC30A6,3.92189844331421e-05
IPMK,3.91996761354476e-05
C3orf85,3.916977232636376e-05
ADSSL1,3.91645397542365e-05
CCNJ,3.915278025736087e-05
U73169.1,3.914181287177057e-05
CDC7,3.913874753363365e-05
FLRT1,3.913509753749877e-05
PWRN4,3.912322096221325e-05
AP002336.2,3.912050067575851e-05
GTF3C3,3.9114763115683815e-05
TRIM17,3.9102930923943786e-05
GCDH,3.909789431919922e-05
MIGA2,3.909461576984572e-05
RSPH6A,3.908450199465456e-05
POLM,3.908317909967895e-05
F2RL2,3.9074230957156366e-05
PAAF1,3.905530483290308e-05
CACNA1F,3.903771608283058e-05
EPHB1,3.902880348538301e-05
NIPBL-DT,3.901848198923518e-05
SLC4A7,3.901781585022039e-05
RPE,3.901444970409952e-05
FARSB,3.899327488767108e-05
SFI1,3.8987515591511e-05
ADAMTS15,3.8968008202060176e-05
URB2,3.8960049785626034e-05
NOL4L,3.895725660203033e-05
POLH,3.895473441613067e-05
C5orf34,3.89463290581611e-05
CAPN12,3.894039369603957e-05
MIR503HG,3.893946408630734e-05
SYP,3.893673784837199e-05
ELP2,3.892975504010624e-05
HMBOX1,3.891140555443528e-05
ACTN2,3.890954534760428e-05
METTL4,3.8908506350125234e-05
SLC2A14,3.8906766856171015e-05
GLYCTK,3.890379230176533e-05
EXO5,3.889155427307415e-05
ATP13A4,3.887384961295696e-05
NMI,3.886559227093049e-05
UBE2O,3.884530968818684e-05
CAMSAP1,3.884103720759333e-05
ELF3,3.8821762931439554e-05
WWTR1-AS1,3.881691645488051e-05
PLAG1,3.881118679882475e-05
CLDN10-AS1,3.881040513450308e-05
FSIP1,3.8809396167765904e-05
SHROOM1,3.88061190885292e-05
ZNF846,3.880010624193908e-05
ERVK3-1,3.879479872438813e-05
PTPN13,3.879000061687418e-05
AP005136.4,3.878258471626358e-05
UHRF1BP1L,3.8770158109491154e-05
E2F6,3.8770015772038206e-05
GCNT1,3.8751054856072384e-05
NCMAP,3.873823173616802e-05
PTGES3L,3.8737425255017695e-05
MFSD2B,3.871534940366021e-05
BMPR1B,3.87126142043997e-05
PRR26,3.871147380307712e-05
ZNF213-AS1,3.870383243286221e-05
KYNU,3.8697362994881006e-05
PTH2R,3.868791784707439e-05
CATIP-AS2,3.868607831145117e-05
NUDT17,3.86733109780242e-05
HOMEZ,3.866401597339194e-05
GOLGA5,3.865254479161343e-05
SLC25A32,3.865151731368162e-05
RIOK1,3.863286647970602e-05
SAXO2,3.861282564878406e-05
RSPH9,3.8587292480864176e-05
C8orf37,3.858141714641526e-05
ZADH2,3.85808383125518e-05
RGS7,3.8563041587472645e-05
CFAP54,3.854370984441944e-05
AP000695.1,3.85355906521992e-05
ITPK1-AS1,3.853314723701461e-05
SH3BP2,3.853116688325853e-05
ASTN2-AS1,3.852084571554857e-05
INE1,3.851686634495831e-05
GP6,3.850917916441762e-05
AKAP7,3.848720209545586e-05
KIAA1841,3.847459944980732e-05
ADAMTS14,3.847133409835706e-05
GATAD2A,3.84702515317006e-05
IGSF3,3.845801096643878e-05
TRAPPC3L,3.8419553101223106e-05
GPER1,3.841658388277174e-05
P3H2-AS1,3.841495597153216e-05
WDR63,3.839579887409504e-05
ARHGAP39,3.8392099579865954e-05
MPP5,3.837347324533424e-05
C2CD6,3.837077030443568e-05
LARS,3.8365500425031054e-05
PIAS3,3.835898930919559e-05
ACVR1C,3.834164490946917e-05
CHPT1,3.8338919202705445e-05
ADGRG5,3.831918937216975e-05
RNASEH2A,3.83070883720073e-05
TLE1,3.8290468329353686e-05
MCM3AP,3.828720675059459e-05
PAQR5,3.827605474190538e-05
ACOXL,3.824488844885925e-05
ZNF726,3.824350370571195e-05
RGS3,3.82239402873618e-05
AP001267.3,3.8212599637087454e-05
ZNF837,3.820212859732002e-05
LPGAT1,3.8195603130731735e-05
CCNL1,3.819235078637096e-05
SH2B1,3.818826323303888e-05
ZNF552,3.818492397224939e-05
PDGFC,3.817945951270725e-05
PDK3,3.816465217115439e-05
CEBPB-AS1,3.815223332427931e-05
ZNF784,3.814989852613998e-05
CAMSAP3,3.812036885093059e-05
GXYLT1,3.811701609866466e-05
SNHG19,3.811627316101432e-05
AP4S1,3.811481298039991e-05
ACVR2A,3.81084136233962e-05
ZNF624,3.8105429320878315e-05
NKILA,3.810366845875857e-05
PNPT1,3.809478594205504e-05
SART3,3.809278454056097e-05
HSPG2,3.807952098150312e-05
RNMT,3.805402899459626e-05
DNAH8,3.80476495355733e-05
C9orf129,3.803335770023603e-05
GPR19,3.802839506785519e-05
ZBTB20-AS3,3.8025548551390126e-05
ADGRF4,3.80171785565639e-05
ZNF81,3.80168196251879e-05
SPIN3,3.801594351288432e-05
MASP2,3.801590399492651e-05
CCR3,3.8015803125812674e-05
HPS5,3.800276066266595e-05
FBXO22,3.799997219177251e-05
UBLCP1,3.799927968856446e-05
MNS1,3.799586214391629e-05
CEP104,3.7994471114795805e-05
NEK3,3.799004801036533e-05
ACADSB,3.794086033163903e-05
METTL14-DT,3.793989250499603e-05
SEC23A,3.793258475828378e-05
PGBD4,3.7928025214205534e-05
ERP27,3.792632701096632e-05
RCL1,3.789314935867554e-05
FAM186B,3.789234927787683e-05
USF1,3.7891773140063615e-05
HAAO,3.787939915944257e-05
PRR12,3.7877212660143154e-05
ALX4,3.787139580411272e-05
PRCC,3.783943405196205e-05
RAB19,3.7797406158584505e-05
AGMAT,3.778873520425632e-05
IGLV10-54,3.778626274158962e-05
SYK,3.776931276225523e-05
FAM215B,3.776441102744542e-05
C10orf88,3.776308540560244e-05
RIC8B,3.775945677968343e-05
PRIM1,3.775714709855749e-05
TMEM168,3.7736015976377454e-05
MBLAC2,3.773300323268309e-05
PLEKHG4,3.7711212134089786e-05
CR381670.2,3.7707324388983153e-05
SEH1L,3.770716076032298e-05
DEPDC4,3.770656594766044e-05
CU633967.1,3.770194068721601e-05
CCDC50,3.7701293017710326e-05
ATCAY,3.768410138612475e-05
MUC6,3.767560877188656e-05
PPP1R3C,3.765606283289466e-05
KRBA1,3.7652544131279664e-05
RNF217,3.764393457796731e-05
CLRN1-AS1,3.764146745696667e-05
RCC1,3.764111062530546e-05
ZNF589,3.7637281930644255e-05
RUFY2,3.763698296678826e-05
BX284668.6,3.762638904067368e-05
HMGN3-AS1,3.761585440000013e-05
RAB26,3.761342311741613e-05
CHL1,3.760981773703738e-05
TPO,3.760299937780848e-05
HHLA1,3.757907002915843e-05
TJP3,3.757760900159718e-05
BARX2,3.756750146071565e-05
ZNF383,3.756652955614769e-05
IRF4,3.7561453308353096e-05
KLF3-AS1,3.7545429365183145e-05
PPIL1,3.752971947362631e-05
SHQ1,3.75207007639998e-05
TIPARP,3.7520270424050144e-05
VRK3,3.7517573031589925e-05
RAB22A,3.751481110138784e-05
MYO7B,3.751129151293358e-05
RXRB,3.750615478169411e-05
FAM171B,3.7497793705636185e-05
SNHG25,3.7489030946271526e-05
MPP6,3.748895220717434e-05
PPIP5K1,3.747242392006791e-05
ANO10,3.74626683866432e-05
PTK7,3.745860010853126e-05
Z99127.1,3.745618982902717e-05
KLHL7-DT,3.745021181976458e-05
TBC1D25,3.7441130558883335e-05
BBOF1,3.7427272202806166e-05
TSPOAP1-AS1,3.741774451586317e-05
RMI2,3.740035617377784e-05
HEXD-IT1,3.739323519586326e-05
SEMA6A-AS1,3.738651148939272e-05
PARD6G-AS1,3.737715907231559e-05
MICALL1,3.7375090390441646e-05
IZUMO1,3.736105494884568e-05
C2CD2,3.7330184907869225e-05
GRIK3,3.7322753036745935e-05
CCNB2,3.7322618574868566e-05
BCO1,3.732121055376223e-05
PMFBP1,3.7321053987006526e-05
ARRDC1-AS1,3.73048167634164e-05
EFCAB14-AS1,3.730120380944142e-05
STAC3,3.727579042149244e-05
KIF2A,3.726927072389638e-05
EGOT,3.726742318084262e-05
ACBD3,3.726664024853863e-05
ETFDH,3.7244956676965645e-05
C14orf93,3.7242623939582496e-05
GRAMD4,3.7226100911448034e-05
SLC16A14,3.7225415114016807e-05
TMEM108,3.720636898360901e-05
NKPD1,3.7194597957217287e-05
DPP6,3.718596075378764e-05
C15orf65,3.718409752709746e-05
KCNC3,3.716340727983943e-05
ALKBH3,3.71595149020827e-05
SYNGAP1-AS1,3.7140985605438525e-05
HDAC7,3.7140096192014735e-05
L1TD1,3.71347135955143e-05
RSPH14,3.713467802470204e-05
USP8,3.71324918179169e-05
HPGD,3.712085205556445e-05
SCNN1G,3.711165408569645e-05
MARCH6,3.709696521276871e-05
C8orf76,3.708436720361249e-05
CEP78,3.707346334397798e-05
GPR180,3.706874140729496e-05
ZC3H14,3.706480026760189e-05
CBL,3.704888959360625e-05
MTX3,3.704287427445126e-05
OSGEPL1-AS1,3.7014187665041474e-05
C11orf74,3.701275685358818e-05
SCHIP1,3.699603861438189e-05
C5orf56,3.698155341690698e-05
RHBDL3,3.6961469823175685e-05
RAB27A,3.695638883721388e-05
PMS2,3.694581977843992e-05
TMEM44-AS1,3.691893742673735e-05
AGFG1,3.691712571607836e-05
MCM3,3.691551896071028e-05
AVIL,3.690901850021485e-05
PNMA8B,3.6903837274958765e-05
PPM1A,3.690310185840723e-05
MMD2,3.688745310089635e-05
FBXL12,3.686716256858472e-05
DRC3,3.6846470882835714e-05
WRAP53,3.683841923954863e-05
SLC35E2A,3.682315328068954e-05
ZNF771,3.682230188782293e-05
EDRF1-AS1,3.6807846912085575e-05
RNF19B,3.680750943976234e-05
SMIM10L2B-AS1,3.680568033140963e-05
SLC8A1-AS1,3.677558227423169e-05
TMEM233,3.676529998099032e-05
CEP76,3.674335462286877e-05
DNAJC27,3.673414515509614e-05
LIN52,3.672655106487124e-05
USP2-AS1,3.668760310533138e-05
ASH1L-AS1,3.667420665106474e-05
ARHGEF37,3.667084265914285e-05
RITA1,3.665340828343387e-05
RAD51D,3.664100964327155e-05
MEGF9,3.664043911497714e-05
THEGL,3.663410248419888e-05
NLRX1,3.663135110351863e-05
B4GALNT2,3.662520361924153e-05
TSPEAR-AS2,3.662410792972992e-05
KCNIP2-AS1,3.662317230669916e-05
STS,3.66046340143345e-05
FRG1-DT,3.66014925196321e-05
CCNB3,3.660101581041232e-05
LIPT1,3.659849507977621e-05
DHX40,3.6592930807421325e-05
ABCC4,3.658658460630351e-05
NT5DC3,3.658438599598942e-05
SF3B3,3.657738858816096e-05
RAB4B,3.657330757336051e-05
IQCG,3.6562640225919656e-05
MACROD2,3.655441767277503e-05
STX19,3.65256540634592e-05
C12orf74,3.652546000899778e-05
AP001972.3,3.6515683198972356e-05
SPDYE1,3.650667401468352e-05
ASPHD1,3.650239783535928e-05
MGST1,3.649936382738944e-05
TCF19,3.646792470922502e-05
MVB12B,3.645824335065094e-05
SIX5,3.645452464203392e-05
SREK1,3.644818136339064e-05
CHRNA10,3.6438188792434416e-05
RASA2-IT1,3.643715674906647e-05
CFAP70,3.642194723239001e-05
AP000721.2,3.639547825627443e-05
GALC,3.637791194336698e-05
ARHGEF9,3.635050530476335e-05
PDE3B,3.63499761203003e-05
SHC3,3.632216438630511e-05
RGPD8,3.630130563135251e-05
ZCWPW2,3.629998013429603e-05
DRG2,3.628884552125408e-05
MLYCD,3.628601424083317e-05
RET,3.628366991596245e-05
GNMT,3.628325598193357e-05
ZNF185,3.627671822522605e-05
KIAA0825,3.6269020603692094e-05
GAD1,3.62432015277291e-05
TTC25,3.62429138354014e-05
APP,3.6242220112083145e-05
RANBP2,3.623868282768381e-05
ANKLE1,3.623569251699328e-05
DCAF16,3.6231148631743055e-05
MTERF3,3.622558013807499e-05
NME5,3.6221038424710704e-05
PDCL2,3.621762725235691e-05
XIAP,3.621722915604712e-05
SLC47A2,3.621661994412604e-05
Z98885.3,3.620475238488114e-05
SMIM2-AS1,3.618595586875547e-05
C6orf132,3.61847424302212e-05
SPTLC2,3.617535943051743e-05
ADAMTS13,3.616526984656334e-05
UBASH3A,3.616087035833461e-05
PHLPP2,3.6150908191232624e-05
SPDYE16,3.61332720818846e-05
MRI1,3.613161532166755e-05
SORT1,3.612666565952515e-05
EPS8L2,3.612534996632879e-05
UBE2V2,3.6123287488875736e-05
STXBP1,3.6119033701403706e-05
C10orf90,3.611126912762002e-05
RPAIN,3.610801695141973e-05
CNTRL,3.606313357854289e-05
ANKRD18A,3.606304037078726e-05
ALDH7A1,3.605734504775501e-05
ZNF180,3.605563768340068e-05
DNAJC30,3.6052283579191616e-05
PSPC1,3.602942966691831e-05
ARMC7,3.601596569717737e-05
SLC25A34,3.6015919370686324e-05
TBX15,3.599710490860028e-05
OR9Q1,3.598952018678968e-05
RPAP1,3.59765187643807e-05
ABCC10,3.597589220249953e-05
KIAA1109,3.5973021513401936e-05
BGLAP,3.596936415161781e-05
NUDCD2,3.596930200656777e-05
AP001469.1,3.596206011822571e-05
CLCN4,3.595971313446482e-05
APOBEC3F,3.5935685189382894e-05
BBS12,3.592179999409437e-05
ZNF605,3.590866754870916e-05
GRAPL,3.59055643674086e-05
TRNP1,3.5902062192904685e-05
AP000676.5,3.588914914673086e-05
TSC22D2,3.58888434763329e-05
TAPBPL,3.5886098071481114e-05
FUBP3,3.5865112465665785e-05
MPDZ,3.585712792428937e-05
PKIA,3.5856693582058706e-05
HYLS1,3.5823654497959334e-05
MSANTD3,3.581943468998198e-05
CYP19A1,3.58156485425261e-05
ATL1,3.578283616932487e-05
TXNDC11,3.577166529371521e-05
FBP1,3.5770858184836445e-05
SLC3A1,3.5770633640024136e-05
ZBTB11-AS1,3.5769560430053665e-05
HSPA4L,3.5767430333046844e-05
MARVELD3,3.576672645546841e-05
CDPF1,3.576648581903502e-05
NCBP3,3.572613332105488e-05
DGKQ,3.571827689834445e-05
SERTAD4,3.571134760046446e-05
C6orf58,3.5707318145641114e-05
ZNF121,3.570586088679023e-05
HNMT,3.570322430416819e-05
GID4,3.569199464636874e-05
EPB41L5,3.566980704184087e-05
FSD1L,3.565886125716624e-05
RBM48,3.565199129829451e-05
ACOX1,3.5648823519037375e-05
LRRC8D,3.564171695580644e-05
SHMT1,3.5640555929247425e-05
ARHGEF26,3.563507193922526e-05
ZNF595,3.5626663043656947e-05
PHF20L1,3.562097100847013e-05
DCDC1,3.5615544236421205e-05
ANKDD1A,3.561290155862596e-05
NFATC2,3.56050650490663e-05
NELL1,3.560406020114816e-05
FP325332.1,3.5600555189044035e-05
NSL1,3.558204882869845e-05
PDCD10,3.5575944508436724e-05
ADAMTS10,3.557021333490242e-05
CNEP1R1,3.5568354277792814e-05
BBS7,3.5561172240953515e-05
KMT2E,3.554249843398676e-05
LHFPL3,3.553882869110017e-05
ZNF117,3.5535367037665775e-05
TMC3-AS1,3.553344428379469e-05
ZNF668,3.5531474469539364e-05
TMEM243,3.552776078404636e-05
OARD1,3.549085956971937e-05
AK2,3.5479325312849674e-05
CEPT1,3.547767776983341e-05
TVP23A,3.546881332758262e-05
KDM2B-DT,3.5462153987627114e-05
CDKN3,3.5461459490392056e-05
ABCB9,3.545860047398679e-05
DHX36,3.544962627229156e-05
SERAC1,3.54437383339889e-05
HSD17B6,3.542166976669594e-05
PLEKHH1,3.540015664430583e-05
MAD1L1,3.538329394695832e-05
NDUFA10,3.537173992829452e-05
UPF3B,3.536073047900314e-05
MDS2,3.535882820009245e-05
AP003778.1,3.5354895253225306e-05
GPR146,3.534276503832714e-05
ELF3-AS1,3.533849279815533e-05
MICAL2,3.533676172549193e-05
CHKB,3.533186025458158e-05
NTN5,3.5308878635279925e-05
GRIN2D,3.5301966307385745e-05
HIST3H2BB,3.5297104013030554e-05
TRPV4,3.528649302829922e-05
EDC3,3.527388471690108e-05
MYOCD,3.525262332005443e-05
SBNO1,3.523075220078548e-05
PCNP,3.5213153947142384e-05
LIFR-AS1,3.5197524920286425e-05
CTNNB1,3.5193592876659333e-05
GTPBP10,3.517855314841715e-05
C1orf147,3.517196852779486e-05
ALDH1L2,3.516557652056295e-05
SETMAR,3.516421748565483e-05
ATP6V1C1,3.514169740841476e-05
PADI1,3.5141370005828115e-05
PKD1L1,3.514082555428783e-05
POT1-AS1,3.513999491913975e-05
MARC2,3.5132884719830133e-05
FRRS1L,3.513235378296869e-05
NUP155,3.5120548171420564e-05
PPP1R3F,3.511979709990256e-05
STK32B,3.5114820307995904e-05
AASDH,3.511177756106029e-05
KCNJ10,3.5092453348175415e-05
SLC25A30-AS1,3.5089595777151885e-05
PAXIP1-AS1,3.508352463586128e-05
UBR5-AS1,3.508352357078557e-05
MYOM1,3.508349057169408e-05
BX664727.3,3.507408607236467e-05
AKAP11,3.507332072865941e-05
SENP7,3.505409362133201e-05
ZNF441,3.5050464539808216e-05
EYS,3.5016643374190286e-05
SCN1A-AS1,3.5004366591311654e-05
AFG3L2,3.500408167427888e-05
UCHL5,3.4994490949970786e-05
LENG9,3.499423177944559e-05
LRRCC1,3.4955649253416546e-05
ACVR1B,3.495287431742021e-05
ABCC11,3.494751647414376e-05
AP005131.5,3.494091633794211e-05
AP000757.1,3.4938216706648364e-05
PACS2,3.4912736795499694e-05
BBS4,3.489717559577872e-05
CLEC19A,3.488607128785686e-05
ANKRD52,3.488501263390445e-05
PALB2,3.4878446360811174e-05
ATIC,3.4873632320813815e-05
PTCHD4,3.486187592321474e-05
NNT-AS1,3.4856910153847505e-05
SPRY4,3.485654841868048e-05
PIK3C2G,3.4854076415960394e-05
GAPVD1,3.4848594314637484e-05
NOXRED1,3.482930253256956e-05
MCHR2-AS1,3.482128239838297e-05
AP000845.1,3.481341960314257e-05
PRLR,3.4791206790823085e-05
CYTL1,3.477253084805039e-05
PCP2,3.47594115015793e-05
ZNF592,3.4751439277995835e-05
UBOX5-AS1,3.472783489766738e-05
ZNF563,3.471492801662056e-05
LPXN,3.4712872566869124e-05
SLC30A9,3.4702101532194694e-05
MAMDC2,3.468781452026853e-05
TPK1,3.468647715136367e-05
CALR3,3.46833184617554e-05
RO60,3.468260407850884e-05
CSPG5,3.468226099888232e-05
TANGO2,3.4677162167896394e-05
FOXP1-IT1,3.466664068801036e-05
TNFSF15,3.46545386844656e-05
PCF11,3.464902903550944e-05
FAM219A,3.464648456174051e-05
IGFL4,3.464173646731449e-05
AMZ1,3.462362134582999e-05
DIPK1C,3.4616709752493155e-05
NOTCH2NLC,3.461082801019668e-05
CACUL1,3.460538643320396e-05
UCKL1,3.459087795136017e-05
IPP,3.458179117059926e-05
POLI,3.457214722318264e-05
STEAP3-AS1,3.455879196960945e-05
HORMAD2,3.455062522980159e-05
TSPAN5,3.454590648327965e-05
SPTBN2,3.454462276540524e-05
HDAC3,3.454363254764099e-05
NOMO3,3.451786281607578e-05
APC,3.4517258362313526e-05
DUS4L,3.450959040009241e-05
ZNF7,3.449850663354473e-05
FAM92A,3.448676531437937e-05
CAVIN4,3.4484554955343165e-05
MELTF-AS1,3.447585434844486e-05
GLRX,3.446543924810187e-05
ABCB5,3.445814633519963e-05
AF121898.1,3.444285617186752e-05
SCHLAP1,3.443436447657718e-05
TMC4,3.4432709389905764e-05
DHDH,3.441872648400804e-05
PLLP,3.4414062148901225e-05
RHOU,3.441360519948848e-05
ZNF555,3.439536348841605e-05
CHUK,3.438619981386442e-05
NIF3L1,3.438558887471036e-05
BPHL,3.438555699322981e-05
CCSAP,3.4365982941599175e-05
RFTN2,3.436426194854269e-05
CHROMR,3.43640298484919e-05
LURAP1L-AS1,3.436170840279711e-05
TGDS,3.431787855511364e-05
AIMP2,3.4312967224359964e-05
FBXW9,3.4311110759441926e-05
ZBED5-AS1,3.4302073758721114e-05
RSPH3,3.43008867903039e-05
JAKMIP2-AS1,3.429235552877739e-05
NTPCR,3.428342776168839e-05
RAB9A,3.4281773123289705e-05
RABL3,3.4259019929364655e-05
SDHAF4,3.4251521699092246e-05
GSS,3.425142363140708e-05
HDAC4-AS1,3.4226045333031e-05
NBPF3,3.41948220583028e-05
SLC33A1,3.418865650651309e-05
LMF1-AS1,3.418711329648348e-05
TMEM269,3.417227900873072e-05
ELL3,3.416307640175349e-05
IGLL1,3.414530732091694e-05
PTPRD,3.413320590707875e-05
F5,3.4126723493189754e-05
FBXL5,3.411488374082791e-05
LZTS2,3.411163243395627e-05
GFM1,3.410602861801169e-05
GORAB,3.410257638688076e-05
RC3H1-IT1,3.408097834486943e-05
ZNF438,3.405297094912377e-05
ZFHX4-AS1,3.404631602095584e-05
HMGCS2,3.4039328795227065e-05
TNFAIP2,3.401957175264178e-05
TACC2,3.401835560095465e-05
ZNF497,3.401650429961525e-05
BMS1,3.40148663657325e-05
CENPM,3.397596598012671e-05
SND1-IT1,3.396751001388517e-05
XXYLT1,3.395848431719268e-05
NKD2,3.395775112091249e-05
POLD1,3.395679918670887e-05
LYRM1,3.394942331110742e-05
ATP6V0A1,3.392689323793767e-05
TLCD5,3.389703821386895e-05
MFAP3L,3.388950636671242e-05
C18orf25,3.3886335762312045e-05
MDC1,3.3882504922663256e-05
ZMAT5,3.387778534052649e-05
SCARF1,3.387555078547955e-05
UBL7-AS1,3.3872874150403244e-05
MEN1,3.383339888815453e-05
RUNDC1,3.383285303692734e-05
NAA40,3.383068724461387e-05
MCM8-AS1,3.382405353810222e-05
PEAR1,3.3812328872733944e-05
ANKS3,3.380557670992486e-05
KLF12,3.378755004254575e-05
POM121C,3.378630267319154e-05
DNM1,3.377623700466962e-05
DOCK6,3.3774727915141146e-05
SBNO1-AS1,3.37660390050256e-05
TCAF1,3.3764374848789525e-05
ITPKB-AS1,3.375966547910902e-05
ZNF709,3.3748464294374726e-05
LACTB2-AS1,3.373275123427003e-05
TNRC6C,3.369291626887983e-05
ZNF675,3.367091841374045e-05
AP001816.1,3.3654031021098843e-05
FAM83F,3.3653503343486673e-05
ANKRD18B,3.3651131689451085e-05
FBLN7,3.364685054235329e-05
CASC8,3.364621906465126e-05
CDK17,3.3642569777002923e-05
SMIM36,3.362377897413988e-05
VWA8-AS1,3.361037933358201e-05
NLGN3,3.359804798179778e-05
PTGS2,3.3596413774609785e-05
RBM26-AS1,3.35749125826322e-05
AP000487.1,3.357401412854636e-05
ARVCF,3.357077116318907e-05
CLIP1-AS1,3.3568189694747555e-05
ZSCAN25,3.356271796029448e-05
DUSP12,3.356260816215545e-05
AP005262.2,3.3555057881058283e-05
NASP,3.355113262600715e-05
TTC1,3.354432207964832e-05
PAX5,3.352428069393684e-05
FAM120A,3.352225621799953e-05
MATR3.1,3.351340100656449e-05
CCDC171,3.35051428182042e-05
TMEM170A,3.350151146836148e-05
CRYZ,3.349770483269773e-05
TNRC6C-AS1,3.3491574143314565e-05
SLC19A2,3.348688338774381e-05
LIG4,3.34649812315912e-05
HSH2D,3.346425316220915e-05
LY6E-DT,3.34407654018097e-05
TTC21B-AS1,3.342668850067721e-05
ANKRD13C,3.3425466969808503e-05
RNF41,3.342057143935196e-05
GRK3,3.3412513711063595e-05
NGDN,3.340751230359273e-05
SMIM31,3.340671746899932e-05
COL10A1,3.3401427834582514e-05
EFCC1,3.3365739661285606e-05
RNF216,3.3362874040071964e-05
NTMT1,3.335337668514409e-05
RFPL3S,3.333687014291713e-05
LRRC74B,3.332155680608564e-05
AP000766.1,3.331932480711721e-05
RAB11B-AS1,3.331450327680411e-05
CALCB,3.3311117860221806e-05
PIK3R4,3.327641056784962e-05
OAT,3.326472441081233e-05
PROCA1,3.326198758055732e-05
IGIP,3.32547543147642e-05
ZNF485,3.324238170206286e-05
ZSWIM8-AS1,3.32007493868819e-05
ARMC6,3.3191315954452144e-05
KSR1,3.316425005641591e-05
COA6-AS1,3.315270598529464e-05
OSER1,3.314740812895932e-05
MUSK,3.313579964698699e-05
CHST5,3.313413386706062e-05
SIRLNT,3.312829430735739e-05
CMTR1,3.3121840984919165e-05
DOC2A,3.311272087334453e-05
KDM4B,3.3112073203592504e-05
ZNF879,3.310102516609027e-05
ALG9,3.307685267413121e-05
XPNPEP1,3.3075441749705186e-05
SARS2,3.307039231857743e-05
RAB31,3.305588673375397e-05
DENND2A,3.3051929824665444e-05
SLC25A27,3.303639230650275e-05
SGO1-AS1,3.303217555907717e-05
TAF1A-AS1,3.3025340923263405e-05
REPS2,3.30196242344379e-05
C22orf34,3.301179300258863e-05
TTL,3.299881544390256e-05
GPBP1,3.299534641298872e-05
ZNF280C,3.298789332542737e-05
CDC14A,3.2972175909129354e-05
C12orf45,3.29682465715134e-05
HEXD,3.2959776090080026e-05
HTR4,3.295288610094976e-05
SLC22A10,3.2930577391281744e-05
RABEP1,3.292805935509384e-05
FAM135B,3.292747734060685e-05
THUMPD3,3.292105003679139e-05
ATG16L1,3.290802294094311e-05
ZNF689,3.289368963113462e-05
ZDBF2,3.288930279774325e-05
IGDCC3,3.2886594317697286e-05
SNX32,3.288246446967663e-05
AF107885.2,3.285961103865263e-05
NFKBID,3.285888846434738e-05
PGGT1B,3.284192690258462e-05
TMEM65,3.2841260029405695e-05
TCF7L1,3.281942459313433e-05
AP002961.1,3.2815434377017174e-05
WDR19,3.281426178865677e-05
MYCL,3.2814154570811494e-05
GRIA3,3.280509470381117e-05
ALG1L2,3.279591589660399e-05
SLC5A4,3.279013164864139e-05
TTLL2,3.278861140716176e-05
PBRM1,3.277668401929843e-05
C17orf99,3.276431983666281e-05
HABP2,3.276329651366506e-05
HPS4,3.273298021926134e-05
IL34,3.2730913673727415e-05
C19orf73,3.272837099406397e-05
IQCE,3.271109303695366e-05
DUSP18,3.271050031967549e-05
N4BP2L2-IT2,3.269819419520107e-05
AFF2,3.269577522135023e-05
TSPEAR,3.268831358437219e-05
PPTC7,3.2680689155819975e-05
ANGPT2,3.268003081163768e-05
DESI1,3.266565102314028e-05
ZBED8,3.266173146844055e-05
NINJ2,3.265027828292485e-05
TRUB1,3.264204784966471e-05
SAMMSON,3.264020459811076e-05
ADCK1,3.262989458188161e-05
RIOX2,3.262572626234241e-05
TAS1R3,3.2616368901904434e-05
DHRS3,3.26140537938804e-05
DNASE1L1,3.261353497546251e-05
RGL2,3.2613099331794154e-05
RABGAP1L-DT,3.260408187783214e-05
BTC,3.260299845838783e-05
CADM2,3.257681969732596e-05
SNHG17,3.257341582059048e-05
LRRC23,3.254762927401844e-05
ANO7,3.2538011868232226e-05
TAS2R4,3.253647130369312e-05
PCTP,3.253604882637618e-05
ZNF843,3.252000105276943e-05
FAM189A1,3.251798820442375e-05
MGST2,3.2500273507724475e-05
HDAC9,3.249779517044515e-05
ZDHHC2,3.2469661723914335e-05
TRAF6,3.24621147564254e-05
GTPBP6,3.2462006640153923e-05
ZNF684,3.243719571153227e-05
ZNF566,3.242911356195624e-05
GTF3C2-AS1,3.242782138646495e-05
GLOD5,3.241428503205206e-05
WWC2-AS2,3.2407295232222665e-05
SPATA41,3.237872991845099e-05
GPR22,3.237800770826666e-05
SUOX,3.2354849313197715e-05
LIPH,3.234619457182217e-05
OTUD7B,3.2322148609894525e-05
AGO1,3.23110290526949e-05
DPH6-DT,3.230996508149096e-05
TNXB,3.229940624916565e-05
GALNT18,3.227631131562189e-05
PNMA2,3.2272467191276183e-05
CC2D2B,3.22675637557105e-05
SESN1,3.223304451718891e-05
RASSF7,3.222421239119107e-05
C8orf31,3.221350431002515e-05
SLC18B1,3.2197869674882195e-05
PCP4,3.218841163229559e-05
DGKI,3.218641408716246e-05
EPHB3,3.218339880526932e-05
TMEM17,3.217918205464911e-05
AP001107.1,3.215810040523924e-05
PBX4,3.215575789431386e-05
CATSPERD,3.215325426371675e-05
LBHD1,3.215129322606894e-05
JPT2,3.215033787413748e-05
PLS3-AS1,3.212368486707488e-05
INTS6,3.2116126700007394e-05
WASL,3.211512280519613e-05
NOTCH4,3.2111881366486336e-05
PMPCB,3.211127549361925e-05
RFLNA,3.211044864698515e-05
SYNPO,3.210990965894923e-05
VAX2,3.210831998383069e-05
SLC5A4-AS1,3.209402770153553e-05
TAF8,3.2085419285539124e-05
PLBD1-AS1,3.208175388805572e-05
BLOC1S4,3.206661896139661e-05
SLC43A2,3.2055748205324646e-05
EP300,3.2054110271141626e-05
ANO5,3.203998486734739e-05
RAB38,3.202216101168538e-05
STK36,3.2014087828008614e-05
IRAK3,3.201345902738143e-05
MIA2,3.200420348710762e-05
CDHR2,3.1995985929730714e-05
IMPACT,3.1989702317478217e-05
LRRC37A,3.198412886791743e-05
SEC24B-AS1,3.1968610002244114e-05
RBBP8NL,3.1965711674874674e-05
INSYN2B,3.196554876781724e-05
NAA15,3.195116940159981e-05
CFAP45,3.195059812051435e-05
ZNF410,3.1942999721411306e-05
IDNK,3.193299145883017e-05
AP000424.1,3.19325534407119e-05
NUDT6,3.193254953065715e-05
ELAVL1,3.1927642743615304e-05
PRKAG1,3.192160536191026e-05
AKR1E2,3.191823896021799e-05
ANXA9,3.189808106916067e-05
CRLF3,3.1895791266361093e-05
ATAD3B,3.1895606988139586e-05
AP001977.1,3.188953174974694e-05
PNKP,3.188817471654011e-05
CFAP36,3.188545742322025e-05
MAL2-AS1,3.188232903791966e-05
CRACR2B,3.186670319244412e-05
GNPDA2,3.186108643791262e-05
CXXC4,3.185783785400508e-05
SLC30A8,3.184313098448656e-05
SOGA1,3.1842800974009115e-05
SLC29A4,3.182598226326304e-05
SLC35G5,3.181553013891789e-05
AP5S1,3.178936614244631e-05
SHPRH,3.1776655777302566e-05
FXR1,3.177326946524824e-05
TBC1D4,3.1768656577276283e-05
SLC25A35,3.1755995569688724e-05
LRRC29,3.1744624208251405e-05
MYO16-AS1,3.171878122733229e-05
PCDHGA8,3.171359841186644e-05
PTPDC1,3.169819680549848e-05
TMEM63B,3.1695459219386056e-05
PHTF1,3.1694388646198765e-05
LRAT,3.1660705221793125e-05
DNAAF5,3.163260077016693e-05
MIATNB,3.16132038490037e-05
FAXDC2,3.160478716355068e-05
HERC2,3.160061283058539e-05
TET1,3.16005834243187e-05
ANKRD55,3.159041439405848e-05
C1orf116,3.1584081058995346e-05
AP002518.1,3.1552469315931426e-05
RNF227,3.15341775173654e-05
TEC,3.151991137171393e-05
ZNF236-DT,3.150770814908839e-05
OGDH,3.1483434231038743e-05
CXorf58,3.146072435310888e-05
AP001372.2,3.145118589023166e-05
RBMS2,3.144937457218378e-05
RASA3,3.143701865859894e-05
ASH2L,3.1430559362448974e-05
HK2,3.138754991151353e-05
PPP2R2C,3.138714811696727e-05
NSUN4,3.138207495748883e-05
CDRT1,3.1374769990917883e-05
PRUNE1,3.137122719574697e-05
ATP1A4,3.136381529086096e-05
RBM4B,3.135534928915278e-05
POLB,3.133360116269745e-05
ACTL6A,3.13314195514335e-05
TPBG,3.1323377100090525e-05
BRSK1,3.130591936580217e-05
CLDN14,3.130334590933316e-05
SUPT16H,3.1296277195320496e-05
ANGPT4,3.127639681391964e-05
FOXJ2,3.1225882101849064e-05
PEAK3,3.1222563783986584e-05
PDZD7,3.121126826228789e-05
TTLL9,3.120712700339166e-05
IGSF6,3.120569428679716e-05
BAALC-AS1,3.119754162314506e-05
VPS36,3.1189236481219666e-05
MATR3,3.118164480946317e-05
Z83844.2,3.116292913229076e-05
ANKRD62,3.114981491898301e-05
RCAN3,3.114872653390512e-05
NUDCD1,3.114839208860362e-05
AP000944.7,3.114814067716315e-05
ACRBP,3.114429024065867e-05
IFT172,3.1137557912713536e-05
DTX2,3.1121680133636865e-05
HOXA9,3.112160200361957e-05
VPS26C,3.111680528187846e-05
DIMT1,3.111608473597965e-05
BIRC7,3.110338825716472e-05
CXCL2,3.1089584445548706e-05
TSTD2,3.108913291304149e-05
DLEC1,3.108780422636467e-05
C3orf18,3.105237926018908e-05
SAA4,3.1048677129702554e-05
BPNT1,3.1042039604283346e-05
PRSS16,3.103800414222487e-05
PLSCR4,3.103699073714013e-05
COX11,3.1034314528474834e-05
FAM20B,3.102811181840562e-05
ACKR2,3.102253724395e-05
PTPRG-AS1,3.101837648308243e-05
LAMB1,3.100747797756623e-05
CASC11,3.0998983114044786e-05
PLCG1-AS1,3.099743588476458e-05
GRIK2,3.0982136001127524e-05
SLC24A1,3.0975414503334604e-05
TBILA,3.09705638138071e-05
SRGAP2C,3.096766472565873e-05
NPIPB13,3.096383327590351e-05
CRTAC1,3.0953062166901286e-05
LRRC75A,3.095218228876219e-05
LRRC36,3.0944836025814136e-05
MFSD14B,3.094289560336104e-05
NBEAL2,3.093517418176329e-05
FAM114A1,3.092721905237005e-05
VANGL2,3.0921491652647553e-05
FAM163A,3.091192163235671e-05
NR2E3,3.090428046757467e-05
LRRC40,3.08994567159557e-05
IGSF21,3.0897199002573886e-05
PAM16,3.087346417592419e-05
ANKFN1,3.087047361439264e-05
MTHFSD,3.085927549547865e-05
NDUFAF2,3.085160741108139e-05
ZBTB48,3.084725070155816e-05
PEX10,3.083871660148139e-05
DCP1A,3.083369669930866e-05
Z69733.1,3.0824191374361455e-05
FAM186A,3.080366546685005e-05
KCNG3,3.08006433446453e-05
NBPF14,3.079495556882238e-05
SGSM3,3.079088202170591e-05
SCRN2,3.077392835424655e-05
CLIP3,3.077152840941214e-05
CEP170,3.073898689247945e-05
SYN3,3.0735331986749374e-05
NOTCH2,3.0734386406914564e-05
FAM102B,3.073259436909304e-05
BBS2,3.072840637603988e-05
PPP1R8,3.071119291214675e-05
ZBTB24,3.070060785919518e-05
VPS37B,3.069981566719175e-05
WDR75,3.068983903086944e-05
FIGN,3.068385434025696e-05
TRPT1,3.067940165242719e-05
AP002490.1,3.067787525136838e-05
GOLIM4,3.0672243016624626e-05
NUP188,3.0670577015157324e-05
MYH14,3.066422549155196e-05
OSCP1,3.0658910126770115e-05
PRKN,3.063879404833678e-05
KCNIP3,3.063540852783451e-05
NTN4,3.063249601027032e-05
TMEM14B,3.059835152338846e-05
NSMCE1-DT,3.057819855504654e-05
ZNF671,3.057250165891877e-05
PFN4,3.057193873950055e-05
EXTL3,3.053106319042443e-05
RNF185,3.052617704152645e-05
RWDD2B,3.051793344720877e-05
HPF1,3.050521505904346e-05
RBM28,3.048552568419402e-05
TMEM254,3.048070945554773e-05
ATXN7,3.047960740500205e-05
SOCS6,3.047871557352525e-05
TEX46,3.0470971019383215e-05
CELF6,3.04274915415604e-05
CCNI2,3.0409830381514343e-05
CHRM3-AS2,3.0407141748335504e-05
CTTNBP2NL,3.0404340029016468e-05
VIRMA,3.040375437965818e-05
ZNF23,3.0388246258848485e-05
IBA57-DT,3.037124459014071e-05
SGMS1-AS1,3.0367294234241507e-05
PIGF,3.035571659506084e-05
ZNF487,3.0333104658011545e-05
SKA1,3.033300115370753e-05
NIBAN2,3.0330378687484774e-05
ENDOV,3.032247415319069e-05
PRRT3-AS1,3.031392631612769e-05
KHDC1,3.03127624683705e-05
UBE2R2,3.0309470216273288e-05
WDR89,3.0301289686776608e-05
CERKL,3.0276781547106017e-05
DSC2,3.027502386092567e-05
TBCEL,3.027048557544892e-05
CCDC51,3.026448900405685e-05
KLHL17,3.0264293847156223e-05
POMK,3.0255349345123587e-05
TRPM4,3.0253535032366027e-05
DLGAP1-AS1,3.025123249636405e-05
CDNF,3.024392705348105e-05
SPIRE1,3.0239530682129764e-05
IL1RN,3.023105712535268e-05
CGAS,3.0228567070457783e-05
ING3,3.021451169592615e-05
PFAS,3.020343713400366e-05
CNTLN,3.0197036498600534e-05
MALINC1,3.018604945681669e-05
UBQLN1,3.0177942205287352e-05
RGPD4,3.0175333789961903e-05
PRNCR1,3.0174870329997286e-05
CALN1,3.0162822713120324e-05
TAF4B,3.0149945913207827e-05
ZNF449,3.0142348273966456e-05
RAB2B,3.011266136042639e-05
XPO7,3.009799483599876e-05
RGS6,3.0079827046141595e-05
GSEC,3.007981899936981e-05
DDX19B,3.0060597797067937e-05
LGALS2,3.005759126779607e-05
TRAK2,3.003750780176778e-05
CAND2,3.0035884424330897e-05
TTLL6,3.002772732710527e-05
MORN5,3.002705874354882e-05
RNPEP,3.002011850245144e-05
TRIM62,3.0019034824724703e-05
ABI1,3.001875422571755e-05
OGFRP1,3.0016324419502457e-05
RNF139-AS1,3.000980076102658e-05
DCAF12,2.999928517983477e-05
CYP2C18,2.9992658664343096e-05
DYNC1LI1,2.9987341364969277e-05
SNX1,2.998051989244919e-05
PHEX,2.997285495416493e-05
SGSM2,2.994888553114441e-05
AF233439.1,2.9928247970029288e-05
HIST1H1D,2.9918842391069125e-05
ACOX3,2.9910761893945127e-05
CDC16,2.9908060941261276e-05
USP46,2.9904655350725805e-05
PLA2G12A,2.989714055935653e-05
APOBEC3D,2.9893003486163804e-05
DTX3,2.986730985140946e-05
RIMKLA,2.984518424537904e-05
FILIP1L,2.9843476501959925e-05
FOXP1-AS1,2.9839870772883968e-05
SLC24A2,2.9829189419545467e-05
CCDC196,2.9826760049684823e-05
CHKB-DT,2.9821737739858387e-05
PKP2,2.98149060619973e-05
CU638689.5,2.980163358222057e-05
DYRK3,2.979381784945996e-05
PTGES2,2.9791111134318057e-05
RBPMS-AS1,2.979044624195738e-05
ZRANB2-AS2,2.9789364167074147e-05
ZNF470,2.977625064259962e-05
JADE3,2.974297429766893e-05
AJM1,2.9740551235044667e-05
EMC1-AS1,2.973401560427444e-05
AK8,2.972284038970347e-05
HES1,2.9722474247069137e-05
GPR158,2.9721261997596685e-05
EXOC3-AS1,2.970796392054143e-05
BCL9,2.9694361416530283e-05
AP000345.2,2.964634590645344e-05
BCDIN3D-AS1,2.9640567878578533e-05
UBAC2-AS1,2.9639732167501227e-05
FAM234B,2.963632759443426e-05
ZNF584,2.96342736473926e-05
MPP3,2.9610765857253276e-05
ZSCAN30,2.960215813852882e-05
AF111167.1,2.959867420897403e-05
GCNT7,2.9576180306079823e-05
SPON1,2.957228929893276e-05
TUBGCP4,2.9562356915076032e-05
CES5A,2.955831831091122e-05
LYPD1,2.9557761122984414e-05
MTFR1,2.954038471663871e-05
MRPS6,2.9539096719190104e-05
ZNF75D,2.953048102283281e-05
LAMC1,2.9528479047449006e-05
PTGER4,2.952629836424244e-05
SS18L1,2.9524689338051583e-05
MPHOSPH6,2.952276342988269e-05
SLIT1,2.952072739243859e-05
NPR2,2.9517420548903843e-05
RBM15-AS1,2.950492864429866e-05
TMPRSS9,2.9498830209106263e-05
SEC22C,2.9498806621392517e-05
ADORA2B,2.94873155351592e-05
ANXA10,2.948699220051853e-05
DENND6A,2.947565897023588e-05
LRTOMT,2.947154431279846e-05
AP001412.1,2.9468093903023896e-05
DXO,2.946469433666548e-05
ZNF501,2.945661849942236e-05
VWC2,2.9455101374024587e-05
AF131215.2,2.944777266745653e-05
DLGAP3,2.944024216040936e-05
POLR1B,2.9436937894343133e-05
ENTPD5,2.942636720588904e-05
SRSF6,2.9410014876053227e-05
C3orf52,2.9396477986531992e-05
INTS3,2.939346913262475e-05
CACNB1,2.938618399747829e-05
PTRH2,2.9380987877558456e-05
C5orf47,2.935835907018594e-05
SH3BGR,2.9357845833318957e-05
PIK3C2B,2.9355751480224578e-05
MYO15A,2.934707185476307e-05
LTF,2.93410495142586e-05
DENND10,2.9339141659603683e-05
CREBRF,2.933089358002212e-05
RRS1-AS1,2.9326065385459332e-05
LCN12,2.932041297054833e-05
GPLD1,2.9283825802853847e-05
CPT1A,2.9275939382138537e-05
PDCD4,2.925987560911242e-05
SIAH1,2.922704263970729e-05
ZFYVE19,2.922539240748024e-05
NAB1,2.9221481785552226e-05
MARK2,2.920737176820041e-05
ZNF346,2.9190296375419124e-05
NEU3,2.9185103408928185e-05
IGHMBP2,2.917842488214339e-05
C12orf42,2.9174994853447864e-05
XIAP-AS1,2.9169998083776988e-05
HYKK,2.9168250221860517e-05
HCG9,2.9160874572675157e-05
BTN3A1,2.915636463062556e-05
LRRC56,2.91381368636139e-05
ASAH2B,2.9119788524817703e-05
TBX19,2.9115807443823837e-05
AP005899.1,2.911152542007896e-05
B3GNT10,2.9108390002461606e-05
C6orf52,2.9107475674401443e-05
HLTF,2.9100295332762324e-05
TLL1,2.9098988755162006e-05
TRAPPC6B,2.9086797770766744e-05
NT5C3A,2.9082748389419965e-05
ZBTB40,2.907419714890499e-05
LPAR5,2.9073389470480695e-05
MIR4422HG,2.9063851688172864e-05
ARHGEF10,2.9055605844709763e-05
MOGAT1,2.905164108725868e-05
SWSAP1,2.903600295193372e-05
IL17RB,2.903558457365332e-05
CRTC3,2.902417964709154e-05
GLRB,2.901728826488145e-05
OLFM3,2.9004438859789064e-05
WWOX-AS1,2.90026610929968e-05
FKBP6,2.899925270949637e-05
PPP1R3E,2.898814331634383e-05
TSACC,2.8985974139801557e-05
RHBDF2,2.89684520073778e-05
MSANTD1,2.8958275572031838e-05
C5AR1,2.894214437126185e-05
BLOC1S5,2.8927202150444e-05
PPP1R36,2.891735749454558e-05
SGCE,2.8910169814245056e-05
MBD3L1,2.890771763067561e-05
SLX4,2.8905163038641007e-05
GOT1,2.889386239022199e-05
RIPK2,2.888541603563248e-05
PUS10,2.8885379812560785e-05
RSKR,2.888519497369167e-05
ZNF594,2.887885005168632e-05
CSTF1,2.8875248302830347e-05
DMAC2L,2.8862109103988328e-05
SMC1B,2.885927373895829e-05
TRMT10A,2.8855116852972056e-05
BBS10,2.8838843400000843e-05
GIN1,2.883722617167562e-05
GLDN,2.8829740476406616e-05
Z92544.2,2.882041096470872e-05
DAGLB,2.8818983222297932e-05
SOAT2,2.8815692031136352e-05
OTUD5,2.881080102021952e-05
ETFRF1,2.880560358253561e-05
TAF4,2.878722125890256e-05
SLC45A4,2.8784684051951443e-05
NRK,2.877877009004636e-05
LRRC8B,2.8741498437087693e-05
GRID2IP,2.8730775931866425e-05
ZNF266,2.8729136575252808e-05
SLC22A6,2.871864947096589e-05
PHF21B,2.8714633984476157e-05
WASHC5,2.871408469436085e-05
TGM6,2.8711646958913677e-05
UTRN,2.870629658672924e-05
STIM2,2.87058500050236e-05
SSC4D,2.87046190952622e-05
VXN,2.8702017089044136e-05
TIRAP,2.869405219209e-05
TTBK1,2.8686831118431296e-05
TMEM147-AS1,2.8684541030710357e-05
VDR,2.868284576957915e-05
AP001505.1,2.867819078443797e-05
SEMA3F-AS1,2.866558693956845e-05
PTOV1-AS1,2.866503240310941e-05
SLC8A2,2.865345308800083e-05
CSTF3-DT,2.864550249567549e-05
JUNB,2.864334773682866e-05
TFAP2A,2.862961942803545e-05
CTRC,2.8588086613041363e-05
RPP25L,2.8578052153788764e-05
NKAIN2,2.8576071670710808e-05
ARHGAP20,2.8573244848174104e-05
NUP62,2.8572541811875025e-05
ETHE1,2.8571871955298792e-05
PPIL3,2.856156712308464e-05
PIGM,2.8559203019319423e-05
ANKRD20A1,2.8556013486126602e-05
ZFP90,2.8543535724167845e-05
CCDC58,2.8540176540444767e-05
CACNA1E,2.853353050071733e-05
RFC5,2.852934439186132e-05
TRIM35,2.852892052020672e-05
PTCSC2,2.850411258227664e-05
FBN3,2.8498676929342364e-05
CCDC83,2.848843372323892e-05
MAST4,2.8477498091846853e-05
HCG25,2.8460481373041697e-05
POLE,2.8458890553871143e-05
USP39,2.8452026986604616e-05
KCNQ3,2.8449320362050105e-05
UBTD1,2.844113511211223e-05
ARF4-AS1,2.843168471139838e-05
NOL12,2.843068913415951e-05
AP001372.1,2.842936681988607e-05
PPFIBP2,2.842441160312729e-05
ASIC4,2.842248483641303e-05
KANSL2,2.84063708312031e-05
ZNF433,2.840094756021424e-05
SNX24,2.837627276585614e-05
IFT122,2.8364559295931652e-05
VGLL4,2.836182032010937e-05
MTMR6,2.8361196376449368e-05
ERBIN,2.835762557248405e-05
RBBP6,2.8352531570041323e-05
TSC2,2.834519060110877e-05
SETDB2,2.8339751974686056e-05
TFEB,2.8333308896372285e-05
GSG1L,2.8306881452731917e-05
CELSR1,2.828292027700532e-05
MIP,2.8279441048622267e-05
ESCO2,2.8262106593064367e-05
SLC4A9,2.8259686169236927e-05
CHODL,2.8254681662338464e-05
PHKG1,2.825281459781816e-05
RALY,2.824414546047675e-05
ZNF567,2.824175998640968e-05
SPECC1,2.822004138742641e-05
NFYC-AS1,2.821373499388086e-05
RAB43,2.821262229348147e-05
SLC5A11,2.8194637355418274e-05
AP001363.1,2.819131683896177e-05
CLCN2,2.8175424833083765e-05
ZNF517,2.8143490762551157e-05
GPN2,2.8122591901283523e-05
RBSN,2.811635660779692e-05
DACH1,2.8106226934050915e-05
CLK2,2.8096715379018363e-05
BX004807.1,2.8096310824343237e-05
TG,2.809627270482426e-05
CCNC,2.808704420274622e-05
TCHH,2.8071080017382043e-05
FAM118A,2.805849373885497e-05
KLHL25,2.804421839923649e-05
CCL8,2.80396069789064e-05
MAOA,2.8029798233800773e-05
LTV1,2.80292338694652e-05
ZNF653,2.802757609730311e-05
DDX11-AS1,2.8025082676592914e-05
EFR3B,2.801790382304717e-05
PXYLP1,2.800126794942301e-05
SFR1,2.7994522486861133e-05
AP003068.2,2.7988632023299565e-05
HIST4H4,2.7971563092271887e-05
WASHC3,2.7968681702139105e-05
CCDC33,2.7959344091970325e-05
EXD3,2.795865932052431e-05
SPATS1,2.7936859682403493e-05
COPS4,2.7915192897388254e-05
EFCAB6-AS1,2.7913309693481216e-05
RAD17,2.791101039020296e-05
IPO11,2.7903340317969904e-05
IGF1R,2.789448797809434e-05
RIPK3,2.7887158559149116e-05
DOCK10,2.7877921058575005e-05
VWDE,2.7875923859173618e-05
NPIPA7,2.786488474793063e-05
MLST8,2.7861322458233536e-05
FGF18,2.785786797477924e-05
CYP46A1,2.7817922858530783e-05
SPDYE3,2.7797932882120204e-05
ZNF12,2.779661422607327e-05
FBXO21,2.7795208413388134e-05
MAPK10,2.779514511363403e-05
EXOC3,2.778812408925417e-05
CENPF,2.7779648379508388e-05
MEIS1-AS3,2.7727765176712645e-05
ADD3-AS1,2.7719377405497618e-05
TMSB15B-AS1,2.771771965497134e-05
PIK3IP1-AS1,2.771691657922635e-05
PTPRF,2.7711227917002267e-05
HENMT1,2.7693357490912785e-05
PAK6,2.7677389854520133e-05
ASCC2,2.767596239208143e-05
ACBD7,2.7656870816126616e-05
MINAR1,2.764506727225274e-05
RCBTB2,2.76397632490301e-05
CNTD2,2.7633265165294257e-05
MGAT4C,2.7627497072975823e-05
SPDYE6,2.7618112359143496e-05
CACNA1A,2.761454672884149e-05
ZNF433-AS1,2.761404009150249e-05
ELDR,2.7606226097504403e-05
GLCCI1,2.7592786523860323e-05
WDR54,2.7589128097164857e-05
GOPC,2.758492823555337e-05
DPYD-AS1,2.756449690782787e-05
CDH8,2.7551213340924297e-05
ZNF226,2.7546566636580952e-05
EEFSEC,2.7536880259155296e-05
RDM1,2.7536066769637107e-05
NAMPT,2.7530374515284937e-05
MMP20,2.7528266647596515e-05
SIK2,2.7524832611142507e-05
CYP4F12,2.7522320371409857e-05
PRKCG,2.749477129398964e-05
TRPM3,2.749166276496967e-05
DDI2,2.7488048712135696e-05
CALML4,2.748519478730759e-05
SLC25A15,2.7476746773354582e-05
SEPSECS-AS1,2.7466909608148142e-05
YDJC,2.745482680538048e-05
EIF2D,2.7448620299651825e-05
PCBP3,2.744394652790484e-05
CSTF2,2.744233427542512e-05
MMACHC,2.742820733964768e-05
C3orf38,2.740772175599697e-05
GPC5,2.7394274013319758e-05
SLC2A11,2.7374832865986263e-05
C1orf105,2.7365549486159945e-05
SLC5A6,2.735546270339426e-05
FN3K,2.735438519115174e-05
AP002954.2,2.7353875504677094e-05
TCAP,2.735346696145669e-05
TLR6,2.733791176737475e-05
PAPOLG,2.7314477419821863e-05
SOX9-AS1,2.73033391367157e-05
AGGF1,2.730200321026709e-05
RRAS2,2.7301349035175326e-05
RAP1GAP,2.7299731532901123e-05
KCND3,2.7285317851482785e-05
TCF7,2.727823452946733e-05
ZMIZ1-AS1,2.727149286248404e-05
AP001029.2,2.7262475761780416e-05
DUSP15,2.7262133778484703e-05
PHC2,2.7253061233094067e-05
FO393418.1,2.724796572053676e-05
HARS2,2.724653423824273e-05
BICRA-AS1,2.7244791434389526e-05
FAM222A,2.724402124551212e-05
KDM4A-AS1,2.722388247037458e-05
TIAF1,2.7220155085271272e-05
TRMT9B,2.721982356509009e-05
C12orf73,2.7213665990991293e-05
AP000779.1,2.718577538251269e-05
MFSD14A,2.7182213663132243e-05
CCDC110,2.717779268375913e-05
IGFBP7-AS1,2.717759591592771e-05
FAM149A,2.7171961769432295e-05
MIER3,2.7167826975773348e-05
ZNF451-AS1,2.716207049016811e-05
ZNF561-AS1,2.7161483518670672e-05
MAPRE3,2.715106526581086e-05
EXOSC7,2.7148756043663735e-05
AP001160.3,2.714482069051871e-05
ATP11C,2.7134849265327765e-05
POLR3A,2.712772049372985e-05
CAPN5,2.712640506175206e-05
RAB11FIP2,2.7101276172786022e-05
NUDT12,2.709287904575168e-05
MOV10L1,2.7060119240312657e-05
SLC2A10,2.7048773532059325e-05
TBRG1,2.704764689285562e-05
CTC1,2.7039029480209015e-05
ETFBKMT,2.702854801139768e-05
MKNK1-AS1,2.7022139023599077e-05
SFXN5,2.701367165542341e-05
FAM228B,2.701151255582471e-05
OR2A1-AS1,2.6982415333069403e-05
KLRC2,2.698216001036814e-05
C4orf46,2.6968991971069485e-05
AP001107.4,2.6958013850176887e-05
VLDLR,2.6957488651062403e-05
PWWP3A,2.695741441297499e-05
UBE3B,2.695170911361626e-05
ANKRD23,2.694893284482296e-05
AF241728.2,2.694834192085153e-05
ITSN1,2.6941688435205732e-05
AP001033.2,2.6935812980012997e-05
CLTCL1,2.693338183713535e-05
NET1,2.6927666154209e-05
FALEC,2.6920901236166268e-05
EFCAB5,2.6902111046124543e-05
FAM182A,2.6894088180293017e-05
RGSL1,2.689011378434612e-05
DUSP19,2.6887651791381337e-05
SLC9A1,2.6885206809779108e-05
PBLD,2.6879985784140103e-05
ZCCHC8,2.6840884035880308e-05
CUL4A,2.6830088700594784e-05
DLD,2.681452505769138e-05
MINCR,2.6799755405406303e-05
ZBTB32,2.6774915334153167e-05
DENND6B,2.6762554099714075e-05
FUT2,2.675277742690256e-05
FUT4,2.674739727905205e-05
FAM229B,2.674413219760429e-05
SLC15A2,2.6737901478783056e-05
MAP2K4,2.6731431542962577e-05
MAATS1,2.67200957312974e-05
AP006623.1,2.671441810135438e-05
UBE2T,2.670341372644873e-05
CNOT6L,2.669729556247118e-05
ZKSCAN7-AS1,2.6688595492674115e-05
TTC3-AS1,2.668792094132404e-05
MAP3K7,2.6687623637638445e-05
NOC2L,2.668504904257282e-05
AF127577.2,2.667567983938437e-05
MYH7B,2.6655795698785684e-05
TMEM99,2.664211857866307e-05
RORA-AS1,2.663228455901864e-05
SLC22A5,2.66110243600952e-05
KIAA2012-AS1,2.6582575938636308e-05
ADA,2.656341854169753e-05
TEX22,2.6554809485998997e-05
CAPN10-DT,2.6553945317999943e-05
RFXAP,2.6552855914015986e-05
AKAP8,2.6552006700938e-05
PDC,2.6551760477287663e-05
CFAP69,2.6547035480473548e-05
DMRT1,2.652143659517479e-05
MYPOP,2.6518682772865805e-05
DHRS12,2.65041138780052e-05
AP001267.1,2.650244973863256e-05
COMMD3,2.6496331524352928e-05
ACBD4,2.64912927815072e-05
TAF5L,2.6485802612351236e-05
ESR2,2.648498608224268e-05
FAM86C1,2.647300421689879e-05
AP002851.1,2.6446293531092144e-05
ATL3,2.643555694659553e-05
ISM1,2.642583254386804e-05
YAF2,2.642130424168173e-05
STX3,2.6415800424139357e-05
URM1,2.64116173975256e-05
IKZF5,2.640938193856051e-05
GGA3,2.6401315508735983e-05
GATA6-AS1,2.639494871693683e-05
RTCA,2.637707617169156e-05
MTMR4,2.636645547274001e-05
AP001626.1,2.635397585800434e-05
MMAB,2.63473585407832e-05
SWI5,2.633068624438067e-05
OCA2,2.632224143274219e-05
SIRT2,2.6311051191270484e-05
ANKRD13D,2.6310634464519117e-05
MDH1B,2.630695182868789e-05
ARL16,2.62986970009388e-05
MSRA,2.6276734615317088e-05
GYG1,2.624445602872337e-05
ZSCAN26,2.6234358774841443e-05
TFRC,2.622965272259307e-05
GALNS,2.6227690677652283e-05
DGCR11,2.6208976841838972e-05
SORBS1,2.619261097120232e-05
FNIP2,2.6176094102020428e-05
UTP15,2.617476335580728e-05
DDX60L,2.6155623523561704e-05
CALHM2,2.6131720869045857e-05
LUC7L,2.6130882378248355e-05
SH3GLB2,2.613077285988324e-05
COL4A4,2.6129347619475045e-05
SOCS2-AS1,2.612881829419126e-05
JAK2,2.61117089519748e-05
PGM1,2.610210409565256e-05
NPIPB12,2.610086957831882e-05
FAM107B,2.6100796371029635e-05
ZNF84,2.607293288373182e-05
TUBA3D,2.60680166680059e-05
NIPA2,2.6066644066409317e-05
RAB11FIP3,2.604506254996086e-05
IL4R,2.602934010217272e-05
PACC1,2.602764064063152e-05
LMNTD1,2.6021003383297112e-05
B3GNTL1,2.6011167315851683e-05
TMSB15B,2.60106285200826e-05
MAP11,2.6005148271665724e-05
LEMD3,2.6003531944141613e-05
Z97832.2,2.5995773043281377e-05
GRIPAP1,2.598225593836196e-05
KMT5C,2.597581166463146e-05
POMZP3,2.5959510324293555e-05
HEPHL1,2.5958843280679807e-05
USP3-AS1,2.594480164098756e-05
RNASEH2B-AS1,2.59437201823015e-05
DRD2,2.5942863987196023e-05
ANKRD37,2.593627102423742e-05
ACRV1,2.593283936122422e-05
SAXO1,2.5930686479989e-05
LPGAT1-AS1,2.5927753895279514e-05
FAM184B,2.5925983136453463e-05
PPP2R2A,2.5921727563504708e-05
CLDN2,2.5917105268185952e-05
ZDHHC11,2.590436261107924e-05
B4GALT4-AS1,2.590078674566588e-05
PLEKHG3,2.5895062584250572e-05
OSTN,2.587626580683157e-05
RARRES1,2.5864492489161e-05
ARIH2OS,2.5864342322840493e-05
SMARCD3,2.585749567011293e-05
AP002954.1,2.5851596179609946e-05
KDM2B,2.58148537583145e-05
AP000350.7,2.5814287689243813e-05
ZNF141,2.5813459238767577e-05
AJ011931.2,2.580886396537312e-05
COG6,2.5767480369376197e-05
ZFP69,2.5765361754318976e-05
GOLGA4,2.575258268535144e-05
IMPG1,2.573956293976241e-05
PIK3C2A,2.573909835284968e-05
AP004609.3,2.5736753017304502e-05
KLHDC4,2.5723351456687e-05
LMO3,2.5716853161045367e-05
C11orf54,2.5713129396389243e-05
PKN3,2.5712150758174225e-05
ZMYND12,2.570153884742882e-05
HIP1R,2.5700857198499656e-05
SHISA6,2.5689888360184125e-05
EARS2,2.567727475951253e-05
IL1RL2,2.566900231491753e-05
UMODL1,2.5651822444558192e-05
EIF3C,2.5650706086111915e-05
SIRT3,2.5644154991487364e-05
SLC23A3,2.5640264067057315e-05
SAMD9,2.5635250571226956e-05
AMOTL1,2.5622798585261785e-05
DIAPH3-AS1,2.562046057010949e-05
NODAL,2.5618029919522363e-05
BTD,2.561333220232988e-05
TMEM91,2.561279954098212e-05
BFAR,2.5604102346080044e-05
NSD3,2.5587278821763787e-05
SMN1,2.5565402498182512e-05
NPLOC4,2.555029832802604e-05
TRMT2B,2.5546098979217355e-05
BTN3A2,2.5533738783561543e-05
POLR2D,2.5519850714236683e-05
RASSF10-DT,2.5500111844904747e-05
RNF212B,2.549842775284445e-05
MAN1A1,2.5492178199801885e-05
MYRIP,2.5485021897722213e-05
TMOD3,2.5484927866511013e-05
POLL,2.5463355777805173e-05
GOT2,2.544378183731919e-05
PRR3,2.5439867485162146e-05
GLP2R,2.5430199373938896e-05
LPP-AS1,2.5427335027243506e-05
PAXIP1,2.5411411436729668e-05
CLNS1A,2.540997415595333e-05
KCNK10,2.5405517210897745e-05
TAB3,2.538908064805342e-05
WEE2-AS1,2.538874018182537e-05
YIPF7,2.537893207645419e-05
ARHGAP1,2.537284813448483e-05
NLE1,2.53686898984342e-05
COL19A1,2.5349432850491785e-05
CC2D1A,2.5326452871090625e-05
Z93403.1,2.532516868129753e-05
AD000671.3,2.532017366375986e-05
GPRASP1,2.5299267285555e-05
CEBPZOS,2.527704984901957e-05
VPS9D1-AS1,2.5266586252858635e-05
EFHD1,2.525221764138328e-05
DCUN1D2,2.525199484229617e-05
TOP1MT,2.5248146686097472e-05
MPI,2.523277340095194e-05
TINAG,2.52263787128498e-05
UNC5B,2.522563335665192e-05
SPDYE21P,2.521549060328965e-05
NPIPB3,2.519833259298051e-05
ARHGAP29-AS1,2.51503549237502e-05
STRIP1,2.5144046816628463e-05
PRKG2,2.513534898767328e-05
ADGRG3,2.5132543331820595e-05
HSCB,2.512211499344004e-05
SRSF2,2.511290302643602e-05
GALNT5,2.509052169181125e-05
CMTM2,2.507999933242012e-05
TTLL10,2.50786402584132e-05
PLAGL1,2.506986086855085e-05
GCAT,2.506911077541267e-05
ZNF778,2.506785924486159e-05
ZBTB38,2.506177683864253e-05
ASAP1-IT2,2.5026768770273485e-05
VAMP7,2.501296519919059e-05
PDZRN4,2.50051943040595e-05
KPNA7,2.499653008694291e-05
KLHL1,2.4990478011505825e-05
GSTZ1,2.4980183418415786e-05
ROCK2,2.4978664634696184e-05
STAM-AS1,2.4971702586108533e-05
SLCO1B7,2.496480408266415e-05
SNHG14,2.495124549521624e-05
IL10RB,2.4944083163756355e-05
NUP62CL,2.493440480772879e-05
TCTN2,2.492283786516753e-05
ARHGEF25,2.492266247103605e-05
GPR173,2.4917820971454923e-05
GVQW3,2.491134074245077e-05
SMG6,2.489988338984207e-05
UVRAG-DT,2.486454663611643e-05
ZNF738,2.48578287643332e-05
MYOZ2,2.4840045038221243e-05
ART3,2.4838497929834465e-05
PCDHB15,2.4831083635131383e-05
DCAF13,2.4827987578232243e-05
SSH3,2.4826465594565963e-05
EHMT2-AS1,2.4814345249099027e-05
AP002892.1,2.4792618763590444e-05
DEC1,2.4776697328621687e-05
OGFOD2,2.4763989061685857e-05
DLGAP4-AS1,2.476358075130548e-05
CAPN10,2.4762679628505323e-05
TNNI3K,2.475949618004681e-05
BRWD1-IT1,2.47537500213326e-05
ZNF157,2.475208140078216e-05
FUT3,2.4742485223695548e-05
SLC6A11,2.4741509257085004e-05
FAHD2B,2.4738337919123648e-05
PELI3,2.473232384542365e-05
SPOCD1,2.4726039782771956e-05
WAC-AS1,2.471527838533988e-05
MIR663AHG,2.470345976503169e-05
GPCPD1,2.470119657668242e-05
B3GALNT1,2.4697826245412296e-05
MRPL39,2.469367056805425e-05
SUFU,2.466325617359806e-05
GSPT1,2.465667855887968e-05
TLDC2,2.46563962767302e-05
PARP9,2.4650329763849795e-05
PDE4DIP,2.464873379792283e-05
GPR55,2.4636532814011782e-05
MTIF2,2.463087724189496e-05
EEA1,2.46186164389253e-05
TLR2,2.4592179840917533e-05
MEF2B,2.458692295988344e-05
TAOK2,2.458677185072571e-05
PRSS53,2.457882448348412e-05
THSD7B,2.4555812897109395e-05
GUCA1C,2.4539097488580475e-05
BAZ1A,2.453894075440156e-05
GOLGA8R,2.453848575470287e-05
ZNF460,2.4534982179948997e-05
SNHG7,2.4526201264466927e-05
UTP14A,2.452052721062901e-05
RAP1B,2.450025286734901e-05
CLNK,2.4483191341634807e-05
OMG,2.4474657619605052e-05
ERMARD,2.445860903948549e-05
PCBP2-OT1,2.445136095274454e-05
LAMA3,2.4449299908699382e-05
GOSR2,2.4447892487124547e-05
SDHAF2,2.444526459000489e-05
LANCL1,2.4435384995136983e-05
PAX7,2.441489340140613e-05
C1orf146,2.4411352667872896e-05
RGS19,2.4408644035917777e-05
INTS13,2.4398679054412244e-05
MORC1,2.439054425904975e-05
CFAP46,2.4389859213466366e-05
TMEM178B,2.4389714515162995e-05
GGT1,2.4376315042739585e-05
ANO9,2.437412816208074e-05
SCAMP1-AS1,2.4372313897288543e-05
USP6,2.437112801182336e-05
KBTBD3,2.435704307147593e-05
TECPR1,2.435438827540789e-05
IGF2BP2-AS1,2.43530753726656e-05
MANSC1,2.4352680203342704e-05
AP003110.1,2.4341246898166963e-05
MGAT4D,2.432837675674061e-05
HVCN1,2.4326953493563307e-05
ZNF276,2.432396395782788e-05
PPP4R4,2.4308230523232845e-05
ACER2,2.428177691119328e-05
CCDC84-DT,2.4275872881739532e-05
PCSK4,2.4275277671034356e-05
RBM12,2.4265018819509728e-05
RBM5-AS1,2.426479760347645e-05
SMIM14,2.426257134790827e-05
NUDT13,2.424425343635253e-05
SIRT4,2.4233891474045388e-05
SMC5,2.423126817342937e-05
VMAC,2.422887481776169e-05
CFAP157,2.420188858590034e-05
FBXL16,2.4197330039274355e-05
PRR7-AS1,2.419329524615669e-05
CFAP299,2.4187285743851368e-05
PEMT,2.4183233797384676e-05
UNC79,2.417906342792833e-05
TGM4,2.417604026034739e-05
DLG3,2.417007014630279e-05
SOSTDC1,2.4168453528510052e-05
OXTR,2.416842109123397e-05
IL10RB-DT,2.4167861385736903e-05
ASPH,2.416682371869622e-05
TRIM46,2.416620952865101e-05
ZNF493,2.4163121199548328e-05
ZNF227,2.415125399079653e-05
SMIM1,2.414807504450544e-05
FBXO31,2.4145183782156265e-05
RNF220,2.413938721036893e-05
CPO,2.413832129823574e-05
MAP4K2,2.413493948799092e-05
PTPRQ,2.4123166372377568e-05
TERF2,2.411948085279576e-05
AP003049.2,2.4105130409396325e-05
PPP1R42,2.4102402736063083e-05
DNAAF2,2.4090586065781444e-05
PIK3AP1,2.4070011603430217e-05
PEX1,2.406992434046642e-05
ARMC2,2.4069125789348148e-05
SYT9,2.4062110517899988e-05
ZNF483,2.4046993815542196e-05
MITF,2.4027211096285816e-05
HIST1H2BJ,2.4025651944780524e-05
LRRC9,2.402538581411784e-05
ZNF341,2.401991393025695e-05
RGS13,2.4018021245306173e-05
PACSIN1,2.4012254671968094e-05
ATPAF1,2.399121248961276e-05
FGF9,2.3974133799752376e-05
HAGH,2.3969405836620705e-05
AF230666.2,2.396174015845289e-05
MAMDC2-AS1,2.3948339246657067e-05
ZNF213,2.3936738919125552e-05
FSTL4,2.393578986636675e-05
PAX6,2.393329100023857e-05
NLRP12,2.3932596406026223e-05
DGKE,2.3910369085673265e-05
KLHL36,2.3898099116892947e-05
FAM104A,2.3882093780923507e-05
AAMDC,2.387019526858113e-05
ZNF528,2.386892159834894e-05
LPP-AS2,2.3868697433194444e-05
MYOM3,2.386753069331424e-05
KTN1-AS1,2.3858847666096333e-05
STEAP3,2.3830960548873447e-05
SEPTIN8,2.377960844689054e-05
ACAD9,2.3774327272873887e-05
P2RX1,2.376403408624735e-05
BRCC3,2.3757131706948305e-05
DTD2,2.37554902792308e-05
GNG12-AS1,2.374997282828978e-05
EGLN3,2.374087456278384e-05
AF129075.3,2.3726257938591973e-05
CYP20A1,2.37246422336279e-05
TENM2,2.371986032267185e-05
CDH4,2.3715109834324052e-05
AKT2,2.371377848980481e-05
LRRD1,2.3710338598986385e-05
CNIH3,2.370546447067775e-05
NMT2,2.3694937548845017e-05
FAM198B-AS1,2.369145202218684e-05
TPT1-AS1,2.3671348288296147e-05
PHF7,2.366929687464466e-05
PAQR8,2.3661303525699867e-05
TEX52,2.365912310634605e-05
MMP26,2.3656126885300103e-05
CNNM1,2.3610408029870297e-05
XYLT2,2.358508981290464e-05
CD72,2.3576544544935988e-05
PLAC4,2.3574863101644573e-05
PRICKLE4,2.356352676302811e-05
LYSMD4,2.3561527306543136e-05
CPLX1,2.356078575792753e-05
FAM168B,2.3556331644483404e-05
GOLT1A,2.3496052679607502e-05
SRFBP1,2.3490133207954304e-05
SLC5A12,2.3486367573149613e-05
UBAP1,2.3482753463365098e-05
ZSCAN20,2.347856293515361e-05
SALL2,2.3462051713326004e-05
EFCAB9,2.345309796879668e-05
HOXA2,2.3445189991674184e-05
CCDC144A,2.344419890795938e-05
DNAH3,2.3432395881799048e-05
DMBT1,2.3414384014705783e-05
DIS3L,2.338704159723623e-05
NDUFS4,2.337182068238443e-05
AP001453.1,2.3361577306640947e-05
GREB1L,2.3354805805766365e-05
ZBTB46-AS1,2.3349266878386126e-05
FAM222A-AS1,2.333196399232216e-05
ZNF181,2.3302027694577187e-05
SCOC-AS1,2.329554942743383e-05
RPAP3,2.32921997601856e-05
ZNF346-IT1,2.3280207668204773e-05
QRICH1,2.3277884727105875e-05
ZFPM1,2.326511403498718e-05
SYNPO2L,2.3259411417257926e-05
DHX57,2.324867541881165e-05
ZNF19,2.3241531740038923e-05
PABPC4-AS1,2.3212515666997656e-05
AP001160.2,2.321239148477298e-05
DACT3-AS1,2.3212356806532542e-05
ARHGEF16,2.320136097251408e-05
SFMBT1,2.319590437680077e-05
ACADS,2.3185821978919845e-05
TRIP11,2.3161631428956848e-05
ADAT1,2.3146870439493675e-05
PLEKHM1,2.313954401090184e-05
MSS51,2.313682227260942e-05
NEURL1-AS1,2.3136180390201603e-05
OPA3,2.3127606576067573e-05
WWC1,2.311306164488127e-05
ACOT6,2.31114971527486e-05
SEMA6B,2.3104186308321643e-05
KATNB1,2.309306040725795e-05
SNORC,2.308982412735824e-05
AKTIP,2.3085808440502974e-05
PCOLCE-AS1,2.308439326484489e-05
RTL10,2.308083410783781e-05
ZBTB5,2.307429790578513e-05
E2F2,2.3069464710362763e-05
EVC,2.3063209908759343e-05
AP000829.1,2.305712648547492e-05
AK5,2.3040132428340625e-05
RPUSD4,2.3026215443435173e-05
CCDC12,2.3026055658236103e-05
MAMLD1,2.302587086306733e-05
CYTH3,2.3020598006418815e-05
NEXN,2.301523835363888e-05
APH1B,2.3003699895720295e-05
RNF125,2.2991527635659303e-05
CFAP206,2.298701121768418e-05
SHROOM4,2.2986208062065467e-05
GRHPR,2.29750087484097e-05
DNAAF3,2.297375261485232e-05
NHLRC3,2.2971151791355493e-05
BLVRA,2.296997621909459e-05
KLHDC8A,2.2968533639647683e-05
ATG2B,2.296299258802157e-05
DIRAS3,2.295794636675543e-05
MAPK15,2.293604295987156e-05
MBD2,2.290024653608931e-05
SCTR,2.288797344436205e-05
UPP2,2.2881940263147097e-05
THAP8,2.287456767944106e-05
ANKDD1B,2.2839599078080647e-05
SLC19A3,2.2834720003681268e-05
SDHC,2.283302065885377e-05
AP003119.2,2.28200075803735e-05
TCTE3,2.280277148780469e-05
FBXO3,2.2798265308861856e-05
ZBTB2,2.279368928352049e-05
RAD9B,2.2790263667482955e-05
KAT7,2.278616329121967e-05
POGLUT1,2.274784646880885e-05
COQ6,2.2744166425368032e-05
POMT1,2.2729173084625583e-05
NAT1,2.272097177735265e-05
SLC49A4,2.2667542070902137e-05
GCKR,2.265600575484733e-05
TMEM159,2.2646392692305024e-05
GAS6-AS1,2.2641866391939103e-05
ABHD1,2.2618967423586267e-05
ANKRD30BL,2.2617661155790357e-05
RERE-AS1,2.2611243401474192e-05
PCLAF,2.2610399348231325e-05
BCS1L,2.2602902592777592e-05
AP001992.2,2.260125678123037e-05
RAB3D,2.25905980854468e-05
POU2AF1,2.2588947072617356e-05
F11,2.258679414613981e-05
GAU1,2.2584715898183338e-05
OR6J1,2.2579192038757023e-05
ZBTB8A,2.256780695156942e-05
MRM2,2.25630237628187e-05
KLHL10,2.2549731086800863e-05
ROR2,2.2545466078745268e-05
FYB1,2.253353441342665e-05
TMEM150A,2.252684956710236e-05
GTPBP2,2.251276721512025e-05
KIFC3,2.250252001679214e-05
DEGS2,2.2492959871942435e-05
VSIG10,2.2486662799844347e-05
ZNF852,2.24810062000206e-05
NUP35,2.247656051229281e-05
RBM44,2.2469139726924825e-05
MAGED1,2.245747360042096e-05
UBA6,2.245729705361779e-05
CDC42-IT1,2.2423312172745822e-05
CCDC32,2.2405438842837215e-05
PDE8B,2.239930559779693e-05
SLC30A5,2.239604585713909e-05
PLCXD3,2.237609509838924e-05
C3orf79,2.2373116622954414e-05
TCAF2,2.236513765104061e-05
AUTS2,2.236402480565155e-05
ARHGAP19,2.2354035317980585e-05
ERAP2,2.2348364765157105e-05
TAF5,2.2337276950431572e-05
MAP2K1,2.2335591566960265e-05
ADGRB1,2.232780093559789e-05
DAB2IP,2.231654174890974e-05
PARP6,2.230804449926269e-05
MARCH4,2.23054577073369e-05
ATP5MGL,2.2297952735846203e-05
EBLN2,2.2292778603835877e-05
UNC13C,2.228468955980862e-05
DQX1,2.2281528861001683e-05
PHLDB2,2.225912395778334e-05
NBPF10,2.2255790861732785e-05
NPFF,2.223912232425513e-05
TMEM79,2.2229252402067075e-05
ABRAXAS2,2.222435056865952e-05
RAB6A,2.222177957642009e-05
MBLAC1,2.221325322708498e-05
JRKL-AS1,2.2209861301471632e-05
PLEKHG6,2.2195770085137707e-05
HDHD5-AS1,2.2186863834094903e-05
AP003119.3,2.2154786759551457e-05
YARS,2.214981567933962e-05
NECTIN3,2.212619207138312e-05
DCAF5,2.212559868018094e-05
CNGA1,2.210928076309446e-05
CAB39,2.208843844885859e-05
LSAMP,2.2066869889613065e-05
PLGLB1,2.20542272195207e-05
NEK10,2.205376961002337e-05
CNOT9,2.2049076259138024e-05
CNTN5,2.2032972748143305e-05
GLE1,2.2016393534818736e-05
CPSF4,2.2012682352706455e-05
ST3GAL2,2.200443203705396e-05
SPATA24,2.1995122061300075e-05
PAIP1,2.1993096337363052e-05
AATBC,2.197847878737851e-05
PEX26,2.197095411976464e-05
DAAM2,2.19702417047991e-05
FLT3LG,2.194321056130949e-05
ENTPD6,2.1941530815630826e-05
PPP4R3A,2.194010363081117e-05
SUGP2,2.1936456627710925e-05
HR,2.192479061528009e-05
MALSU1,2.1920882834875547e-05
GDNF-AS1,2.191793360791382e-05
AP000704.1,2.191435562662496e-05
SCARNA9,2.1904408137236165e-05
ZNF436,2.189592356662546e-05
ANKS4B,2.1886889950533044e-05
UST,2.187814114887097e-05
C4orf33,2.1873858236386458e-05
WBP2NL,2.184271157751229e-05
ATP23,2.1834245847062974e-05
ARHGAP17,2.183259940862153e-05
SLC9A6,2.183054455476402e-05
TATDN3,2.1824434631166425e-05
NAPA-AS1,2.182369263066338e-05
TTC30B,2.182111153046071e-05
ZNF445,2.181826718176657e-05
LCT,2.181202961230079e-05
MEIOC,2.1810656073197325e-05
SLC4A10,2.1810106539136586e-05
EIF2B2,2.1809138330886063e-05
EGLN1,2.1794359066496447e-05
PM20D1,2.178863487014483e-05
CES4A,2.1781787322116187e-05
C2orf81,2.177309118998705e-05
PLCL2,2.176733917841232e-05
TMEM26,2.174229568556089e-05
AP002381.2,2.173040594784921e-05
ZNF287,2.171542913996996e-05
PSMG3-AS1,2.170671016777318e-05
UBXN7,2.1693213245559395e-05
LOXL1-AS1,2.1693184104600933e-05
KIAA1586,2.167798838037956e-05
FAF2,2.167663437888217e-05
RGS7BP,2.1674923140072677e-05
TEX35,2.1658565201873844e-05
NOC3L,2.16549570534256e-05
RBMS3,2.164780976661879e-05
HACD2,2.164523147399145e-05
ECSIT,2.1630808652352343e-05
TMEM138,2.1629523628161863e-05
DCAF4,2.162497664841417e-05
C9orf50,2.1622263182848985e-05
LCA5L,2.1621777879442092e-05
U91328.2,2.162095251944196e-05
SYNPR-AS1,2.160597836665336e-05
CHSY1,2.160356725776319e-05
CMTM7,2.1599883924873008e-05
TMEM25,2.159066204404789e-05
PRRT3,2.1590418854015323e-05
SETD9,2.158618106255916e-05
RNF32,2.157312059896561e-05
ZNF526,2.156867038968772e-05
RAB7B,2.1547050602264856e-05
SCUBE2,2.151988076777496e-05
SLTM,2.1517791168115028e-05
KIF25,2.15157514828088e-05
GRID2,2.151521941790253e-05
RIPK1,2.15149215635881e-05
CUL4B,2.1510663939295292e-05
LRRN1,2.150391683881455e-05
ZNF674-AS1,2.1493748802968893e-05
NAPG,2.147368578472773e-05
SLC5A10,2.147309341476516e-05
NOD1,2.1470540219225168e-05
CELSR2,2.1468761304973925e-05
PEX11B,2.1465168906879215e-05
NSUN2,2.145426854368216e-05
OMA1,2.1447768297653023e-05
STAT5B,2.1441444350812683e-05
GPR137C,2.14405364435299e-05
DCPS,2.143779185546335e-05
MAN2A1,2.1433591083587264e-05
DALRD3,2.1426246103465485e-05
PNPLA3,2.1397340533480688e-05
SYCP3,2.139324826642469e-05
TRIP13,2.1387343209819096e-05
SLC1A7,2.1386996303313248e-05
RHOXF1-AS1,2.137197268243685e-05
SNRNP70,2.137044062941606e-05
HAS3,2.136883582060232e-05
FP565260.3,2.135437347964482e-05
GRM7,2.1347460174620493e-05
CU638689.4,2.1342139302116984e-05
GRK7,2.132362592269881e-05
ALKBH1,2.1307077040792587e-05
RPGRIP1,2.1306198317520187e-05
C19orf54,2.130475028540786e-05
PCDHB4,2.1302890507149696e-05
FCF1,2.1302058822678493e-05
ZC3H6,2.1299386098024304e-05
HOGA1,2.1284552819520777e-05
TRIM45,2.126118690078118e-05
ANKEF1,2.125741327384801e-05
RALA,2.1253391285731112e-05
TMEM94,2.124135639124065e-05
C15orf62,2.124089032357726e-05
UPF3A,2.1238798398380803e-05
DTD1,2.12363199756048e-05
RBM47,2.123522041160046e-05
ORMDL1,2.123484319304373e-05
HOXC8,2.1213077226919197e-05
SYT16,2.12128073319761e-05
GSTM2,2.1208654421326527e-05
ITGB3,2.119465157603744e-05
EXT2,2.1182625736227656e-05
MGAM,2.1182078144277797e-05
BX664615.2,2.118189908118235e-05
PEPD,2.117844909519864e-05
XPOT,2.1168088000947463e-05
KRI1,2.115755169181431e-05
SLC25A29,2.1153592862419025e-05
ITGA2,2.113920331426757e-05
PLD2,2.112754385500812e-05
ZNF202,2.1118405580702276e-05
KIAA0232,2.1117760106882087e-05
UBAP1L,2.110973465194509e-05
DNAJC9-AS1,2.110808035980607e-05
AFAP1-AS1,2.1098362996876312e-05
FREM3,2.109546726270147e-05
SAR1B,2.1094846169873704e-05
JRKL,2.109102479170878e-05
C15orf40,2.1089540679087437e-05
ERMP1,2.1072353195826943e-05
PSMB2,2.1071853717395987e-05
HARBI1,2.1070223706383445e-05
SLFN12,2.106760646361496e-05
LIX1,2.1061494553730427e-05
ZNF492,2.1059507554953e-05
NCOA7-AS1,2.105648521421329e-05
SHISAL1,2.1048584855731457e-05
BACH1-IT2,2.1036462479313604e-05
KCNH1,2.102681743656815e-05
PSD,2.102623501178e-05
SLC25A37,2.1025150851920903e-05
LMX1A,2.101008875935e-05
CABCOCO1,2.099307742524085e-05
POFUT1,2.0989248206648355e-05
AP000892.1,2.0981416180245625e-05
UBR7,2.0971194821127814e-05
RRP36,2.096215880517569e-05
MADCAM1,2.0953703466264333e-05
LHFPL3-AS2,2.0950530878259356e-05
PLIN5,2.0926003202955068e-05
RCC2,2.0919411270055847e-05
DUSP28,2.08908029869034e-05
DLK2,2.0888561173400585e-05
HSD3B7,2.087743504507927e-05
MPPED2,2.087395601932132e-05
RCBTB1,2.08525781756917e-05
TYSND1,2.085237654836627e-05
SEMA4B,2.0843769727714025e-05
SRC,2.082139588120638e-05
CDC42BPG,2.081361691546614e-05
SLC25A38,2.081342207484693e-05
AP000866.1,2.0808053560158565e-05
APOBEC3G,2.0802453839979607e-05
BAIAP2,2.0792519403251637e-05
AKIRIN1,2.0791071018535333e-05
RPIA,2.078251638047742e-05
TYMSOS,2.0781599522123186e-05
SNRPA,2.077873219381288e-05
RGS12,2.077788835142828e-05
CRMP1,2.0767527309060745e-05
CREB3L4,2.076488512564593e-05
MARF1,2.0762977501319636e-05
SCML1,2.076049567348228e-05
SLC35F5,2.075298450399045e-05
LIX1-AS1,2.0750103744145744e-05
MORC2-AS1,2.0738143945332278e-05
ZNF512,2.0722643317287806e-05
AP001631.2,2.0716846085901657e-05
ZNF558,2.0704212738927064e-05
HSF2BP,2.07002780816532e-05
MRPL42,2.0691831288895405e-05
KIAA1324L,2.0686902095243487e-05
RGS20,2.068118654017272e-05
CEACAM5,2.0670013810877528e-05
SGPP2,2.0666902639997623e-05
BCAT2,2.065422218464363e-05
CCDC85C,2.064516390507608e-05
TAS2R14,2.0644584145360183e-05
ZNRF3-AS1,2.063057098325806e-05
KCNH6,2.0625630753923836e-05
HAT1,2.0624402473253724e-05
MLANA,2.0610952361617432e-05
TMEM242,2.060111968778984e-05
KCNJ16,2.0588777252423745e-05
TIMM29,2.0587565900803155e-05
ZNF14,2.058344108879515e-05
IZUMO4,2.0569470928486544e-05
RUNX2,2.0569450161358608e-05
DISP3,2.0546652021694512e-05
KIAA1614-AS1,2.052717722837531e-05
NDST4,2.052672770115792e-05
PJVK,2.051505750387106e-05
CSRNP2,2.051486790800451e-05
FNIP1,2.0478862066171234e-05
NDST1,2.047133053012531e-05
STAG3,2.047045107193203e-05
KCNMB2-AS1,2.0465282257786644e-05
SYT12,2.0459936879250136e-05
MARC1,2.043158043670711e-05
VPS52,2.043129013293307e-05
CRPPA-AS1,2.042947885378068e-05
CDC25B,2.0416925446641103e-05
ANKRD22,2.04136189895813e-05
ZNF561,2.040414121686832e-05
XRCC2,2.040238612013981e-05
NFYA,2.040227148717293e-05
C4orf51,2.0386096304576494e-05
AADACL2-AS1,2.0376023013917187e-05
FLRT3,2.0370481528266557e-05
CHAMP1,2.0366432724265133e-05
GPATCH1,2.0359907489288637e-05
RFX3-AS1,2.034917772600785e-05
RNF150,2.0346363103193944e-05
N4BP2L1,2.0335677556819896e-05
ACBD3-AS1,2.0330487378698543e-05
TMEM114,2.032965026169477e-05
LRRC49,2.0329127534778943e-05
FBXO46,2.0320867388258816e-05
MEAK7,2.0320326564645892e-05
TANGO6,2.031729620062021e-05
PSMC3IP,2.03093790041652e-05
ABI3BP,2.0307742831080115e-05
PPP1R3A,2.02745296184504e-05
ZNF112,2.0257900363810637e-05
ZNF280B,2.0252598071790976e-05
CYP27A1,2.025091681762813e-05
FRMD4B,2.024919306660788e-05
CASC20,2.0248966992521433e-05
KCNT1,2.0236949736487016e-05
RNF34,2.0225900645709996e-05
DNAJC7,2.0215862075203932e-05
LHX1-DT,2.02146704551012e-05
CNOT10-AS1,2.0184837347304245e-05
KPNA6,2.0174344412003695e-05
MACROD1,2.017196756899759e-05
CYP2U1,2.0171804471916597e-05
TMEM154,2.0146377473599005e-05
ZDHHC23,2.0144907804651677e-05
FAM204A,2.012027392383883e-05
RAB15,2.011613998339628e-05
PSG9,2.0108732281172425e-05
C6orf99,2.0108706543098077e-05
HIGD1C,2.010829694889912e-05
ANKRD29,2.0102374797817343e-05
MIR155HG,2.0099589673149826e-05
BCOR,2.0068701128915463e-05
ABCB10,2.0064261603370507e-05
YJEFN3,2.0059918247508896e-05
WAPL,2.005805424994092e-05
SDHB,2.0042524528625702e-05
HINFP,2.003869973211582e-05
LANCL1-AS1,2.0036690280194752e-05
SNAI3,2.0034862191744315e-05
KRBOX1,2.001337633514973e-05
DCLRE1B,2.0010959029560003e-05
COLCA1,2.000682773201421e-05
TNNI2,2.000460742345248e-05
ZNF786,2.0003901905958945e-05
SP140,2.0000855385001137e-05
PARS2,1.999499708483954e-05
WDR36,1.999375945613428e-05
CXorf38,1.9985629290120704e-05
PURA,1.99757270966082e-05
GAL3ST2,1.997321069511673e-05
LNCSRLR,1.996181490882733e-05
CUBN,1.995649819728032e-05
DHRSX-IT1,1.993854952002565e-05
TDP1,1.993140106532313e-05
ANGPTL8,1.9923699490925583e-05
NUAK1,1.9920244615863724e-05
LSMEM2,1.9908712493787856e-05
TH2LCRR,1.99012216246025e-05
STC2,1.989907716843225e-05
SHROOM2,1.989333204367396e-05
CAMKK1,1.989287914949154e-05
IDUA,1.9883567816213694e-05
FADS1,1.988236818317242e-05
SCD5,1.987604339144953e-05
PRKACB,1.9861409317959303e-05
RUNX2-AS1,1.985780142035274e-05
NPFFR2,1.9849278362035434e-05
CELF1,1.9849198677921634e-05
FBXL19,1.983663054657438e-05
MOB1B,1.9832632466734596e-05
EIF4E,1.982587590990241e-05
CUTC,1.981778194314619e-05
CHRNE,1.980770743816907e-05
ZNF546,1.9806898774072168e-05
KCNK17,1.98000252310546e-05
NEURL1,1.979504854176533e-05
ENTPD3,1.979411747033504e-05
ZNF800,1.979166829786948e-05
CNOT11,1.97888925609456e-05
ANKRD13B,1.978840493569777e-05
SCART1,1.978247232256604e-05
LETM2,1.9777192704606786e-05
IL20RB,1.9773726207467545e-05
SKI,1.977352346653852e-05
RNF39,1.9757216017601597e-05
DRC1,1.974518535969088e-05
PARP16,1.9743578071259782e-05
FBXO7,1.9725543436805815e-05
SPATA21,1.972301355847343e-05
PSORS1C1,1.9720092117119967e-05
NDUFV3,1.9709697798588786e-05
TRIM41,1.969118887253396e-05
EDNRB-AS1,1.9684923455030556e-05
SLC35G2,1.968265521631652e-05
GLG1,1.967483267410995e-05
PCMT1,1.96665575332868e-05
DNAH17-AS1,1.9643994998170907e-05
PRKAR2A-AS1,1.9642447825554843e-05
METTL17,1.9631310647873685e-05
BAAT,1.961299815295099e-05
NCKAP5L,1.961124450298084e-05
DBT,1.9609284681983775e-05
RETREG1,1.960413210076165e-05
CCNJL,1.959175628467177e-05
DSTYK,1.958585872305563e-05
STAMBPL1,1.955662386142484e-05
STRIP2,1.955346918478428e-05
CCDC183,1.954909331797197e-05
SCUBE1,1.95473036673794e-05
GNG7,1.954253184182364e-05
ATG14,1.9537247417216576e-05
PCID2,1.95335699744292e-05
ZNF189,1.9531698186632278e-05
TIMM23B,1.952238487786951e-05
CCR10,1.952020963860088e-05
THRA,1.951820543107008e-05
DUSP4,1.951630409014786e-05
C16orf86,1.951627642932668e-05
IARS,1.950596478355295e-05
ARPP21,1.949066063205659e-05
SBF2-AS1,1.948190357312553e-05
MAPKAPK5,1.9469586511352847e-05
ZNF696,1.945575925693956e-05
AP2A2,1.9454278866582333e-05
TFB2M,1.9452885119604776e-05
PLA2G6,1.944327134489804e-05
ZFP3,1.944289817761753e-05
HIVEP2,1.9430272799335105e-05
SKAP1-AS1,1.942298486321275e-05
SORD,1.9418481795342343e-05
MAGI1-IT1,1.941236022536138e-05
NECTIN1-AS1,1.940903394524583e-05
LIMS1,1.940107787340324e-05
DIP2C,1.940009788675048e-05
TIGD4,1.939357504767778e-05
WNK3,1.9388173843186298e-05
KPNA4,1.938789980618354e-05
MEGF10,1.9383893922379747e-05
MYO7A,1.938301871388383e-05
ZNF525,1.936395789031216e-05
PDXK,1.936327675717838e-05
TRNT1,1.9362644995391083e-05
SMTNL1,1.9354625639399e-05
RHEB,1.934480412791393e-05
GEMIN5,1.933873605603896e-05
TMEM189,1.9336743886129757e-05
MIR193BHG,1.933325980843032e-05
VAC14-AS1,1.933171935206615e-05
ZNF444,1.9326591969498808e-05
S1PR4,1.9322863551509528e-05
LARS2-AS1,1.9320101378867508e-05
AP005131.6,1.930310602131969e-05
VIT,1.929514453370812e-05
PBX2,1.929138051696656e-05
TTYH1,1.9290955213967413e-05
SAMD9L,1.9289218794653494e-05
GTF2E1,1.9278418075369423e-05
STAU1,1.9270776208327705e-05
FAM160B1,1.926572016290061e-05
DAND5,1.9262633581421665e-05
IL12RB1,1.925123664264974e-05
PKIA-AS1,1.924831192655704e-05
CLBA1,1.9228484227874665e-05
AP000240.1,1.9212279113275872e-05
MAB21L4,1.920973573125627e-05
C4orf45,1.919762443671834e-05
WDR53,1.9191810533457426e-05
MRPS11,1.9175383122520934e-05
QRICH2,1.9161501174571663e-05
LDLRAD2,1.915764953560877e-05
NDST3,1.9156878656308327e-05
OSBP,1.9151614623258487e-05
PKD2L2,1.9151345218617795e-05
FAM98B,1.91389268609122e-05
BAG4,1.913106210380138e-05
SH3TC2-DT,1.9130914353629644e-05
IRF3,1.912846865612801e-05
UBE2J2,1.9105496603766638e-05
TUG1,1.910184424801298e-05
LSM11,1.909047669068084e-05
ALG10B,1.9078986426844957e-05
OTUD3,1.906912979031383e-05
GSDMC,1.903928126595031e-05
KCTD21,1.9028167454583343e-05
NAV3,1.9010763369277945e-05
SOX30,1.899875760425534e-05
LCORL,1.8997046151017582e-05
TRIM32,1.8979044812614352e-05
PYY,1.895692346870904e-05
WNT6,1.895380306762205e-05
DNAJC5,1.8953067761133604e-05
CLEC9A,1.894915770220692e-05
AK6,1.894547440705988e-05
MEFV,1.8943318034531576e-05
PPP1R14D,1.894301593283895e-05
AP006545.1,1.894292707658857e-05
TRIM13,1.894278541534821e-05
STK4,1.894149544913735e-05
ZNF518A,1.8937002940082404e-05
HEXIM2,1.89311402695766e-05
ZNF222,1.8921858275182794e-05
ZSWIM7,1.890936441452554e-05
TGIF2,1.889511380489621e-05
SMG5,1.888704253402949e-05
CCDC34,1.888649747642995e-05
LAMC1-AS1,1.8885400364886497e-05
RGP1,1.8871966676509445e-05
NBPF26,1.8863047395276267e-05
N4BP3,1.8860752981474792e-05
TBX6,1.8857162162379332e-05
CIRBP,1.885470471982788e-05
MORC2,1.8832265777051248e-05
TMEM132D,1.8814808031041715e-05
DLAT,1.881164767715814e-05
KCNMB2,1.8805390949446333e-05
RAB36,1.8785140088795857e-05
CDH22,1.8779528659228824e-05
SLC16A5,1.8778515868391768e-05
HIVEP1,1.877225817541541e-05
TMEM150C,1.8760387253624428e-05
HAUS5,1.8746905822958992e-05
AP001462.1,1.874347301571976e-05
CCDC22,1.873655608466755e-05
SMIM7,1.872090286548725e-05
CBR3,1.8720564195228463e-05
MMEL1,1.8705043561416415e-05
SEPTIN10,1.870455747875834e-05
TMEM39B,1.869522866809617e-05
CCDC159,1.868690579756953e-05
ZNF701,1.8686095560274087e-05
OVOL3,1.867739530315858e-05
ADAM29,1.867503426233544e-05
TMEM177,1.8669524208224622e-05
BAIAP2L2,1.865419005479101e-05
ZKSCAN2-DT,1.8646949713247556e-05
DCTN1-AS1,1.864558159330532e-05
RAD23B,1.8644914913563655e-05
HOXA-AS3,1.863321150891648e-05
UBE2D2,1.861752081689623e-05
CDCA5,1.861641510564705e-05
MLF1,1.861048491938546e-05
APAF1,1.861031663623899e-05
TFAP4,1.8603008592905363e-05
UNC45B,1.8601009744993942e-05
LTB4R,1.859964705702884e-05
CA1,1.859537532429733e-05
KCTD15,1.8568355570520455e-05
PPP1R16A,1.856574139758282e-05
TMEM132B,1.856524419751472e-05
C12orf50,1.8558078752393967e-05
MARCH10,1.8554802475597663e-05
GNA12,1.8548015452550476e-05
NUTM2G,1.8540604936353077e-05
AP001599.1,1.853991938185504e-05
TLE2,1.852568385632356e-05
FMR1-AS1,1.852241847806477e-05
WDR31,1.8511878891480365e-05
ZDHHC20,1.8499431757595693e-05
AGO2,1.8481924051528808e-05
HSDL1,1.8475065931840667e-05
TBC1D17,1.847344626260096e-05
YY2,1.847118483831412e-05
WWC2,1.84366766387264e-05
URB1-AS1,1.842759241701412e-05
UGT2B15,1.841921352355351e-05
RMC1,1.841920767089859e-05
PTPRM,1.8412863529039808e-05
ANGPTL2,1.8410262718523174e-05
KBTBD4,1.8409910069115017e-05
ZNF717,1.836917717157813e-05
COL4A6,1.8361679556904844e-05
SMAD1-AS1,1.835786187708356e-05
SUV39H2,1.834530922406557e-05
PLEKHB1,1.833949323858089e-05
ZSCAN21,1.8330620743491296e-05
SIDT2,1.8328292460437017e-05
IQCN,1.8321920232152147e-05
C9orf116,1.8316751443591937e-05
LIX1L-AS1,1.8313418547075388e-05
SVOPL,1.8309290537589677e-05
OPRD1,1.8284752050007e-05
RFX1,1.8284470510151117e-05
TAPT1,1.826754024875872e-05
ACOT12,1.826520602130775e-05
TTC28,1.826235234651337e-05
PGLYRP1,1.8247118322333448e-05
MCMDC2,1.8235175564501485e-05
KCNA2,1.823122493972173e-05
TAC3,1.8222057479542054e-05
SIAH2,1.821836742968509e-05
ZSWIM3,1.821507054481139e-05
SYMPK,1.821289009623495e-05
ZNF35,1.8211561973199515e-05
LIN7B,1.8206874552215384e-05
PDZD2,1.8206792119880764e-05
CPEB1-AS1,1.8201238558664943e-05
AP3B2,1.819024582037301e-05
DNAJC6,1.8182264453545383e-05
ZNF184,1.817396625157855e-05
ZNF384,1.8172859212129665e-05
DSG2-AS1,1.8139061038017102e-05
B4GALT6,1.813659463303525e-05
PKN2-AS1,1.8106078253384037e-05
ANKRD49,1.8080742652671547e-05
TOGARAM2,1.8069912190868447e-05
PLD6,1.8066192200505605e-05
DDX59-AS1,1.8062363248562862e-05
FBXO11,1.805821860925088e-05
EYA1,1.8053552610943064e-05
TRPC1,1.8033672871321783e-05
DVL2,1.803331923857579e-05
SAMD15,1.8028518667292408e-05
CETN3,1.8022371349346277e-05
LONRF2,1.8014998522523265e-05
MANBAL,1.8011435001635557e-05
LINP1,1.8010257488825623e-05
DTHD1,1.8001779364753983e-05
MAST4-AS1,1.7992579454202834e-05
CD44-AS1,1.7990723893300574e-05
POMT2,1.7987595103419115e-05
CHMP4B,1.798054204723275e-05
ACY1,1.797079011932843e-05
ZNF789,1.7961265144442463e-05
NCBP2-AS1,1.795713228182152e-05
KRBOX4,1.7956231004375654e-05
STXBP3,1.795566742375946e-05
LNCTAM34A,1.795522897864222e-05
HACE1,1.795283250595095e-05
PLB1,1.7942539826179775e-05
LGALS8,1.7940036365611963e-05
CLSTN2,1.793833628465198e-05
STK10,1.793671811300676e-05
MFAP3,1.793267050364019e-05
CBX7,1.7931624017085463e-05
NR1H3,1.7930816060150864e-05
AP001001.1,1.7917051321201274e-05
FBXW10,1.7913070085506717e-05
CNR2,1.790968826889798e-05
NECTIN3-AS1,1.7884029990893897e-05
MORF4L2-AS1,1.7874656071402187e-05
RYBP,1.7865041164841215e-05
VASH1-AS1,1.786099399119689e-05
TMEM38A,1.7860715174519352e-05
KDM5C-IT1,1.78573341785862e-05
SLC2A7,1.7856731236087662e-05
FXYD7,1.785337091039898e-05
SEPHS1,1.7848747024058178e-05
SIKE1,1.7841110093855996e-05
FSCN3,1.7837727272001437e-05
SYNM,1.7833342067412515e-05
FOXK1,1.782913367162761e-05
HDAC2,1.7822421239631823e-05
NOP53-AS1,1.781388182425488e-05
MATN2,1.780710287859206e-05
TMOD2,1.7789313686978345e-05
MYO1B,1.778728798854596e-05
C12orf76,1.7783534483949276e-05
ACBD5,1.7780917218434382e-05
ADIRF-AS1,1.7770134708901512e-05
CFAP58,1.776252644208209e-05
POLR1C,1.775379947157254e-05
STX8,1.775284788762088e-05
SEC14L5,1.775194752011469e-05
RPA1,1.7751726304709057e-05
RNF208,1.7750891005465072e-05
OR10H1,1.774875725777029e-05
GMEB2,1.7747293031254905e-05
GFOD2,1.7734860666600234e-05
RBMXL1,1.773030643663378e-05
OTX2-AS1,1.7728649924117708e-05
TMEM178A,1.772826580118196e-05
CRY2,1.771860483156725e-05
ZNF527,1.7716067202073873e-05
COQ5,1.7714417284475688e-05
SLC35G1,1.7705417217242468e-05
USF2,1.7704488109344988e-05
TTC22,1.7702461144558904e-05
FIGNL1,1.7694477413500036e-05
CEP120,1.769221158563727e-05
WRNIP1,1.7690074084340274e-05
SLC16A12,1.768497931971697e-05
LPO,1.7672645340948e-05
EFL1,1.7669682755777834e-05
PPIL4,1.7665527966522563e-05
RND3,1.7664501613627407e-05
FAM210A,1.765412386069969e-05
TNFRSF8,1.765194119634567e-05
PLPP1,1.7641370519013728e-05
FAM156A,1.7636259842000962e-05
C10orf143,1.763319046878804e-05
TXNL4A,1.7627281371491677e-05
SLC7A9,1.7617669071768188e-05
ENOPH1,1.7613573489793203e-05
UMPS,1.7606663994102574e-05
MRPL58,1.7606051307132815e-05
PPM1M,1.7599195677155657e-05
FAM167A-AS1,1.759633081102683e-05
CCDC149,1.7593559343781124e-05
C10orf95,1.7592544631217082e-05
GPR20,1.7592203792699933e-05
HOXD3,1.7591427851972823e-05
DDX4,1.7590977249714527e-05
ZNF597,1.759070233905734e-05
SLC16A7,1.7582792716952924e-05
SPATA18,1.756090203174735e-05
LMBRD2,1.755443278963364e-05
FRZB,1.7542026757568972e-05
MAFG-DT,1.7533776031682785e-05
POP5,1.7526701399514042e-05
RB1-DT,1.7526236289494442e-05
NR2C2AP,1.7510040154904145e-05
SKA2,1.7503512455543364e-05
MAN2C1,1.7483006989750604e-05
SENP8,1.7480198619880273e-05
CHORDC1,1.7477474917078746e-05
ZNF345,1.747413549034966e-05
PIGQ,1.747056408867612e-05
NDUFAF6,1.74680651571156e-05
NAGLU,1.7463867735746862e-05
COMMD9,1.7459914231215153e-05
KCTD11,1.7454224045509578e-05
USHBP1,1.7432875828648895e-05
CCDC81,1.7424397688481695e-05
ZBTB6,1.7422225723113225e-05
MORN3,1.7413255885167128e-05
ABCC1,1.74120960131881e-05
EXTL3-AS1,1.740759178860365e-05
CORIN,1.7391226145540066e-05
CPNE9,1.739101470513948e-05
FLNC-AS1,1.7390709968049697e-05
ETAA1,1.7384496497872717e-05
LYRM4,1.738372599082076e-05
C20orf204,1.7378406861792292e-05
RPP38,1.7361061160271734e-05
MBOAT4,1.7358073920362584e-05
ZC3H12D,1.7335361221412156e-05
CRLF2,1.7324653163955738e-05
PITPNA,1.731973164431004e-05
SEC31A,1.731675112442102e-05
PDCD7,1.7311453199258897e-05
FCHSD1,1.7298927135894566e-05
GPD1L,1.7294695470749343e-05
GKAP1,1.7293599630901212e-05
OSTM1-AS1,1.728795440807926e-05
PCGF2,1.7266939443678865e-05
NFE4,1.726684142793697e-05
CDC23,1.7266713309049333e-05
OSBP2,1.7264932324978077e-05
UPF2,1.7261052192076815e-05
STK24-AS1,1.7257258791769438e-05
PRPSAP2,1.7246602847116127e-05
RAP2C-AS1,1.724376762137293e-05
DCAF1,1.724182756319811e-05
RUVBL2,1.7237086015689706e-05
MBTPS2,1.72170573147851e-05
ZNF385C,1.7179212298428667e-05
ZNF182,1.7175895597127547e-05
TSPAN2,1.7175770337131883e-05
SLC9B2,1.715201573376734e-05
FAM85B,1.714560869808843e-05
KANK4,1.7134783865085046e-05
AQP4-AS1,1.7133792687547628e-05
PYCARD-AS1,1.713045523619511e-05
CPVL,1.7128329719530016e-05
ZNF79,1.7125410706767447e-05
TXNDC16,1.710823194689746e-05
CPT1C,1.710328123727876e-05
MAST1,1.7101983903802363e-05
XPO6,1.7089568861139633e-05
ZBED3-AS1,1.7088078725924285e-05
CLPB,1.7084376664068928e-05
YTHDF3,1.7082768383574653e-05
CACNA1I,1.708167013010646e-05
ELL,1.706936278956014e-05
TMEM265,1.7069042221724254e-05
AP003352.1,1.7051406916778935e-05
AP000462.1,1.7019078490026105e-05
ZNF254,1.7016093925622672e-05
SPNS3,1.7012682200763808e-05
MPZL1,1.7001876218026343e-05
ANGPT1,1.7000577293653677e-05
Z99127.4,1.69988046413854e-05
CCDC190,1.699717299281341e-05
PPP1R1B,1.6988729464628117e-05
IFT46,1.6986437365426783e-05
GACAT2,1.6981899548384544e-05
AQP11,1.6976101985516398e-05
OSBPL8,1.6972536921302123e-05
LEO1,1.696363209661898e-05
MIR762HG,1.6960259979967242e-05
RIPPLY3,1.6950599637655965e-05
ADAM32,1.6929318787517407e-05
MIR4453HG,1.6920651360723795e-05
RHOV,1.6876223690816147e-05
TARDBP,1.686124167124282e-05
BSDC1,1.6849424036894638e-05
NEURL1B,1.683279620253547e-05
DCAF15,1.682711750742049e-05
C1QTNF12,1.679830658169532e-05
GRIN2B,1.6792485423824297e-05
SCARF2,1.6789203225415928e-05
TXNRD2,1.6787215253652827e-05
MUC16,1.6783204880033693e-05
TRIM56,1.6778673956167673e-05
WNT3A,1.6774598796240032e-05
SLC24A3,1.677412150086e-05
SLC10A4,1.675159302887745e-05
ZNF490,1.67499441138083e-05
MYRFL,1.674244505119005e-05
GPR162,1.673810108083583e-05
PNPLA1,1.6729688051607146e-05
RIDA,1.6720525884802694e-05
ARAP3,1.671997387015089e-05
SNRNP40,1.6718365663401967e-05
MZF1-AS1,1.6716051763175324e-05
MMP25,1.669563928518833e-05
CSRP3-AS1,1.6693309752843273e-05
SNTG2,1.6680380561321774e-05
EFCAB10,1.6669060761320833e-05
ZSCAN32,1.6667595571935307e-05
KCTD6,1.665661759532827e-05
NEMP2,1.665270057405208e-05
DNMBP-AS1,1.6630242103618378e-05
RAB40A,1.662966902812414e-05
USP35,1.662612941857886e-05
CEACAM19,1.6613760841280513e-05
CBWD3,1.6612999509621966e-05
CTNS,1.6605529316213715e-05
TRIM3,1.6603674658153006e-05
FAM122A,1.659773172261246e-05
ZHX3,1.6576852445026837e-05
HPX,1.6574871659825456e-05
HM13-AS1,1.656950844144042e-05
CCNT2-AS1,1.6567709101665697e-05
RAB23,1.6562232457670346e-05
DBP,1.6558724049996635e-05
AP002762.3,1.655069681584203e-05
AF123462.1,1.6549819359648804e-05
DSCAML1,1.6547924144323694e-05
AGBL5,1.6531121507758104e-05
ATP9A,1.6527434654481467e-05
AP003168.2,1.651911417340158e-05
SNX18,1.6514526402357218e-05
CPN1,1.65113188132465e-05
EIF4E3,1.649338389582942e-05
SPTBN4,1.6490145750144433e-05
DPF2,1.6489414099696493e-05
DFFB,1.6476815754161438e-05
FER1L6,1.647289857321162e-05
GPC6-AS1,1.645510917399603e-05
USF3,1.6453791054501444e-05
EZR-AS1,1.6436484123694875e-05
LINGO1,1.641356572137678e-05
HAS2-AS1,1.6410938979528846e-05
BCAR1,1.640974009312523e-05
CCDC73,1.6394014794818354e-05
NPM2,1.6376324803872306e-05
GAPDHS,1.6375643353336362e-05
ERCC2,1.6366389217937443e-05
C5orf22,1.63609280063209e-05
Z95331.1,1.634527144446932e-05
TERF1,1.633709213089476e-05
NPIPA8,1.6334050449070668e-05
DCLRE1A,1.6332137141743043e-05
NXNL2,1.6330246222160978e-05
PCDHGB6,1.632998242881622e-05
U2AF1L4,1.6326097794769152e-05
SPHK2,1.6311689614063133e-05
ZNF217,1.630957755492068e-05
SIN3B,1.630649455665647e-05
CCDC60,1.6305534676352046e-05
AF127936.2,1.6304971863873722e-05
NIBAN3,1.630144781737109e-05
NPAS3,1.629786136743548e-05
NAP1L4,1.6291596105909734e-05
FAM72A,1.6289807128259562e-05
GLRA1,1.6288327510314198e-05
TXNDC9,1.628797294865731e-05
PPP1R12A,1.628251430003282e-05
SLC23A1,1.6261302055860202e-05
EXOSC3,1.6255801762872818e-05
DNAH2,1.6242325639053e-05
U91328.1,1.6238816800438815e-05
ETNK2,1.622928864033176e-05
SNX2,1.6220479284450727e-05
RAPGEFL1,1.621550664602625e-05
NR2F2,1.6202567852259126e-05
AP000692.1,1.6195427438296736e-05
CCDC74A,1.618857263821332e-05
CASC17,1.616566033171927e-05
C19orf48,1.6154496024456994e-05
ZNF454,1.614769935210208e-05
FGFR1OP2,1.614239596150114e-05
AP000820.2,1.613981715585452e-05
PRPF4,1.6136455476224295e-05
MXD1,1.6132288407163888e-05
SNAPC1,1.612804864675231e-05
CPS1,1.611348762819064e-05
IFT57,1.6109893965768844e-05
PROSER1,1.6108220025207854e-05
CYTH1,1.610521442207495e-05
LIPE,1.6104193151397607e-05
SELENOI,1.608693420527011e-05
ABHD2,1.608121350756744e-05
RAET1E,1.607076030923222e-05
MEOX2,1.606971790728175e-05
AP003393.1,1.606271945707139e-05
INO80E,1.6040608377600314e-05
TESC-AS1,1.6031375011553514e-05
SLC22A4,1.601841702989698e-05
STAC2,1.598467199350018e-05
TECTA,1.5980459120401856e-05
FAM90A1,1.597929303080552e-05
MINK1,1.5973666935865385e-05
AP003120.1,1.597026874289172e-05
ACOT13,1.596340412253867e-05
RASSF1,1.5959525213665278e-05
LLGL1,1.5958772133852792e-05
MAPK8IP1,1.5934074932259874e-05
FAXC,1.5929269742824502e-05
AFDN-DT,1.5897011908880458e-05
ZNF491,1.589173045699435e-05
NANOS3,1.5884620959512334e-05
ZNF430,1.5874034637594524e-05
B4GALT1-AS1,1.5871769768008834e-05
SCRN1,1.5854236347766798e-05
DRD3,1.585110448438942e-05
C3orf80,1.584038494126102e-05
ZNF425,1.5835167214272312e-05
BRWD1-AS1,1.5829858628163754e-05
NICN1,1.5824301395155388e-05
MYL5,1.5822635994546993e-05
PTPN3,1.5822004467763292e-05
SLC10A6,1.5811801882510793e-05
POU6F2,1.5799993885793357e-05
DIP2A,1.5799155698786033e-05
CXCL13,1.5797579107007114e-05
HDAC11-AS1,1.578940736583703e-05
WDR4,1.577968571570773e-05
USP19,1.5738799197569523e-05
BEND7,1.5735719541151804e-05
RNFT1,1.5729341497319072e-05
CEP97,1.572031747422744e-05
COPS7B,1.5713228339193917e-05
TDRD7,1.5707906127680712e-05
CFLAR-AS1,1.569012138356203e-05
ZNF829,1.5688570004048423e-05
TBX1,1.5681891562972844e-05
DISP1,1.5680019989560302e-05
RAB3IL1,1.567801876184047e-05
C12orf66,1.5673099166103135e-05
AP3S1,1.5669732836351785e-05
PLCD1,1.5667604610519654e-05
MRPL45,1.5662548669786772e-05
OTOA,1.5660817035385666e-05
INTS14,1.565792788844913e-05
PKD2,1.5657719166489638e-05
EAF2,1.565704085401601e-05
CDKL4,1.5656519502177364e-05
DNAL4,1.565613498465225e-05
NUDT19,1.56473272114216e-05
RALY-AS1,1.5646848521984208e-05
PAXBP1-AS1,1.563846992593147e-05
CDC40,1.563432940403782e-05
TBCE,1.5633039999088705e-05
MKLN1,1.561869213321082e-05
ABRAXAS1,1.5604275713711588e-05
C1orf220,1.5600113841759966e-05
NDUFA9,1.5598131040165354e-05
SLC25A24,1.5597217343135558e-05
ERCC6L,1.5596816247380367e-05
SLC5A9,1.559533646916649e-05
PSCA,1.558242184933442e-05
ZC3H7B,1.556592986961994e-05
TCTN3,1.5538161747264e-05
PDGFRL,1.5531774541247106e-05
AP001922.5,1.5526861656612414e-05
TRIM68,1.552354083564818e-05
DNAJC2,1.550808113828062e-05
SBNO2,1.549731753794947e-05
MAP3K20-AS1,1.5485300264002798e-05
ERCC4,1.548251907463089e-05
SPIN2B,1.5475499039578816e-05
SAYSD1,1.5469756790051572e-05
ELP1,1.5466526696888835e-05
KIF9,1.546454843444378e-05
CNNM4,1.5460234253355982e-05
RBFADN,1.5445370848566938e-05
MIR17HG,1.542082112365113e-05
Z83745.1,1.541678449118019e-05
KCNS3,1.5415978186392198e-05
AP1G2,1.5414791929789732e-05
ID2-AS1,1.5413676954540065e-05
ZFHX2,1.5409499600343833e-05
ANKRD50,1.5407017576012084e-05
AP000866.5,1.5382401472872917e-05
FST,1.5374822382173206e-05
KIF1BP,1.5372490112886773e-05
UBE2D4,1.536786613160163e-05
PTPRN2,1.5367526835768418e-05
PINX1,1.5363260793713483e-05
CHRM2,1.535860163395642e-05
PXN-AS1,1.5356600834762812e-05
AP001107.9,1.5354496480887315e-05
GSR,1.5353697405856603e-05
AP001767.3,1.5352357618863262e-05
TCHP,1.5350536174480215e-05
PADI2,1.5343929469507794e-05
PPP5C,1.5322827796334626e-05
MCOLN2,1.5319897287190177e-05
PYCR1,1.531044528840168e-05
C3orf33,1.529797302837041e-05
WNT9B,1.5295490684573494e-05
SH3PXD2A-AS1,1.529123288491111e-05
PSMB8-AS1,1.5291186031972257e-05
DIAPH1,1.5282453137228885e-05
MYB,1.526795413214168e-05
U73166.1,1.5265657466282728e-05
USP12-AS2,1.5264071260706305e-05
MAP3K9,1.5246486167922371e-05
GABRD,1.5245393138630092e-05
LMF1,1.5232213642575064e-05
GLS,1.522336862183412e-05
TSC1,1.5212309082545756e-05
RSPH1,1.5210533095893355e-05
CTNNA2,1.5210344816292356e-05
SHANK1,1.5206158430426343e-05
CNTN1,1.5193816306338765e-05
ZNF649-AS1,1.517394536406103e-05
B4GALNT4,1.5169577031897308e-05
SLC12A1,1.5168102865417382e-05
TNFRSF13C,1.5161291238575634e-05
AP005329.1,1.516073833406446e-05
RTN4RL1,1.5160297765387384e-05
TCF3,1.5157547364046531e-05
GINS3,1.5157183764630168e-05
TARID,1.515200541486703e-05
WDFY3-AS1,1.5146097443498712e-05
AF064858.1,1.5142715363187266e-05
USP43,1.5138255811952152e-05
AGTR1,1.5134953319060264e-05
DUOX1,1.5113054583352136e-05
PTS,1.5104495878786936e-05
PLEKHG5,1.5096108785416563e-05
AP005482.1,1.5096071411346104e-05
DNAH11,1.5078785075689503e-05
KIAA1211,1.507088738978338e-05
DYNLRB2,1.5058947858083416e-05
ZBTB8OS,1.504372483323682e-05
GLB1L2,1.5034570636233689e-05
HMCN2,1.50341589238153e-05
DIPK2A,1.5025886486080102e-05
CARD6,1.5022152920075102e-05
CDRT4,1.501830972884282e-05
Z93022.1,1.5011176609426774e-05
PHF11,1.4994730682515125e-05
ACO1,1.4986826194508116e-05
ZNF296,1.4967813890819883e-05
CFAP99,1.4966795094899274e-05
AP000866.2,1.4963342329659356e-05
PID1,1.4950145393244084e-05
PTPRT,1.4943670727378253e-05
HRK,1.493839773730907e-05
RMDN3,1.4937004477435966e-05
PANK1,1.492612338502343e-05
ZGLP1,1.4914340902733334e-05
NAT14,1.491185354406214e-05
IRS1,1.4903670460558714e-05
RERGL,1.488250909076196e-05
IL1R1-AS1,1.487936785726616e-05
SLC4A8,1.4878607452125871e-05
ZMIZ2,1.4875989195360735e-05
GDF9,1.4874658948302618e-05
MUTYH,1.4868284589690053e-05
ARPIN,1.4860790888095008e-05
TOP3B,1.4838557350267991e-05
DMWD,1.4836012458905632e-05
LYG2,1.482676552800864e-05
PADI4,1.4824746631182104e-05
SBSPON,1.481094273140192e-05
RNF146,1.480283165597989e-05
NF2,1.4800959917091072e-05
RUFY4,1.4799989902011942e-05
PKIB,1.4799787921847212e-05
SHOX2,1.4799027621230578e-05
CD46,1.4792986264103242e-05
KCNC2,1.4775454171584022e-05
TMEFF2,1.4771746416998144e-05
SLC9B1,1.4769813823576082e-05
AANAT,1.4754769166868516e-05
IL5,1.4748105177751776e-05
SHARPIN,1.47478335397984e-05
ZNF32,1.4679092989681516e-05
STARD4-AS1,1.4678485833575546e-05
CPA4,1.4650616383206667e-05
SAMD10,1.464769133189814e-05
ZNF649,1.4641299817759562e-05
RABEPK,1.4638862328100146e-05
PDCD6IP,1.4638741794634252e-05
TTLL13P,1.463766020024264e-05
DPYD,1.4623933421268038e-05
C17orf97,1.4619493777921153e-05
DNAH17,1.4614693263881453e-05
CNTNAP2,1.4612471812915853e-05
SPAG5-AS1,1.4611348640381748e-05
INTS6L,1.4607042627939557e-05
BX842570.1,1.4563321068130229e-05
NPNT,1.4527654000191555e-05
IGSF9,1.4524671247239748e-05
HTR2B,1.4517478458534472e-05
NBPF1,1.4516133978327149e-05
TSPAN15,1.4516093928974571e-05
CDH24,1.451312421060128e-05
RUSC1-AS1,1.4492742946871358e-05
TSPEAR-AS1,1.4485373668619307e-05
LIMA1,1.446161340651142e-05
MUC20,1.4458729399212868e-05
ANKRD16,1.4455281117836676e-05
SPACA9,1.4440110915067272e-05
ATP6V0A2,1.4436503123709865e-05
APOBEC1,1.4423539607675389e-05
ADORA2A,1.4415199080468577e-05
L3MBTL3,1.441491553880869e-05
SLC9A3,1.4412555248849854e-05
MCUR1,1.4409796571440386e-05
CYP39A1,1.4405019211921793e-05
AP4E1,1.440366349228e-05
TRIM11,1.43988103488597e-05
NT5C,1.4395783961429928e-05
ZNF100,1.4390462592300607e-05
NPIPA5,1.4382001647245988e-05
MIR200CHG,1.4377472131155833e-05
CHDH,1.4370941841876037e-05
ZNF530,1.436409702487636e-05
SCML2,1.4348535822494271e-05
MHENCR,1.4345066096074454e-05
TLR8,1.432161642217941e-05
ZNF160,1.431594043023484e-05
AGER,1.4311813762477265e-05
AP001025.1,1.431040896127065e-05
MAPK8IP2,1.4310082715333316e-05
ADCY1,1.4309751225615376e-05
CHN2,1.4305189499066844e-05
HS3ST1,1.429319649406822e-05
PCDHGA5,1.42849045078949e-05
KDM1B,1.427683152092749e-05
LYPLAL1-DT,1.4273738872124165e-05
LRRC19,1.426590994243462e-05
SPATA33,1.426273377064064e-05
UGT1A1,1.426053660910632e-05
PFDN1,1.4233462405915666e-05
MAOB,1.42203303693995e-05
TMEM8B,1.4210883862880386e-05
AF305872.2,1.4203963168932282e-05
ADAL,1.4190547238968002e-05
ZNF532,1.4166123297524022e-05
DCDC2B,1.4166040347101765e-05
ZNF630-AS1,1.4132239246841308e-05
EDDM13,1.4122608990403676e-05
ASNS,1.4120682012928114e-05
POLR3F,1.411058735711826e-05
C5orf64,1.4105238667925058e-05
CNTN4-AS2,1.4097997175832256e-05
ZNF77,1.4077371865962044e-05
AP001116.1,1.4076914879741642e-05
SLC15A4,1.4072881012206192e-05
SNX31,1.4070050157322973e-05
TSPOAP1,1.4065248918115315e-05
EFCAB7,1.4054643668664082e-05
NCDN,1.4053232462753065e-05
CABP1,1.4028399956619878e-05
AP003392.5,1.4013742001333515e-05
CDH18,1.4012080657406244e-05
PSG8,1.4004315421828623e-05
LYPD5,1.3995556837166672e-05
HSPB6,1.39918488405787e-05
SLC7A6OS,1.3991499405673808e-05
GRPEL2-AS1,1.3979761261075573e-05
AHNAK2,1.3975806278477264e-05
SPAG8,1.3971346870139088e-05
RHPN1,1.3966678962147408e-05
MAGEF1,1.3959976947180624e-05
C1orf74,1.3953590527245606e-05
GRIN2A,1.3949005052305814e-05
SMYD4,1.3934345383709269e-05
USP16,1.393404808940043e-05
CCDC200,1.3933386390427404e-05
AP001160.1,1.3916395696264458e-05
PIWIL3,1.3915221356972275e-05
ENTR1,1.391227110742118e-05
APBA2,1.391001563325028e-05
SCNN1A,1.3908185431257092e-05
LBX2,1.3904974239606172e-05
SSUH2,1.3901774401061012e-05
ATF6,1.389557316373372e-05
ARHGEF19,1.3890671875673472e-05
EEF1E1,1.388535897302322e-05
DNAJC27-AS1,1.388033940795731e-05
PANX1,1.3867574588861418e-05
NAA20,1.3866459701001633e-05
MPLKIP,1.3855681906144542e-05
CNDP1,1.384601662355969e-05
ABCG8,1.3838622271175342e-05
BLMH,1.3827525177323469e-05
ZNF747,1.381599776981472e-05
REPIN1,1.3813824642981798e-05
CREG2,1.380655722811449e-05
VSTM2L,1.3800238147236858e-05
ZNF20,1.379936155520784e-05
SYNJ1,1.3769581978267517e-05
MED9,1.3768779914344384e-05
ZKSCAN7,1.3757435199233691e-05
ZNF763,1.3751651067580398e-05
MTMR11,1.375093900590083e-05
PXDNL,1.3748853927588784e-05
MAP3K12,1.374403434424928e-05
C16orf96,1.374090935710079e-05
ADCY3,1.3739600684770249e-05
CASP4,1.3726042878794482e-05
TAS2R31,1.3725034392377724e-05
DTX4,1.3695645756970012e-05
ZNF714,1.3695076905074536e-05
NUCB1-AS1,1.3682081335699818e-05
PCDHGA9,1.3680980305443312e-05
ZBTB44-DT,1.367922807862741e-05
AP002840.2,1.3663079648003236e-05
AMDHD1,1.3658399556727082e-05
FLJ45513,1.3655015991004023e-05
ZNF98,1.3653473819820643e-05
SMIM15-AS1,1.3652858238070888e-05
SLC25A46,1.3652631962815846e-05
LEFTY1,1.3651443099051286e-05
NBPF20,1.3641766368996282e-05
EP400,1.3606889971895104e-05
TMEM11,1.3605738900583698e-05
WSCD2,1.3591268572248994e-05
GPR89A,1.359016667741574e-05
FAM153CP,1.357969771933359e-05
MRVI1-AS1,1.3574779374314664e-05
RBM25,1.357357901827417e-05
FAM178B,1.3572071696556666e-05
PDK2,1.3567060337205283e-05
CEBPA-DT,1.355483202877926e-05
LIN28B,1.3554437766527004e-05
LRTM1,1.3549930998900516e-05
NFKBIB,1.3542028455074997e-05
NBPF9,1.3536783562387814e-05
STX17-AS1,1.3536595326267228e-05
ATP6V0E2-AS1,1.353230491227495e-05
ZNF723,1.3529192468985017e-05
CSNKA2IP,1.3523687217721008e-05
NUP153,1.3517007419413424e-05
PRMT2,1.3516119855328837e-05
CCDC28B,1.3512476114282364e-05
TMPRSS11D,1.3509903682654765e-05
LMAN2L,1.350694706039566e-05
AP002748.4,1.3495884324644391e-05
SLCO4A1,1.3490764940224594e-05
ZNF621,1.3474729304936289e-05
GTPBP3,1.3461839097162587e-05
VPS13D,1.3456963856034272e-05
FLNB,1.3451138520375858e-05
PATL2,1.3403058954230271e-05
WASHC5-AS1,1.3401720373660549e-05
ZNF229,1.3400968179458135e-05
GABRA3,1.3394137933906204e-05
TCTEX1D2,1.338173291663133e-05
USP42,1.3381539943693244e-05
SPTB,1.3376402551017883e-05
NFATC3,1.3376395182669529e-05
RASA2,1.3360453891442436e-05
ARR3,1.3358729793672312e-05
SS18L2,1.3354435043954406e-05
Z97989.1,1.334276606657842e-05
RCAN3AS,1.334233891350879e-05
ADHFE1,1.3336745644108389e-05
ANKS1B,1.3334472780278624e-05
LRRC20,1.3326699728850644e-05
CDADC1,1.3315734556596668e-05
GPM6B,1.3304214020557016e-05
EIF4ENIF1,1.330403573011942e-05
PPOX,1.33017115229588e-05
XPC,1.3300903685616984e-05
RXYLT1-AS1,1.3297076340999431e-05
MRPL19,1.32952644356069e-05
DBNDD1,1.329421393223789e-05
HHIPL1,1.328831226352e-05
LTN1,1.3288294399840668e-05
ZSWIM1,1.3281150768924543e-05
TRIM26,1.3280234077901192e-05
ZNF17,1.327851027659854e-05
CFAP410,1.3276126603629623e-05
TDRKH-AS1,1.3269398492275366e-05
SP4,1.3263083656094067e-05
GNPTAB,1.325536950112352e-05
CPSF4L,1.3252528123780517e-05
ABCD4,1.3238844965756478e-05
SMIM3,1.3230092221640135e-05
HMGN3,1.3221136822915203e-05
CLDN4,1.3202526510698983e-05
HOXA4,1.3188294914839902e-05
KCNC1,1.3176306735675477e-05
KCNIP1,1.3171373826845262e-05
TYK2,1.3170212317883638e-05
ITPRID1,1.3167766902081974e-05
CMTR2,1.3157562750543996e-05
COBLL1,1.3148431959928393e-05
CNTN3,1.3141163281143906e-05
SERPINI2,1.3140620112317208e-05
C12orf29,1.3133625986024504e-05
ZNF836,1.3132868223203068e-05
PKD1,1.312185033185826e-05
SZT2-AS1,1.3110609758387587e-05
EMC8,1.30977022205693e-05
TPR,1.3093013518936972e-05
NAGPA,1.3080482643479633e-05
LRRTM2,1.3074916116281336e-05
Z68871.1,1.3072194923548666e-05
C11orf95,1.306661242744968e-05
CYB5A,1.3054590247191854e-05
TNFRSF10A,1.3051968446302196e-05
FAM120C,1.3050749351611448e-05
AP001432.1,1.3046483317708245e-05
XG,1.304569300670941e-05
ST3GAL4,1.3039164134343353e-05
FSTL5,1.3035045306942835e-05
TEX14,1.3023370441804688e-05
RNASEH1,1.3021536718221991e-05
RBM15,1.3018760611056633e-05
TMEM211,1.3018615210066928e-05
MDFIC2,1.3013448284476664e-05
CCNYL1,1.3004906493826108e-05
LRRC31,1.3002388129265412e-05
COL26A1,1.2999770087394588e-05
USP36,1.2997389033037795e-05
ZBED3,1.2996194863463577e-05
CCDC117,1.2987705219261026e-05
FBXW2,1.2987329036581736e-05
CRLF1,1.2974763422064482e-05
IMPA2,1.2972427308487736e-05
ST7-AS1,1.2968647819466724e-05
ACSM3,1.2960792127172206e-05
RPUSD3,1.2959291228650391e-05
ATP6V1G2,1.294268205251806e-05
DDX43,1.2942588276874468e-05
SDE2,1.2942317954795658e-05
VPS26A,1.294069159499802e-05
SLC25A5-AS1,1.2934313892614934e-05
EIF2AK4,1.2933277217935673e-05
VNN2,1.2922684772839477e-05
LGALSL-DT,1.291773379810368e-05
SCAMP1,1.290430911361172e-05
SLC7A14,1.2898276106817484e-05
C17orf82,1.2894075940967514e-05
NEXN-AS1,1.2887960176355265e-05
C1QTNF9,1.2877073505544496e-05
PRR22,1.2868280632373305e-05
COQ8B,1.2862925918111407e-05
ZNF774,1.2854562063331498e-05
XYLT1,1.2838946180008764e-05
FBXL15,1.2836241849000684e-05
BPIFC,1.283089586461053e-05
ZNF710-AS1,1.281788215490641e-05
DPF3,1.2809397485368749e-05
GNRH1,1.280701185964257e-05
ARSG,1.2802992315301524e-05
ZNF362,1.279109461880853e-05
SLC2A1-AS1,1.2781989886319611e-05
CCDC28A,1.2780876083810316e-05
GIPC1,1.2777734463885342e-05
AP002762.2,1.276975407010635e-05
FGF13,1.2758151558574127e-05
CAPN3,1.2756318974501685e-05
NAA16,1.2751801489880294e-05
N4BP2,1.2740298481122192e-05
ACE2,1.2735891167950707e-05
CLEC3A,1.273567246447045e-05
ZSWIM8,1.273370743137882e-05
ALPK3,1.2732029649767758e-05
MIGA1,1.2722841040404171e-05
NANS,1.2721542015902442e-05
AP000919.3,1.271753795369323e-05
MORF4L2,1.2705372125136164e-05
PRMT9,1.2703825541696564e-05
C17orf75,1.2691874942531326e-05
UBA7,1.2691264736820776e-05
DHRS4,1.2688530493514778e-05
BMP4,1.2685002223711691e-05
AKR1C1,1.2675514880033828e-05
PIGG,1.267033722521063e-05
ZNF354A,1.2667187450782196e-05
ITPRID2,1.2658548255372431e-05
TMEM234,1.2658199194545608e-05
TLE6,1.2647958574371164e-05
TRIM34,1.264305763290791e-05
RINL,1.2638891146368747e-05
NAPSA,1.2633688134450424e-05
NTN1,1.262279269152202e-05
SCN3B,1.2615816550959168e-05
GALNT6,1.2608884464918995e-05
SLCO3A1,1.2604332528958386e-05
GATA6,1.2602308633964028e-05
DPP9-AS1,1.2588294206994516e-05
CACHD1,1.258729598845778e-05
TDRD9,1.2585677975521294e-05
WDR5B,1.2581807265428095e-05
PHF6,1.2580583260660167e-05
BMP2K,1.2574585705363487e-05
CDH13,1.2572783565213776e-05
TEAD3,1.2571061192812431e-05
CDS2,1.2570869576667664e-05
ACSL4,1.2567859291037056e-05
JMJD4,1.2564994230689357e-05
FAM53B,1.2564179960928795e-05
FRMD8,1.2561749278389704e-05
RRH,1.2553186631726415e-05
PPFIA2-AS1,1.2550787378222731e-05
PKD2L1,1.2547369338219778e-05
ARMC4,1.253158220431305e-05
CCDC9,1.2525205645792404e-05
RAPGEF4-AS1,1.2524618566563118e-05
TIGD7,1.2484848360695612e-05
GIGYF1,1.2482173060414291e-05
PRDM4,1.2478101230696671e-05
CAV3,1.2472643362263033e-05
XPA,1.2462791889180916e-05
C13orf46,1.2435467832757463e-05
SLC17A5,1.2435046606043124e-05
ORC1,1.2421161700267468e-05
NXPE3,1.2406844781624848e-05
ASMT,1.240341051098664e-05
LYSMD1,1.2380959791378703e-05
SLC39A10,1.236663346801156e-05
CEP85L,1.2354773623732555e-05
NUDT5,1.2348310293277078e-05
CYP4B1,1.232592551803515e-05
CCDC189,1.2324429656666322e-05
GOLGA8N,1.2320003155196067e-05
PYGL,1.2304375741631712e-05
GABPB1,1.2293816704949922e-05
MAFG,1.2291520122335058e-05
C19orf57,1.2288824142715149e-05
SLC43A3,1.2277232067077538e-05
FMR1-IT1,1.2270410462076037e-05
SNX11,1.2259371848880188e-05
UCA1,1.2255119086047828e-05
PCDHGA11,1.22451655870232e-05
HTR7,1.2244029601305782e-05
MAB21L3,1.2242806282872598e-05
ADGB,1.2236201525511893e-05
UBE2L5,1.2233035572905788e-05
DMTN,1.223103531002911e-05
COL18A1-AS1,1.2208185746635543e-05
MYD88,1.2194458849181934e-05
ARHGAP31-AS1,1.2175691318492989e-05
KIAA0319,1.2162980901574112e-05
AP003419.3,1.2137855269872542e-05
COIL,1.2134693831080073e-05
SLC46A3,1.2133661950839212e-05
ZNF547,1.213183740711085e-05
GPR17,1.2129627602554057e-05
NUDT3,1.2115475730710718e-05
NOTCH2NLA,1.210702418962833e-05
SEMA6D,1.2105536793226477e-05
TMEFF1,1.2100476539377892e-05
AP006284.1,1.2098627059786117e-05
TP53BP2,1.2097983501879712e-05
PGBD2,1.2094187384900151e-05
ADAM10,1.2093077054835946e-05
SDSL,1.2089386161210734e-05
TTC5,1.2085762245138043e-05
TCFL5,1.2081328293362804e-05
GABRB1,1.207650208009673e-05
AJ003147.2,1.2069305963812656e-05
CIAO1,1.206520711905106e-05
WDR64,1.2058574647035764e-05
DENND2D,1.205833308519622e-05
SCAMP4,1.2053202811610946e-05
FAM160A2,1.204748744458137e-05
LARP4,1.2047397992596157e-05
EMB,1.2041656186602856e-05
FAM102A,1.2036952452474994e-05
UTP4,1.2022191387708271e-05
NUP210L,1.2017809347462124e-05
SHISA9,1.2007746018194496e-05
ITGAV,1.2007313930388087e-05
CDH12,1.2006631157168713e-05
ESRRB,1.200366718829439e-05
IDE,1.1968527792450328e-05
SPSB2,1.196739666565577e-05
ISG20L2,1.1963056994227672e-05
CGGBP1,1.1960110899050631e-05
CTBP1-AS,1.1955841383274572e-05
AIFM3,1.1948888902497695e-05
FNTA,1.1942768632677483e-05
HPSE2,1.194124881398852e-05
EXD1,1.191952409951878e-05
TMEM222,1.1899908136286378e-05
GHRL,1.1895558576004127e-05
TTC32,1.1894646906075964e-05
HSD17B7,1.188862219491736e-05
TES,1.1887240082256652e-05
MFSD3,1.18809666847608e-05
DDB2,1.1870102842287429e-05
COCH,1.1841150900518014e-05
TPTE,1.1840422730460522e-05
RGS22,1.1836562680604728e-05
PEX6,1.1827492510852702e-05
WNT11,1.1826860711551184e-05
AP001469.3,1.1826585412796831e-05
NYAP2,1.1810848134873465e-05
MARCH8,1.178943829597421e-05
PLK1,1.1779215034000045e-05
HADHB,1.1776425800981958e-05
CRYM,1.1767793638101798e-05
SYTL4,1.1765950628908108e-05
SCARB1,1.1755581002823328e-05
PARP2,1.1748712266715651e-05
AUXG01000058.1,1.1746650555709928e-05
KBTBD8,1.1739268820152525e-05
KCNN1,1.172650026536338e-05
GRIN2C,1.1718891357800545e-05
SNAP47,1.1714887986679684e-05
ZDHHC8,1.1692903740539382e-05
TBL1Y,1.1686817434621106e-05
TRIL,1.166066281804898e-05
RAB10,1.1654063022243784e-05
NYAP1,1.1645719516322802e-05
TPP2,1.1639509420747554e-05
BOLL,1.1622019462287056e-05
DENND4B,1.1621691783441962e-05
BDP1,1.161843910066692e-05
AP000919.2,1.1593598192718112e-05
GEMIN2,1.1589729048363157e-05
AP002813.1,1.158937633594177e-05
ARRDC1,1.158932831474997e-05
C20orf144,1.1585114524648494e-05
TSNAX,1.1578420429447472e-05
TSG101,1.1567600609840865e-05
MYLIP,1.15648692935168e-05
CASC16,1.1555557129187025e-05
ZCCHC18,1.1544284014580016e-05
FBXL14,1.1537468985052126e-05
KLK14,1.1530853258381315e-05
SAG,1.152141212812954e-05
IFFO2,1.151283236706152e-05
CLCC1,1.1508384314646654e-05
ALAD,1.1499411818934747e-05
ATG12,1.1496394619456046e-05
HIP1,1.149070366826352e-05
IRF5,1.1489693260414473e-05
SPON1-AS1,1.1489537061675278e-05
BICD2,1.1480657282161295e-05
RXYLT1,1.147949219073764e-05
NECAB2,1.147688066872094e-05
ZNF641,1.147062261103225e-05
OR7C1,1.146158918992415e-05
ACO2,1.1448781072452716e-05
DYNC1LI2,1.1444633988091335e-05
DAO,1.144092953668666e-05
PELP1,1.1430228013295974e-05
GJB7,1.1428103723522004e-05
RAB4A,1.1416035031777149e-05
PGPEP1,1.1415255236591289e-05
NME3,1.1408537317787116e-05
LGI4,1.138527382864557e-05
AP005432.1,1.1372604227111549e-05
PPM1N,1.135778941780585e-05
C17orf80,1.1355103459280098e-05
RAPGEF3,1.134947798103926e-05
NLGN4Y,1.1339127472567854e-05
DENND5A,1.133207642960446e-05
MUCL1,1.1329599208151252e-05
JADE1,1.1328158973893429e-05
GLIS1,1.1324310980231789e-05
ISM2,1.1323026255727284e-05
BLK,1.1321428741848695e-05
FOXO3B,1.1320124132951714e-05
ARNTL2-AS1,1.1315406002204068e-05
PROSER2,1.1308932473298738e-05
LRRC38,1.129691928115931e-05
INPP5E,1.1293461150152764e-05
EPM2A,1.1287314245628953e-05
U2AF1L5,1.1281401767154484e-05
ZNF469,1.1279892386110826e-05
PRICKLE3,1.1272764636477146e-05
MEX3A,1.1269754538811968e-05
TTC26,1.1245095271242564e-05
ANXA2R,1.1242342707327049e-05
FDX2,1.1240164644051631e-05
ESRP2,1.1214120491580104e-05
ISLR2,1.1212554385076208e-05
SETX,1.11880137138001e-05
TYW3,1.1173713755281142e-05
SLC4A11,1.115614238846876e-05
PSPH,1.1155847859647024e-05
TLL2,1.1155175008872697e-05
NUGGC,1.115343248734737e-05
RNF217-AS1,1.1147480980684568e-05
NLRP1,1.1142344576961178e-05
ZNF764,1.1138417265319816e-05
AP005328.1,1.1131826795597126e-05
CASR,1.113151045701305e-05
PDCD6,1.1129163057523668e-05
BORCS8,1.1128594103672544e-05
RRP12,1.1113705339144122e-05
THNSL2,1.1110270238780664e-05
SRD5A3-AS1,1.110971739417036e-05
SMAD7,1.1103623877211496e-05
HIPK4,1.1095607219726317e-05
ZNF215,1.108818122344684e-05
TDG,1.1087515069101434e-05
PCDHB2,1.1086507540452717e-05
INHBA-AS1,1.1083634970196005e-05
MARVELD2,1.1071961083377978e-05
MYCBP2-AS1,1.1064222367345807e-05
AP001042.1,1.1060689053254968e-05
ELF2,1.1056912345056302e-05
ACOT2,1.1053727130440703e-05
SCARA5,1.1030877882025528e-05
ZNF787,1.1019515675634778e-05
GFRAL,1.1016504910292152e-05
SEC31B,1.1012054379634204e-05
DNAJC22,1.1003765127331909e-05
ATP6V1FNB,1.1003745136968074e-05
CIAPIN1,1.0984514047574793e-05
EBF3,1.0979145600219431e-05
TMEM199,1.0975911017076296e-05
AP006248.4,1.0952275051971074e-05
FOXD2,1.0928572923190897e-05
TOMM34,1.0924727245673856e-05
WDR6,1.092389074650622e-05
ZNF385D,1.0918156396260586e-05
AJ009632.2,1.0908838263091302e-05
EXOSC1,1.090752670175155e-05
HPRT1,1.0895621943182956e-05
FAM229A,1.0884470958479817e-05
NUDT7,1.087969693947624e-05
Z69706.1,1.087428669105527e-05
ZDHHC7,1.087043710334153e-05
PDGFD,1.086780295991276e-05
SPECC1L,1.0864449848019185e-05
EPB41L4A-AS1,1.0846652725225106e-05
VN1R1,1.0824976501169598e-05
PLA2G4B,1.081482215435389e-05
GSKIP,1.0812259221793854e-05
TCF24,1.0809443203959872e-05
TMEM191C,1.0806632516859254e-05
CAMK1,1.0791127537178373e-05
BTN3A3,1.0785682900893726e-05
HDHD5,1.0772267316700696e-05
CT69,1.077063630752126e-05
TSHR,1.076601459521964e-05
MCF2L-AS1,1.0761788699237426e-05
GGT7,1.0750186308098923e-05
ZNF582,1.0743799059575425e-05
GREM2,1.0737643505657344e-05
PGLYRP2,1.0721988144817832e-05
GPR85,1.0701781690895676e-05
BMS1P14,1.0693847114108556e-05
EBF2,1.069270155944736e-05
Z69666.1,1.0683325139646434e-05
VIL1,1.0682761891395565e-05
SEL1L3,1.0682378634589457e-05
PMF1,1.0682227657107794e-05
ADPRH,1.0681007553710924e-05
IL26,1.0670376573291151e-05
TIGIT,1.066723431944167e-05
OCIAD1-AS1,1.0661504986133544e-05
RNF114,1.0657200635449426e-05
SRRM5,1.0655156963236442e-05
XKR8,1.0649280879726385e-05
TARS2,1.0646042788402336e-05
SMOX,1.0645403758628804e-05
THNSL1,1.0622455252923009e-05
CDCA7L,1.060910300392942e-05
CR1L,1.0606109340928794e-05
CAMK2B,1.0602856589311707e-05
NRXN1,1.0602076898548906e-05
AP001437.1,1.0601553201253736e-05
TTC39C-AS1,1.0588631921199215e-05
ZNF24,1.0568069912243444e-05
TUBGCP5,1.0566863834307637e-05
PITPNB,1.0554032794465588e-05
CNOT8,1.055084971785718e-05
CYP2C9,1.054695701934289e-05
PCDH17,1.053050857600186e-05
CEP57,1.052578856128375e-05
PRMT5-AS1,1.0525190956234224e-05
CHML,1.0510457617128044e-05
CCDC157,1.0495629046442484e-05
VPS11,1.049442076508625e-05
AP001267.2,1.0492143492092903e-05
FBXO44,1.047856891124183e-05
ARSK,1.047279504168028e-05
KIAA0408,1.0467296519848058e-05
WDR41,1.0454531065717493e-05
MPV17,1.04542839191289e-05
AKAP5,1.0445906637154284e-05
TRPM2-AS,1.0443045577091165e-05
PLXNA3,1.0441649092432276e-05
HEATR4,1.0433001209699988e-05
PAFAH1B1,1.0430981377153795e-05
AP002852.1,1.0421463031300953e-05
ZNF614,1.0418954258121883e-05
AXIN2,1.041210144566033e-05
IDI2,1.0407435081005547e-05
SLC46A2,1.0402383394502132e-05
CCDC38,1.0401224968947048e-05
PTAFR,1.039934923071295e-05
FOXD2-AS1,1.0387679669947098e-05
THBS3,1.0383237034387288e-05
KY,1.0362417824555131e-05
CCDC144NL,1.0357866357123803e-05
NADK,1.035354978752874e-05
MAFIP,1.0342403933265498e-05
FCHO1,1.0336692073960168e-05
GPR1,1.0336420562993363e-05
ZNF554,1.0336380458603845e-05
NDFIP2,1.0332331663134484e-05
ZNF283,1.0331684772019688e-05
ZC3HAV1L,1.0325734244001042e-05
HES2,1.0320450771372462e-05
MAN2A2,1.0320445550064175e-05
STKLD1,1.0313045436099003e-05
BX322234.1,1.031084265803915e-05
MMAA,1.0307940629034493e-05
APIP,1.029616276943728e-05
CYFIP2,1.02899931577199e-05
C5,1.0287388676204472e-05
EFCAB3,1.028721099174774e-05
SUCLG2-AS1,1.0286816519847232e-05
UBE2D3-AS1,1.0286144013130844e-05
ARL10,1.0276021084857724e-05
AP001825.1,1.0268437376287776e-05
HSPBAP1,1.0261056440659816e-05
C2orf92,1.0226337845069218e-05
PSMG4,1.0208671070643322e-05
CCR2,1.0207679025528013e-05
TRPM8,1.0205704793036742e-05
AAAS,1.019973293056044e-05
YJU2,1.0199718560871278e-05
CHRNG,1.0191179752357238e-05
TTC23L,1.0187261126364873e-05
DTNA,1.018567656908205e-05
C10orf67,1.017394720212162e-05
ZNF267,1.0167616224465963e-05
MTPAP,1.013091696225045e-05
KLHL7,1.0127877193462309e-05
TEDC2,1.0125073019130824e-05
RGS11,1.0120811145433588e-05
CCR4,1.01197075140679e-05
EHMT2,1.011865752586437e-05
WNT5A-AS1,1.0117064520497504e-05
CCDC63,1.0117064520497504e-05
HIST1H3H,1.0116849343213288e-05
DNAAF1,1.0113197006320516e-05
CLTRN,1.0109857169889648e-05
LAYN,1.0088977993613449e-05
RHOA-IT1,1.0081542527239796e-05
RBM46,1.0081301062135326e-05
POLR1E,1.0074929573255266e-05
HIF1A-AS1,1.0066821458002769e-05
PAOX,1.0061862401930791e-05
DNAJC9,1.0044185932340094e-05
GATD3B,1.0039997436502157e-05
SLC22A14,1.0021613641968403e-05
ALKBH4,1.002119573919003e-05
SFTPD-AS1,1.0018866882298627e-05
MAGIX,1.0018812739042038e-05
PITPNM3,1.0014006246341365e-05
TIPARP-AS1,1.0009312471202449e-05
INPP5D,1.0002443989238136e-05
ZKSCAN8,9.995382462170724e-06
SPSB4,9.991184095856557e-06
ITFG1-AS1,9.986317184452162e-06
CD3G,9.977000471011349e-06
MLIP-AS1,9.966525274757178e-06
RIBC1,9.962725708916902e-06
RTN4IP1,9.957265490351084e-06
RFNG,9.95385724018779e-06
ZC2HC1C,9.953118062003592e-06
PPM1K-DT,9.943211684675146e-06
TUBB1,9.93773400203891e-06
REC8,9.930250434224497e-06
FRMD6-AS1,9.9268964227567e-06
SH3GL3,9.925434543432893e-06
UPK3BL2,9.92481898232088e-06
NLRP2,9.924199888735616e-06
ZNF136,9.917788535404277e-06
COA5,9.913748154519448e-06
MUC19,9.89971088553056e-06
GDPGP1,9.882403899169348e-06
CR381653.1,9.873423605729148e-06
ZNF808,9.865682922446917e-06
THAP9-AS1,9.85993187276696e-06
CCBE1,9.851799271386498e-06
PCIF1,9.850793305511536e-06
SPEN,9.847271103834984e-06
MPPE1,9.843737882546337e-06
ARV1,9.834727920379077e-06
SLC28A1,9.832335379088074e-06
KCNJ2,9.824452605993992e-06
ZNF418,9.811054768393212e-06
DESI2,9.807069628730346e-06
ZRANB2-AS1,9.80351940233965e-06
GLYR1,9.77112826016621e-06
DDX20,9.770615511956388e-06
CDCA7,9.768258216454327e-06
DKKL1,9.76261664027648e-06
ODC1-DT,9.746970973820393e-06
NDRG4,9.74603786824254e-06
SLC45A2,9.743139478624373e-06
NPIPB15,9.741949818422964e-06
METTL2B,9.737606305450194e-06
ZSCAN22,9.734928379691482e-06
HOXA1,9.729135111772696e-06
MRAP,9.721829501789646e-06
MYBBP1A,9.71803610865864e-06
TNS1,9.710261893917364e-06
GRAP,9.706716250236857e-06
ZNF599,9.694190811109787e-06
RIT2,9.685415553466124e-06
PLAAT3,9.683415774607458e-06
NIPSNAP3A,9.681474444729336e-06
MATN4,9.678549337152782e-06
F2RL3,9.678518345490236e-06
DCUN1D2-AS,9.677799359394577e-06
IGSF10,9.672646283896464e-06
TNS2,9.65496756489548e-06
GYS2,9.63243215330678e-06
MIR497HG,9.623939884116212e-06
SEC14L2,9.619633954006777e-06
KLK10,9.610791175494996e-06
IRAK4,9.602815646542864e-06
RARG,9.596254438819454e-06
GALNT14,9.584941879546692e-06
ZNF473,9.580704104027397e-06
EIF3CL,9.579683023095005e-06
ULK2,9.579326640846123e-06
MTHFR,9.56751065289296e-06
AGFG2,9.558329199955972e-06
OSBPL10-AS1,9.549526290069802e-06
PRPF38A,9.540732424219886e-06
ARHGAP44,9.527689877423568e-06
RAB11FIP5,9.522142436183716e-06
TMEM191B,9.518648829723826e-06
PEX5L,9.513556946914338e-06
ACAD8,9.512191838320904e-06
DMC1,9.511509852708136e-06
AP1M2,9.460858532287208e-06
REEP1,9.450345947826109e-06
RECQL4,9.447359295800692e-06
PHKA2-AS1,9.446748561484033e-06
ZDHHC15,9.43663557842725e-06
PHF10,9.434510737551992e-06
INTS11,9.417203012066828e-06
DOCK8-AS1,9.410609618125872e-06
HIF1A-AS3,9.397035307039646e-06
ZNF783,9.393702120766764e-06
CCDC173,9.376375436110516e-06
HOXA10,9.369516072452745e-06
TTTY10,9.367590300854869e-06
TULP1,9.362952788051868e-06
NRGN,9.35791926796399e-06
HSPB11,9.35265072346338e-06
SULT1A4,9.347329076537672e-06
CNTF,9.346180520149984e-06
TRMO,9.340401540919386e-06
FN3KRP,9.31817678118285e-06
RRNAD1,9.316166279470624e-06
SLC13A5,9.31514023897449e-06
SEMA6C,9.314044331461498e-06
ZNF322,9.31236267232962e-06
ANO1,9.312285633372042e-06
ONECUT3,9.31070737102385e-06
MAPT,9.29329977679047e-06
KCNRG,9.288734279099033e-06
FAM111A,9.288671118019778e-06
SENP3,9.287128097146932e-06
BUD13,9.2864882823988e-06
ZNF580,9.266686746576126e-06
RMDN2-AS1,9.262668229152004e-06
SLC11A1,9.26013859000626e-06
ABCA9-AS1,9.25848245525578e-06
NKIRAS2,9.254540186884076e-06
HYAL1,9.242841136500951e-06
RXFP1,9.237668403160853e-06
BTBD2,9.232863099075992e-06
FILNC1,9.200074005921886e-06
EGFL8,9.196143970710733e-06
C1orf52,9.193430614116974e-06
SMAD5-AS1,9.193157302062768e-06
AP001610.2,9.181684809700954e-06
ALDH4A1,9.173389239291638e-06
BRD1,9.170730600905189e-06
ZNF417,9.163721522999942e-06
THAP9,9.16362321376576e-06
JKAMP,9.156395174606703e-06
EID2B,9.14977357912762e-06
CLMAT3,9.139408814300765e-06
ZSWIM6,9.129951993172727e-06
ZNF341-AS1,9.123391551085152e-06
ARHGEF4,9.111775195471865e-06
NCAN,9.108521798708166e-06
TMPRSS6,9.097495686721644e-06
GHET1,9.096610478500992e-06
CUL7,9.0874214599031e-06
MREG,9.082795309064006e-06
NEPRO,9.071185898263764e-06
DEPP1,9.061830938807784e-06
MYCBPAP,9.043072695637865e-06
COL6A6,9.042789190114272e-06
DNALI1,9.030882086296283e-06
PIWIL2,9.028971493045527e-06
NFASC,9.02426530739574e-06
VEGFA,9.020319096657272e-06
PLAAT2,9.007129313995015e-06
GCK,8.979706021045893e-06
BAG2,8.975688403951773e-06
LACTB2,8.9614404600679e-06
ZNF613,8.957771664501318e-06
TRMT2B-AS1,8.911522261948547e-06
SEPTIN3,8.903040217491946e-06
DNAJC25,8.895565003190603e-06
P2RY6,8.883026617434955e-06
ITSN2,8.882048767351726e-06
TMEM236,8.862475978903468e-06
GGA2,8.856576669241969e-06
ACTR1B,8.838262813860666e-06
DRD4,8.822196178584053e-06
RNASEH1-AS1,8.816771390409167e-06
IFITM10,8.806760848820404e-06
KDM5C,8.799256560911898e-06
ATP1A3,8.789173357007125e-06
NOP56,8.787133230263489e-06
CARD10,8.785349581128034e-06
CRIP3,8.780648331363707e-06
BICDL1,8.77006010444453e-06
SHLD3,8.764764391056468e-06
RGPD2,8.76296980112804e-06
RGMB-AS1,8.733035587014298e-06
UACA,8.728230399213517e-06
LRRFIP1,8.727518037320348e-06
KIAA0895L,8.723181088269076e-06
PRCD,8.72282696387707e-06
SMIM4,8.71581319745132e-06
AF235103.3,8.714649252692097e-06
POPDC3,8.709325047717354e-06
FAM217A,8.701980625738316e-06
CBY1,8.693241017703455e-06
PLCH2,8.690256637341954e-06
SULT2A1,8.679270575042412e-06
EVPL,8.678495017063633e-06
KMT5A,8.674072908840481e-06
IGSF5,8.665469131765352e-06
ST8SIA1,8.655223138375843e-06
METTL21A,8.649612202813747e-06
MGAT3,8.644533831204854e-06
RTL8B,8.643487972770467e-06
HAGHL,8.632722027200123e-06
MDN1,8.62738497107506e-06
SIPA1L2,8.6233432238477e-06
PPIAL4G,8.62319097544241e-06
FGFR3,8.619886463199476e-06
BCL2L2,8.614135648483876e-06
TMCO2,8.605722064431287e-06
PAUPAR,8.587108105535985e-06
KCNAB3,8.58292241314363e-06
C11orf42,8.58170602054868e-06
ZNF234,8.581018111271105e-06
ZNF2,8.56636078744896e-06
LRRC8C-DT,8.559084735252022e-06
MTMR10,8.549075747543724e-06
CKMT1B,8.548904172079078e-06
KCNE3,8.543517558333795e-06
KCNH2,8.528224390980403e-06
ZNF221,8.5282224400724e-06
FOXC1,8.524973585823348e-06
CCZ1,8.514907058867238e-06
FCHSD2,8.514065012034391e-06
UPK3BL1,8.505526270958838e-06
PPP1R37,8.496688698665853e-06
TMEM220,8.494370075521033e-06
TFAP2E,8.493700025595607e-06
CISD1,8.489879169571523e-06
COPS5,8.47105354987348e-06
HYAL3,8.466142040098211e-06
IL7,8.464592809157227e-06
SLFN5,8.463117988154432e-06
DIPK1B,8.458035965471227e-06
RTCB,8.44622153614897e-06
CDKN2AIP,8.444839410530221e-06
CNTNAP1,8.44124891978062e-06
PTGR2,8.44123193312785e-06
ANKRD34A,8.431391341081973e-06
ERBB2,8.420425432299328e-06
TRNAU1AP,8.419973173482331e-06
CD300LB,8.417847445324663e-06
CXorf40A,8.396987849011232e-06
GYG2,8.396833378962264e-06
PRDM6,8.394918671588842e-06
NAV2-AS2,8.38924777852748e-06
GAS5-AS1,8.384520894702703e-06
CDK2,8.364080028071226e-06
ITGB7,8.34475112266297e-06
HIST1H4H,8.34004421613727e-06
TMEM150B,8.339059324805567e-06
ESYT3,8.332017029325267e-06
LRRC17,8.330585055317554e-06
ODAPH,8.328039854144775e-06
ACOT1,8.325696341178477e-06
ZNF575,8.320386177465834e-06
DUOXA2,8.316192279982455e-06
FRY-AS1,8.303575144553575e-06
C8orf58,8.29655964134909e-06
SMN2,8.289061464434463e-06
ARHGEF1,8.279800147518841e-06
FAM171A2,8.277129694269263e-06
ZNF155,8.27598352845315e-06
CLCF1,8.273727776996018e-06
ZNF556,8.25628309307472e-06
KDR,8.253291379224792e-06
HSPA12A,8.242234214897683e-06
AP002387.2,8.23169489697135e-06
ZNF285,8.215560628691982e-06
TLE3,8.20117386104322e-06
PLS3,8.196746348703054e-06
IFI27L1,8.19551487671866e-06
SEZ6,8.18327761449356e-06
SPESP1,8.18141960826407e-06
THAP4,8.180484251816785e-06
FBXL19-AS1,8.177574921511555e-06
ZNF768,8.161046572799504e-06
AP001266.2,8.156376978469142e-06
ZNF529-AS1,8.119034145864406e-06
CHERP,8.115562123779445e-06
PIN4,8.111394123013626e-06
ZNF396,8.10873321583013e-06
CHRM5,8.10443991922929e-06
USP44,8.10247991680316e-06
POFUT2,8.099917994821628e-06
CBLN3,8.071067285473332e-06
C2orf15,8.069378588312947e-06
RNF223,8.062876299150519e-06
WHRN,8.059976931770669e-06
FECH,8.05151655909933e-06
YBEY,8.0482488129806e-06
DRG1,8.037173912914988e-06
FUZ,8.020295288445493e-06
LRRC74A,8.01747975362485e-06
CCNB1IP1,8.014376115556566e-06
CCDC84,8.012840760839191e-06
ZC3H3,8.005910011028662e-06
TAL1,8.004441079207436e-06
SLC12A3,7.995244441622614e-06
ARMC1,7.987707765358643e-06
WDR24,7.977639212337165e-06
TAF6L,7.97081678628147e-06
EIF2AK3,7.96186687516866e-06
NDUFB2-AS1,7.961500129294993e-06
FAM209B,7.943918406646308e-06
IPPK,7.937667207250473e-06
ASRGL1,7.936254314269501e-06
AP5M1,7.93169542056925e-06
DCST1-AS1,7.915834827114425e-06
GCC2,7.905872430671498e-06
SDCBP2,7.892940770230962e-06
TP53TG1,7.876332154065385e-06
IL17RD,7.87222243772028e-06
UCN,7.869971561875128e-06
HUS1,7.851952043714648e-06
ADRA1D,7.849956414059363e-06
FAM160B2,7.8464014541603e-06
ZNF823,7.834685240537496e-06
JARID2,7.832958980745673e-06
RDH14,7.821239997017988e-06
MEI1,7.817686816497514e-06
LPAR6,7.808062851008764e-06
C16orf87,7.795628330702098e-06
HCN2,7.793840034464413e-06
CD47,7.790663879835034e-06
PLCXD1,7.784224704696031e-06
FAM241B,7.773605710450851e-06
LRATD1,7.770278995489324e-06
HYI-AS1,7.76994414307906e-06
GLS2,7.764812525056239e-06
NUP88,7.764463131780307e-06
UXT-AS1,7.76327852775013e-06
MIR600HG,7.760830833486487e-06
BVES-AS1,7.759335549191283e-06
RMND5A,7.75812393538914e-06
IL1A,7.755570819202443e-06
P2RY2,7.735815655983234e-06
C16orf58,7.733897874798824e-06
AP005717.1,7.725872832177717e-06
LARGE-AS1,7.724879085635767e-06
GEMIN7,7.721133212033832e-06
TRIM58,7.706479033268314e-06
PFN2,7.704370375586147e-06
OSMR,7.696923084735039e-06
PDCD4-AS1,7.694581257914315e-06
PKNOX1,7.686466433602077e-06
DMKN,7.666752649685713e-06
FAM189A2,7.666514835817677e-06
TFAP2A-AS1,7.659276591658376e-06
MYOZ3,7.656035732535446e-06
OPN1SW,7.64323044430779e-06
SLC9A3-AS1,7.636125545495777e-06
CYTH2,7.628765403509085e-06
MIR4500HG,7.608465608140961e-06
STK40,7.604089727186207e-06
GLIPR1L2,7.596898571090533e-06
LRP2BP,7.589604399480347e-06
HAPLN1,7.586428727086784e-06
IGSF22,7.58469458471487e-06
APPL2,7.58263565822727e-06
ZBTB37,7.580810500046113e-06
FZR1,7.580523692197758e-06
PCAT6,7.571741937043502e-06
NIM1K,7.550495740946071e-06
STON2,7.540248825033925e-06
SOX10,7.537467683776157e-06
MCC,7.5267332577514e-06
MIR2052HG,7.521932977230863e-06
CHAF1B,7.499899905313539e-06
SMCO3,7.499290222671528e-06
TRPM6,7.476015010396759e-06
STAT1,7.475000394690274e-06
SOS2,7.473117212777615e-06
ATP12A,7.472059548630687e-06
MIR5689HG,7.461734095973137e-06
DNAI2,7.460420334918578e-06
MTIF3,7.450599847122141e-06
SLF2,7.449546380577329e-06
NCF4-AS1,7.444567953799434e-06
C9orf40,7.440266884957501e-06
SLC24A4,7.43623940841661e-06
SLC6A4,7.43068176577946e-06
CASP6,7.423369861925526e-06
GDPD4,7.416623962636095e-06
STN1,7.414905060569088e-06
CYREN,7.411376424167745e-06
CFAP161,7.409536895147401e-06
NKIRAS1,7.407226742381541e-06
ADAMTS9-AS2,7.40582266998938e-06
HCAR1,7.404675352057675e-06
CDKN2C,7.4036901097371825e-06
MTRES1,7.397271504759909e-06
ABCD1,7.389029277263671e-06
GTF2A1,7.38274570928604e-06
DCC,7.376846099711671e-06
CAPZB,7.355424512462041e-06
ELMO1-AS1,7.351579226748364e-06
PARTICL,7.340274403885542e-06
D2HGDH,7.329469346714678e-06
ESPN,7.315274892810478e-06
CHRNA5,7.3116269463753564e-06
GPRIN1,7.291290418415186e-06
TMEM175,7.279525383994015e-06
FBXL8,7.272387365905837e-06
NIPAL1,7.267758291525112e-06
GAK,7.265624800247852e-06
IPCEF1,7.2576513843461746e-06
ADGRF3,7.257410273812557e-06
CCN5,7.255029409601155e-06
SHC2,7.251140759936627e-06
B3GLCT,7.2479294858726496e-06
MACC1-AS1,7.245556022612243e-06
RDH10-AS1,7.236178633804105e-06
ZNF419,7.218477397499839e-06
FRRS1,7.213172741530956e-06
C5orf51,7.208648906676789e-06
TPCN2,7.200750372866085e-06
CCDC153,7.190464744663324e-06
ODF3L2,7.18921986269482e-06
SELENOO,7.175770171092639e-06
CHRFAM7A,7.163273302106901e-06
LERFS,7.163034145236413e-06
AARS2,7.155510268182688e-06
HHIPL2,7.15279069552829e-06
YPEL4,7.137713541674859e-06
Z84484.1,7.126865045563548e-06
SH3D21,7.116037023941619e-06
RDH12,7.115051413151758e-06
HEATR9,7.1136661430966124e-06
PFKFB1,7.108637473995279e-06
SLC6A9,7.103903848692839e-06
DGCR9,7.100019648626273e-06
CRIPAK,7.094327720439016e-06
MIR548A1HG,7.091793004599888e-06
CCDC17,7.090860587278303e-06
PRPF38B,7.090572837474322e-06
ZCCHC9,7.086826331712301e-06
FBXO25,7.0734930738556895e-06
CNKSR1,7.070123571403498e-06
SPIN2A,7.06687109887599e-06
DUS2,7.0659204147163935e-06
TSPAN12,7.045266536175586e-06
CFAP53,7.044175640695419e-06
GUCY2C,7.0209249065678e-06
RREB1,7.016365595992477e-06
NDOR1,7.010485157520185e-06
CRELD1,7.0077460224013735e-06
RIPK4,6.994155603006777e-06
HAL,6.990631455656421e-06
SLC35E2B,6.988387496761495e-06
RSPH4A,6.987030550087133e-06
PPP1R14B-AS1,6.978018604095225e-06
PLA2G4D,6.969961229373471e-06
CISH,6.95625264397191e-06
EVA1A,6.92452873282329e-06
UBTD2,6.920628500504322e-06
ICK,6.912272573661684e-06
ST20-AS1,6.902052231381342e-06
SRRM1,6.901698025168063e-06
ANO3-AS1,6.8895397615642124e-06
TMEM217,6.875741626693316e-06
B3GALT5,6.865788936265752e-06
FAM13C,6.859109031204073e-06
MRTFA-AS1,6.853148196407133e-06
DNAJB6,6.8404577733167175e-06
MAP10,6.836297274343476e-06
TK2,6.835591070535666e-06
TP53TG5,6.823621093412702e-06
CXorf65,6.8203050835427945e-06
Z93943.1,6.816317670966644e-06
DMPK,6.815639456885416e-06
HRH2,6.809333629516242e-06
ZNF428,6.792147141874448e-06
LDB3,6.791150197857336e-06
YPEL2,6.77438335485576e-06
VEZF1,6.768606355784173e-06
SULT1A3,6.763895530134814e-06
TMEM74,6.758108221667987e-06
TMEM42,6.755379454259086e-06
CLN5,6.741404360394526e-06
MIR210HG,6.736406432640136e-06
OOSP3,6.727522752759967e-06
TAFA1,6.724461114484879e-06
PSMA8,6.723464779764014e-06
ZNF665,6.721294283442093e-06
FASTKD3,6.719324848412747e-06
CAMKK2,6.716361971663186e-06
SERPINF2,6.701350006425708e-06
HIST1H3J,6.677776747977074e-06
WASF3-AS1,6.677509055213886e-06
COPS2,6.6760551492192335e-06
CLDN1,6.6495701360888215e-06
RNF8,6.645986481133913e-06
MIEF2,6.640814084474049e-06
ASB16,6.627932601076516e-06
PCDHB7,6.620894860904553e-06
GRTP1-AS1,6.60085846951669e-06
HEBP1,6.59131092698727e-06
Z99758.1,6.589997315295587e-06
DMD,6.58268933580754e-06
LYRM9,6.576821206243223e-06
OGFOD1,6.574912962974293e-06
AMPD2,6.571573506596444e-06
HSPA14.1,6.565508912505563e-06
LRIT3,6.558081993103869e-06
CHRD,6.550810447759795e-06
ELSPBP1,6.543750006874556e-06
AP000442.1,6.543153364181699e-06
HAUS6,6.534641847066031e-06
C3orf20,6.510674039035488e-06
JCHAIN,6.508658767463891e-06
GSTK1,6.507827122926144e-06
GPR63,6.501259833473845e-06
STARD13-AS,6.49142869770881e-06
ZNF282,6.4871756204635206e-06
MANCR,6.4608087444909e-06
CS,6.459049760576123e-06
RBM18,6.458348653558275e-06
COMMD7,6.456486096948237e-06
TRIM52-AS1,6.454787852378229e-06
METTL6,6.452626298980985e-06
TBC1D12,6.446997967137247e-06
ZRSR2,6.446601030770511e-06
CFAP20,6.440704073485255e-06
RIOK2,6.438062411552275e-06
FAM219B,6.436927716872464e-06
GDF7,6.433870960553862e-06
SLC8B1,6.433492072446223e-06
HMSD,6.428242902989216e-06
HFM1,6.4269606188871015e-06
PBOV1,6.422937274083917e-06
COX6B2,6.413158352900934e-06
DHX29,6.400931468901159e-06
MMP25-AS1,6.392874037417836e-06
FERMT3,6.391908213164163e-06
DUSP3,6.386867525083743e-06
NELFCD,6.376056698726113e-06
CLSTN3,6.375575077801359e-06
LYST,6.3746499809445726e-06
ZNF576,6.372424016891157e-06
PPP2R5D,6.371643071836175e-06
ERICH2,6.369725766018889e-06
INCA1,6.3682875138200384e-06
KCNN4,6.366550227531728e-06
LRP11,6.3612013861687975e-06
CHD5,6.353503903410103e-06
HDAC2-AS2,6.349534342221009e-06
SLC9A5,6.347367352851725e-06
FBXL22,6.338074363742708e-06
PTPRU,6.330962208682245e-06
RETREG3,6.325045869793692e-06
CLUH,6.321360372093551e-06
SLC27A1,6.291816832215558e-06
EIF5A2,6.267649048152106e-06
SFXN2,6.260485183876631e-06
IMPG2,6.256405799660432e-06
CAPZA1,6.255331084396309e-06
CDK20,6.241643398735314e-06
TXLNB,6.2369564378771e-06
SASH1,6.225802479137334e-06
CAMK2A,6.219300091246376e-06
ADH5,6.203537233068964e-06
TMEM204,6.19927990367752e-06
HTR2C,6.191553996940029e-06
SUCLG1,6.188051435673433e-06
BRINP3,6.175670685452138e-06
RBKS,6.167861945893228e-06
ALG6,6.158986435464701e-06
CAST,6.157603916681356e-06
ODF2,6.145517657224039e-06
SYT2,6.142562024194988e-06
OLFML2A,6.138636554309928e-06
AP000697.1,6.133556240877149e-06
INPPL1,6.131876831888556e-06
RHBG,6.125849422159824e-06
ERLIN1,6.121642589253591e-06
XAF1,6.1155124749534e-06
ATP8B3,6.113344108469942e-06
NMUR1,6.11242175406772e-06
LTBP1,6.094236767559007e-06
HERC3,6.077343749432095e-06
TMEM87A,6.064983562109855e-06
HIST1H2AG,6.028025075654036e-06
FAM104B,6.024912840875301e-06
TPRX1,6.01769509412326e-06
FAM110A,6.016404562763201e-06
AP003327.2,6.016250078658286e-06
TLX1NB,6.014871599756726e-06
AP005482.3,6.013753095094211e-06
GPR153,6.013692046346685e-06
LRRC75B,6.008771102942877e-06
RGPD1,5.992123779207424e-06
SREBF2,5.991388539458896e-06
FUS,5.990726598556602e-06
REEP2,5.97821041002774e-06
DPP9,5.955798867430362e-06
GORASP1,5.947567817902381e-06
ZNF688,5.943851840114196e-06
SLC22A18AS,5.941599135588712e-06
FIGNL2,5.936639190712096e-06
CLEC18B,5.936556657103733e-06
PIP5KL1,5.935817169961328e-06
ITPRIPL1,5.931784515313964e-06
TSPAN31,5.906795363750128e-06
C6orf136,5.895141457587533e-06
ZNF260,5.886180261421269e-06
TMEM273,5.885057607046656e-06
CNNM3,5.87786585554438e-06
MYBL1,5.861663454437268e-06
NANOG,5.860527615103139e-06
AMMECR1L,5.859745693434313e-06
GNAS-AS1,5.857037257513598e-06
OSTF1,5.851059366233655e-06
ARFGAP1,5.839037558911106e-06
TMUB2,5.837424905471012e-06
TMC3,5.833377040325947e-06
GDNF,5.822640731760957e-06
PON1,5.8208073581968446e-06
ENPP5,5.783724280057044e-06
CYP27B1,5.751544546593976e-06
RGMB,5.7509629912433566e-06
ACTR3,5.726442018040265e-06
GSTM4,5.722155595218435e-06
BACE1-AS,5.705087415298694e-06
ZNF311,5.700149304577266e-06
AP003071.2,5.689082369750139e-06
AP005131.1,5.679364486472506e-06
N4BP1,5.673410603772211e-06
P2RY11,5.665294038084332e-06
NIPA1,5.646056887347331e-06
CD38,5.64092440530814e-06
SEMA4G,5.636927868834591e-06
PACRG,5.636180762100261e-06
MOGS,5.628488787891214e-06
B9D2,5.620351384990446e-06
LRRC41,5.62022461384188e-06
SYCP2L,5.613306453868235e-06
FAM71D,5.5928904483805045e-06
CHRDL2,5.587689785420461e-06
RRAGD,5.567913553426003e-06
PSAT1,5.567138691626745e-06
SLC7A13,5.559249394147117e-06
BICRA,5.5588160650804895e-06
IFRD1,5.546189916437462e-06
UBE2Q2,5.539928800786068e-06
MPP4,5.534783829973257e-06
NPHP3-AS1,5.52657728860317e-06
PCDHGA7,5.519155431095319e-06
ZSCAN9,5.504960502965162e-06
LENG8,5.4969976393440585e-06
MAP4,5.495833304690751e-06
ZNF250,5.484525214447149e-06
SRGAP2-AS1,5.481016656974374e-06
CCDC136,5.457737107316e-06
LNX1-AS1,5.454993718274203e-06
GDE1,5.450324521455956e-06
SPATA12,5.448381101643389e-06
PFKFB4,5.434275671794607e-06
G2E3-AS1,5.432391526068959e-06
TMEM86B,5.429268815988269e-06
C1QTNF4,5.415963369546232e-06
GSG1L2,5.415212852781251e-06
VIPR1,5.3813933922518005e-06
HOXA3,5.374279821710902e-06
PYM1,5.366246688663179e-06
TRAPPC2,5.363899922930116e-06
SOX12,5.361234286700504e-06
SLC35D2,5.355394039155779e-06
GLIS2-AS1,5.339723818520883e-06
DEF6,5.3376766678868205e-06
CNBD2,5.3277453978013856e-06
ZNF252P-AS1,5.327300723747577e-06
CD27,5.320440777259401e-06
NECTIN1,5.314674011920307e-06
SLCO1B3,5.313399868718393e-06
KCNQ2,5.292053407839806e-06
INPP5F,5.290199237557027e-06
L3MBTL4,5.2826752541969805e-06
CNOT6,5.277203584203859e-06
HS6ST1,5.244140438561624e-06
FAM151A,5.236582750900028e-06
TRAM2-AS1,5.233539330511516e-06
YIPF4,5.224139526255593e-06
SLCO1B1,5.223092433655264e-06
SFT2D3,5.221583459574283e-06
SOX7,5.220382492690459e-06
ADSS,5.217282624518199e-06
TPH2,5.21450043825348e-06
C14orf178,5.2058840933161874e-06
AP002807.1,5.204009837228694e-06
ZNF223,5.198989071515736e-06
ARMC12,5.197916857307275e-06
GHRHR,5.196774691662494e-06
RBBP9,5.194779179394583e-06
HES4,5.186233582948287e-06
SRR,5.17500878377643e-06
PCDHB14,5.173529004155811e-06
ZNF805,5.155769122937472e-06
RBM43,5.153256330234079e-06
SLC38A11,5.148815689422976e-06
FAM91A1,5.1389371902521935e-06
CDON,5.126128983589329e-06
STARD3NL,5.118994019029535e-06
ST3GAL5,5.114836575547914e-06
SMIM25,5.1103871182935065e-06
TRADD,5.109890620883252e-06
OR1L8,5.101091585483213e-06
DPH1,5.097465352698816e-06
LPIN1,5.093164061234942e-06
ADCY10,5.091824217694499e-06
SYN2,5.0887979947318666e-06
OR3A3,5.086274677464576e-06
ZNF502,5.078096539125308e-06
FAM200B,5.063140634342859e-06
ZNF562,5.062545203328669e-06
ATF5,5.049178079039472e-06
SLC38A8,5.040204684970504e-06
KAT2A,5.035788192353312e-06
ZNF619,5.013464597604188e-06
CWF19L1,5.01244918845157e-06
FLNB-AS1,5.010949433578548e-06
MATN1-AS1,5.004849993249107e-06
GHDC,4.995391660861841e-06
AP000688.1,4.992164316129681e-06
GDF11,4.971533469956707e-06
LRRN3,4.964291790411546e-06
MYOM2,4.958981009211069e-06
SP110,4.953254982672736e-06
CRISPLD1,4.946793707903328e-06
ZNF211,4.911889628349828e-06
RWDD2A,4.905954451036296e-06
DDHD2,4.905675202970652e-06
AP001627.1,4.905367005139676e-06
PCDHGA1,4.903973757201944e-06
RAP2C,4.897351938506916e-06
TIMM22,4.8963233985647215e-06
UBE2R2-AS1,4.894788373343851e-06
SMOC1,4.882414991684324e-06
KCTD17,4.882230412877161e-06
RBBP4,4.880072079429012e-06
CHMP4C,4.865160857272311e-06
KLRG1,4.86285829359857e-06
ZCCHC4,4.852533745304967e-06
ITGB1BP2,4.839923189346226e-06
DCST2,4.836559958379768e-06
CNGA4,4.832540185723817e-06
NXPH1,4.830350889956306e-06
SLAMF8,4.830208239028405e-06
PCDHB9,4.825993443326291e-06
PDE6B,4.825152456703575e-06
ZFP69B,4.806683385153006e-06
OR2L2,4.804659256855982e-06
ARHGAP29,4.795887444663693e-06
SPATA16,4.789086046765859e-06
MME,4.77811194418665e-06
ASXL1,4.774048512119166e-06
RDH13,4.771875362423185e-06
RFK,4.766575903512475e-06
ABL2,4.7656425474511925e-06
NPPA,4.753319303174297e-06
SAMD11,4.747264237320481e-06
HRCT1,4.7421847073475645e-06
COMMD8,4.735753708851019e-06
NTSR1,4.721933860061783e-06
RGPD5,4.718539918238447e-06
HM13-IT1,4.717949318128049e-06
EFHB,4.716719932714647e-06
ZCCHC17,4.705094346986342e-06
BCORL1,4.7031944011787405e-06
MR1,4.69915316048892e-06
IVNS1ABP,4.691312216898673e-06
B3GNT4,4.66089409911625e-06
VPS51,4.640344566655576e-06
NOM1,4.639140417108296e-06
NPIPB8,4.63549886677543e-06
PLEKHA1,4.633455324923126e-06
ULBP3,4.633410909587763e-06
CCZ1B,4.62827358215304e-06
TMEM254-AS1,4.619493401736561e-06
BEND6,4.587880641449697e-06
CCAR1,4.580491061352778e-06
TEX43,4.578717779857353e-06
ZNF749,4.57622061542333e-06
NDUFAF1,4.571812627156686e-06
TIMM21,4.571532911654407e-06
SPAG6,4.570571707953579e-06
AP003559.1,4.541595451543466e-06
SLC26A7,4.5400300003197136e-06
HM13,4.534071742727377e-06
WASHC2C,4.522891601041948e-06
ARHGAP33,4.5050807228450725e-06
CENPH,4.504113683931978e-06
DMAC2,4.4922208333020685e-06
WWC3-AS1,4.482220413057303e-06
INO80,4.471278942984101e-06
CCDC93,4.468097763888841e-06
WIPF2,4.464412657419939e-06
SPEGNB,4.460077220072408e-06
AREL1,4.457278919080498e-06
RSF1-IT2,4.425636390236181e-06
C6orf163,4.425595740375596e-06
SLC10A5,4.421260096803975e-06
ZBTB45,4.41948296622077e-06
SMC6,4.391503996302422e-06
SLC26A8,4.38304265179682e-06
BHMT,4.38276018105196e-06
USH2A,4.381367958583643e-06
RAD54L2,4.372666647263795e-06
DUSP10,4.372613954439485e-06
PTPRR,4.340541503278943e-06
ZBTB49,4.322339085560513e-06
RRN3,4.313627256460669e-06
CBARP,4.309870080351739e-06
ENTPD2,4.282191327256963e-06
NAAA,4.278214668571414e-06
Z95114.1,4.2758597646695755e-06
PPP1R12A-AS1,4.249670596382704e-06
ARHGAP30,4.248330377392465e-06
BX649632.1,4.247463372618434e-06
MKX,4.2437578559188216e-06
LRP5L,4.241498169492134e-06
CD160,4.241102461682906e-06
ZNF335,4.2402629709170665e-06
NCF2,4.23813410731597e-06
POLR2J2,4.236712111093903e-06
AP003469.2,4.230468303255712e-06
CCDC102A,4.22157360644077e-06
NPSR1-AS1,4.2120136983691454e-06
AP001011.1,4.208528496695826e-06
PLPP4,4.198707210701136e-06
VMO1,4.193461104201388e-06
VPS26B,4.18951375993692e-06
E4F1,4.1623212073467095e-06
NUDT16L1,4.151139900638155e-06
KLC1,4.149933270946933e-06
AHCY,4.145778296446817e-06
ZNF146,4.131981458467818e-06
TRABD,4.131064721387885e-06
AP003170.3,4.122060435328411e-06
FOXO4,4.116013415598166e-06
BAHCC1,4.107194265917786e-06
MRPL50,4.104709091411028e-06
TFPI,4.089259849178962e-06
TENT4B,4.07433774822884e-06
PYGO1,4.066825156622919e-06
TRAC,4.06082172572407e-06
GLI4,4.059457085442495e-06
STK26,4.044016009880783e-06
SLC22A2,4.043086456247912e-06
GTPBP8,4.039080456613785e-06
NEURL2,4.038109620792591e-06
NEDD9,4.0304740541242046e-06
ARSE,4.030145976566857e-06
AMIGO2,4.015761278566902e-06
LRRC66,4.011677096251301e-06
TERB1,4.010156502479049e-06
SH3BP5-AS1,3.991660722325162e-06
CFAP100,3.986796357675422e-06
EPHA7,3.975032496459353e-06
UBXN10,3.958091459108197e-06
NUBP1,3.955746515578048e-06
ALKBH3-AS1,3.954578799928672e-06
FOXL1,3.9532557726102e-06
SYNE1,3.949755407603847e-06
TFAP2A-AS2,3.938122409337792e-06
HCN3,3.931988523291675e-06
RNFT1-DT,3.929957773994554e-06
ACSM6,3.908892270429579e-06
FOXA1,3.898066315528038e-06
COG8,3.8462154873535385e-06
ADAMTSL5,3.840976053750826e-06
ZNF543,3.830892451090321e-06
SLC16A8,3.829203511074719e-06
ARIH2,3.823855453432244e-06
TRMT44,3.8206583956508775e-06
TSKS,3.81810121142862e-06
GNRHR,3.81789210329916e-06
MYRF,3.816000156780283e-06
COX18,3.806110106075058e-06
HEXA-AS1,3.800268132196036e-06
DOK7,3.789230745375438e-06
MED1,3.787356105637083e-06
SPATA9,3.770398502910472e-06
DDX31,3.766248710945052e-06
CCDC15,3.741864314859738e-06
CIB4,3.7403571823901863e-06
RP9,3.732980980172404e-06
NOXO1,3.73024808281226e-06
SGMS2,3.722271585940995e-06
BAZ1B,3.7183218155100448e-06
RABIF,3.714966643902202e-06
DPH5,3.7082033852678833e-06
NFKB1,3.700731388846051e-06
ZNF320,3.6945645505529614e-06
ANGPTL4,3.68736134497301e-06
ZNF572,3.6821580953947294e-06
ADAM17,3.6686437146759296e-06
SOCS1,3.667979236060178e-06
COL9A3,3.65979812203916e-06
MAP6D1,3.658545734083257e-06
TNFAIP8L1,3.65463879179716e-06
ATAD3A,3.648641088649299e-06
MTFP1,3.6484460372512856e-06
AP003307.1,3.640953140869972e-06
FRMD6,3.639556100607525e-06
PPT2,3.637300198775511e-06
ACSBG1,3.6337171601757966e-06
SLC7A6,3.6299579862190857e-06
C21orf62,3.627743774264647e-06
CYB5D1,3.619745878791976e-06
EGFR-AS1,3.610199726217514e-06
GRM8,3.609440017268872e-06
INTS6-AS1,3.6067267164813752e-06
RAB40AL,3.603259075498004e-06
REM2,3.5918922595963013e-06
TMEM81,3.575600010678558e-06
NRG3,3.5549520504096838e-06
PLEKHD1,3.5163522490046763e-06
EID3,3.5151650112359e-06
MIR646HG,3.5056960801489134e-06
SLCO1C1,3.4914385086053737e-06
CTNNAL1,3.4886458630112706e-06
ABITRAM,3.477220572504669e-06
HSPA12B,3.4747189083580268e-06
CACNA2D1,3.471207109312726e-06
LIME1,3.4680055923185e-06
USP28,3.450190003760048e-06
DACH2,3.4490406500373857e-06
FADS6,3.4468334425951878e-06
CDC37L1,3.446036348713161e-06
CELA3B,3.4426052065555303e-06
SGSH,3.441537277839698e-06
NSUN5,3.439771162443227e-06
KIF17,3.434344601306124e-06
LIF,3.381353381683751e-06
C16orf70,3.3658368652094728e-06
ZNF510,3.363522279933621e-06
RFC4,3.361134563028276e-06
TCTEX1D1,3.358927906276244e-06
RMST,3.3556562633723304e-06
MAP3K3,3.353682265927686e-06
KHNYN,3.347156001613854e-06
GBP4,3.3288698565087563e-06
RAMP2-AS1,3.328205427486396e-06
TRPC5,3.3187077495484243e-06
SWT1,3.301461564144301e-06
TMTC3,3.2900563220155666e-06
RIN1,3.285150371838814e-06
PGF,3.279900995079156e-06
KLHL31,3.273244341630106e-06
HSF5,3.2612975945021253e-06
Z93930.3,3.2555725894444303e-06
RADX,3.24767959703483e-06
ASL,3.2438287233550206e-06
AURKC,3.22636398368948e-06
UNC5B-AS1,3.2214099175256725e-06
PPP6C,3.221178485181954e-06
SH3GL1,3.219869227250295e-06
CAMK2N1,3.216745061928308e-06
MAP3K15,3.215578235614707e-06
PRKRA,3.2056870058531374e-06
CPSF2,3.202346631102506e-06
ATP2A1-AS1,3.200597896587542e-06
GORAB-AS1,3.1850604291331253e-06
EPHX4,3.1833211034668503e-06
LRP4-AS1,3.1612332526457947e-06
AP001269.4,3.144465968418558e-06
KF456478.1,3.1361580386938786e-06
FCAR,3.133405504904329e-06
SLC5A1,3.1326886707156974e-06
CHRNB1,3.1325920830411057e-06
IAPP,3.128557910872733e-06
ZNF639,3.1044785960104557e-06
HAUS2,3.0998923224150085e-06
PSMG2,3.030130171744515e-06
MDGA2,3.021005602943434e-06
FLAD1,3.019536497428717e-06
MYOCOS,3.016693623966144e-06
Z82243.1,3.012965910911196e-06
FRMPD4,3.010337772158401e-06
AP1M1,3.0103373140666143e-06
SLC25A30,3.0102027411765514e-06
HIST1H2BN,3.002310222753088e-06
CCDC62,2.992772178655181e-06
HIF1AN,2.9824731816510743e-06
NALCN-AS1,2.9810093449137088e-06
FBXO43,2.9787978383696263e-06
C2CD2L,2.9685296323266684e-06
NANOS1,2.964112123568618e-06
TMEM170B,2.960521417598028e-06
ZBTB18,2.954564999235717e-06
TMEM59L,2.935488830801385e-06
SOS1-IT1,2.9058611786957994e-06
GPR156,2.897657658776529e-06
ZNF777,2.8880319533671984e-06
SYNJ2BP,2.883750670963317e-06
RAB11FIP1,2.878371882162572e-06
GALNTL5,2.8682271840991395e-06
RECK,2.8654601528424782e-06
UBQLNL,2.857190577830132e-06
KLHL6-AS1,2.847683709774034e-06
DPF1,2.8461138161361647e-06
TUB,2.8374016158618223e-06
STK24,2.836482222997704e-06
CAND1,2.832156126411628e-06
CAPN2,2.828444811047505e-06
CYP2C8,2.8229622403601797e-06
RNF175,2.820654922816674e-06
TMEM263,2.8156944240486787e-06
CCR6,2.8143427760740515e-06
AP002383.2,2.8110969385807946e-06
ZNF326,2.788133986596396e-06
PFKM,2.7807774724818467e-06
DEPDC5,2.77090151395674e-06
LRRN2,2.770543786435898e-06
NCBP2AS2,2.759803195796079e-06
ADGRB2,2.757998537933302e-06
EMC2,2.746778421949258e-06
ERVMER34-1,2.746389978881686e-06
SATB2-AS1,2.7331240304151125e-06
NPRL2,2.7310834430940886e-06
KEL,2.731045752319801e-06
COMT,2.7224392616225027e-06
CASQ2,2.7188631750590037e-06
DGKB,2.7153830527200595e-06
Z95118.2,2.7152125628523027e-06
NIN,2.708430363725051e-06
MBOAT2,2.7068758236219767e-06
RNF222,2.704161394776492e-06
VPS37D,2.6866548541916056e-06
SMARCA4,2.6812761821380302e-06
BAALC,2.680530747487444e-06
MAMSTR,2.678535279041922e-06
PLUT,2.6781699635816648e-06
RAB18,2.6769120920732946e-06
CEACAM7,2.6763265244234663e-06
TICAM2,2.6698253372413173e-06
PAPLN,2.663002043044708e-06
U47924.3,2.654078509073708e-06
PPARA,2.6523587005962272e-06
SCUBE3,2.65033728338601e-06
FBN2,2.644139270980181e-06
MTTP,2.64176939582269e-06
WARS2-IT1,2.641760660722672e-06
PRDM8,2.6297692230997674e-06
HGS,2.619343219462562e-06
PLPPR5,2.6141054221726355e-06
HCP5,2.6008389621415623e-06
LLPH-DT,2.5881689898308463e-06
HNRNPF,2.585252095940677e-06
TLR3,2.580777043939889e-06
RND1,2.5803677978276205e-06
PLET1,2.5800054608992506e-06
STYX,2.574856576849384e-06
GRIA4,2.57128568945544e-06
ZNF446,2.5688121855269785e-06
SPIN4,2.564265908139151e-06
GALE,2.561092812971067e-06
CACNG3,2.5578199667963987e-06
CDC42-AS1,2.547021873830174e-06
CUEDC2,2.54625905989234e-06
RNF157,2.5462309097400278e-06
HSD17B1,2.520726671729515e-06
SEC23A-AS1,2.515352876196997e-06
ZNF883,2.4884989077188425e-06
HMGCL,2.48738846046458e-06
LRFN5,2.486756088888804e-06
ZKSCAN4,2.473047973854243e-06
RSU1,2.471130826947094e-06
PDZK1,2.451777357367622e-06
ZNF711,2.451709354271852e-06
TMPRSS12,2.4492036861647363e-06
BRF2,2.4413858803749667e-06
GRIK4,2.438046949321956e-06
CACNG4,2.42612302717905e-06
ZC3H10,2.42363768145745e-06
SPRYD7,2.415529786728997e-06
SNX15,2.406080762828705e-06
CLDND2,2.402707180178285e-06
SKIDA1,2.398793975971043e-06
TM4SF18,2.390624264998345e-06
TNFRSF10B,2.381408264294745e-06
HIF1A,2.379674408597951e-06
TRMT12,2.3757213271087336e-06
ASIC1,2.368220006483701e-06
ALOX12,2.3646551492619863e-06
SMIM20,2.363690279120124e-06
TMEM216,2.363610185285578e-06
EVI2B,2.3596986652168254e-06
ANKRD45,2.359082271859837e-06
CD81-AS1,2.3423868401457243e-06
HSD11B1L,2.335803727885459e-06
EFTUD2,2.3234681601198767e-06
ZNF772,2.293704971820442e-06
CRB2,2.280839962554408e-06
SYNPR,2.278554190055812e-06
RGL4,2.2756409657778656e-06
PCAT7,2.268637973695827e-06
FAM217B,2.2468192720169418e-06
SCN9A,2.243634291470309e-06
WLS,2.2429142586054896e-06
UTS2B,2.228938567357673e-06
METTL27,2.227334997575733e-06
RNF165,2.2272799884821685e-06
ACMSD,2.226546035967835e-06
AKAP8L,2.2249081165077974e-06
FAM200A,2.220511509068079e-06
UHMK1,2.215272517583999e-06
FBXO6,2.214739119501073e-06
TDRD10,2.212215198520205e-06
ORC3,2.2100524496105464e-06
EP300-AS1,2.2050904695322487e-06
PEX5,2.204953398124208e-06
DNLZ,2.17962035608667e-06
TMTC4,2.173895648602284e-06
ADPRHL2,2.171232949177864e-06
GALNT1,2.167594147815753e-06
ZNF16,2.163590588129458e-06
KLF7-IT1,2.161899683484383e-06
LDHAL6A,2.161033484781106e-06
ST6GALNAC1,2.1604944177208194e-06
DND1,2.152769675336408e-06
NAGS,2.143947067475791e-06
MRPL30,2.138065697967439e-06
EIF2B1,2.1376528724722573e-06
ZNF577,2.1350715809289003e-06
CHRNA6,2.13269058245896e-06
INO80-AS1,2.1288889245726e-06
WDR48,2.128822578362188e-06
RIOX1,2.127024860971116e-06
KIAA1191,2.1157825155210256e-06
CDS1,2.1142608349990684e-06
DIABLO,2.1059421759837706e-06
METTL7B,2.100420871360512e-06
MAPKAPK3,2.099863132059612e-06
C20orf203,2.096355584481047e-06
C6orf201,2.088179817733324e-06
C5orf30,2.070341618193642e-06
CDIP1,2.0668812606619997e-06
NHLRC4,2.0506181110447145e-06
WBP11,2.045468120266023e-06
C9orf43,2.0446972079990976e-06
EMX2OS,2.0438324618989765e-06
CTNNBL1,2.042748539797365e-06
DMAC1,2.0189358423678245e-06
THBS4,2.016956536255124e-06
ZNF37A,1.981518188664136e-06
UNC119,1.956812208071208e-06
AP001636.3,1.956551247580374e-06
TIGD5,1.952357561340917e-06
ZBTB3,1.9456453058019174e-06
EPHA6,1.944618333146797e-06
CTU2,1.9361497389438477e-06
PLEKHB2,1.922868546796039e-06
GCLM,1.9207096125274205e-06
NDUFV2-AS1,1.8998885865778231e-06
ITGA10,1.8966326587903572e-06
CATSPER4,1.8802757015849862e-06
GPRIN2,1.875782947867095e-06
CASP5,1.8725691422817936e-06
WDR97,1.8690600692656064e-06
STPG3-AS1,1.8325720061016523e-06
CASP9,1.828793098605117e-06
AKNA,1.8159911257473568e-06
AP000842.2,1.8109661571550691e-06
GPR137,1.8057191585200824e-06
GNL2,1.80299003715647e-06
MIA3,1.8013122864744027e-06
USP38,1.7993258308922831e-06
ITCH-AS1,1.7968085171677811e-06
SPACA6,1.7957906192361257e-06
TNN,1.7892613040782188e-06
AOC2,1.7883864285135853e-06
IQCD,1.7882339413430643e-06
TRHDE,1.7757207424342715e-06
SETD1A,1.7745526740016974e-06
SPRYD4,1.7744423552954628e-06
CACNA1B,1.759880386095573e-06
DHCR24-DT,1.7525984768085335e-06
PPFIA3,1.7495213440984069e-06
CEMIP,1.745236123607673e-06
P3H2,1.740742834296549e-06
ZDHHC11B,1.7398998250422851e-06
TGS1,1.7324588756979136e-06
CSTA,1.723619861041438e-06
AMH,1.7213003734617527e-06
ERCC1,1.7188728269953404e-06
DAPL1,1.7150722908550662e-06
ASPHD2,1.70317713804421e-06
CEP72,1.7007737330439811e-06
A1CF,1.6979259938780649e-06
LIPT2,1.697094360510661e-06
TTPAL,1.675039755740225e-06
GRB2,1.6693404038436272e-06
PRX,1.6642813807309298e-06
CHST10,1.6618102793403258e-06
CARMIL3,1.6566536736057198e-06
ZNF304,1.6488316359580126e-06
NFYB,1.639447270541412e-06
DYSF,1.6314438305598868e-06
ATP6V1E2,1.6246917196794532e-06
DDHD1,1.6205612148113546e-06
STK17B,1.6138949107163454e-06
PWP1,1.6117560508177222e-06
SLC16A13,1.6056772984964538e-06
FMO1,1.6024569517380015e-06
CCP110,1.5988614447954808e-06
LCMT1-AS1,1.5979890535621283e-06
TOP3A,1.5831383486230693e-06
ASPG,1.580696076481342e-06
MXRA5,1.576123756752472e-06
SEMA6A-AS2,1.5720024175754485e-06
SCRG1,1.5697358528285924e-06
THRB-AS1,1.559587793513093e-06
ITGA9,1.559102668572506e-06
UROS,1.552770684995499e-06
MAP3K2-DT,1.5410038038923093e-06
PIGC,1.5371459381534443e-06
GLTP,1.5351229709179453e-06
ABHD12B,1.5330297059824083e-06
CEL,1.5328577654702384e-06
PPFIA4,1.5318865795920775e-06
NR1I3,1.5285163979136986e-06
C21orf91-OT1,1.5176091333981602e-06
CDKL5,1.5168992011312628e-06
AP001527.2,1.5159132701974296e-06
SNCA,1.5156385760096864e-06
IL11,1.511711902730348e-06
MFNG,1.5060472125132274e-06
ZNF830,1.486444263691917e-06
FOXRED1,1.4838715795270872e-06
ELMSAN1,1.4824735292707115e-06
CBX5,1.4810761584213246e-06
IL15,1.4788235544397488e-06
SMARCA2,1.4756420116383591e-06
CDH2,1.4629691220890325e-06
RASAL2-AS1,1.4614991823006123e-06
VSIG1,1.4614196616620267e-06
NAA30,1.4573140513781975e-06
DHODH,1.4517187399016872e-06
TRIM72,1.4487006728392344e-06
REEP3,1.4486134046986598e-06
GABRR1,1.4475691830257598e-06
ZFHX4,1.4404593850534566e-06
ATXN7L2,1.4393299416371617e-06
TPM1-AS,1.4364936823997982e-06
NAXD,1.4357507384005506e-06
EXOC5,1.4263693361153216e-06
AD000090.1,1.414636965907499e-06
PCOTH,1.4102562684160025e-06
COL25A1,1.4096771376300915e-06
ATP11A-AS1,1.3974864922108863e-06
ZNF347,1.3916822750626831e-06
OTULIN,1.3876546616636503e-06
NHLH1,1.3866899435322565e-06
ACTN1-AS1,1.380036348031896e-06
HTR1E,1.3751653344418e-06
TMEM128,1.3697571757334e-06
CD5,1.3632038191480058e-06
C4orf50,1.3565966286829183e-06
CDC42EP3,1.3549317431221851e-06
AMZ2,1.3476917918412674e-06
CELSR3,1.3365802763006616e-06
ZNF687,1.3318391056613222e-06
ZNF257,1.3205943451170198e-06
PPP5D1,1.3171465346782145e-06
MYH10,1.3135412213820025e-06
GAREM2,1.3107873823540005e-06
ARHGEF18,1.2883440470984797e-06
HLF,1.2868794861396798e-06
MC1R,1.2856394537924011e-06
MVB12A,1.2745092723740332e-06
FAM184A,1.2661098470311643e-06
SERPINI1,1.2618651237246455e-06
SEMA4F,1.2617483029789262e-06
SULT1B1,1.2438015870436724e-06
CCER2,1.2406231084341976e-06
MTUS2,1.2379822523302391e-06
PICALM,1.2373109900869626e-06
RDH16,1.2192163459416823e-06
RNF123,1.2151996724869077e-06
RHEBL1,1.2068134353312023e-06
STAR,1.2064174159474518e-06
HIST1H1B,1.2003645719056344e-06
ING5,1.1898798970941482e-06
IKBKG,1.1861339607717043e-06
KRT80,1.180634313865627e-06
ERMN,1.1766146264640006e-06
NLRC4,1.1758091278135823e-06
MARK1,1.1720562446849505e-06
FO393419.2,1.1696665312078295e-06
ZNF658,1.1666515094910012e-06
CERS3,1.1660288271211596e-06
LACTB,1.1535025035304217e-06
FAM41C,1.1518015401502251e-06
SLC25A44,1.1493629421752511e-06
MARCH9,1.1456747232884137e-06
MUC12,1.1395044744203142e-06
NAA80,1.1358803711914113e-06
TBX18-AS1,1.134840117940164e-06
C1QL3,1.1328332653290709e-06
GALNT16,1.1325845159958886e-06
FBXO24,1.1298762655112142e-06
FAAH,1.121827032766108e-06
SCAP,1.110093779072924e-06
MLC1,1.1064132063487e-06
ATP6V1C2,1.1038114266227764e-06
ZNF776,1.058938603835303e-06
CKM,1.053455040660776e-06
ADGRL3,1.0534415446496996e-06
CNBD1,1.0500331934562343e-06
PLGLB2,1.0486003593514684e-06
DHX16,1.0440169195290252e-06
RPP30,1.0433264821035546e-06
ZNF740,1.043057672012747e-06
IRGM,1.030617764379128e-06
PKNOX2,1.0173261258715251e-06
AP003059.1,1.008984778632768e-06
NXPE1,9.937856820619436e-07
VPS16,9.923512433920402e-07
SNAI3-AS1,9.90895242781769e-07
TMEM266,9.832845565843537e-07
HYPK,9.828618800562118e-07
PTPRG,9.813067256872346e-07
PHACTR2-AS1,9.744509825139356e-07
NRTN,9.498085898208055e-07
CCDC97,9.360332269170918e-07
AMER1,9.312866450824816e-07
CHST12,8.94272032580668e-07
CXXC4-AS1,8.934445770606753e-07
METTL24,8.899035095075873e-07
FGF11,8.872879581761317e-07
TNK2,8.869773867565696e-07
ANO8,8.816318761248829e-07
ZSCAN16-AS1,8.741247313984687e-07
SUN1,8.738541275380035e-07
NIPSNAP3B,8.670010683151937e-07
OBSL1,8.536868061733518e-07
TNK1,8.514020853474214e-07
AF111169.3,8.510156004512041e-07
SEC24D,8.422517699865673e-07
TARSL2,8.260743462540022e-07
ZNF513,8.249320799815608e-07
PCDHB13,8.137251184157722e-07
THAP7-AS1,8.113415550111893e-07
AP000253.1,7.943431436194628e-07
ZNF143,7.919599810159414e-07
CNGB3,7.629763641580612e-07
BOK-AS1,7.510888635113905e-07
DMAP1,7.453851343992069e-07
PHLDA3,7.448608196880728e-07
ABR,7.208994787403002e-07
CSE1L-AS1,7.17422506642666e-07
YPEL1,7.150419723983837e-07
ZNF436-AS1,7.074790371430373e-07
DENR,7.065868287187848e-07
USB1,6.959132884237558e-07
THAP5,6.884713762956532e-07
EAPP,6.778832967615574e-07
TMEM167B,6.767832402073225e-07
TULP2,6.698652422767077e-07
STAB2,6.670172582243776e-07
SERPINE3,6.64664764671511e-07
GALNT8,6.588082060450095e-07
SQSTM1,6.563410266449592e-07
ABCB6,6.532814301409665e-07
RALYL,6.456662843518885e-07
ZNF318,6.316612759042043e-07
TMSB15B.1,6.30888904022282e-07
DUSP22,6.250195919159086e-07
PHRF1,6.210236884270164e-07
CLPX,6.204904779947614e-07
TXK,6.156979399686729e-07
AF001548.2,6.069751382535124e-07
SNAP29,6.048913403860449e-07
TBC1D7,5.915681118491628e-07
GNL3,5.757490178467675e-07
EDC4,5.689559113197234e-07
PPP2R1B,5.638294952935403e-07
BOD1,5.416264929796941e-07
ABCA2,5.335355947558543e-07
AKR1C8P,5.291048961640698e-07
PANK2,5.175767094822424e-07
CSK,5.164886086292796e-07
CAGE1,5.090266760368797e-07
LIN28A,5.07626427164544e-07
SPAST,4.955348987129298e-07
DLGAP1,4.892215923269749e-07
BEAN1,4.868941675721336e-07
AP1AR,4.851181243847782e-07
RSF1-IT1,4.821330143460444e-07
LPCAT3,4.742817407681963e-07
ADPRHL1,4.710997228991176e-07
DDX55,4.6701038346389094e-07
ZNF799,4.645956270087383e-07
P2RY14,4.6052782173124025e-07
G3BP2,4.5070758924293686e-07
GMPPB,4.427235055283469e-07
IL1RAPL1,4.427057502341834e-07
SLC45A1,4.216314134530037e-07
MOSPD1,4.173101747611694e-07
AASDHPPT,4.15700363833659e-07
WASHC2A,4.142329564028386e-07
ZNF792,3.990945413361218e-07
SEPTIN9-DT,3.936622653207527e-07
TPMT,3.89615866768913e-07
PLCE1,3.878355278457239e-07
SLC51B,3.866636791252352e-07
SCO2,3.8469666437079764e-07
PRTG,3.74847268859559e-07
MAML1,3.7257889853133947e-07
ESYT2,3.718931580574883e-07
SILC1,3.623513336705372e-07
LIN37,3.601531017150487e-07
ZNF707,3.579843288698848e-07
SEC14L6,3.523144385259959e-07
SCGN,3.5189986743346616e-07
EIF2B4,3.387205220536023e-07
SLC25A34-AS1,3.3705883472785285e-07
AUNIP,3.2989459550427576e-07
PCDHB16,3.051820478098779e-07
LMNTD2,2.762413333927475e-07
GPAT3,2.597940331915962e-07
ZNHIT3,2.464727843625602e-07
KCNJ3,2.3827003477402786e-07
HDC,2.3612385787303298e-07
ARHGEF15,2.2624365227589979e-07
SYCE1L,2.1527506419509122e-07
FSD2,2.145075157529459e-07
ISL2,2.132102647894723e-07
STX12,1.969074996016771e-07
FBXO17,1.9379038319977765e-07
NSMCE3,1.925734647963888e-07
COQ7,1.897601003908917e-07
SNHG1,1.7954683412483274e-07
PIM2,1.731500689040969e-07
CDK5RAP3,1.7038567153877722e-07
AP000254.2,1.685860287422246e-07
KL,1.632183713983103e-07
STRC,1.6232151836499453e-07
CHRNB4,1.524929158995173e-07
ZNF821,1.5163424947055708e-07
SLC35B4,1.477859542821964e-07
KRT15,1.232085320745873e-07
KCNV2,1.1963781814612785e-07
SMIM10L1,1.1810574192231146e-07
KLHL33,1.073286519271131e-07
TCEAL1,9.070331194288795e-08
NLRP5,8.952520750480875e-08
LDLRAP1,8.880669447017004e-08
NT5C1B,8.24285023811357e-08
LMX1B,7.790533433599489e-08
CEP68,7.693346148357779e-08
GJA9,7.227593446488395e-08
CNTROB,6.576340793554111e-08
PNMA1,5.672245087779267e-08
FLYWCH2,4.84484060729995e-08
SATL1,4.31889939124519e-08
FP565260.6,4.309640912844975e-08
CALML3-AS1,4.0195155474335866e-08
ADPGK-AS1,2.604398968731872e-08
TTC21A,1.3459616143789348e-08
ARLNC1,7.341756724457303e-09
WDR61,-1.2635116887999065e-08
PSMD6-AS2,-1.7686659980228933e-08
UPK2,-2.600376657084912e-08
PWRN1,-2.6151909917804875e-08
ZNF354B,-2.9115204985283923e-08
TRAF3IP2-AS1,-4.8300607777346925e-08
MIR4458HG,-5.0067346843667744e-08
CTCF,-6.257672377550568e-08
GABRB2,-7.877036335521465e-08
CELF2-DT,-8.047024725715547e-08
ZNF691,-9.043272553315604e-08
ZNF22,-9.270684699301572e-08
SNHG21,-9.559952890453374e-08
TMX3,-9.847784141165809e-08
EWSR1,-1.0042030317044208e-07
UAP1,-1.0589862109339649e-07
KLHL14,-1.1127738809459827e-07
P4HA2-AS1,-1.1367586541293193e-07
STARD3,-1.187393947069572e-07
FHDC1,-1.3169569121650785e-07
KLC2,-1.379308719916315e-07
LRRC2,-1.4119545036641357e-07
TMA16,-1.4841285192224466e-07
TCTA,-1.5655558670942985e-07
HIKESHI,-1.6657493048524625e-07
NUS1,-1.689956818948576e-07
PPP1CC,-1.799655958441342e-07
SLC22A13,-1.830656798591054e-07
ADPRM,-1.871412332907765e-07
AKR7A2,-1.8794534602076027e-07
ZNF667,-2.0310999180107282e-07
ZNF674,-2.1090149334647907e-07
PDE6C,-2.158983310449113e-07
KIAA1549L,-2.182370170029711e-07
ZMAT4,-2.448868626688755e-07
PHF19,-2.49338030749844e-07
DPYSL5,-2.5438201934646734e-07
ST3GAL6,-2.587176308346497e-07
ABHD15,-2.591273087050917e-07
PPM1F,-2.629925843298274e-07
CPLX2,-2.675608343157419e-07
ATOH8,-2.78072949057242e-07
RNF40,-2.827800530753288e-07
MYO1H,-2.888397802032096e-07
BIRC2,-2.952341346844421e-07
JPH3,-2.9953866023761974e-07
SEC13,-3.050898140673395e-07
MAP1LC3B2,-3.055825348534304e-07
DSEL,-3.058039535626653e-07
ANXA13,-3.0830393240655924e-07
ZNF57,-3.090669409079713e-07
EPOR,-3.101946268488581e-07
CBLL1,-3.105829702076917e-07
NPIPB6,-3.1270735534308825e-07
RASSF10,-3.139654340790795e-07
GOLGA6L10,-3.28942255815976e-07
ZNF324B,-3.301595853434584e-07
FHL2,-3.371596379358778e-07
BEST4,-3.4116216493183257e-07
CIPC,-3.440092043754189e-07
APBA1,-3.633473524648856e-07
LYG1,-3.6964831017393307e-07
KCNMB4,-3.719786561672616e-07
KLHDC9,-3.729905460419737e-07
TUBA4B,-3.902503027356259e-07
SYT14,-3.909472733981612e-07
CDH9,-4.236230485397039e-07
IAH1,-4.344581166542842e-07
TPRN,-4.592962007234814e-07
FAM227B,-4.641745608429407e-07
ZFR2,-4.6709841031716555e-07
SMUG1,-4.891003999161792e-07
IPO9-AS1,-5.012120858535973e-07
LRRC8E,-5.084539885611403e-07
HDDC3,-5.261785797801504e-07
ANKRD7,-5.307010617897481e-07
ARHGEF40,-5.33821984902446e-07
SEL1L2,-5.365431481301641e-07
DLEU2,-5.402343219670878e-07
C12orf43,-5.415897786814954e-07
GAS2L3,-5.53455916346464e-07
YTHDF3-AS1,-5.563073287115713e-07
CYB561D1,-5.565848300089366e-07
FAM245A,-5.849033650524673e-07
AP001021.3,-5.893452958954152e-07
EIF2AK1,-5.95166625199961e-07
LCMT1,-6.05766905862887e-07
NEK1,-6.064948980458795e-07
PPP1R14C,-6.08305884268262e-07
GART,-6.163994762122571e-07
RAVER1,-6.186342002781274e-07
TTBK2,-6.287203848347423e-07
ZNF219,-6.312114747030254e-07
SIRT6,-6.330934244031197e-07
HDAC11,-6.44029128267066e-07
BMP8B,-6.453177825966082e-07
ABTB2,-6.473132575224798e-07
RECQL5,-6.513536633080362e-07
SSPO,-6.55402462470815e-07
DBN1,-6.617748370622239e-07
BORCS7,-6.764133192924171e-07
EIF2B5,-6.864925097756464e-07
TMEM132C,-7.10475145233518e-07
RAD51AP1,-7.21368434860793e-07
SARNP,-7.350168452175242e-07
ZNF429,-7.413101944651243e-07
SPPL2B,-7.462479215959817e-07
ARMCX1,-7.475128153056612e-07
VSIG8,-7.560655984544427e-07
KANSL1-AS1,-7.608850736595085e-07
SRGAP2,-7.613739343140181e-07
DNAJB5,-7.63498710830135e-07
GDF5,-7.709739756989839e-07
SULT6B1,-7.734428217464863e-07
EPHA5,-7.892068598016025e-07
ZNF790,-7.951908855498916e-07
C1orf50,-8.020906255030297e-07
IDO2,-8.02108809538577e-07
BX284668.5,-8.040528670469759e-07
NRIP2,-8.043493826519285e-07
TINCR,-8.085748764581221e-07
ZNF343,-8.175256487808391e-07
WDCP,-8.178520696706308e-07
HSD11B1-AS1,-8.328992123668637e-07
FA2H,-8.422936140430052e-07
CPNE3,-8.467100471153943e-07
ZNF596,-8.498047485411318e-07
DDX56,-8.505985542011636e-07
CLEC4A,-8.563837310685149e-07
TRIM39,-8.612631123877816e-07
SRRM3,-8.649324746146478e-07
ZNF766,-8.661719589512697e-07
OR10G3,-8.675346408420224e-07
PPP1R3D,-8.745960747471568e-07
AP001885.2,-8.848152712571901e-07
SPDYE2,-8.854610548698925e-07
TM4SF1-AS1,-8.87758330726331e-07
CDC42BPB,-9.027031032544332e-07
DDX1,-9.076141121643032e-07
MTFR2,-9.188845128949838e-07
ATP6V0E2,-9.212403193110832e-07
L3MBTL2,-9.25672587803853e-07
RPUSD2,-9.41321274024239e-07
ADAM20,-9.440349863581816e-07
PCP4L1,-9.45716607041434e-07
BX537318.1,-9.539221988619826e-07
CLN3,-9.54544695896432e-07
SLC37A4,-9.550539186505436e-07
CARS-AS1,-9.59687825119333e-07
PYURF,-9.636920986548006e-07
HEY1,-9.7247395637302e-07
HIPK1-AS1,-9.80901597812436e-07
KMT2B,-9.861600314982607e-07
WFIKKN1,-9.910706535705384e-07
HERPUD2,-9.98346583146368e-07
SLC5A3,-1.0082391206109487e-06
EML6,-1.012724804522794e-06
APEX2,-1.0203808297391186e-06
C10orf25,-1.0209179642097724e-06
MYH13,-1.034368659146185e-06
PITRM1-AS1,-1.0409264498488189e-06
CNOT3,-1.0469978793762926e-06
DHX37,-1.047637688877794e-06
SLC6A7,-1.0500731293004838e-06
SCN1A,-1.0630309094254304e-06
SREBF1,-1.0650289951060212e-06
SRPK3,-1.0825446477576092e-06
PHYHD1,-1.0901134960782976e-06
PHACTR1,-1.0967582375999867e-06
HGSNAT,-1.1009691759343034e-06
DGAT2,-1.1099856953603929e-06
POLR2A,-1.1146338098038351e-06
PIN1,-1.1155746150113976e-06
Z82217.1,-1.121224112634605e-06
SNAP23,-1.1487934664170777e-06
AP005136.3,-1.167046399988115e-06
C11orf53,-1.1758809942742425e-06
GABRR2,-1.1852879981701793e-06
LUADT1,-1.1949740524990522e-06
CCDC121,-1.1955078683235253e-06
PGS1,-1.198267796494816e-06
IBA57,-1.2053001586278853e-06
CCDC174,-1.2105039545429295e-06
SSBP3,-1.21524864717288e-06
ATP2C2-AS1,-1.2162090154436306e-06
CYBC1,-1.2291515561007182e-06
CDKN2AIPNL,-1.2348807661218498e-06
FAM66D,-1.2364209227051528e-06
OGN,-1.2398001956801286e-06
FSCN2,-1.2401734686448215e-06
CA6,-1.243979158756336e-06
Z99289.1,-1.2442157489805417e-06
SPSB1,-1.250250283467956e-06
SUV39H1,-1.2512397407647017e-06
MKKS,-1.2514333636012386e-06
NBAT1,-1.2601471181851951e-06
KIF1B,-1.2608930764080492e-06
NLRP7,-1.2653251741405611e-06
PP2D1,-1.2700548896201896e-06
HOPX,-1.2856677913486203e-06
INPP5A,-1.2897657551682316e-06
CDC20,-1.29037941052467e-06
PPP2CB,-1.2933811848409717e-06
IL18RAP,-1.3016182086691115e-06
CARD16,-1.3091455606442645e-06
PCNX1,-1.3281017315342352e-06
NHLRC2,-1.3393478789526085e-06
CCDC78,-1.3440360701907407e-06
ADAM22,-1.345781434356768e-06
PRRC2B,-1.3551263331942355e-06
STRN4,-1.3604533486878063e-06
FAM66A,-1.366839558035525e-06
MED28,-1.3713681938217738e-06
LAT,-1.402789732436774e-06
PDE6G,-1.4045793195236223e-06
GSTT2B,-1.4076133965317908e-06
SOX2,-1.4077301795580003e-06
COL21A1,-1.4125310659208866e-06
HIST2H4B,-1.42657236169876e-06
GNG4,-1.4346420782145638e-06
CNKSR3,-1.4353671729929034e-06
LUZP2,-1.4380020056293751e-06
SRRM4,-1.442191298049122e-06
PTCHD1-AS,-1.449296447420076e-06
VCL,-1.450312618784035e-06
PSPN,-1.4571947625229895e-06
CARD9,-1.4694797875747209e-06
TRIB1,-1.483523544415512e-06
FANCF,-1.4839830048420211e-06
FAM66B,-1.5201009098152632e-06
KCNG2,-1.5298780611878646e-06
PEG13,-1.5384460331830334e-06
ZFYVE26,-1.5459383661530152e-06
CPSF3,-1.5605340395211697e-06
GALT,-1.567529878084523e-06
C1orf174,-1.5675890991986118e-06
ZNF865,-1.5828275945066797e-06
TFR2,-1.5844668568524958e-06
CITED4,-1.5850672357778769e-06
MDC1-AS1,-1.5947033242507465e-06
MFSD6,-1.5948844036416504e-06
DRC7,-1.6189136770985542e-06
RHAG,-1.638973377372363e-06
MEF2C-AS2,-1.6610840386044918e-06
ZNF317,-1.6639213002883512e-06
NRG2,-1.6715365286257502e-06
SSPN,-1.6749477936982735e-06
SNRK-AS1,-1.6812041115404389e-06
CLTC,-1.6815583315637115e-06
CASP8AP2,-1.6834163485775637e-06
CGREF1,-1.6849795238556129e-06
TCEANC,-1.6899901799463505e-06
FAM136A,-1.6924253615330045e-06
DEPDC7,-1.6947796261192693e-06
CYSLTR1,-1.7012799257532673e-06
LMNB2,-1.7134199857111392e-06
TEX30,-1.7162729040210015e-06
INSC,-1.722687562088201e-06
SAP30,-1.7229876222891004e-06
FAM53A,-1.7245501473552025e-06
SLC44A4,-1.727931353340999e-06
LIMK1,-1.7281613757915049e-06
MYOT,-1.7305597106782485e-06
TPPP,-1.7322106919320946e-06
CRYBG2,-1.7371065854386188e-06
PEX11G,-1.7371231474624818e-06
ZDHHC5,-1.7447330062488812e-06
CARMIL2,-1.74750145328479e-06
NUDT21,-1.7636214523802069e-06
AP003467.1,-1.7654650380777414e-06
CCDC25,-1.765465622800368e-06
STK32C,-1.7671250315002126e-06
PLOD2,-1.7957611014779816e-06
RBP5,-1.797140011756065e-06
ARHGAP26-AS1,-1.7973238432057074e-06
GLIS2,-1.8048521634988891e-06
FAM78B,-1.8551769819579876e-06
FGFBP3,-1.8566220224766235e-06
COPB2,-1.858965557789552e-06
RFX4,-1.860937907941624e-06
NR5A2,-1.867770849972064e-06
SHFL,-1.8760611770988977e-06
CCDC15-DT,-1.8804270961417904e-06
ZFHX3,-1.886027180687888e-06
CA10,-1.8863500321038497e-06
ZNF746,-1.8901841285732983e-06
RARB,-1.890830741433621e-06
ISCA2,-1.9058850959746207e-06
METTL1,-1.9072278314994724e-06
SEMA4D,-1.9306302982492524e-06
NOS2,-1.9311090174915044e-06
RTKN,-1.940752114129625e-06
MEIKIN,-1.943464159450533e-06
MAN1B1-DT,-1.956863453453097e-06
TSC22D1-AS1,-1.9622427448661383e-06
UBL3,-1.9640840066927838e-06
BCL2L11,-1.9737857779589705e-06
ZNF274,-1.982004264935453e-06
VCPKMT,-1.9842160438590365e-06
VPS4B,-1.985921687482001e-06
AKAP3,-1.99372975534592e-06
KIAA2026,-1.994832100425772e-06
PAIP2B,-1.998135818550345e-06
RCE1,-1.9993873877237727e-06
LRIG2-DT,-2.011708283040727e-06
PLAAT5,-2.0203810404761824e-06
ST8SIA6-AS1,-2.0301902980568154e-06
DACT3,-2.0418085727052505e-06
MED10,-2.041956713200059e-06
MOB3C,-2.045818864702672e-06
ZNF582-AS1,-2.0463843847673637e-06
CENPT,-2.054514490205715e-06
CHODL-AS1,-2.0570429446736105e-06
GRM6,-2.063428222439165e-06
IDH2-DT,-2.064629102175533e-06
TAP2,-2.064918823990314e-06
GUCY1A2,-2.0771933299641505e-06
FEM1C,-2.0829531542125586e-06
KMO,-2.087047869246847e-06
ELP6,-2.090706319779454e-06
CERNA2,-2.101368778004097e-06
EEF1AKMT3,-2.1045756887489127e-06
MED13L,-2.10523267471375e-06
RTEL1,-2.1074575458171303e-06
NAT10,-2.116878607943446e-06
MIB2,-2.1177774237834786e-06
ARNTL,-2.1179346233576618e-06
TNR,-2.126914024995048e-06
GFRA2,-2.132554636910496e-06
CASP7,-2.1459058074968903e-06
TMPRSS13,-2.158495589427356e-06
VILL,-2.1627085541792703e-06
PRDM7,-2.16312990886789e-06
MPP7,-2.1727472904668187e-06
ATAD3C,-2.180405660546684e-06
MFSD2A,-2.1820432318672747e-06
KBTBD11,-2.1888180224598894e-06
UBE2D1,-2.1964176954165583e-06
MEP1B,-2.1966306047948167e-06
GMEB1,-2.198472894472263e-06
ATG13,-2.214872180872167e-06
B3GNT5,-2.220530381791389e-06
ETV1,-2.231289284304044e-06
SLC27A5,-2.2325797012838907e-06
KCNQ4,-2.249514205359737e-06
FOXO6,-2.2504652629122184e-06
OTUD7A,-2.2662277443560853e-06
IGFL2-AS1,-2.268420270668815e-06
GRB10,-2.2723487295667047e-06
FAH,-2.27627070693146e-06
EPN3,-2.285206733601956e-06
KCNC4,-2.295754987179096e-06
ATF2,-2.314021328145948e-06
PEX11A,-2.319480439760845e-06
AP003117.1,-2.330284129929255e-06
BCLAF1,-2.33624982854886e-06
RAB3A,-2.3394818990368157e-06
BPI,-2.3622421637683937e-06
PAQR6,-2.365684825277668e-06
XRCC1,-2.371114090011054e-06
PLCE1-AS2,-2.3881811021079625e-06
LRRC61,-2.390835365579343e-06
FAT3,-2.391475776753074e-06
DCTD,-2.403906013354761e-06
SH3BGRL2,-2.405796767661158e-06
PMEL,-2.409268111728664e-06
CYB5R4,-2.413221869896325e-06
ZPBP,-2.4191150798351868e-06
AP005329.2,-2.4367586709184432e-06
EFCAB8,-2.4391837721972624e-06
CHURC1,-2.444248381819675e-06
FLVCR1-DT,-2.447334457323513e-06
TCERG1,-2.4509355721884737e-06
POLR2B,-2.452106633629362e-06
CYB561A3,-2.456373626292165e-06
DOCK4-AS1,-2.475689090520434e-06
GLRA3,-2.4807647401660943e-06
PNMT,-2.4864273870453387e-06
MED6,-2.4889951957666087e-06
JDP2,-2.491494492550324e-06
DIRC3-AS1,-2.513620191289628e-06
NPIPA9,-2.515805191060377e-06
ARL14EP,-2.51582213396022e-06
ASTN2,-2.519888233642889e-06
PCDHB11,-2.5200977489087983e-06
RAB7A,-2.521679575430113e-06
MZT1,-2.5236395409079123e-06
ZNF232,-2.5312777915442545e-06
AP005131.3,-2.5449286327920703e-06
STX1B,-2.550720441076153e-06
SLC16A6,-2.564398506302872e-06
CCDC142,-2.569235868226163e-06
GEMIN4,-2.5716345271424668e-06
SRP72,-2.578637149347464e-06
SCX,-2.5793531310710904e-06
GON7,-2.5845301153359947e-06
AF131215.6,-2.586630410262758e-06
SUSD3,-2.6132549882849315e-06
ECHDC3,-2.6134298195763607e-06
WDR43,-2.618121116876104e-06
GLT1D1,-2.6361689599324774e-06
ZBTB43,-2.638766368593261e-06
TRA2B,-2.6397777556297288e-06
EIF3H,-2.6477231147263484e-06
ARHGAP22,-2.649673290283544e-06
UBASH3B,-2.6549339272075363e-06
PAX3,-2.6609917255559873e-06
MMRN1,-2.6634060827897418e-06
WNT3,-2.6662341457868518e-06
PLEKHJ1,-2.670266491448078e-06
GML,-2.6767554069032147e-06
AK7,-2.678029381371648e-06
AP004147.1,-2.6899451397757973e-06
SMIM11B,-2.697448291121684e-06
FAHD1,-2.69765488343572e-06
TSPAN17,-2.704143961873378e-06
TMEM198,-2.749003449997621e-06
PODXL2,-2.7562031717924448e-06
ADGRD1,-2.770125250530589e-06
TPH1,-2.783310633438412e-06
BCL2L2-PABPN1,-2.794319959534632e-06
SENP5,-2.8058399078114435e-06
KCNK4,-2.8058656400805244e-06
PKHD1L1,-2.8066946289629114e-06
PRG2,-2.811450582067112e-06
REC114,-2.832157049000194e-06
SLC4A3,-2.8341833240247825e-06
SMTNL2,-2.836792179919557e-06
TBC1D20,-2.8389139312513734e-06
PCDHGA6,-2.855306685937426e-06
TMEM268,-2.875692621359137e-06
AP001363.2,-2.8840665717084253e-06
GALNT4,-2.9018141026758823e-06
RUVBL1,-2.9048719008051896e-06
WFDC3,-2.920597679956241e-06
MPZ,-2.9247041376950725e-06
GCSAML,-2.926494676405093e-06
TEX264,-2.9314068438545325e-06
THOP1,-2.948561119111168e-06
MRPS23,-2.9556891959912736e-06
C5orf46,-2.9663769420973403e-06
DUXAP8,-2.9985707202370177e-06
BTF3L4,-3.0058952309320413e-06
CPT1B,-3.0142790642279217e-06
C7orf61,-3.0269924696321624e-06
FH,-3.062751411020071e-06
ECD,-3.0654339471216296e-06
PAN3-AS1,-3.0709290266099918e-06
ARTN,-3.079787336770845e-06
OR2F1,-3.083613570861293e-06
CCNK,-3.085744173816084e-06
C2orf72,-3.10504591052326e-06
ZBTB47,-3.107236645536704e-06
CPB1,-3.118446021053471e-06
ADAR,-3.118794293500688e-06
STOML1,-3.1227460965222467e-06
BRD8,-3.140515100709469e-06
APOBEC2,-3.1422123880740195e-06
ATP7B,-3.144989551556124e-06
WDR55,-3.1608262588378355e-06
C4orf47,-3.1633592327951543e-06
FRA10AC1,-3.173614064950098e-06
CCNDBP1,-3.18039191302335e-06
HIST1H2AE,-3.1843938472610142e-06
RFFL,-3.18755092659438e-06
PCDHGB7,-3.1916965413007885e-06
FGF12,-3.19299098349474e-06
TARBP2,-3.199057841783942e-06
CXCR5,-3.2037367836705808e-06
NAIF1,-3.205339365647244e-06
HNRNPC,-3.212791709696592e-06
HTR3B,-3.2327567717292223e-06
PEF1,-3.2346436130164825e-06
SPEG,-3.2355039445090843e-06
CIR1,-3.238044594284257e-06
CYP4V2,-3.247263279318792e-06
FRMD4A,-3.250129662768536e-06
ZNF439,-3.2560391444125376e-06
FKBPL,-3.2617230562789985e-06
KCNB2,-3.268298868503513e-06
RPA4,-3.2749253680168724e-06
PLEKHH2,-3.274961849814449e-06
IL11RA,-3.2821708454929915e-06
GRB14,-3.290513295738509e-06
DHFR2,-3.304930838959582e-06
RELB,-3.309412908571691e-06
FAM216A,-3.316419185802067e-06
MOSPD2,-3.327707053002021e-06
SLC26A10,-3.334357626697621e-06
VOPP1,-3.344723811941347e-06
EPHA2,-3.35940508037944e-06
ANKRD42,-3.360647663380939e-06
VPS4A,-3.361142543394817e-06
CDH20,-3.3634968504098397e-06
PAMR1,-3.366380027848256e-06
GET1,-3.370049653236972e-06
PAGR1,-3.385131653624524e-06
EOGT,-3.3876398915670068e-06
TRIP10,-3.3904260247498505e-06
SLC39A8,-3.392870685677627e-06
CDK10,-3.410108310856997e-06
SH2B2,-3.4374864438240904e-06
RSBN1,-3.4376969253808767e-06
AP001160.4,-3.441995523187338e-06
DLL1,-3.4467383531810123e-06
MMUT,-3.4546504799799262e-06
C18orf21,-3.4566936154250976e-06
TEX36,-3.4607624380862143e-06
SMAP1,-3.4651074233445e-06
STAT6,-3.468570927656464e-06
FAM71E1,-3.4704431598485168e-06
P4HA3,-3.4734146466080626e-06
MTCH2,-3.4765970060602023e-06
PLEKHA2,-3.488827222631106e-06
Z93241.1,-3.4893735188977637e-06
DNHD1,-3.494697953736849e-06
SLC12A9-AS1,-3.497274624278648e-06
ZEB1,-3.5088528224142048e-06
FAM3D,-3.5109842116134182e-06
HIST1H2BG,-3.515106813966877e-06
ARL11,-3.524248224738232e-06
CDCP1,-3.5325537185052678e-06
NTNG1,-3.5402966057674437e-06
CLEC5A,-3.5481978669796333e-06
C21orf91,-3.5631340479392013e-06
TEKT3,-3.5707901070149687e-06
RNF112,-3.57380717042492e-06
NOX5,-3.584960660903397e-06
SNHG32,-3.5868902441006848e-06
PPCS,-3.5886769107657825e-06
NRAV,-3.5924872700721923e-06
RBBP5,-3.5983081880100017e-06
PALM3,-3.6159526210584632e-06
TUFT1,-3.616763045612105e-06
AMN1,-3.616860665627504e-06
EXOSC10-AS1,-3.625441291530504e-06
ZNF503-AS2,-3.629811388331104e-06
MEF2C-AS1,-3.6424657511857258e-06
RNF14,-3.644830673778651e-06
ZNF564,-3.645994267427697e-06
CXorf40B,-3.6494738149594377e-06
MOB3A,-3.649884569468299e-06
SLC6A13,-3.654822324076023e-06
TRAFD1,-3.65620187436244e-06
FXYD1,-3.665092220451337e-06
TSPAN16,-3.6840652425905615e-06
ONECUT2,-3.690050354552124e-06
TMPRSS15,-3.6963098048903054e-06
TRMT5,-3.711776941100564e-06
RAD51C,-3.734918688504676e-06
KATNBL1,-3.739038829116417e-06
FBXO39,-3.753950428091046e-06
GGPS1,-3.774690562407737e-06
AASS,-3.782278313028105e-06
DHFR,-3.786176769391653e-06
BAIAP2-DT,-3.7939439161311023e-06
FO393401.1,-3.797534855176609e-06
ABHD15-AS1,-3.799789553263971e-06
UTP18,-3.802644657409628e-06
SLC35F1,-3.806476617699509e-06
SUN3,-3.807231463682292e-06
PFKFB3,-3.80852976489313e-06
QPRT,-3.815399166712002e-06
HIST1H2BH,-3.815936448723007e-06
OSER1-DT,-3.845684514172825e-06
KCNH7,-3.846565289816593e-06
TYRO3,-3.857835423224468e-06
ATG4D,-3.875485751527298e-06
ERF,-3.876465166981863e-06
MYBPC1,-3.878412239062638e-06
ZNF571,-3.878963118199809e-06
SEMA4A,-3.880985689907733e-06
MCAT,-3.88344792399679e-06
AP001830.1,-3.9285304346528886e-06
LDB1,-3.934503067823084e-06
TMEM71,-3.939917201698136e-06
MKLN1-AS,-3.94345862333879e-06
MRPS5,-3.944506598940809e-06
F2RL1,-3.9561617256529424e-06
ZNF32-AS3,-3.961478064147523e-06
ITGB5,-3.966733470230408e-06
CNST,-3.972112026881804e-06
ERICH6B,-3.9781908234935455e-06
ANKRD40,-3.989389503982243e-06
THRB-IT1,-3.990388766789379e-06
PRRC1,-3.993077931251059e-06
NUDT16,-4.005270068180294e-06
SMIM18,-4.006813042892818e-06
RP1,-4.007918276132778e-06
IGLON5,-4.01606454925295e-06
IGF2BP1,-4.016356598782036e-06
KCNG1,-4.019225320695546e-06
BCL10,-4.020625780195552e-06
SMARCB1,-4.023051895689222e-06
LHX4,-4.0314189972438754e-06
USP18,-4.036606280352663e-06
TBCA,-4.052933001690539e-06
C10orf55,-4.054506707462336e-06
AP000873.4,-4.070853251563602e-06
SAAL1,-4.095787574277121e-06
HIST1H3D,-4.1152368384233005e-06
CRYBB3,-4.118530014487641e-06
ADORA2A-AS1,-4.154337828085172e-06
MED12,-4.154740858124982e-06
CCDC13,-4.16471024965043e-06
ULK3,-4.167634264365347e-06
BACH1-AS1,-4.172590398552062e-06
ZMYND15,-4.184274441349381e-06
SEMA3D,-4.18731761480946e-06
THAP3,-4.197264593596963e-06
CDKN2D,-4.200588783278245e-06
BFSP2,-4.217196266556735e-06
MYZAP,-4.220249880242978e-06
NLRP8,-4.222841229758377e-06
LRRC57,-4.229221177153514e-06
MMRN2,-4.250826352637886e-06
MTF1,-4.256748715026806e-06
IL2RB,-4.263406108633027e-06
ADGRG7,-4.26737476271624e-06
WDR45B,-4.273697851573177e-06
IST1,-4.279131476319054e-06
ZNF765,-4.282272284768262e-06
THORLNC,-4.302264825538302e-06
USP9X,-4.310446242825921e-06
TNF,-4.316401364529025e-06
SYNC,-4.324351234442885e-06
CPEB2,-4.346239714973886e-06
CCDC89,-4.38706231660811e-06
RRAD,-4.402687728015642e-06
ST8SIA5,-4.40861514010707e-06
CNTNAP5,-4.413466890221119e-06
NSMCE4A,-4.413646251995042e-06
TACO1,-4.419037219648461e-06
SRD5A3,-4.446197702506392e-06
ATP2B4,-4.4474280485126685e-06
MTAP,-4.459412460504847e-06
KLKB1,-4.463523470927595e-06
ABHD5,-4.468653955890342e-06
KREMEN2,-4.468837158662959e-06
SUPT6H,-4.473649011172532e-06
AF064860.1,-4.498525158949793e-06
EIF4A2,-4.499103448805101e-06
SNHG10,-4.504732294123051e-06
WDR83,-4.506536883549837e-06
CHP1,-4.51455139474147e-06
PARP12,-4.517983882596035e-06
TBC1D10A,-4.531771571906555e-06
KLHL12,-4.546769050505089e-06
KCND1,-4.552948311072143e-06
SAT2,-4.55397126355022e-06
PLEKHA4,-4.555269545583927e-06
MAP3K19,-4.556201685455502e-06
KDM8,-4.55712458638552e-06
MUS81,-4.566661988159659e-06
SMIM41,-4.568623559984398e-06
SPART,-4.582487086850104e-06
ESD,-4.609164444760329e-06
MIR133A1HG,-4.60936847160295e-06
WNK4,-4.635382980681786e-06
SMS,-4.636889667963212e-06
DGUOK,-4.6567440295602125e-06
RPUSD1,-4.657662066106355e-06
PLGRKT,-4.661283701763767e-06
SNTN,-4.679719838058165e-06
CYP3A7,-4.682735785131343e-06
ZDHHC9,-4.685502262616081e-06
CREB3L2,-4.69682049129416e-06
PITHD1,-4.70028598651483e-06
HLA-DOB,-4.701884271914699e-06
ORAI3,-4.702512053099791e-06
VAMP1,-4.70882967662092e-06
RMRP,-4.7110373589680575e-06
CCDC168,-4.71648658949973e-06
PRR5,-4.720461046512313e-06
MKRN1,-4.72211750153274e-06
SMIM35,-4.723206923324827e-06
RABGGTA,-4.726858503525532e-06
JMJD7,-4.733415649680449e-06
TAFA5,-4.734793573753816e-06
SNX22,-4.737853118296525e-06
CCT3,-4.7418688586421964e-06
UNC119B,-4.7439775846018176e-06
AP000593.4,-4.757474885302853e-06
ETV2,-4.761303677251314e-06
ALDH1A2,-4.776860320377174e-06
AP002748.6,-4.777783803230608e-06
R3HDML,-4.779804965862365e-06
FGF22,-4.7807274724356176e-06
PRKAB2,-4.7935203740841615e-06
PPP1R35,-4.798754925916556e-06
CSPG4,-4.801156172414914e-06
Z98884.1,-4.815467870363038e-06
TMEM237,-4.8238956125166014e-06
SIX4,-4.835792156476845e-06
GPI,-4.844864332456854e-06
H1FX-AS1,-4.853470090982537e-06
RASSF8-AS1,-4.871689647764089e-06
SP1,-4.904645887296073e-06
CELA2B,-4.906483776903245e-06
CXCR6,-4.910869428578082e-06
BRINP1,-4.924140335069964e-06
NOL8,-4.933071626544703e-06
TRIM5,-4.934851835253694e-06
FAM167B,-4.941995650086774e-06
RSAD2,-4.9525936384304e-06
KIAA2012,-4.9534910634565935e-06
SEPTIN14,-4.964256890336594e-06
GET4,-4.981397966046337e-06
KCNK12,-4.9869704532636e-06
EPPK1,-4.994131365288198e-06
ABALON,-5.001237732038271e-06
TXNL1,-5.020182929714221e-06
FNDC3A,-5.056089923980578e-06
PCDH19,-5.08458973067107e-06
C1orf210,-5.085288948502588e-06
LIFR,-5.088396034344317e-06
KIAA0355,-5.091524660635007e-06
NTRK3,-5.092239108737007e-06
GTF3C1,-5.099608583622873e-06
ZNF622,-5.102704167995958e-06
AP5Z1,-5.115876545355257e-06
PDP2,-5.1364679195375306e-06
CRIM1-DT,-5.143026953239554e-06
CYB5B,-5.143350945434374e-06
HSD17B14,-5.1589033837759e-06
PPP1R10,-5.176448524432329e-06
FUT8-AS1,-5.192760283988542e-06
GALNT13,-5.199382090651154e-06
MARCOL,-5.20107631542588e-06
ARHGAP45,-5.216021505896411e-06
TMEM200B,-5.219153179132146e-06
HOXA5,-5.22603362307363e-06
PANX2,-5.232021664058748e-06
SYPL2,-5.235602309935695e-06
CRB1,-5.2454014077484e-06
TSPAN33,-5.25238696088442e-06
THAP10,-5.264208691548852e-06
TMEM80,-5.264243309359148e-06
C11orf91,-5.270887653273513e-06
GPR174,-5.280148597117303e-06
PURPL,-5.293266412480443e-06
HESX1,-5.294263302413097e-06
ZBED6,-5.309380988132183e-06
KCNH4,-5.319770633265615e-06
PARP3,-5.327924274805777e-06
PPP2R2B,-5.333063465346908e-06
AP002498.1,-5.335207607968409e-06
ENTPD7,-5.338499066127662e-06
ZPLD1,-5.370130608382333e-06
SNRNP35,-5.383159661678456e-06
CCT2,-5.388483901757574e-06
AGPAT5,-5.38901994574829e-06
FOXH1,-5.389629616341199e-06
MAPK13,-5.401444790353798e-06
NREP,-5.402136441979898e-06
SMG7-AS1,-5.410181333667666e-06
DLGAP1-AS2,-5.411311563117531e-06
CLDN12,-5.422760618895766e-06
NEXMIF,-5.424437372461845e-06
KIAA0513,-5.4285328508192e-06
TMEM184A,-5.437373593677471e-06
ZNF813,-5.439127326654961e-06
SERF1A,-5.441946806387445e-06
MEGF6,-5.4504773810042e-06
SPSB3,-5.459544837493599e-06
KCNE1,-5.462699026514984e-06
AF038458.3,-5.472519938010301e-06
SEPTIN11,-5.475245242072902e-06
MYC,-5.482042303916989e-06
LPIN2,-5.488317163955635e-06
SMTN,-5.494410185683853e-06
LIMD1-AS1,-5.494455945762848e-06
GDAP1L1,-5.499577145604386e-06
KIAA1143,-5.504807615677361e-06
MAST3,-5.507072177561966e-06
HSBP1L1,-5.509443150452415e-06
GRID1,-5.512347898466245e-06
KBTBD7,-5.5134258484083726e-06
PSKH1,-5.537845268105087e-06
KCNJ14,-5.538483800338227e-06
RASGRF1,-5.539297594985293e-06
STARD4,-5.5397178140182605e-06
RBM7,-5.556964590501628e-06
CSTF2T,-5.5620060744673895e-06
CRX,-5.57602665521646e-06
EDARADD,-5.579653584861913e-06
ZKSCAN2,-5.591901647910266e-06
SLC47A1,-5.5956568340019045e-06
TNFAIP8L3,-5.598164795364512e-06
DNMT3B,-5.607501850898854e-06
TIPRL,-5.612972012831442e-06
CCDC120,-5.617992817494675e-06
TSPYL5,-5.61882503306967e-06
SGCZ,-5.633550037904401e-06
GLRA2,-5.6480988412132834e-06
PFKP,-5.661570756431449e-06
GPR132,-5.662761139905671e-06
SERPINB9P1,-5.665467171664076e-06
RSPH10B,-5.679164030120138e-06
MGAT5B,-5.689843264798431e-06
AS3MT,-5.693003214376824e-06
ZNF541,-5.709424505477552e-06
GATM,-5.733908350066251e-06
SULT1A2,-5.744248426222313e-06
RBMS3-AS3,-5.744665354294189e-06
SERPIND1,-5.750088748007387e-06
GPAT2,-5.755619249581253e-06
RASL12,-5.771817365020645e-06
FAM114A2,-5.775316275808548e-06
BOLA2,-5.777560156609993e-06
SLC23A2,-5.783004736161278e-06
MEAF6,-5.784899327303835e-06
FBXO30,-5.7859658082918814e-06
AP001439.1,-5.7901871267834845e-06
CRK,-5.811065237090306e-06
NDUFB6,-5.819681412909232e-06
SKIV2L,-5.820265588739321e-06
UNC50,-5.823129392572815e-06
ZNF197,-5.825189463968513e-06
AIFM1,-5.830984082062175e-06
NUTM2D,-5.832446489696589e-06
AP001605.1,-5.839773953617784e-06
METTL2A,-5.844256911701159e-06
CGN,-5.845801063296209e-06
ANKRD13A,-5.846069319807385e-06
FAM131A,-5.847347820830647e-06
ARMCX5,-5.851651494147051e-06
ZNF655,-5.856283096849917e-06
SATB1,-5.8591780100408924e-06
HSPA9,-5.871309144291526e-06
PTPRH,-5.881045104863272e-06
MAK16,-5.884086926955667e-06
GET3,-5.884341988912947e-06
PROB1,-5.8869122864574285e-06
ALG10,-5.890170851124686e-06
OTUD4,-5.903598139779554e-06
FOXP2,-5.9081762077885295e-06
NKAPD1,-5.918074220195261e-06
OTOG,-5.922593306180656e-06
ARHGEF3-AS1,-5.941416056639654e-06
NUP43,-5.941880117499686e-06
KNSTRN,-5.945072990509412e-06
ADCY8,-5.949109384873683e-06
C17orf113,-5.950444996619239e-06
PCSK9,-5.9504820014475835e-06
RUSC2,-5.9521455467946245e-06
ZNF692,-5.954245405120937e-06
AKT3-IT1,-5.954695028607627e-06
MYORG,-5.959028193495852e-06
ADAMTS3,-5.959198697335022e-06
PKD1L3,-5.961345334692742e-06
NT5C3B,-5.96435995815205e-06
BMX,-5.974747040308996e-06
COL8A2,-5.975005501118953e-06
MEIG1,-5.984038464975466e-06
BHMG1,-5.992345961689553e-06
ATG3,-6.014654598372403e-06
TACR1,-6.015454294033894e-06
NAV2-AS3,-6.021650795736044e-06
SEZ6L,-6.022762242921548e-06
ZNF528-AS1,-6.042947830723184e-06
AP002433.2,-6.048322447132817e-06
YEATS2-AS1,-6.052357077063822e-06
IFT22,-6.054242727116237e-06
ZNF233,-6.058376373213163e-06
GRPEL2,-6.058677311597969e-06
OPRL1,-6.058785807380074e-06
IDI2-AS1,-6.059320940385922e-06
SMCO2,-6.064774794144942e-06
ARHGEF12,-6.072378279705686e-06
CPNE8,-6.076579252567938e-06
FAM209A,-6.077523434675356e-06
CCDC26,-6.081256001264053e-06
INPP5J,-6.109716891334196e-06
RAI1-AS1,-6.118949467969617e-06
UBE4A,-6.129976879212217e-06
TMEM38B,-6.135665861348042e-06
LDHC,-6.139996187647327e-06
ENTHD1,-6.153070633555253e-06
WDR46,-6.15361093233796e-06
TXNDC8,-6.154528788893961e-06
ZFP36,-6.168176685441366e-06
ADH4,-6.174467413978001e-06
SMIM10,-6.175384747067881e-06
GIT1,-6.190166234888669e-06
AATK,-6.199193557868453e-06
SPOCK1,-6.20484247893558e-06
LITAF,-6.223602459875386e-06
OPN3,-6.254785832556653e-06
SULT2B1,-6.256157038646406e-06
USP27X,-6.271019349565041e-06
RECQL,-6.2835598414244895e-06
CC2D1B,-6.2899608530810485e-06
STAM,-6.306360293414384e-06
AP001528.1,-6.310150192543605e-06
NGB,-6.316798264935383e-06
DM1-AS,-6.321562608344294e-06
GLRX2,-6.328790874803425e-06
ELOVL2-AS1,-6.33585598334601e-06
DGCR6,-6.344251131117823e-06
EIF5AL1,-6.368246141898068e-06
BRD3OS,-6.389359279124472e-06
PKN1,-6.389899013498539e-06
CASTOR1,-6.39025360356263e-06
KCNH3,-6.390829691956443e-06
SOX9,-6.390991799742226e-06
GNGT1,-6.39451559040404e-06
RFX8,-6.39793805930147e-06
ASPRV1,-6.400368490506493e-06
ALKAL2,-6.42010179349805e-06
HECW2,-6.432027875636848e-06
ZNF500,-6.432637831550436e-06
ADCY2,-6.436665752561391e-06
CHST7,-6.440846785197563e-06
SLC49A3,-6.4695230408644295e-06
GACAT3,-6.47459102793088e-06
ZNF423,-6.493088499765241e-06
U47924.2,-6.504223736610892e-06
SLC15A1,-6.507073627457973e-06
MCRS1,-6.5168472346293125e-06
ABCC9,-6.5290461325808805e-06
OXER1,-6.531441564677996e-06
TEF,-6.554989121134877e-06
C17orf100,-6.561089627853059e-06
C19orf71,-6.568372413813742e-06
OVCH1,-6.568444984050535e-06
CADM4,-6.569366036776978e-06
SLC25A22,-6.582865683867207e-06
WDR11-AS1,-6.590764454876464e-06
FAM43A,-6.596125890293181e-06
KCNK2,-6.617915455690852e-06
CNOT7,-6.626460712743264e-06
IL23R,-6.626648590718501e-06
C17orf64,-6.629085090909459e-06
RALB,-6.629580023650883e-06
RAG1,-6.631703703831059e-06
WBP4,-6.632644105480751e-06
ERFL,-6.634904334960459e-06
LSMEM1,-6.639799870929394e-06
SPTLC1,-6.642274440025082e-06
TMEM139,-6.649084643648389e-06
ITPK1,-6.653944869561797e-06
FAM180A,-6.6558526408432605e-06
ADCK2,-6.673324571436918e-06
SETD1B,-6.675439960504633e-06
LRRTM3,-6.676531794598875e-06
ADAMTSL2,-6.6774406593884205e-06
ROS1,-6.687150670349042e-06
RILPL1,-6.706559182120823e-06
TMEM185A,-6.718856802431415e-06
CEP19,-6.736758277317308e-06
C2orf88,-6.752761586525611e-06
CLCN5,-6.753269269549104e-06
CLDN10,-6.758880357199068e-06
POGK,-6.763059884496047e-06
OOEP-AS1,-6.765070333081583e-06
RAP1A,-6.784538022526816e-06
CCDC144NL-AS1,-6.786953733955573e-06
COQ3,-6.79578579289121e-06
SCAT8,-6.79712721886774e-06
ZNF816,-6.80159596584832e-06
ZFP2,-6.802614607700039e-06
ZNF83,-6.80652157248719e-06
GCSAM,-6.81197428239469e-06
DIO1,-6.8128278469981705e-06
ST6GALNAC3,-6.833131192407433e-06
AP001885.3,-6.849628789905071e-06
ANKRD65,-6.851825277514893e-06
ELMO3,-6.853776546263735e-06
PDS5B,-6.853798980584268e-06
UTP6,-6.8573201952274886e-06
ZC3HC1,-6.869444250311481e-06
HEIH,-6.869844217082708e-06
MUSTN1,-6.873560954521928e-06
CUZD1,-6.89467262826194e-06
THEM6,-6.894775487079836e-06
PRPS2,-6.910115169578623e-06
SHOX,-6.912878406097554e-06
USP12-AS1,-6.919956743930466e-06
MAN1B1,-6.942151914148599e-06
ANAPC7,-6.961261345192303e-06
AP001781.1,-6.9637061633048086e-06
HEXIM1,-6.966583068681838e-06
MCMBP,-6.983907659147781e-06
KIF21B,-6.984448148335535e-06
JAG2,-6.9956101457130605e-06
MOAP1,-7.0008807102604735e-06
HDAC1,-7.006221044550233e-06
ABCA4,-7.006846532314778e-06
NOP2,-7.006853124471719e-06
ZC3H11A,-7.015352125823783e-06
SNAPC5,-7.021846067923906e-06
GSDMA,-7.023237444020296e-06
CD163L1,-7.02540427537343e-06
MSL1,-7.0290509416760805e-06
C1orf216,-7.032880116391391e-06
PDE1C,-7.0364409163850365e-06
PCYOX1L,-7.0394950087172055e-06
OSTM1,-7.070675776221488e-06
OCEL1,-7.0859192201103015e-06
HCFC1,-7.099202006631889e-06
RHEX,-7.1032332875059e-06
P3H4,-7.103742182531832e-06
MTHFD1L,-7.111267397482674e-06
SHISA4,-7.130646378433908e-06
EFNA4,-7.151761446580276e-06
ALKBH6,-7.153575128660565e-06
CATIP,-7.155287084268173e-06
Z96074.1,-7.171590022582971e-06
XKRX,-7.176428314544184e-06
KLHL13,-7.189726163411645e-06
FAM228A,-7.198277980259697e-06
TMEM212,-7.20943143778375e-06
PTGFRN,-7.211997559225251e-06
TMEM44,-7.219394230357424e-06
ANKRD30A,-7.2216210463199e-06
BEX4,-7.227705249715577e-06
SLC16A2,-7.239214382428347e-06
NDNF,-7.25365578702885e-06
GALNT17,-7.260846489850877e-06
ZNF28,-7.27033673704019e-06
SMAD1-AS2,-7.272129480046474e-06
ARHGAP42,-7.275725263427625e-06
ALDH3B1,-7.277190952299418e-06
TRPM1,-7.282051212334677e-06
MUC5B,-7.282756380488152e-06
TMEM107,-7.28574419203038e-06
GABBR2,-7.29264157687953e-06
FYTTD1,-7.292721747038855e-06
RPH3A,-7.294793635361918e-06
BX470102.2,-7.303831659552637e-06
CPD,-7.307028416551439e-06
COMMD5,-7.308293629180628e-06
MBOAT7,-7.316575475639213e-06
NUP50,-7.319200408473686e-06
PIAS4,-7.321325707756939e-06
MED11,-7.3267112176354755e-06
IPO13,-7.328609741223507e-06
CHMP6,-7.331930602847591e-06
THG1L,-7.3322625623062655e-06
LRRTM4,-7.354984868724862e-06
BYSL,-7.356788861242217e-06
WNT10A,-7.359605468591261e-06
ZNF548,-7.370142063275784e-06
EGLN3-AS1,-7.389813615160369e-06
STIMATE,-7.390073277764128e-06
DGCR2,-7.390090788271406e-06
IP6K3,-7.400137446445004e-06
AMDHD2,-7.405529783431486e-06
CBX8,-7.414442325551907e-06
HSPA14,-7.421405791575703e-06
KCNA7,-7.422552446296748e-06
FFAR2,-7.42820792204174e-06
SMPD3,-7.4291194609746525e-06
SHOC2,-7.443409000379938e-06
MEIS1-AS2,-7.4434919001373e-06
TRIM7,-7.45246959155841e-06
EPHX2,-7.465374231622654e-06
NECAB3,-7.467847956295582e-06
DNAJA4,-7.4692556634155395e-06
DNAJC15,-7.476780773370392e-06
RASL11A,-7.479764842589563e-06
COLGALT2,-7.493350236543942e-06
C6orf120,-7.496441534771007e-06
TAS2R19,-7.499271756873293e-06
CTDSPL2,-7.499713012826626e-06
MYLK,-7.505221541843898e-06
C9orf64,-7.507350711236725e-06
GPATCH3,-7.509513196782413e-06
DUSP27,-7.5312552805399325e-06
C12orf75,-7.534668548226534e-06
SLC15A5,-7.539960149410865e-06
ATP2B1,-7.547641303225638e-06
ARHGEF35,-7.55008019226224e-06
PSMD6-AS1,-7.554834175492806e-06
NALT1,-7.571440116617761e-06
GCA,-7.572052809384122e-06
ING1,-7.57429226379908e-06
GALNT11,-7.586645896356439e-06
STMND1,-7.597247057747948e-06
FITM2,-7.598669814542449e-06
SLC45A3,-7.609378842811064e-06
ALG12,-7.613607217149615e-06
MED22,-7.616138279644285e-06
GNL1,-7.619277271305052e-06
CPEB2-DT,-7.619929730377245e-06
GMIP,-7.638508643302635e-06
C1RL-AS1,-7.650013950448831e-06
CHMP4A,-7.660872271855272e-06
ABCE1,-7.669421411659854e-06
SLC35F4,-7.670279141979386e-06
ENO2,-7.67887256293951e-06
GALR1,-7.703620807354422e-06
CDC42SE1,-7.703743579099929e-06
ANXA7,-7.706219330034446e-06
HIST1H2AH,-7.710633759771216e-06
LCAT,-7.723223468420964e-06
PRSS12,-7.734404176573014e-06
WDR77,-7.743570510896165e-06
CCDC92,-7.745703768296276e-06
DGKD,-7.747122882183508e-06
DPY30,-7.758139574322944e-06
FYN,-7.758582948289029e-06
DLG5-AS1,-7.762615223715462e-06
PNPO,-7.76965656931905e-06
GLRX3,-7.773954178746088e-06
FO704657.1,-7.774415304723293e-06
SP3,-7.78201548588156e-06
RAB44,-7.785005862201515e-06
STBD1,-7.795361516170687e-06
MYH15,-7.798307255898329e-06
PPEF1,-7.805994779555814e-06
GFI1,-7.81962612068783e-06
SLC52A3,-7.823667817982032e-06
KCNMB1,-7.824480933500566e-06
TTC7B,-7.838188715478537e-06
ASIP,-7.856435789026427e-06
FCN3,-7.865860331691921e-06
SRRM2-AS1,-7.870427568537358e-06
STPG2-AS1,-7.875310916305937e-06
SLC26A1,-7.882811809895254e-06
ROGDI,-7.883675139514956e-06
KPNA2,-7.897007114528221e-06
EIF3B,-7.905153405199803e-06
TM2D1,-7.906897340769153e-06
RP1L1,-7.90744133612697e-06
BLOC1S6,-7.914137432830232e-06
PRSS36,-7.914971945814375e-06
SPATC1L,-7.919607319785189e-06
C14orf28,-7.922490862858498e-06
NAALAD2,-7.924879226255514e-06
PDE1B,-7.92725208080418e-06
DHTKD1,-7.939390210677858e-06
UCHL3,-7.942001024006937e-06
AKR1A1,-7.942314056498634e-06
ZBTB14,-7.94404096428824e-06
CFAP97D2,-7.949655237927699e-06
TENM3,-7.962073680194817e-06
HAR1B,-7.972338186327467e-06
ISCA1,-7.978642901395024e-06
SLC35F2,-7.986935035913894e-06
DAZL,-7.998773362377505e-06
KCTD2,-8.022382553313121e-06
CEP41,-8.025208602269923e-06
VRTN,-8.025435605057364e-06
SSBP4,-8.052639895261275e-06
EFNA3,-8.063624820135701e-06
SOCS4,-8.07691883919748e-06
NUDT14,-8.077088237494088e-06
CDAN1,-8.077770604990174e-06
AKAP17A,-8.088211488172836e-06
SPRY3,-8.122022773126195e-06
CSNK2A2,-8.12716484696634e-06
SGTB,-8.14662467497776e-06
MIR99AHG,-8.151554033078921e-06
TCEA1,-8.153885011127576e-06
UBN1,-8.157531826173186e-06
KCTD19,-8.163680071672097e-06
TNFRSF19,-8.163917345063562e-06
ARL5C,-8.176585428745945e-06
PHF3,-8.203503028119893e-06
LTA4H,-8.204723236343884e-06
PEX2,-8.206458429751282e-06
HELQ,-8.224527628140326e-06
UQCRHL,-8.237669121359648e-06
MBD4,-8.245717239805606e-06
HAVCR2,-8.25552781807017e-06
MARS2,-8.258202626610167e-06
DISP2,-8.26460148107875e-06
NPSR1,-8.26667139598231e-06
HNRNPH3,-8.269116674202067e-06
C19orf12,-8.273188479009523e-06
POLN,-8.273324924804804e-06
SLC39A9,-8.275535636689287e-06
RIMBP2,-8.280725720479363e-06
MAS1,-8.28909307443176e-06
SLC25A25,-8.29321543769792e-06
MS4A4E,-8.298266436765543e-06
TCP11L1,-8.301529222482514e-06
PLA2G4E,-8.304997786378823e-06
LMO7-AS1,-8.306636001849738e-06
UPB1,-8.311327145332807e-06
NQO2,-8.313339784903068e-06
PNOC,-8.328551587202587e-06
PTP4A3,-8.32955142328499e-06
SMARCA1,-8.344019104523685e-06
IARS2,-8.34952695387322e-06
RTN3,-8.35578309450931e-06
NPL,-8.365102073896694e-06
BOD1L1,-8.373217979185875e-06
WSCD1,-8.373760857170561e-06
CGRRF1,-8.382384506890307e-06
ZNF616,-8.382773495753442e-06
SIAE,-8.394459232421033e-06
STAU2-AS1,-8.411178480082452e-06
GRIP2,-8.412812367182289e-06
ZNF845,-8.418173526485781e-06
VSIG10L,-8.424762370524836e-06
BCL2L12,-8.430448939607077e-06
WDR81,-8.44933386590435e-06
PRSS27,-8.45621425576647e-06
PCSK2,-8.459167893117816e-06
DSCAS,-8.461450714350937e-06
MCM7,-8.500266205529877e-06
TGM1,-8.50212870971035e-06
GMPR,-8.507527980152056e-06
GRIK1,-8.513747131519129e-06
DRAIC,-8.514611080751483e-06
MYCN,-8.5225750434695e-06
PNLIPRP3,-8.533108834122933e-06
CLEC1A,-8.542126538962718e-06
GRIK5,-8.557416214249904e-06
CYP2W1,-8.566612921807413e-06
AP003486.1,-8.57606103306424e-06
PLA2G10,-8.586692411227684e-06
IQSEC3,-8.59643334221205e-06
APBA3,-8.61726327826919e-06
PICK1,-8.628235882268251e-06
FIBIN,-8.629048238466595e-06
GRM1,-8.63359412029932e-06
MEX3B,-8.635205909841054e-06
ADRB2,-8.63554597021432e-06
PON3,-8.645949291432928e-06
SLC13A4,-8.646762753917351e-06
YTHDF2,-8.649780850505896e-06
CDHR5,-8.650879567917046e-06
KMT2E-AS1,-8.651145291073527e-06
KHDRBS2,-8.662123651871892e-06
NEK9,-8.666598787991563e-06
ZNF99,-8.667486181132586e-06
TNFRSF10D,-8.671473515391946e-06
C1QTNF1-AS1,-8.673279621580813e-06
CLN6,-8.675078415333487e-06
TREH,-8.676213003103626e-06
EXOC8,-8.682573122389839e-06
STK11,-8.690576946477655e-06
ACD,-8.692259603848729e-06
HEMK1,-8.70886940828665e-06
ANK2,-8.715514837714155e-06
GPM6A,-8.719856350347976e-06
NLGN4X,-8.722870278694064e-06
SDR42E2,-8.729267956617832e-06
DNAH1,-8.738299035442694e-06
DLGAP1-AS4,-8.754557914381941e-06
SLC25A51,-8.783407884350343e-06
METAP1,-8.784267570713466e-06
SHCBP1L,-8.785635650047343e-06
HIF3A,-8.791918573975655e-06
B4GAT1,-8.81974673601693e-06
Z82215.1,-8.820367761949383e-06
KDM6B,-8.823933676696443e-06
PDXP,-8.837297710461911e-06
ZBTB21,-8.857995306489567e-06
ZNF793,-8.88921174039861e-06
NPFFR1,-8.895298556788027e-06
DDX19A,-8.900363917500484e-06
DLST,-8.904188171137422e-06
TRPC6,-8.905075196087845e-06
HIGD1B,-8.91192420266663e-06
BAMBI,-8.91600423402764e-06
RANGRF,-8.916006087177829e-06
ZBTB22,-8.916955871572432e-06
RAB9B,-8.937723354195355e-06
ELAVL2,-8.943307935250065e-06
NRN1L,-8.954779428274488e-06
ZBTB8B,-8.957938735653504e-06
UCP3,-8.970372220545856e-06
ZNF415,-8.993596280177927e-06
PLEK2,-8.998053127875964e-06
CHAD,-9.004697973050635e-06
ALPK2,-9.013777881601868e-06
JAM2,-9.023400964385704e-06
THOC5,-9.026390905496676e-06
DBNL,-9.03292915571423e-06
TMEM104,-9.04595955089874e-06
DDX54,-9.050883835649748e-06
ADM5,-9.057512519887978e-06
TTC29,-9.071942116065054e-06
KLHL8,-9.078313621418068e-06
C1orf109,-9.07942800627417e-06
CA11,-9.084230004499058e-06
TRIM38,-9.087243024884613e-06
SLC1A6,-9.087341071090007e-06
HHIP-AS1,-9.09468649893247e-06
GPR107,-9.094923179360515e-06
SNAPIN,-9.113202867878763e-06
NDUFB5,-9.118833697607594e-06
CR382287.2,-9.122616334748183e-06
FAM169B,-9.129950720542531e-06
ATN1,-9.130655821092816e-06
JMJD6,-9.132391182797865e-06
SUSD5,-9.133680095451268e-06
PNRC2,-9.133731307406315e-06
TENT5B,-9.13610014705917e-06
MYLK3,-9.136835965121191e-06
ACE,-9.139439624209368e-06
SLC34A2,-9.141485539225356e-06
TDRD12,-9.145104213904868e-06
AP4B1-AS1,-9.157121118521153e-06
RTL8A,-9.165236360782264e-06
EEF1A2,-9.17440100315944e-06
PAK1IP1,-9.199035528946556e-06
SEC23B,-9.20320571667646e-06
UGGT1,-9.204745099980176e-06
SUCO,-9.2133204463896e-06
WDTC1,-9.2162635176193e-06
BSN,-9.222959508730732e-06
SOGA3,-9.227389606944591e-06
LTK,-9.231560409835449e-06
TMOD1,-9.23305347223716e-06
RGS17,-9.2413176343313e-06
AIDA,-9.24358602615523e-06
KCTD7,-9.251547603124836e-06
CABLES2,-9.257403087246818e-06
APOA1-AS,-9.2660266795933e-06
AXL,-9.268758871872926e-06
AP4M1,-9.270981916953895e-06
CCDC194,-9.276218749773192e-06
DAPK2,-9.289414411404485e-06
MYCT1,-9.295645645842284e-06
CYHR1,-9.304573636658546e-06
TXNDC12,-9.307821832017813e-06
ZBED6CL,-9.308288774393644e-06
SSH1,-9.309370459739876e-06
SEC22B,-9.316548131749047e-06
OVGP1,-9.328517114930713e-06
KLRB1,-9.352088284914374e-06
FARSA,-9.360623732528576e-06
PLA2G4F,-9.363274709781197e-06
OIT3,-9.364175128265528e-06
NFE2L2,-9.393194585814738e-06
GNAL,-9.395914440930932e-06
SPATA20,-9.39877257074106e-06
HMBS,-9.40243473903485e-06
Z98200.1,-9.404470006020826e-06
EIF2S1,-9.404651250719209e-06
PTCH1,-9.40647350901509e-06
YBX2,-9.407134308892477e-06
TATDN2,-9.41665532600152e-06
GDPD5,-9.421296888164411e-06
HARS,-9.43262679368562e-06
GCOM1,-9.441806200174571e-06
CASKIN1,-9.44940375131332e-06
PSMC2,-9.449545569938253e-06
PRKAA2,-9.458948441831193e-06
MYH11,-9.470902023842465e-06
KIN,-9.476786169277192e-06
NKAIN4,-9.47880828414219e-06
LAMP3,-9.488758897269236e-06
TMEM240,-9.49730745931248e-06
FPGT,-9.510521347885788e-06
BTLA,-9.516678815197596e-06
DDX25,-9.526871022193762e-06
CAD,-9.530464410817476e-06
AP001062.1,-9.54270847708937e-06
CCS,-9.548826539015932e-06
TUBB2B,-9.555385498763364e-06
LEMD2,-9.563593876049482e-06
CTH,-9.571604939108531e-06
ZNF559,-9.574168799670358e-06
CD101,-9.57657501436166e-06
NDUFA6-DT,-9.58331531482986e-06
PDYN-AS1,-9.587348650562824e-06
HMGXB4,-9.59539722306968e-06
MIER2,-9.602959471213352e-06
FHL5,-9.627919000752875e-06
ASPA,-9.640913801960962e-06
CARNS1,-9.65175282636493e-06
GTF3C2,-9.667053427500152e-06
FAT4,-9.676541294190851e-06
MATK,-9.683778718694756e-06
AF274853.1,-9.6892361547224e-06
WDFY3-AS2,-9.691293604782011e-06
TCN1,-9.697622881077231e-06
WNT4,-9.701460722106917e-06
GPC2,-9.716453934779508e-06
CCM2,-9.725400816325574e-06
TMCC2,-9.726943986496828e-06
HSD17B2,-9.731141045195325e-06
CHMP7,-9.746774873134462e-06
PLCD3,-9.75141626958972e-06
EEF1AKNMT,-9.752179854533308e-06
SMIM27,-9.756024505154392e-06
PHYH,-9.75853710451539e-06
PAXX,-9.75911613063076e-06
INKA2,-9.762219401434428e-06
CLEC4C,-9.76722662295423e-06
DOK1,-9.775490592436864e-06
PRSS48,-9.77861602091625e-06
NFKB2,-9.784474845107148e-06
CMC4,-9.803836085488732e-06
COX16,-9.8046899951174e-06
CMPK2,-9.819447041824173e-06
MAPK12,-9.834667936081484e-06
PAQR7,-9.834821073621764e-06
TLCD4,-9.835163285460572e-06
MYOSLID,-9.83744448423024e-06
USP30-AS1,-9.845387474702265e-06
SAMM50,-9.845685689227436e-06
ARHGAP5-AS1,-9.854129472916411e-06
IDH3A,-9.860667040745277e-06
CCDC178,-9.868398899706716e-06
CDC123,-9.888534778162895e-06
MEX3C,-9.893681166806311e-06
C8orf88,-9.898621654794367e-06
RAI2,-9.898692293174992e-06
P4HA1,-9.899211412280277e-06
FBXO27,-9.90169197803972e-06
TMEM229B,-9.902605337627403e-06
SCOC,-9.905097163480946e-06
MPRIP-AS1,-9.911415914295414e-06
C5orf17,-9.913877642850348e-06
GOLGA7B,-9.932346849392074e-06
CXCR2,-9.94058976928187e-06
C2orf49,-9.950645392997428e-06
STRAP,-9.96442870586714e-06
CHD1L,-9.967206215793224e-06
GNB3,-9.976011878503165e-06
AP002907.1,-9.986917741351802e-06
CDC37L1-DT,-1.0018924488012868e-05
MBTPS1,-1.0053241300406833e-05
C2orf74,-1.005702148727139e-05
NUMBL,-1.0058687104070298e-05
EMC3,-1.006396547556068e-05
DAPK3,-1.0068071894649968e-05
LYRM2,-1.0080935349960355e-05
ZBTB16,-1.0088579695427234e-05
AF129075.1,-1.0092430780606884e-05
FAM3B,-1.0095959745256896e-05
BEGAIN,-1.010596374627926e-05
ZNF606,-1.0111213126965092e-05
SVOP,-1.01217581842287e-05
SYNPO2,-1.012260378178529e-05
NREP-AS1,-1.0133524198930197e-05
SYNDIG1,-1.013929593927955e-05
ERAL1,-1.0141627883311728e-05
TEX45,-1.014581918961416e-05
HPGDS,-1.014743232580149e-05
RUBCNL,-1.0150576255322253e-05
CLDN20,-1.0158320998841824e-05
ASB8,-1.016288946986871e-05
SCAT1,-1.0168269480540896e-05
CPNE7,-1.0174302204626191e-05
PIGBOS1,-1.017978701104333e-05
ASF1A,-1.018639394753351e-05
PHC1,-1.0190532951279324e-05
HNRNPU,-1.0191121110822068e-05
MSANTD4,-1.0214331495121913e-05
SPRED3,-1.0231461650604708e-05
TSHZ1,-1.0246382941852844e-05
RANGAP1,-1.0254310934594424e-05
ABCB11,-1.0271612825002834e-05
UBFD1,-1.0277802792105258e-05
TMEM220-AS1,-1.0279476337171315e-05
MMP28,-1.0292515180665136e-05
NXN,-1.0295527190470753e-05
TDP2,-1.0298990362745392e-05
PLIN4,-1.0313074292932594e-05
AP4B1,-1.0339505525725448e-05
ASB6,-1.0340171059560936e-05
ZNF704,-1.0341360030208628e-05
REP15,-1.0344403308542658e-05
SIX1,-1.0347189134680102e-05
ETS2,-1.03527364621897e-05
PLCG1,-1.0369494108501966e-05
C9orf92,-1.0379322878885964e-05
CARS2,-1.0381230544615983e-05
ANKRD39,-1.0386523495690753e-05
IFNAR2,-1.0387906958746006e-05
ZNF132,-1.0417085350814492e-05
AP000708.1,-1.0417981746504211e-05
A1BG-AS1,-1.0420740472783345e-05
ABHD3,-1.042216409504741e-05
TNFSF4,-1.0428564608741476e-05
AJAP1,-1.0431218826759104e-05
DKK2,-1.0437065733683555e-05
CCDC163,-1.0445916924203364e-05
MMP19,-1.0469465926322391e-05
PRKX,-1.047860027511338e-05
Z82188.2,-1.0479802620191444e-05
DIP2A-IT1,-1.0480737128374386e-05
RGMA,-1.0484056241297018e-05
ZNF140,-1.0490218107519427e-05
RCC1L,-1.0500095240146323e-05
TST,-1.0513283708643893e-05
CACNA2D3-AS1,-1.0515390018701422e-05
DDX58,-1.0525790428657492e-05
KRT23,-1.0546915170749957e-05
LRRC4,-1.0549267399307115e-05
ZCWPW1,-1.0582833935520113e-05
PRRG2,-1.059297749197152e-05
CSGALNACT2,-1.0600027148373696e-05
PSIP1,-1.060911830607247e-05
MRPL35,-1.0609969361186087e-05
TNFSF10,-1.0633333764198426e-05
C1orf189,-1.0636437676991366e-05
ZNF66,-1.0643975736612733e-05
CDR2L,-1.064498040409267e-05
TMEM120B,-1.0650690937909036e-05
OIP5-AS1,-1.065265420161714e-05
OTUB2,-1.065527604072862e-05
OR7A17,-1.0659901050363804e-05
NSDHL,-1.0660890997194924e-05
TXNL4B,-1.068164387136204e-05
TIE1,-1.0686429541897964e-05
SUPT7L,-1.0694772163206222e-05
ACSL3,-1.0698193820708943e-05
NR4A2,-1.0705130769401657e-05
LOXL4,-1.073829244891369e-05
BCL3,-1.0742735515306495e-05
FAM167A,-1.074449520147444e-05
VAMP2,-1.0744849466642263e-05
SUPV3L1,-1.0747179987604575e-05
CIZ1,-1.0761401012730173e-05
SLC35A5,-1.0819724974851423e-05
RAE1,-1.082102892507452e-05
BLOC1S3,-1.0823658050182992e-05
USP21,-1.083864408943686e-05
FAM107A,-1.084204835515748e-05
MIR217HG,-1.0848095921394054e-05
CARS,-1.0850616667382766e-05
SERPINB8,-1.0856941513684267e-05
STX2,-1.0860666270707393e-05
SOX5-AS1,-1.0866570669208902e-05
B3GAT2,-1.0873806412038051e-05
RAB29,-1.0888456421577568e-05
CTDP1,-1.0902240702382053e-05
ABHD6,-1.0920547718620608e-05
DHRS4L2,-1.093053133630455e-05
CBX1,-1.0933999463475586e-05
TAF9B,-1.0940526176305552e-05
LYSMD3,-1.094104144361957e-05
BISPR,-1.0942897734435616e-05
KAT8,-1.094508599021601e-05
BRF1,-1.0946882251924508e-05
KXD1,-1.0963811618915286e-05
C2orf16,-1.0965147346746472e-05
ZNF416,-1.0984517508269702e-05
AP000763.3,-1.1002020519392938e-05
SDHAF1,-1.1003619796262014e-05
TCP10L,-1.1015518913787311e-05
PIGW,-1.1030881304465005e-05
SNED1,-1.1032588431973915e-05
TOE1,-1.1034341681797574e-05
FGFR4,-1.1060845428791724e-05
RAB24,-1.106694585159373e-05
MMP17,-1.108099799859129e-05
CNTN2,-1.1082199163357555e-05
GPR68,-1.1084692690173064e-05
LPL,-1.1087341755349185e-05
PHKG2,-1.1101023865287672e-05
DUSP11,-1.1101488606375306e-05
TP53I3,-1.1104617410170406e-05
PTGER2,-1.1108840489230598e-05
DNAJB5-DT,-1.1117889036679992e-05
MED4,-1.1123116918858564e-05
COL9A1,-1.1128100691281484e-05
PLN,-1.1130735980252872e-05
ZHX1,-1.1135908689788772e-05
DHPS,-1.1148090006195733e-05
RNF44,-1.1178522453897907e-05
ARHGAP31,-1.1185725022101546e-05
CSDC2,-1.1191355227871978e-05
GLOD4,-1.1211439801988596e-05
C6orf226,-1.1221031824411858e-05
DCTN5,-1.122417702203139e-05
C11orf58,-1.1252632648229524e-05
ZSCAN29,-1.1255674207673609e-05
PCDHGA10,-1.125679728918507e-05
PAX2,-1.1261643451431737e-05
MAPT-AS1,-1.1264989557865858e-05
IGDCC4,-1.1270866628876096e-05
SPATA22,-1.1272369576729071e-05
ABHD4,-1.1275883222002848e-05
CYB5D2,-1.128096991691585e-05
HIST3H2A,-1.12815703017797e-05
NGF,-1.1285138354854293e-05
FAM117A,-1.1288598789970449e-05
CACNA1C-AS1,-1.1292190427784142e-05
RAB5A,-1.1297511947548672e-05
SLC1A4,-1.1304207600788637e-05
GOLGA6L4,-1.1312037533669648e-05
GLYATL1,-1.1315134068941193e-05
ECI2,-1.132571824533036e-05
F8,-1.1326277585009996e-05
CYS1,-1.1330897664898262e-05
CCDC88B,-1.1332936249200408e-05
ROR1-AS1,-1.1337293514364638e-05
TNFSF12,-1.1343472372136608e-05
AP5B1,-1.134804514764576e-05
PUS3,-1.134991091194361e-05
MFN2,-1.1381391367439977e-05
C5AR2,-1.1386377022615104e-05
MPND,-1.1394056368477133e-05
CPNE5,-1.1415001856696578e-05
NECAP1,-1.1430577275789383e-05
ECE1,-1.1444237863352202e-05
ZNF713,-1.1452218866883255e-05
OSMR-AS1,-1.145895841489497e-05
AP003469.4,-1.1470454246941426e-05
PRRT1,-1.1471863625216672e-05
POLH-AS1,-1.1491201924187935e-05
CNMD,-1.1499632775352498e-05
KCTD21-AS1,-1.1508153503403404e-05
AADAT,-1.1517528339783814e-05
SCEL,-1.15266470083426e-05
HIC2,-1.1530875423610262e-05
INF2,-1.1540986833360325e-05
PRKX-AS1,-1.1569814749876397e-05
ADGRG6,-1.1576668795886251e-05
GPRC5A,-1.15774205405594e-05
SMPDL3B,-1.158050318712289e-05
RAB33B,-1.1580661300849808e-05
ATXN7L3B,-1.1588941683450394e-05
COQ2,-1.1589584387489226e-05
PIK3CD-AS2,-1.1591901397974018e-05
C18orf54,-1.1618638513389746e-05
FLVCR1,-1.1621021298386062e-05
FASLG,-1.1629532574931782e-05
DDIT4-AS1,-1.1629886499921702e-05
PACERR,-1.163820175058334e-05
NBPF19,-1.1641414561958222e-05
NUDT2,-1.1649742613386742e-05
PURB,-1.1656186529073291e-05
PTPN23,-1.16604264252312e-05
NCOR2,-1.1674318831694136e-05
PPA1,-1.1677761284080036e-05
NCKIPSD,-1.1677853153335744e-05
ANAPC2,-1.1696991004530753e-05
C5orf38,-1.1722724682753727e-05
CRKL,-1.1729514788324243e-05
CCDC175,-1.1731154194183107e-05
ZC3H18,-1.1734517256254405e-05
FJX1,-1.1748710615591918e-05
BHLHE40-AS1,-1.1752956499742472e-05
EBF4,-1.1763571187997898e-05
ATP1B2,-1.176735398218848e-05
DPY19L2,-1.1775513628847304e-05
TMEM156,-1.178924813771746e-05
OTC,-1.180880445476676e-05
TRIM65,-1.181548391622964e-05
TBX21,-1.181768712974655e-05
DTX1,-1.1823395339678334e-05
RTN4RL2,-1.1825900575197613e-05
COX20,-1.1835318666089231e-05
DRAM2,-1.1850386178810064e-05
RBM34,-1.1852427575963657e-05
MAPK11,-1.1863818622425974e-05
RABGGTB,-1.186391327870415e-05
FP671120.4,-1.1867184192856715e-05
WDR74,-1.1869734374348909e-05
PTOV1-AS2,-1.18934394275747e-05
REN,-1.19011276206837e-05
ELF4,-1.1906091986861083e-05
USP30,-1.1910019793177555e-05
SNHG15,-1.1914628294275156e-05
B3GALT4,-1.1920392630831708e-05
NRP2,-1.1925260786481674e-05
CXADR,-1.1925702111275512e-05
TBL2,-1.1933765013434691e-05
PDCD11,-1.19553885355031e-05
MRPL20-AS1,-1.1956536375015772e-05
MYT1,-1.1958155018781828e-05
SEPTIN1,-1.1963568566716386e-05
LIG3,-1.1964451118575786e-05
CLCA1,-1.1983423983297407e-05
METTL18,-1.1983601530393616e-05
Z99289.3,-1.1989398658881533e-05
HDDC2,-1.2003073378649977e-05
BORCS6,-1.200359286370165e-05
PRKAB1,-1.2007471993447233e-05
UBQLN2,-1.202127714005451e-05
BACH1-IT1,-1.2025955128842512e-05
FYB2,-1.2027073925548234e-05
UNC5A,-1.2029758905710328e-05
NEGR1,-1.203795083427414e-05
CPEB1,-1.203812015980385e-05
TRAP1,-1.2044429244115595e-05
ARGFX,-1.2065276313975288e-05
SNHG8,-1.2066515164774856e-05
PDCD2,-1.2084047060582598e-05
FANCG,-1.209009699569794e-05
RENBP,-1.209411812765844e-05
PLA2G5,-1.2111437238133217e-05
PRKD3,-1.2116532696223064e-05
ART4,-1.2122327511305494e-05
CCDC115,-1.212940027437696e-05
NAF1,-1.2134439111828172e-05
C19orf18,-1.2162489252748667e-05
PIGV,-1.216274209732246e-05
LIPE-AS1,-1.2165357148158691e-05
PIGR,-1.2165372585524146e-05
MRPL27,-1.2170972672280453e-05
SYNGAP1,-1.2177041742749005e-05
MAJIN,-1.218221023514839e-05
DHX38,-1.2198129752260396e-05
ACTR6,-1.2198642759724117e-05
CAPZA2,-1.2205111400398952e-05
MAP7D1,-1.2205672803896774e-05
OSGIN2,-1.2207851757593191e-05
EVI2A,-1.2225568199399333e-05
DCST1,-1.222571799677547e-05
IL18R1,-1.2230984334215516e-05
DYRK1B,-1.2235618424091786e-05
C9orf24,-1.2242403594852902e-05
CCDC183-AS1,-1.2253951363455323e-05
PRPF31,-1.2266414163692156e-05
OSGEP,-1.2275150182924157e-05
CRYGS,-1.2280337298178406e-05
TUT4,-1.2282392947939809e-05
ARID4A,-1.2287053900992896e-05
ATG9B,-1.2295490734049396e-05
NKAIN1,-1.2298579152557422e-05
SUDS3,-1.230304262010412e-05
ETV3,-1.2308751316072236e-05
FAM199X,-1.2326417171293704e-05
PTGER1,-1.2341819677865233e-05
DIO2-AS1,-1.2374740195460962e-05
SDAD1,-1.23756745407796e-05
FBXO8,-1.2379059449262946e-05
IGFLR1,-1.2379327983813272e-05
USP15,-1.2414409039753429e-05
SULT1C4,-1.2418196962168807e-05
LPCAT4,-1.242166358335368e-05
CPPED1,-1.243303552163466e-05
PROSER2-AS1,-1.2434774554421825e-05
CORO1C,-1.2449776735461649e-05
OSR1,-1.2450988920383345e-05
TMEM221,-1.2464807360338343e-05
PSMD11,-1.2474584125764572e-05
SPATA2L,-1.248082878241018e-05
FAHD2A,-1.2502025254021317e-05
INE2,-1.2510619299911231e-05
DOCK9-DT,-1.2524964853984377e-05
DGCR8,-1.2525371902234082e-05
MYLPF,-1.252782566680566e-05
RGPD3,-1.2547081523038568e-05
ERCC3,-1.2549512221431606e-05
MYO1A,-1.2551819084450184e-05
CACFD1,-1.2558179762971807e-05
PLEKHF1,-1.2560307606479056e-05
FMN2,-1.2560907024577313e-05
GPT,-1.2565320100611496e-05
TBC1D23,-1.2592713790045446e-05
ADM2,-1.2618247255305192e-05
SNHG9,-1.2620727938354391e-05
NAIP,-1.263552913712032e-05
CDK11A,-1.2635987202136115e-05
TXLNG,-1.2643385672364408e-05
C8orf34,-1.2646005494700666e-05
ALOXE3,-1.2657114328952803e-05
MRTO4,-1.267512639055204e-05
TBC1D9B,-1.2679758254962244e-05
LIPG,-1.2689712874454176e-05
TRGC2,-1.2690923421985748e-05
AP001037.1,-1.2756666999530275e-05
FBXL18,-1.2761515190009525e-05
HAUS3,-1.2762136933666487e-05
N6AMT1,-1.2764006342402022e-05
VWCE,-1.2765624961093568e-05
AP002336.1,-1.2774300932311424e-05
MPZL3,-1.2789540124554189e-05
CALHM5,-1.279796922531778e-05
MEST,-1.2808962050576342e-05
PRF1,-1.2811213584174504e-05
ACTG2,-1.281790819179359e-05
PLAT,-1.2818107597563868e-05
LRRN4CL,-1.2821020017988431e-05
CCDC106,-1.2832389948577452e-05
CP,-1.2833421063101524e-05
RNF25,-1.2855619572716507e-05
PGLS,-1.2860900326201916e-05
CSMD1,-1.2875416751100145e-05
IDH3B,-1.288915014564512e-05
CDA,-1.2891272745488648e-05
BMP8A,-1.2894637531907602e-05
ADGRF5,-1.2917309044174968e-05
B4GALNT1,-1.2923008847153189e-05
CEP250,-1.293168964412922e-05
ZNF672,-1.2945815787360804e-05
ZBTB42,-1.294743498985796e-05
CYP11A1,-1.2951381149708268e-05
C7orf25,-1.2951770786738276e-05
SLC26A4,-1.2959546585701834e-05
P3H1,-1.2972225972226144e-05
ABCB8,-1.298758794680138e-05
RNF180,-1.298993424593802e-05
FAAP24,-1.2999946267323488e-05
DHX33,-1.3002030880647486e-05
TUT1,-1.3004589839499423e-05
FABP3,-1.300649523590496e-05
FRAT2,-1.3024958723318554e-05
ZNF263,-1.3027582804823437e-05
ADAMTS19,-1.3031766923077847e-05
ZNF142,-1.3038369880371336e-05
TMEM19,-1.303945233335219e-05
ZNF557,-1.3041050764872736e-05
TINF2,-1.304679297423067e-05
TSSK6,-1.3047300431034744e-05
TTLL11,-1.305373389195644e-05
LSM12,-1.3091572793069371e-05
ANKLE2,-1.30954886272596e-05
C16orf91,-1.3096934647009574e-05
GPR82,-1.3110219823091846e-05
C19orf47,-1.3116364895457475e-05
MYBPC2,-1.3120359869235871e-05
RELL2,-1.3136316069513184e-05
NRAD1,-1.3140092701546476e-05
SYT15,-1.3156246830410251e-05
CMBL,-1.3158116250191964e-05
LAMB4,-1.3159747868379642e-05
TMEM249,-1.3163478810772809e-05
ABHD10,-1.3164488222785768e-05
KCNE4,-1.3168367350077732e-05
LYSMD2,-1.317520863175722e-05
ZBTB9,-1.317687763628264e-05
ERN1,-1.3199030848168946e-05
CACNA2D3,-1.3203857149975716e-05
ZNF134,-1.3213135936279642e-05
CEACAM6,-1.3216057740958989e-05
SERTAD3,-1.3217361932489288e-05
SH2D1B,-1.3235809142326556e-05
TMEM255A,-1.3238420113803028e-05
NUAK2,-1.3253685873338884e-05
RNF20,-1.3262536768315737e-05
ZNF154,-1.3263271220396834e-05
BMF,-1.3268585565868352e-05
CHCHD4,-1.327543761222428e-05
FBXO41,-1.3280836955994447e-05
NFATC1,-1.3281511896537085e-05
LSM8,-1.3281677104668269e-05
CHADL,-1.3293792256815929e-05
MED26,-1.330716201394447e-05
VNN1,-1.3309645734299605e-05
ZNF620,-1.3316293750051487e-05
INIP,-1.3319780601397204e-05
CHTF8,-1.3326010910448954e-05
FREM1,-1.3343116320911422e-05
SPINK9,-1.3344907971163712e-05
FAM71F2,-1.3354269468000928e-05
C12orf40,-1.3355966180019623e-05
DLG4,-1.3363827569931824e-05
NT5M,-1.3369364120720372e-05
ADSL,-1.3370463922119258e-05
ZPR1,-1.3371824080628396e-05
BRIX1,-1.3373159075255092e-05
IL17RC,-1.3382448525585606e-05
IDO1,-1.3391338139554654e-05
TNFAIP8,-1.3392007095942596e-05
BX842242.1,-1.3401724766992657e-05
TMEM106A,-1.341519304737661e-05
SRP68,-1.343097283911843e-05
ZNF585B,-1.3444884653343048e-05
ZNF165,-1.3447527935932318e-05
TTLL8,-1.3455060978824176e-05
NDST1-AS1,-1.3465233148633618e-05
CXXC1,-1.3483110054331528e-05
ADRA1A,-1.3500718125543114e-05
FBXO48,-1.3503348304610654e-05
TBC1D10B,-1.3504195639026245e-05
COA7,-1.351551735126711e-05
C8G,-1.3521257892404876e-05
BIK,-1.3523173606463163e-05
ACADL,-1.3524458512404454e-05
SUCNR1,-1.3541193271907208e-05
COQ10A,-1.3541255070599604e-05
LNPEP,-1.3542281907635024e-05
NUTF2,-1.3546594346707325e-05
AP002370.2,-1.3558112126542522e-05
PTPA,-1.356873787410539e-05
KIRREL3,-1.357050525367293e-05
GPR143,-1.3572083382087317e-05
MRPL12,-1.3575673274103623e-05
SMYD5,-1.3586050979880462e-05
RBMX2,-1.359018174584483e-05
CCT4,-1.3597026996293397e-05
SLC30A7,-1.3597959083978232e-05
DCHS1,-1.3610811493543791e-05
KTI12,-1.3618295860349927e-05
RFT1,-1.3619014181210391e-05
TUBB3,-1.3623728603389171e-05
SLC2A8,-1.3649297963481827e-05
TEX49,-1.3649594915973876e-05
AF228727.1,-1.3688370363535428e-05
CREBL2,-1.3692000548636612e-05
SLC22A1,-1.3697728547678796e-05
MXI1,-1.369851737003227e-05
CKMT1A,-1.3719431852488034e-05
ZNF775,-1.3730188057075926e-05
CYP2D6,-1.3747328416688676e-05
HECTD3,-1.3765045341171794e-05
RHOH,-1.376598449898366e-05
CACNA2D2,-1.3781696563817042e-05
AP006621.1,-1.3786305930629716e-05
THYN1,-1.3792843569580155e-05
ERGIC2,-1.37934474270779e-05
PHLDB1,-1.3793907045135912e-05
LARP7,-1.3797618347454484e-05
C17orf58,-1.3806221024294774e-05
C1orf100,-1.3810101576612676e-05
EPHB4,-1.3834185065209312e-05
PCDHGA12,-1.383673627040245e-05
FAM189B,-1.3869142537775273e-05
CBX2,-1.3879740308668602e-05
NOSTRIN,-1.388026206417853e-05
COA4,-1.3897290457421348e-05
ARL8B,-1.3920693717385156e-05
OAF,-1.3922040130204986e-05
RNASEH2B,-1.3926076520279786e-05
SNX5,-1.3931476939041838e-05
WASHC4,-1.3951256466760966e-05
DEDD,-1.396491703671672e-05
AQP8,-1.3975874138764542e-05
ABHD13,-1.4000324953983308e-05
SRP54,-1.4001656071507216e-05
KLHL2,-1.4009301565300717e-05
AP000662.1,-1.4012892253994992e-05
NAP1L5,-1.401741499101337e-05
ARSD,-1.401961818266172e-05
CDC20B,-1.4021431568465889e-05
CPEB3,-1.4028520152189245e-05
NSFL1C,-1.4029209881173753e-05
ANK1,-1.403122997969631e-05
CLMP,-1.4033993339723943e-05
EBF1,-1.4041590382548436e-05
SPINT1-AS1,-1.4042891845964569e-05
ZNF549,-1.4051012204510463e-05
TOMM40L,-1.4052568853635158e-05
EIF2S3B,-1.4056008351772355e-05
ZNF324,-1.4056084117622678e-05
ZNF350,-1.4063493181174871e-05
CAMK1G,-1.4068659150650343e-05
KIAA0100,-1.4071671721083092e-05
POGLUT2,-1.4076043930920623e-05
SYNE3,-1.4078297357863543e-05
SMC2-AS1,-1.4082082443499856e-05
ALDH8A1,-1.4084165611020746e-05
CACNB2,-1.4084415118668307e-05
ZSCAN16,-1.4088449668037262e-05
FOLH1,-1.4106571998330108e-05
PCK2,-1.412731218253578e-05
SRSF12,-1.4136958703217384e-05
HES6,-1.41369890007486e-05
MAL,-1.4140235019677268e-05
RAB11A,-1.4143854122759192e-05
TMEM200C,-1.4155912328012744e-05
NMRAL1,-1.4159340543909687e-05
MACROD2-AS1,-1.4177158351973729e-05
WT1-AS,-1.4181695443859511e-05
CDK5R1,-1.418203247002431e-05
STXBP2,-1.4187711270886388e-05
PPP1R7,-1.419535855955477e-05
EFNA2,-1.4210952047025172e-05
ORAI2,-1.4215519797669244e-05
CAPN11,-1.4235409525986788e-05
NUDT4,-1.423564292371263e-05
EAF1-AS1,-1.424544458276472e-05
AP000640.2,-1.4260270638752476e-05
CHRDL1,-1.4266636516221792e-05
THSD7A,-1.4273496604307722e-05
FLT3,-1.4280149000905126e-05
RBMX,-1.428911644563238e-05
CYB561D2,-1.4293371404875998e-05
NIT2,-1.4300534183741447e-05
MIS12,-1.4303582216176791e-05
ZNF628,-1.4305389817116618e-05
SLC14A2,-1.4319813312263982e-05
GCSH,-1.4325606725901444e-05
AMN,-1.4339235613826092e-05
TACR3,-1.435096796950958e-05
ZNF300,-1.439205712981162e-05
ATP13A3,-1.439225401940566e-05
EPHA1,-1.4402968254604158e-05
TIMM23,-1.4431955573723911e-05
C7orf26,-1.4441676694550473e-05
NOS3,-1.4442003245643547e-05
MOV10,-1.4442423143237514e-05
ZNF101,-1.4446697826343156e-05
RADIL,-1.445844422552173e-05
PARP15,-1.4468013028565844e-05
CRY1,-1.4484274572310211e-05
UCHL1-AS1,-1.450543440293124e-05
ZNF568,-1.4533682657369175e-05
GPR176,-1.4536885084465906e-05
PSTPIP2,-1.4544586225464134e-05
SRL,-1.455485782961802e-05
MED18,-1.4560456070164962e-05
RNF157-AS1,-1.456150659392874e-05
IFT27,-1.4567089173243318e-05
DEAF1,-1.459938239040067e-05
HS6ST3,-1.4614826497353842e-05
TEX38,-1.4616236540780722e-05
ZNF382,-1.4620716559359326e-05
CDSN,-1.462486069149344e-05
CCN6,-1.4627000365230912e-05
TRBC2,-1.4628121359702206e-05
DPM2,-1.4628285793916344e-05
MCF2,-1.4636743114527234e-05
FBXL6,-1.4643937000189785e-05
ID2,-1.4672907465043798e-05
C1orf56,-1.4674775686721391e-05
FLG-AS1,-1.4682034866465754e-05
AF279873.3,-1.4685430528645684e-05
WIZ,-1.4686437687438232e-05
CPQ,-1.4689712955667497e-05
ADIPOR2,-1.469724898263763e-05
TPPP3,-1.4697465109488707e-05
LIN28B-AS1,-1.4698612510856502e-05
PACSIN3,-1.4702908931305796e-05
CLK1,-1.4714997395807806e-05
CCDC181,-1.4729507193159444e-05
PRSS35,-1.4736156242413988e-05
PCDH12,-1.47377328002037e-05
TRDN-AS1,-1.4745154613979518e-05
AP002433.1,-1.4745737960094188e-05
MSH4,-1.4748097933297671e-05
SLCO5A1,-1.4755103866433172e-05
NDEL1,-1.4759993443323037e-05
SPATA1,-1.4763647687401756e-05
GREB1,-1.4769230225749876e-05
HS3ST5,-1.47807467482829e-05
SOAT1,-1.48128243128153e-05
GAP43,-1.4815103703986751e-05
SHANK3,-1.4822950182963687e-05
TM4SF19,-1.4829275487824725e-05
CORT,-1.4846882163832302e-05
HNRNPA1L2,-1.4850986270792216e-05
LDB2,-1.4856170328342911e-05
ALOX15B,-1.4859996407916248e-05
CD7,-1.487753018602774e-05
GALNT9,-1.487867023396046e-05
SMIM19,-1.488029545967892e-05
ZNF334,-1.4882537640122115e-05
PCA3,-1.4884455153120888e-05
ADAMTS18,-1.4901099397989726e-05
STT3B,-1.4901734077860535e-05
NHS-AS1,-1.4907169872697902e-05
ZC3H12C,-1.4924961870806304e-05
MFSD9,-1.492951108206958e-05
STK19,-1.4936470614694229e-05
CERK,-1.4947695407673148e-05
B4GALT2,-1.4957338592932544e-05
MUC3A,-1.496060746928615e-05
SV2B,-1.4962873693426944e-05
PSD3,-1.4964064638571254e-05
TNFSF13,-1.497710739752752e-05
INSIG2,-1.498136221469943e-05
KLB,-1.4985836407094809e-05
FOS,-1.4999243810547692e-05
ARMCX2,-1.501060577849896e-05
ST6GALNAC2,-1.5015926577789872e-05
PCDH9-AS2,-1.5017427356920636e-05
KCNQ5,-1.5017619217062486e-05
NOL4,-1.502628390504075e-05
HCG27,-1.5028855472884616e-05
CCHCR1,-1.5036607602215538e-05
OXSR1,-1.5038247501672812e-05
HTRA4,-1.5057445340276756e-05
RTL8C,-1.50698622637554e-05
SIAH3,-1.5076862691466192e-05
TIGD2,-1.507728362789203e-05
CDKN1A,-1.5081474907212582e-05
KLHL32,-1.5086473810670292e-05
RUBCN,-1.5096133636065508e-05
DGKZ,-1.5097603523023593e-05
C11orf45,-1.511072253126264e-05
SPIRE2,-1.5116096536357484e-05
PRPF40A,-1.5122267911677711e-05
PBX3,-1.5124103043000417e-05
ZNF268,-1.5136436586546187e-05
SYNCRIP,-1.5144883221082014e-05
SLC6A6,-1.5162764144570131e-05
HYI,-1.5177287428721727e-05
ZSCAN12,-1.5188751864423798e-05
CUX2,-1.5190287086476044e-05
GTF2H4,-1.5203454480353267e-05
ZNF529,-1.5213465956731798e-05
SLC25A48,-1.5242102165640311e-05
PTOV1,-1.5282648006999456e-05
DSCR9,-1.5283328601873846e-05
ZNF770,-1.5293033806051343e-05
ITGB1-DT,-1.5308644407019343e-05
CIAO2A,-1.5309188470681636e-05
PML,-1.5311965618773725e-05
ZBTB20-AS2,-1.533346376728828e-05
ARSF,-1.534308494074633e-05
ZC3H11B,-1.5351980345634227e-05
NOCT,-1.5357681636747174e-05
GID8,-1.5384170112377283e-05
GTF2B,-1.539541482810345e-05
CYP51A1-AS1,-1.540871682116899e-05
C2CD4B,-1.541083670132369e-05
SLC39A13,-1.5412918151781045e-05
ZNF426,-1.5419188231783495e-05
LHX6,-1.54322182998404e-05
NUDT18,-1.54485445888872e-05
FAM53B-AS1,-1.5454794877759298e-05
AP001437.2,-1.5466328837887917e-05
CCR7,-1.5470166932768965e-05
RNF10,-1.550069288704598e-05
BOK,-1.550123677796231e-05
ZNF841,-1.55094466385975e-05
MTRF1L,-1.5537013935950295e-05
GMFB,-1.5539877863060397e-05
REXO1,-1.5540802165934795e-05
AP000944.1,-1.554816437070304e-05
AKIP1,-1.5548170021416953e-05
NDST2,-1.5559210184778278e-05
RILPL2,-1.5566209908829952e-05
CWC25,-1.5575842638482074e-05
COL13A1,-1.5576750332822392e-05
CLN8,-1.5617850748947272e-05
GGT6,-1.5618937912517137e-05
CCNA2,-1.562088523130399e-05
DAZAP1,-1.5630270668159016e-05
PPIE,-1.564094217124192e-05
SMIM5,-1.5647829941778125e-05
RFC1,-1.565117785071535e-05
C5orf24,-1.5655409438893276e-05
POLG,-1.56586580924093e-05
HDX,-1.567508847394098e-05
SNW1,-1.567550034259448e-05
ZNF583,-1.568922836603008e-05
ZNF205,-1.569729340236021e-05
UGDH,-1.57008217286895e-05
SPAG9,-1.5709124863195675e-05
MROH8,-1.5718199837248723e-05
CAMK1D,-1.5736731241538214e-05
KCTD10,-1.574021312019609e-05
AMPH,-1.5741088569486618e-05
DNAH9,-1.5742799068425034e-05
AP000282.1,-1.57515779094312e-05
VIPR1-AS1,-1.5757013679802427e-05
GCLC,-1.5770377687094547e-05
PROX1-AS1,-1.577539541602926e-05
TMEM68,-1.5792274914873307e-05
OGFOD3,-1.5807430682214494e-05
MBD1,-1.581722912581484e-05
ERICH6,-1.5849506650926627e-05
ADAMTSL4-AS1,-1.5851228203820184e-05
HSPA4,-1.585362973638185e-05
PRKACA,-1.5854756884322633e-05
RHOBTB2,-1.5857952480749777e-05
KCNAB1,-1.586096108942568e-05
MAPK4,-1.586273420874247e-05
NARF,-1.5867150756681453e-05
TALDO1,-1.587200358372173e-05
RPP14,-1.5900063359164724e-05
MBP,-1.5900541846796835e-05
RAB6B,-1.5911605214006078e-05
SLC35E4,-1.5920436799967283e-05
TACR2,-1.5931311223848014e-05
COX10-AS1,-1.5936868844453836e-05
FANCE,-1.594136026024553e-05
SAFB2,-1.595469407540164e-05
RBFOX3,-1.5970092346871216e-05
ZNF329,-1.5972922263145863e-05
XRCC5,-1.5976745412416417e-05
KCNMA1-AS1,-1.5979421510092845e-05
FAM234A,-1.5980857303043974e-05
MIS18A-AS1,-1.5985128632896317e-05
PITPNA-AS1,-1.599824728850733e-05
CLIC2,-1.6010948660535704e-05
BAIAP3,-1.602399590425942e-05
IL12RB2,-1.6081521446246548e-05
SRCAP,-1.6082625605189783e-05
SLC27A2,-1.609292584446982e-05
FBXO15,-1.6125649963982665e-05
PGP,-1.6134005377805733e-05
AP005329.3,-1.6149715895477638e-05
MYO3A,-1.618913091614868e-05
SARDH,-1.619087172144846e-05
ZNF669,-1.6195987020641915e-05
VPS33A,-1.619614906386399e-05
AP001059.3,-1.6216348075437432e-05
CPEB4,-1.6223158483200918e-05
GTF3C5,-1.6226448976350154e-05
ZSWIM4,-1.6227093422777048e-05
ZNF350-AS1,-1.622990361564057e-05
EXOSC6,-1.623479300249215e-05
TRIM61,-1.6240337068524168e-05
TWSG1,-1.624385284864564e-05
BOLA2B,-1.6258576850618595e-05
WDR93,-1.6264761543060806e-05
PCOLCE2,-1.6266786606711424e-05
C16orf54,-1.6270388757788942e-05
CDC42EP5,-1.627398272820039e-05
MAEA,-1.628039387738297e-05
BRAT1,-1.6281728813806766e-05
CYP27C1,-1.62855684768552e-05
NABP1,-1.6300250472683162e-05
H2AFY2,-1.6300584524014602e-05
MTHFD1,-1.6321042495889395e-05
FBRS,-1.632286760900125e-05
GSDME,-1.6326739157667137e-05
ZNF664,-1.6340866087427117e-05
IFNGR2,-1.634902133009291e-05
MRM3,-1.6352915536662096e-05
ARL3,-1.637078445789005e-05
AP2A1,-1.6379037360843576e-05
CACNB4,-1.6379304101455186e-05
FOXF2,-1.6393268165575338e-05
SLFNL1,-1.6394087051648468e-05
KDM7A-DT,-1.641167884978892e-05
RB1CC1,-1.6428038779442357e-05
AP000897.2,-1.642888491018541e-05
TMPO,-1.643537305135504e-05
PALM,-1.643671011140622e-05
FTSJ1,-1.643968904770979e-05
PRRG3,-1.6444829910893802e-05
LIX1L,-1.6464725604570217e-05
MAMDC4,-1.647217214612792e-05
FES,-1.6484446665250238e-05
IRGQ,-1.6489988697209634e-05
TNFAIP8L2,-1.649172533819805e-05
CENPC,-1.6492456873747165e-05
PLAGL2,-1.6495588566720535e-05
GLIDR,-1.650971092096168e-05
RHCG,-1.652268819920141e-05
EIF2AK2,-1.6529265182268312e-05
LPA,-1.6531572019132658e-05
P4HTM,-1.6543759329722337e-05
METTL23,-1.654409906593374e-05
TRAPPC4,-1.6550266341844995e-05
PLPP3,-1.6556780653277727e-05
CCNG1,-1.6567076012196492e-05
ZNF773,-1.6567699340341238e-05
MCTS1,-1.6586498525483627e-05
PRKCH,-1.6589455899793818e-05
MCHR2,-1.6600279477151593e-05
ANKRA2,-1.6616283340079174e-05
ACAN,-1.6616700329401772e-05
ZNF74,-1.6633357542103154e-05
NRAS,-1.66366448041514e-05
FBXO10,-1.663814664594836e-05
GDF15,-1.664272874748272e-05
TLCD3A,-1.665032650641765e-05
PPRC1,-1.6654224172453895e-05
TOLLIP,-1.666166971871023e-05
RIC8A,-1.666224414058108e-05
GGNBP2,-1.6674597357464614e-05
ZBP1,-1.66922653234302e-05
ANKRD36,-1.669413235731912e-05
TBC1D8-AS1,-1.6710135623215536e-05
SPATA25,-1.6714443055632597e-05
IL22RA1,-1.6717779224539402e-05
CAPS,-1.6718889608173956e-05
APLF,-1.6719594432265997e-05
NIBAN1,-1.6724787516649217e-05
TOB1,-1.6728494348809792e-05
SH3BP5,-1.6730408514203277e-05
ACP7,-1.67338026541102e-05
DOK3,-1.6746708448742154e-05
RASL10A,-1.675285264655068e-05
BECN1,-1.6760624978824222e-05
AP005671.1,-1.6767278538228863e-05
SH2D4B,-1.678432246344511e-05
C18orf63,-1.6785125008217353e-05
PSEN1,-1.6786584238081133e-05
FBLIM1,-1.679803991078286e-05
SNAP25-AS1,-1.68013552370011e-05
SNX20,-1.6819668758658503e-05
ZNF284,-1.6819668758658503e-05
BTG3-AS1,-1.6828730833545573e-05
POLR1D,-1.6834657493938768e-05
TIMM8A,-1.6841280655595457e-05
ENKD1,-1.6862452846828784e-05
WDR13,-1.687722859903634e-05
CHST8,-1.688193924864103e-05
WDR5,-1.689064952526175e-05
ZNF615,-1.689338759264091e-05
MBIP,-1.6908670312934904e-05
PLEKHG4B,-1.691518529281861e-05
ANO3,-1.6916523180761763e-05
PPP2R3C,-1.691986772538407e-05
IGHG3,-1.6924070325126733e-05
C16orf72,-1.6925329126609916e-05
ZC3H4,-1.6935783024609697e-05
RN7SL832P,-1.6937721192492225e-05
BMP7,-1.693892639373772e-05
HAPLN3,-1.6942844662921412e-05
CCDC71,-1.6972960394539702e-05
ARHGEF17,-1.6981151263975984e-05
KANK2,-1.6986179331318346e-05
TMEM82,-1.6997374766905304e-05
TMEM64,-1.700619568740767e-05
FRAT1,-1.7017347954966814e-05
AHCYL1,-1.703581597978186e-05
MRPL43,-1.7037489628931532e-05
PRB2,-1.7042467239268506e-05
CYP2B6,-1.7042974474380238e-05
LAMC3,-1.705675719380834e-05
ZNF536,-1.7060161059279838e-05
HPS1,-1.707330544446147e-05
CNN1,-1.7079835878024834e-05
Z82206.1,-1.7119170117030102e-05
HTRA2,-1.7121108964466794e-05
PINK1-AS,-1.7126060988145196e-05
TAF11,-1.712709242980834e-05
MRFAP1L1,-1.716938405732597e-05
RGS5,-1.719203609791637e-05
VAT1L,-1.7193036243319282e-05
SMARCE1,-1.7193148885139985e-05
FRMPD1,-1.7199397133840467e-05
NATD1,-1.720573686962231e-05
FGD2,-1.72081828637177e-05
SEPTIN4,-1.7216403833982644e-05
ADGRL1,-1.7216542881994593e-05
SLC25A23,-1.722013592309405e-05
MYL6B,-1.723005201852559e-05
VASN,-1.7231845570632866e-05
RTN1,-1.724443507995982e-05
LMO7,-1.724612074485321e-05
ACTN1,-1.725340186864709e-05
ELOA,-1.725487160416727e-05
ADGRE1,-1.728965651472318e-05
NELL2,-1.729429814753377e-05
RP2,-1.7306759142283317e-05
PTH1R,-1.730828717903839e-05
EDEM1,-1.7309150532645478e-05
DPT,-1.7336468093599402e-05
SERINC2,-1.734176933492824e-05
SMIM13,-1.73449713937897e-05
KBTBD11-OT1,-1.734930656771043e-05
ZNF629,-1.7351019058172328e-05
SELENOF,-1.7361066987051982e-05
Z95115.1,-1.7366569552672165e-05
NLGN1,-1.738602994396807e-05
PRICKLE2-AS3,-1.7387870057691988e-05
ADCK5,-1.7396724534567058e-05
LDOC1,-1.7405531540318783e-05
PDCL,-1.741167940826125e-05
C12orf60,-1.7417805822946564e-05
TMEM238L,-1.7421497849483553e-05
ANKRD20A4,-1.7422284251797336e-05
ZNF295-AS1,-1.74290870597966e-05
AP005203.1,-1.743094260500285e-05
SSBP2,-1.7434589516903805e-05
CU633906.2,-1.745781726423537e-05
CDT1,-1.7470603079637448e-05
MPG,-1.748595655761033e-05
NRIR,-1.7508891298560936e-05
LPAR3,-1.7511840513438308e-05
SALL1,-1.7518846339890844e-05
UFM1,-1.7526439079540824e-05
TIFA,-1.756719670651621e-05
VTI1B,-1.7570001469142665e-05
GPN1,-1.7572424112541534e-05
MAP4K1,-1.757798258885558e-05
XIRP2,-1.758521096134337e-05
DPM1,-1.7595600823819445e-05
ATP8B2,-1.7600483840259667e-05
C2orf76,-1.7602352363097286e-05
AZI2,-1.7608264872523195e-05
CASP10,-1.7614812872371967e-05
COL17A1,-1.7615430484023076e-05
CDHR4,-1.7620765705166055e-05
NECAP2,-1.762080190362327e-05
UNC45A,-1.7635557806124143e-05
ENPP3,-1.7636485426450472e-05
CXorf21,-1.7644273629138132e-05
TIMM17A,-1.7646908442806162e-05
WFS1,-1.765670106240552e-05
ALDOA,-1.7658039765121456e-05
FYCO1,-1.7668906430474046e-05
MERTK,-1.7691094456954577e-05
USP2,-1.7696552401483003e-05
CYB5R2,-1.769787324505409e-05
TMEM86A,-1.771495488500682e-05
C12orf56,-1.7731450493376178e-05
HOXB2,-1.7733370737138052e-05
MRPS30,-1.7735871450887684e-05
MAP3K8,-1.7751079105663724e-05
ATP6V1D,-1.7752021752548814e-05
TRIP6,-1.7753257483138436e-05
CIART,-1.7757854379455452e-05
ADRA1B,-1.7759646205966962e-05
CA4,-1.776317368260302e-05
PIK3CG,-1.776469722298458e-05
KAT5,-1.7773035962447475e-05
SCO1,-1.7799501880792337e-05
SIRPD,-1.780908911779869e-05
KIAA1324,-1.780984399674681e-05
SREBF2-AS1,-1.7824433723811502e-05
HIST1H2BE,-1.7825709057879495e-05
TRMT2A,-1.7833766953986902e-05
FAM214B,-1.7834073887272385e-05
MED15,-1.7850542459462166e-05
SP6,-1.78506468592244e-05
NNAT,-1.7859804890679968e-05
CD200R1,-1.7863018268588358e-05
AP002449.1,-1.7868144559374165e-05
TPGS1,-1.7869570769258925e-05
KLC3,-1.7870357377343244e-05
CCDC151,-1.7890234992896493e-05
CHN1,-1.7900783350568644e-05
CDO1,-1.7902582275482573e-05
GGACT,-1.7949154366092276e-05
GRM5,-1.7951112142474334e-05
CRTC2,-1.7987320592479778e-05
ZNF366,-1.8003753958747177e-05
CYP26B1,-1.8013743390154608e-05
NUMA1,-1.802753500849033e-05
SORCS3,-1.8045971543408905e-05
FKRP,-1.805362719297617e-05
TMEM50B,-1.805551459143505e-05
NRL,-1.8062369729107493e-05
ACSS2,-1.8082371445314266e-05
HS1BP3,-1.811541847312764e-05
PDGFA,-1.811648564185356e-05
CAHM,-1.813504735942894e-05
IRX5,-1.815208340609777e-05
MAGOH,-1.815605683206887e-05
PLD3,-1.81569412929828e-05
HADHA,-1.8185347089711582e-05
EEF1AKMT4,-1.818690717961889e-05
SLC26A4-AS1,-1.820735533317253e-05
FO393415.3,-1.8225458650030718e-05
Z93020.1,-1.824303027657653e-05
MKRN2,-1.8254851428487957e-05
CA5A,-1.8259345045431604e-05
ADAMTS8,-1.8262292223333228e-05
RASA4,-1.8262568983987288e-05
BATF,-1.8268126196676083e-05
SH3BP5L,-1.827068220487255e-05
SGSM1,-1.8271177078577616e-05
PCYT1B,-1.827180148041418e-05
UPK3A,-1.8276049659434035e-05
SNTA1,-1.828045288667153e-05
FUT11,-1.828073460535999e-05
BRPF3,-1.8293682346186463e-05
AARS,-1.829567391424973e-05
CD80,-1.830216036050519e-05
GIHCG,-1.8303213339643536e-05
POMC,-1.831253113976991e-05
ADAM9,-1.8347059928960065e-05
KLHL41,-1.836540907909324e-05
KLHDC3,-1.8367850116716167e-05
NOA1,-1.837658152796285e-05
NUTM1,-1.8379897349512108e-05
TIGD6,-1.8382528240214907e-05
DOK6,-1.838925196549473e-05
SDF2,-1.839759672332118e-05
GYPE,-1.8405294871988e-05
FAM89A,-1.8409077526835445e-05
LSS,-1.841945203797672e-05
MSTO1,-1.842255257963556e-05
CSF3R,-1.8448101983004683e-05
ALG5,-1.845768429913175e-05
RTF2,-1.845878047573293e-05
FAM120AOS,-1.847322011679744e-05
PRICKLE1,-1.8474659847664897e-05
CEP131,-1.847823765596023e-05
BMP5,-1.847904610219088e-05
IGHA1,-1.8484768212092153e-05
LCMT1-AS2,-1.848800745378588e-05
UNG,-1.849934446957029e-05
POLR3H,-1.8499781679203645e-05
PDP1,-1.851637339436444e-05
FOXP4,-1.8520945902172634e-05
ACSL6,-1.852591791805599e-05
RARA-AS1,-1.854151034529257e-05
CALHM6,-1.855072264241899e-05
RHOJ,-1.8559012636953807e-05
ZNF442,-1.8569804846378032e-05
INKA1,-1.8574175655556468e-05
KCNJ5,-1.8577093518004537e-05
HELZ2,-1.8578110391452863e-05
RELT,-1.859097599114357e-05
DYRK4,-1.859366540362407e-05
PPP4R1-AS1,-1.861158969452385e-05
TNFRSF14,-1.8613374586755517e-05
SLC26A2,-1.8613830237173528e-05
ALDH1A3,-1.8621786287648245e-05
CDK11B,-1.862188578411933e-05
ZNF512B,-1.862252209877621e-05
RNF113A,-1.862715329764391e-05
ARFIP2,-1.8636972986246862e-05
ITGB1BP1,-1.864126881503463e-05
RRP8,-1.8663755910291685e-05
MOCS1,-1.86643355192469e-05
TWIST1,-1.8665657107974186e-05
GFI1B,-1.867323043305837e-05
HABP4,-1.867745686183821e-05
NOSIP,-1.873907547737029e-05
BRMS1,-1.875361637575352e-05
TMEM143,-1.875801323447029e-05
FAM8A1,-1.8772803779569367e-05
MARCH2,-1.8778787642396785e-05
SMAD9,-1.8784814327656503e-05
MED16,-1.8808581784125324e-05
OAS2,-1.881341920793079e-05
BATF3,-1.88136279086032e-05
SNRK,-1.8820176621488295e-05
KAZALD1,-1.883077192281088e-05
SLC43A1,-1.886681872122822e-05
ZYG11A,-1.887909492053193e-05
CSMD3,-1.888165312509491e-05
ZRANB1,-1.888268022627442e-05
HAUS7,-1.888347033301896e-05
ADAMTS20,-1.890912937130213e-05
BASP1-AS1,-1.8909410704980775e-05
GAL3ST4,-1.893323820674038e-05
SEC24C,-1.8936523504433955e-05
AP003086.1,-1.8942131072218345e-05
ARL4A,-1.8953691835913166e-05
TRMT6,-1.8964951451590247e-05
CUL9,-1.8972161720683835e-05
ZNF853,-1.8981846884343357e-05
SAMD14,-1.898433141405908e-05
CASP3,-1.898857407985013e-05
LMO4,-1.8990935007053437e-05
SORL1,-1.8991367745266027e-05
MFAP4,-1.9007877875323992e-05
SRPX2,-1.901372005249604e-05
FDXACB1,-1.902196354917808e-05
CTRL,-1.9024462239708728e-05
PCDH11Y,-1.902489958604273e-05
TMEM129,-1.9035079201319023e-05
PODNL1,-1.904146285147652e-05
ZNF395,-1.905597875844445e-05
MPST,-1.906182462509057e-05
BEST3,-1.906216246785068e-05
RNF122,-1.9066206954441004e-05
KIF1C,-1.906969963033433e-05
PROX1,-1.907706280572511e-05
AARSD1,-1.907716549976718e-05
EZH1,-1.912339388230667e-05
SNCG,-1.9123549334351157e-05
PCED1A,-1.9142395632855846e-05
ZNF611,-1.9151027068663697e-05
SEMA5B,-1.915555185986238e-05
TRIM29,-1.9184692760455868e-05
KCTD14,-1.9195541355036416e-05
PTGDR,-1.9216548317430784e-05
TNNT1,-1.9216664237152484e-05
ARMT1,-1.9216828882452584e-05
GBGT1,-1.9250617043122157e-05
TRAT1,-1.9250856519740547e-05
SLC37A2,-1.926786723809966e-05
MB21D2,-1.927935096545959e-05
IPO4,-1.9280082610124743e-05
RAB30,-1.928188288614191e-05
TCF4-AS1,-1.9285170303993756e-05
MTMR8,-1.928730690854233e-05
KCNK9,-1.9294453569543606e-05
LRFN1,-1.930456014760154e-05
RBFOX1,-1.930543639743717e-05
BHLHE41,-1.930558879053324e-05
TMEM41B,-1.932388551761278e-05
PRKG1-AS1,-1.9330886160982813e-05
NDUFAF4,-1.933295918426988e-05
WTAP,-1.934955813955643e-05
MAPKAPK2,-1.935770862632788e-05
UBXN8,-1.936091528613008e-05
NYNRIN,-1.939107172603457e-05
RWDD1,-1.93926877536719e-05
BDKRB2,-1.9397537757279865e-05
PRKD1,-1.940293850939437e-05
BACH1,-1.9416134473675527e-05
STON1,-1.9419361659545707e-05
RTN2,-1.9422756722302717e-05
ANP32A,-1.947376315041776e-05
TLR1,-1.94772724587318e-05
WAS,-1.948176255577712e-05
SUSD2,-1.948271167168579e-05
SDR42E1,-1.9488951129648146e-05
EDEM2,-1.949173391902617e-05
CYB561,-1.9492644239502988e-05
PLPPR1,-1.9506830746300302e-05
SNX6,-1.953172651649881e-05
FBXO33,-1.953431036563334e-05
IL23A,-1.95422745782155e-05
KANK3,-1.9556031417069847e-05
CAMTA2,-1.957074880716558e-05
HAND2-AS1,-1.957851901363539e-05
TMEM52,-1.9585374659009468e-05
LRRC8C,-1.95956378750956e-05
UTP25,-1.96266397950258e-05
CLDN11,-1.963704620621821e-05
CTBP1,-1.963784992436961e-05
CNPY4,-1.9639263977334183e-05
KLHL11,-1.9644256713575992e-05
RNF145,-1.9652442509784116e-05
KLHL35,-1.9669112975856996e-05
DDX52,-1.9675004718813204e-05
CLUL1,-1.968823273225245e-05
PREB,-1.968838919256205e-05
NKRF,-1.9693538654235026e-05
AP000317.1,-1.9701099045654463e-05
TGFB3,-1.9723092166174792e-05
MED19,-1.972574714393404e-05
SPOUT1,-1.973414590899099e-05
OLFM4,-1.9751696428529647e-05
GTF3C4,-1.975330420090936e-05
GAL3ST1,-1.9769670723123177e-05
PABPN1,-1.978698598804886e-05
PDLIM4,-1.978740820016625e-05
COX19,-1.980829575273936e-05
RNLS,-1.9812060030356512e-05
TGFBRAP1,-1.9828576432819334e-05
EML1,-1.982929751499836e-05
PSMD9,-1.983123512502613e-05
OTOF,-1.983141304027316e-05
RANBP3,-1.984302684391489e-05
ELK3,-1.984502335344574e-05
DCAF8L2,-1.985206657739017e-05
UTP23,-1.9860657681724917e-05
PPP2R5B,-1.9863593732313697e-05
FAR2,-1.986414275715716e-05
NACC2,-1.990290826221854e-05
GADD45G,-1.991402113378661e-05
ITGA7,-1.9916338091606158e-05
KAT2B,-1.9918446572778947e-05
TMEM126B,-1.9921129943897532e-05
HIST1H2BF,-1.994011423132637e-05
IDH2,-1.994222555918541e-05
DRP2,-1.9943832869590476e-05
CACNB3,-1.995793264946944e-05
SLC29A3,-1.996468818381704e-05
PCDHGC3,-1.997151403032184e-05
ZNF426-DT,-1.9973301208760428e-05
MYH3,-1.999719909367985e-05
SLC28A2,-1.9999074185893563e-05
CYLD,-2.001655510616177e-05
LRRC3,-2.0026242588616124e-05
CEBPA,-2.006280998933442e-05
SLC25A18,-2.007463249826661e-05
ANKZF1,-2.0074862471220545e-05
NT5E,-2.009058603514736e-05
CCDC86,-2.009343049754418e-05
POU5F1B,-2.0104438167935186e-05
SAP30L,-2.010571080553495e-05
DNMT1,-2.0106107630612407e-05
OBI1,-2.0128261553097195e-05
APC2,-2.0146149994691143e-05
KCTD9,-2.0148739520803784e-05
ASIC3,-2.016236745790494e-05
DNM3OS,-2.0188133977468236e-05
GYS1,-2.018875400071266e-05
GATD1,-2.0193585840281205e-05
ZNF319,-2.020706294318967e-05
CHST14,-2.0211874955566404e-05
HEY2,-2.0213963716140904e-05
ACOX2,-2.022011763922241e-05
SLC22A18,-2.022232628871277e-05
CD180,-2.0237367708569014e-05
SLC27A4,-2.024253666650997e-05
NFIC,-2.024484634029996e-05
ZNF414,-2.024739341093411e-05
PAH,-2.024935283218184e-05
RSPO4,-2.025077553022348e-05
PKLR,-2.0255874844546413e-05
TBL3,-2.0256605421006134e-05
SETD7,-2.0258704770172697e-05
GASK1A,-2.0265817665086735e-05
ADD2,-2.0274669440010857e-05
NME6,-2.0294198888966795e-05
STON1-GTF2A1L,-2.0305574631876204e-05
MIF4GD,-2.0309667204462498e-05
PUS1,-2.031000675718095e-05
CHMP3,-2.0312551334633144e-05
SLC10A1,-2.033434407793824e-05
SLC27A6,-2.0342702457329056e-05
GRK6,-2.0348135146211803e-05
UNKL,-2.0365786843204523e-05
NTAN1,-2.037040762266002e-05
LRRC7,-2.039156419282968e-05
FAIM2,-2.0404871091287383e-05
EHD3,-2.042236533566369e-05
NPIPB9,-2.0455914965213247e-05
MANEAL,-2.045834461715578e-05
ZNF791,-2.0464653991910424e-05
APCDD1L-DT,-2.046793519973729e-05
SCYL1,-2.046858451056827e-05
LMTK3,-2.0469552704878908e-05
SLC41A3,-2.0481145444458827e-05
ZNF581,-2.048381859242032e-05
ZNF699,-2.0490673335029635e-05
MON1B,-2.0505185283863364e-05
CALB2,-2.051782400730743e-05
CACNA2D4,-2.052413448786726e-05
THSD4-AS1,-2.0541973384940696e-05
LRRC58,-2.0545305298530245e-05
AHRR,-2.0562140891789457e-05
UBIAD1,-2.0565073061359057e-05
ENPP1,-2.05762275824457e-05
A2M-AS1,-2.0576804073071923e-05
ZNF358,-2.058178642207136e-05
DBH-AS1,-2.0591360710970028e-05
RAB14,-2.0597328337237684e-05
GRXCR1,-2.0602652057046636e-05
EVC2,-2.0606122448555563e-05
DDX47,-2.060878407917189e-05
SNIP1,-2.060976026173964e-05
AIF1L,-2.0637642135867905e-05
ERBB4,-2.0699650270133224e-05
PIGH,-2.0716570092654663e-05
UTP11,-2.0725952369129304e-05
ALK,-2.074757191936039e-05
KRT86,-2.0763440193775203e-05
ANKRD53,-2.076941023685274e-05
CRNKL1,-2.0788852740516845e-05
ADPGK,-2.0790878561134795e-05
RBM14,-2.07909293897022e-05
PTGFR,-2.079557657083284e-05
STARD7,-2.082607637871726e-05
NR1H4,-2.0837573844462915e-05
GOLGB1,-2.084561459827633e-05
TUSC1,-2.085105185892419e-05
FBXO45,-2.0868915157704457e-05
RAMAC,-2.0873233655818965e-05
TRIM54,-2.0875068088912783e-05
DAGLA,-2.0890738454830557e-05
ISYNA1,-2.0904773186109357e-05
FAM177A1,-2.0915854980204116e-05
LAMTOR1,-2.091744374345765e-05
RNF152,-2.0926178096169945e-05
RIMS2,-2.0943948907742346e-05
TMEM173,-2.097384313981141e-05
LOXHD1,-2.0974897718273697e-05
YRDC,-2.0978422344117573e-05
FSD1,-2.0991605471552472e-05
USP12,-2.101603035047369e-05
C1QTNF6,-2.1016939711131355e-05
AP000547.3,-2.1032428298836394e-05
PZP,-2.103866809281846e-05
CPB2,-2.103869710302608e-05
MX1,-2.1039626907123483e-05
ZNF385B,-2.1049323897793004e-05
HSD17B8,-2.1053480593397503e-05
S100A3,-2.105515468710513e-05
ZNF677,-2.105899981376484e-05
PXN,-2.105945196189991e-05
VPS18,-2.106037636530026e-05
ABCG1,-2.1070292332254625e-05
GJC2,-2.107369965010959e-05
TMEM184B,-2.1102732338057932e-05
PPP1R3B,-2.1103178642953906e-05
NTRK2,-2.1138823770232752e-05
LY6G5B,-2.114737998304095e-05
GABRA2,-2.1152065589471104e-05
AKR1D1,-2.1175799402966508e-05
INAFM2,-2.118563456238586e-05
AP001033.1,-2.121359830665169e-05
EHD4-AS1,-2.1214655422703172e-05
FNDC5,-2.127651381523149e-05
YIF1B,-2.1291086973752e-05
CXCL1,-2.129488281556389e-05
ADORA1,-2.12988180393642e-05
ZNF432,-2.1318048733523085e-05
KARS,-2.132163745863192e-05
UQCC2,-2.133493462483196e-05
ZNF585A,-2.1344088418885014e-05
PHF5A,-2.135377158994045e-05
TEX11,-2.137144983923636e-05
TPRKB,-2.1389120026359506e-05
ZNF781,-2.140159079804018e-05
SDR39U1,-2.142002933909693e-05
PC,-2.142333262170562e-05
PDE4A,-2.142676812142056e-05
SH2B3,-2.1431310908251945e-05
ADAMTSL4,-2.143527375537352e-05
IFIH1,-2.147626580030983e-05
VRK1,-2.1476275890353917e-05
AGAP2,-2.1487054388883865e-05
UBE2U,-2.149679611439757e-05
DCBLD2,-2.1514349349486965e-05
LOXL1,-2.1534388586333495e-05
ITM2A,-2.1545820255816186e-05
CNGB1,-2.1571102840285564e-05
UPK3B,-2.157247199975468e-05
CYP2J2,-2.159180029656097e-05
TRIM22,-2.1598755540855505e-05
TRABD2B,-2.160680329163317e-05
SORCS1,-2.1614267229059905e-05
SNTG1,-2.161882619203977e-05
ATAD1,-2.163294835600738e-05
ADORA3,-2.1637097120097744e-05
ROBO2,-2.164111349811599e-05
VASH2,-2.165062910297165e-05
CTF1,-2.1657340186024857e-05
SLC20A1,-2.16652396175032e-05
SAV1,-2.1665307893798344e-05
PAPOLA,-2.1678015594774476e-05
HLX-AS1,-2.168867740904812e-05
HNRNPDL,-2.169220540175696e-05
SHE,-2.1694774207798625e-05
MCOLN3,-2.1706226559383964e-05
GINS2,-2.17105715864456e-05
ZFYVE21,-2.1712935021465803e-05
RIMS1,-2.172332438705755e-05
MEIOB,-2.174378201652677e-05
RBMS3-AS2,-2.175460890144678e-05
PEX12,-2.1755155399172423e-05
POLE4,-2.1756131551024844e-05
NEIL2,-2.175648610662325e-05
WNT9A,-2.1758716759644327e-05
BCKDK,-2.1768837549977505e-05
PYGO2,-2.1772804461786435e-05
MTMR7,-2.1776916504243093e-05
ADGRE3,-2.1779007257341307e-05
ZFP82,-2.1786616684506057e-05
FABP6,-2.178904987006125e-05
LZTR1,-2.179476673144477e-05
ANGEL1,-2.1798386461654365e-05
C15orf48,-2.181521609219944e-05
HS3ST4,-2.182064958442315e-05
DNAJC14,-2.1835173022344492e-05
PLPBP,-2.183920192989625e-05
KLF11,-2.1843111831534942e-05
PTEN,-2.184691944490084e-05
CLP1,-2.1852382386229597e-05
MRPL22,-2.185595729416632e-05
HIST1H1C,-2.188166310597781e-05
ITGB4,-2.1886873575601363e-05
SLC4A1AP,-2.1894221232983096e-05
MINPP1,-2.1895315081389086e-05
ULK1,-2.189668976469013e-05
HIST1H2BD,-2.191227156124141e-05
VCPIP1,-2.192067462501345e-05
GLB1,-2.192088284176674e-05
C6orf89,-2.19422293011912e-05
EAF1,-2.195176247804549e-05
TIMM44,-2.1956568232024206e-05
CLSTN1,-2.1956724832716364e-05
MVP,-2.196082562422561e-05
KIF6,-2.196590419761887e-05
WBP1,-2.1973991379860445e-05
UBE2D3,-2.199397852976837e-05
PLEKHM2,-2.1996586277495936e-05
ABCB4,-2.2007857660089007e-05
RIT1,-2.2009589593775832e-05
TMEM252-DT,-2.202436398775893e-05
ATOX1,-2.2024602146244875e-05
MED30,-2.205127601768356e-05
AP000561.1,-2.205265593593443e-05
NXNL1,-2.2053013549705324e-05
WASHC1,-2.207840891505261e-05
UGT2B7,-2.2098865935526074e-05
FAM174A,-2.211447731669269e-05
ERP44,-2.2127452507483863e-05
CIB2,-2.21288692230957e-05
TRIM9,-2.2138410236147628e-05
ACAA1,-2.2144656901494324e-05
SNRNP48,-2.214727458295031e-05
TBPL2,-2.2148944669276976e-05
HAS2,-2.2167295971938303e-05
SMIM30,-2.2168935554039094e-05
DRAXIN,-2.219287125636523e-05
ALDH2,-2.220459646802873e-05
GRIA1,-2.220705893231281e-05
NPTXR,-2.220768829805603e-05
IL31RA,-2.221418406992961e-05
BMPER,-2.2222955996531654e-05
UBALD1,-2.222463702460724e-05
ERG,-2.224342747639324e-05
PDCD1,-2.2245641309790786e-05
HSPB7,-2.2248660220725368e-05
ANAPC13,-2.225191949391792e-05
PHAX,-2.2258691508016616e-05
MCUB,-2.22717285248418e-05
FCMR,-2.227294039935885e-05
DONSON,-2.2275955834217947e-05
AP001604.1,-2.228550644418992e-05
PIP4K2B,-2.228651863396149e-05
KIF5C,-2.2289796398879508e-05
MAGOHB,-2.231578792126288e-05
FAM151B,-2.2316828782653845e-05
USE1,-2.235024720398548e-05
NKG7,-2.2351575158602697e-05
MALRD1,-2.235502783315725e-05
MRPS18B,-2.2366866566778203e-05
OTOGL,-2.2375753851002308e-05
MID2,-2.237581563577263e-05
STAP1,-2.2387878340067563e-05
SECTM1,-2.2395920162654312e-05
RRP7A,-2.240246524436601e-05
ARFGAP2,-2.241863374830958e-05
LNPK,-2.2435105365865e-05
AMIGO1,-2.244340595062936e-05
LONRF1,-2.2452374952593165e-05
CCDC137,-2.2458390932394005e-05
ILDR2,-2.2459451682305395e-05
ADARB1,-2.247274703580369e-05
MTG1,-2.248609861851536e-05
FIZ1,-2.2493739503104494e-05
RBPMS2,-2.2494569545680256e-05
ZNFX1,-2.2510066626266143e-05
CTSO,-2.2515506888304097e-05
ZNF385A,-2.2565464584504065e-05
COMTD1,-2.257124000952522e-05
UNC93A,-2.258321660982773e-05
KIAA1614,-2.2588982606196416e-05
WWC2-AS1,-2.262221808752225e-05
NAP1L1,-2.263893694189763e-05
LTBP4,-2.265780821040033e-05
ATF3,-2.2664049443971627e-05
POMGNT1,-2.267716249317409e-05
ALG14,-2.2684489542196844e-05
ZNF579,-2.268592355341128e-05
EIF2S3,-2.268776860913861e-05
NMB,-2.2692169813565088e-05
MIAT,-2.269265189301952e-05
FPGS,-2.270808941807139e-05
RWDD4,-2.271825047361053e-05
IQCC,-2.271880343470566e-05
MICB,-2.2725517891472745e-05
TMEM63C,-2.2735588553203533e-05
UBE2Z,-2.2751550726404187e-05
TMEM212-AS1,-2.276902075341223e-05
EMC1,-2.2773033973862488e-05
IFNG-AS1,-2.2775464105272288e-05
AIMP1,-2.2776091679974485e-05
HAP1,-2.2792323645992555e-05
SDS,-2.280710269003693e-05
AP001972.4,-2.282386222415567e-05
PAQR3,-2.282802620064078e-05
CRYBA1,-2.2829552965935493e-05
CHST6,-2.2851192484531747e-05
CTU1,-2.285217740354059e-05
SLK,-2.290912684898674e-05
POLDIP3,-2.291436446860724e-05
CALCR,-2.291912032416304e-05
CNTNAP3B,-2.2919955101576907e-05
ZNF48,-2.2921440266457144e-05
SLC7A5,-2.2935741302324768e-05
GNLY,-2.2949462614268053e-05
RNF168,-2.294963705238153e-05
IMP4,-2.2952644287308343e-05
ELOVL4,-2.2953299892569543e-05
MRPS26,-2.297137198862774e-05
PCYT2,-2.297632175111524e-05
LOH12CR2,-2.2983764555680932e-05
THEMIS2,-2.300302060567993e-05
TBC1D13,-2.300432400909216e-05
PTRH1,-2.303658898218263e-05
TMEM187,-2.3066260306879285e-05
ATP8B4,-2.3080811327673013e-05
HNRNPH1,-2.3085159637215627e-05
ARMC5,-2.309590572999761e-05
PPM1J,-2.3114507910796296e-05
IKZF4,-2.311612991540607e-05
STARD5,-2.311937705565083e-05
PPP1R11,-2.3137822275914197e-05
PIP4P1,-2.3146819889567525e-05
ZNF646,-2.3148639364472823e-05
RGS4,-2.317946197564643e-05
LHFPL2,-2.319574528890275e-05
TIGAR,-2.323661175255433e-05
SPTY2D1,-2.3247843007426763e-05
B3GALT5-AS1,-2.3257185907464263e-05
LDHD,-2.331038495164135e-05
TSC22D3,-2.3319807971582744e-05
FAM13A,-2.333109573735214e-05
ATP7A,-2.3372934278522598e-05
C1orf61,-2.3379632063318305e-05
L1CAM,-2.338440826746405e-05
FMO5,-2.3393104967279e-05
PSMD13,-2.339645474083739e-05
MEIS3,-2.3397053140755214e-05
MID1IP1,-2.34000390534145e-05
ABHD8,-2.341510164313621e-05
PHETA2,-2.3420991388998868e-05
CACTIN,-2.3443903132812248e-05
SERPINB5,-2.3445983150944733e-05
CDK4,-2.346163501182295e-05
SLC6A16,-2.3465107847206307e-05
ZBTB7B,-2.347092009599177e-05
MRPL10,-2.3472015643420565e-05
LRRC42,-2.3476761913304268e-05
CDH19,-2.3490720616587043e-05
RTL5,-2.3491095165924697e-05
DDX50,-2.3514355110183584e-05
C3orf70,-2.352627693224888e-05
SELE,-2.3531170766186475e-05
SRP19,-2.3540150154113703e-05
OVCH1-AS1,-2.3542265027863085e-05
ZNF518B,-2.3554677812118e-05
SLC38A5,-2.3557470046161687e-05
MYLK4,-2.3562663335135727e-05
NIP7,-2.3565040619628025e-05
AP005717.2,-2.3569173498986276e-05
PCCB,-2.357058969990854e-05
DCAF4L1,-2.3582413410115432e-05
C1orf115,-2.359291631439526e-05
AP000919.4,-2.3594942795074477e-05
BICC1,-2.359967070565997e-05
GSPT2,-2.36025424526282e-05
EXOC3L1,-2.3602796754810256e-05
TAF6,-2.361274388111338e-05
FGF10,-2.36143358154212e-05
RILP,-2.3616541266925983e-05
AIM2,-2.3624400521724605e-05
TBC1D1,-2.3631570326761764e-05
CRIM1,-2.364753768015393e-05
TFE3,-2.366621702687617e-05
ITPRIP,-2.3668448381051856e-05
ZNF578,-2.367016477681519e-05
SV2C,-2.3681703661398262e-05
MPP2,-2.370237018245975e-05
HLA-G,-2.3703856111569867e-05
PLA2G12B,-2.37174081629914e-05
EPHB6,-2.3725025278580933e-05
SEPTIN6,-2.3730316916746875e-05
CMPK1,-2.3732840781663763e-05
TOM1,-2.375401722120413e-05
F10,-2.3756103518370973e-05
R3HDM4,-2.3759531405904605e-05
ASB18,-2.376098851168095e-05
UBE2B,-2.377250626119654e-05
TEX29,-2.379105744459249e-05
NXPE2,-2.381500242258908e-05
LSM2,-2.382812050672565e-05
KCNK3,-2.382983894864875e-05
ANP32E,-2.38346182209274e-05
WDR45,-2.383542072344376e-05
CISD2,-2.3844059200899548e-05
RIF1,-2.3847216921817457e-05
RABL6,-2.3854334158476e-05
PLPP6,-2.388316341496898e-05
TMEM259,-2.3893014039167635e-05
SERPINE1,-2.389576359707168e-05
LZTS3,-2.3911745109152965e-05
ITGA8,-2.391466582046145e-05
HOOK1,-2.391997117109984e-05
S1PR2,-2.392946833575777e-05
CHAC2,-2.394384153262392e-05
CCDC152,-2.3948019608548697e-05
GATC,-2.395218910437756e-05
ZNF91,-2.3952624297631156e-05
TTC30A,-2.395433258797371e-05
SCCPDH,-2.395562739090355e-05
PGM3,-2.396471061080023e-05
OTULINL,-2.3980731405204177e-05
TRPC3,-2.3983536840802664e-05
MSL3,-2.4004311656395297e-05
ADAM28,-2.4038352945818323e-05
ZNF70,-2.404853993697713e-05
TENT5C,-2.4052303307988808e-05
TARS,-2.40693064941528e-05
LINGO2,-2.4096499343915437e-05
USP7,-2.4118077879885143e-05
ABHD14B,-2.4124094588967465e-05
CD24,-2.4136518401159697e-05
CAPN1,-2.4138056220901285e-05
C11orf1,-2.4160686988708067e-05
VIPR2,-2.4180744354484143e-05
SOX15,-2.41846861285156e-05
LNCOC1,-2.419535048142571e-05
ESRRA,-2.4197092751722022e-05
BNIP2,-2.4200007749937853e-05
CCDC43,-2.4223204246529644e-05
SGPP1,-2.4225867529436877e-05
TRIB2,-2.423081339405981e-05
MYO1C,-2.424078826452602e-05
DCP2,-2.426292851425613e-05
GDPD3,-2.4274149050077807e-05
IRF8,-2.4285033686507836e-05
TXLNA,-2.431265864725789e-05
CITED2,-2.433269881699911e-05
TSBP1,-2.434943406397295e-05
ALKBH2,-2.4352760109570636e-05
TERF2IP,-2.436139803664928e-05
HS6ST2,-2.43646822244866e-05
CHCHD7,-2.4403996601858184e-05
HS3ST2,-2.440539609410361e-05
C1orf167,-2.440673078888883e-05
PTDSS1,-2.441075152267337e-05
POLR2M,-2.4418910093734883e-05
LYPLAL1-AS1,-2.44189790080174e-05
TRIM21,-2.4422552197675265e-05
ARMCX6,-2.4424768322554235e-05
C15orf39,-2.442990959623623e-05
GNA13,-2.4432252029802927e-05
TCERG1L,-2.4443093175942517e-05
MPHOSPH10,-2.44627505369366e-05
CDC34,-2.446336024399257e-05
SHKBP1,-2.4500971335110177e-05
ANKRD24,-2.4504452462826423e-05
SMU1,-2.451105709589116e-05
CNKSR2,-2.454708534880968e-05
TFPT,-2.455901839288577e-05
BCKDHA,-2.4560874969701285e-05
SEPTIN7,-2.456326156456897e-05
MILR1,-2.456828337210705e-05
PHB2,-2.4578828952742136e-05
MTPN,-2.4589516642281983e-05
PIK3IP1,-2.4630455069988494e-05
PSMD12,-2.464691156152104e-05
ENO3,-2.465920020179608e-05
GPR34,-2.4665173185911743e-05
H19,-2.4693141939496383e-05
DVL3,-2.4701863044934658e-05
MRPS33,-2.4708011514080604e-05
TSC22D4,-2.4714196579838874e-05
AR,-2.472116222285607e-05
IRF9,-2.472286017043232e-05
LRRC47,-2.4732379143000795e-05
ECI1,-2.474356286456982e-05
MRPL15,-2.47509261237307e-05
SPANXA2-OT1,-2.475566578776418e-05
LAMTOR3,-2.4756267204949717e-05
LAX1,-2.475991711548503e-05
HIST1H4E,-2.4769810793512024e-05
EML3,-2.479522283371299e-05
AP003472.1,-2.4804341909209727e-05
DDX41,-2.481728320974432e-05
AZIN1,-2.4817595466560476e-05
RGS9,-2.4817684176986752e-05
SLC48A1,-2.4819741132767665e-05
MBNL1-AS1,-2.483516716916858e-05
YOD1,-2.4854037910963342e-05
GRB7,-2.4854984355136583e-05
CDH23,-2.485763718347365e-05
UFSP2,-2.485840257816249e-05
ZFPM2-AS1,-2.4880893272241223e-05
GPATCH4,-2.49132851853236e-05
LRRC4C,-2.491336881099023e-05
FZD4,-2.491652000993358e-05
ATP6V1E1,-2.492047197324073e-05
YAE1,-2.493431211451333e-05
TBXA2R,-2.4935292809637665e-05
PTGIR,-2.493964946750383e-05
SF3B1,-2.496221608231746e-05
EPRS,-2.4967947574225384e-05
DDTL,-2.49684708736003e-05
IFRD2,-2.4971241774531045e-05
RELN,-2.498348613771009e-05
COMMD2,-2.4990733191964725e-05
MON1A,-2.500084943300088e-05
POLR3G,-2.502459287481046e-05
PMVK,-2.502602301871741e-05
CCAR2,-2.50286012719132e-05
C11orf52,-2.503710123083268e-05
RNPS1,-2.5043373751182127e-05
FMC1,-2.505903488504181e-05
BRICD5,-2.5073074554970005e-05
MED20,-2.508319302765061e-05
LETM1,-2.5092313992584666e-05
DR1,-2.5115707138876e-05
LATS2-AS1,-2.5121205090198383e-05
AIFM2,-2.513368829823336e-05
TBKBP1,-2.5144195028460065e-05
ANKRD54,-2.517592767111346e-05
C1orf226,-2.518037697055351e-05
PRR15,-2.5206004193341098e-05
SLC6A12,-2.5227148498409727e-05
LPCAT2,-2.5229536199288907e-05
DDX59,-2.5239658679559463e-05
XKR4,-2.527477739082024e-05
EIF4B,-2.527838790802205e-05
OAZ2,-2.5290894433042056e-05
SPAG4,-2.5292428141837265e-05
DDX51,-2.530406159199309e-05
OSGIN1,-2.5307819523325643e-05
ZNF681,-2.530881818642766e-05
PXT1,-2.5312349544707497e-05
UBL7,-2.5314497706536614e-05
ARHGEF33,-2.53164776033762e-05
FUT1,-2.53208914567888e-05
C14orf119,-2.532257440039369e-05
EIF4A3,-2.5335001612799413e-05
SNUPN,-2.535046342084266e-05
IL4I1,-2.5369486760122884e-05
GPATCH11,-2.5372501343402936e-05
MIEF1,-2.5396467787215677e-05
RASA4B,-2.541600107329447e-05
ARL2BP,-2.5437966525479586e-05
PIP4P2,-2.544112349826997e-05
TBC1D9,-2.5441910214371295e-05
MRPL16,-2.54480420447474e-05
VPS72,-2.5449075752412985e-05
COPS7A,-2.5452604628436426e-05
C3orf14,-2.546272710777882e-05
BAX,-2.5486651015368868e-05
ADGRG1,-2.5487734237208676e-05
HSD17B13,-2.549195913054993e-05
NPAS1,-2.5528942471822123e-05
SNAP91,-2.553418257675144e-05
S100B,-2.554253481885123e-05
NACC1,-2.556114993046076e-05
CASS4,-2.556361292729623e-05
SAC3D1,-2.557574951923125e-05
NSMCE1,-2.5578294161124856e-05
ANKRD9,-2.558110196250501e-05
PAK2,-2.5587374257668748e-05
JAM3,-2.559519727871647e-05
NHSL2,-2.559536443066082e-05
RALGDS,-2.559621861538328e-05
DNAJC18,-2.561748337124376e-05
ABCA10,-2.5626596450568983e-05
GFOD1,-2.562693383524941e-05
ELP5,-2.563053304009788e-05
COPA,-2.563772868427997e-05
NANP,-2.5639904064092675e-05
CDK9,-2.5655295456621565e-05
P2RX4,-2.5664386433708285e-05
PHGDH,-2.5668406938383604e-05
CAMTA1,-2.568334246853569e-05
PIH1D1,-2.5705985502851504e-05
SCN7A,-2.570815597230601e-05
PEX16,-2.571649567362031e-05
PNMA8A,-2.573969507295364e-05
ASB2,-2.5744526473115943e-05
LFNG,-2.578366527737228e-05
ZBTB34,-2.5818709709428276e-05
TRIM71,-2.5832442588966103e-05
ALG11,-2.588225866653849e-05
PLA1A,-2.5893052606091037e-05
C7orf69,-2.591109651994473e-05
ANKRD10,-2.5917717944407347e-05
BIVM,-2.5940260395306014e-05
PRMT5,-2.594042418127513e-05
BHMT2,-2.595629737307713e-05
PCGF6,-2.596065753157748e-05
SGPL1,-2.5965654279645128e-05
MDGA1,-2.597147805884314e-05
TEN1,-2.5979552484810363e-05
CD300A,-2.599075042754709e-05
AJUBA,-2.6001042549189863e-05
PLCD4,-2.6012970588110125e-05
RORB,-2.602836978483063e-05
MAEL,-2.6045665736907268e-05
LGALS4,-2.606115540169509e-05
ZNF570,-2.607888970814449e-05
FAM20A,-2.6080486648413523e-05
DHX30,-2.608823001913556e-05
BAHD1,-2.6093749048515677e-05
CHAC1,-2.6096261811006887e-05
PVR,-2.609845306201609e-05
SPA17,-2.614014972639976e-05
SLC9A3R1,-2.614778180313829e-05
MED31,-2.61569808758506e-05
CCNT1,-2.6177934435980684e-05
EHD4,-2.6178571984164936e-05
RSPO2,-2.618521393953946e-05
ST6GALNAC4,-2.620428604432055e-05
LTBP2,-2.621834305536096e-05
SPARCL1,-2.6220626962721343e-05
IGHGP,-2.623717370830845e-05
TBX3,-2.6257103290756115e-05
TSFM,-2.6266809167738956e-05
NRARP,-2.627939205878369e-05
DNER,-2.6289764243821556e-05
NOP14-AS1,-2.6297019888092383e-05
PPP1R26,-2.6301822466562223e-05
LGALS8-AS1,-2.6313398891793145e-05
SLC25A39,-2.6320330967925093e-05
TMEM183A,-2.6323724588817107e-05
BPGM,-2.6349582191142383e-05
TRMT10C,-2.635034047088463e-05
NDUFS2,-2.6352403688242225e-05
HBP1,-2.639087371212053e-05
PURG,-2.6406436867330588e-05
ACAP3,-2.640725892456724e-05
SNX8,-2.640800214860814e-05
SRSF5,-2.642000540733507e-05
ATP13A1,-2.6434867382029708e-05
PTDSS2,-2.644259513179225e-05
ZFP1,-2.644307326295934e-05
ADO,-2.644348985579869e-05
TIPIN,-2.647107528140191e-05
TOR1A,-2.647143846028788e-05
TMTC1,-2.6471918458417723e-05
KLHL26,-2.647362475492588e-05
DCAF11,-2.6486567201548503e-05
GAMT,-2.6493113477544813e-05
CYBRD1,-2.64938484347944e-05
SV2A,-2.649658993125131e-05
DIPK1A,-2.650670551689761e-05
OLAH,-2.653565534656612e-05
TMEM165,-2.653705635306253e-05
CFL2,-2.6544139986020306e-05
INO80B,-2.654521154171953e-05
GXYLT2,-2.654686792374508e-05
DPP3,-2.654753620778142e-05
GNA15,-2.655063463402068e-05
SLC31A2,-2.65777678335014e-05
SLC39A5,-2.659829395876465e-05
MAGEH1,-2.6606457847828883e-05
STRA6,-2.661241892686e-05
ZMAT3,-2.661737161798284e-05
CDC42EP1,-2.663585332677621e-05
PANK3,-2.6647181663235765e-05
PANO1,-2.666227130440206e-05
ELMOD2,-2.6662884923346894e-05
PAFAH1B2,-2.6671071731994072e-05
NPR3,-2.668633975138617e-05
TWNK,-2.669593655606756e-05
SRGAP2B,-2.673965105965796e-05
TRAF4,-2.673968214294936e-05
MLXIP,-2.6743414188173266e-05
PDLIM1,-2.675299863131785e-05
PTGES,-2.6756397427584355e-05
ACTR8,-2.6770978329193163e-05
IYD,-2.678393589426392e-05
MOSPD3,-2.678659970647697e-05
NCS1,-2.6791188003588695e-05
SLC36A1,-2.6803167765091865e-05
BVES,-2.6808767516662972e-05
ZNF292,-2.680961953243057e-05
ITGA2B,-2.681300001761081e-05
ABCA5,-2.681935879844642e-05
GAB2,-2.6825814525118636e-05
POLR3GL,-2.6827069366552926e-05
SUMF2,-2.6835345447397555e-05
APCDD1,-2.6838260620076853e-05
RETSAT,-2.684493142604253e-05
SLC25A4,-2.68573784249158e-05
YME1L1,-2.6858450183794047e-05
FCRL5,-2.6862117530763992e-05
COASY,-2.6872497321993987e-05
ZNF330,-2.688544895028176e-05
PTPN6,-2.689600271653284e-05
USP4,-2.690413447696058e-05
ATP6V0D2,-2.6923666999895308e-05
UNC80,-2.692480258988941e-05
INSRR,-2.692761241150344e-05
ADAM8,-2.6932485251843392e-05
BX255925.3,-2.694137600588347e-05
WASF1,-2.6948911189798164e-05
SRP9,-2.696086961093796e-05
SWAP70,-2.6965083425979287e-05
GCC1,-2.6970615635755527e-05
C1D,-2.697281770075001e-05
THUMPD1,-2.698266058488266e-05
MAPK7,-2.7002070447209464e-05
GOLGA8M,-2.700340642123769e-05
SF3B4,-2.7011211241705076e-05
TRAF1,-2.7016020686785828e-05
MDH2,-2.70267037354238e-05
CYP4F22,-2.7028212435681177e-05
ZNF443,-2.70412227087048e-05
TERC,-2.704260713535973e-05
SMCO4,-2.7049980993767577e-05
TMEM9B,-2.706243805726843e-05
CAMLG,-2.7073461545204497e-05
MTA2,-2.708290680644715e-05
MEF2A,-2.708782874315039e-05
MAP1A,-2.709537748333963e-05
WASF2,-2.710043209841197e-05
RNF103,-2.7111317931746016e-05
IRF2BP1,-2.7119258302465543e-05
MOCS3,-2.7127668769802537e-05
ESS2,-2.7129608484628976e-05
PNN,-2.71358682182847e-05
PCNT,-2.7156039676565306e-05
ATMIN,-2.715732125261685e-05
DEXI,-2.7186468329882786e-05
SVIP,-2.720257624383788e-05
ATP2B1-AS1,-2.722057729242872e-05
LMNB1-DT,-2.7226579039530215e-05
IER5,-2.7242682004277452e-05
C9orf72,-2.724590131147512e-05
TFIP11,-2.7257750948671654e-05
TBCB,-2.7259911543231506e-05
BMP2,-2.7263926606599524e-05
TP53I13,-2.72676648603338e-05
LRP3,-2.726811306477591e-05
EIF4EBP2,-2.729537231938716e-05
HDAC10,-2.7311685295790275e-05
UGP2,-2.7313596901725432e-05
NONO,-2.7324747087750595e-05
MTHFD2,-2.732502910025725e-05
MARCH1,-2.7326927275747857e-05
WAKMAR2,-2.733697137461451e-05
PSMD10,-2.7348077179911147e-05
CARM1,-2.7367585378119876e-05
GRHL3,-2.7375526586282515e-05
CCDC170,-2.7376511931656663e-05
PRMT6,-2.739706295030903e-05
CLDN18,-2.741089493832366e-05
TNFRSF9,-2.741564700641936e-05
HECA,-2.744894164357217e-05
KLHL15,-2.747819165848748e-05
DVL1,-2.7495729401667904e-05
UXS1,-2.750681864104785e-05
SNAPC2,-2.7527133352925147e-05
ST8SIA2,-2.7530521917161103e-05
SLCO2A1,-2.7534641562516743e-05
MRPS21,-2.7548935182466796e-05
TMCC3,-2.757150284905329e-05
PRKCD,-2.758011348012785e-05
PER1,-2.7580949271633677e-05
ADRA2A,-2.7584975300120337e-05
GPSM1,-2.760960239294969e-05
MRPL13,-2.7610415205536848e-05
SLC26A11,-2.761279835395649e-05
APOL3,-2.7620123612120306e-05
AP000936.1,-2.7628509451178008e-05
PARP14,-2.7630679466051404e-05
VBP1,-2.765090567845001e-05
CAPN15,-2.7657516570834607e-05
TRDN,-2.765754370900861e-05
CES2,-2.767446362838964e-05
CD3EAP,-2.767658512586103e-05
USP11,-2.767729750686148e-05
LRRK2,-2.768280003319595e-05
PDPN,-2.768429568129076e-05
NKD1,-2.7691259672503348e-05
ADARB2,-2.769586821803113e-05
ZCCHC10,-2.7697119883447746e-05
PTPN11,-2.7729118059997794e-05
TM4SF20,-2.7735978605821654e-05
NCBP2,-2.7766068409325064e-05
TMEM60,-2.7769195224666783e-05
NUDT9,-2.7784994176794515e-05
REXO4,-2.77905233875709e-05
AP003066.1,-2.779456429859061e-05
EEF2KMT,-2.7800115912524755e-05
RAB37,-2.780174605687368e-05
PRR34,-2.780500244231531e-05
SHBG,-2.7807427164739737e-05
ALAS1,-2.7842939537244356e-05
TSR1,-2.7849636888126554e-05
CETP,-2.7867414960570465e-05
MGLL,-2.786907105422837e-05
SP100,-2.7873329417445543e-05
LYAR,-2.7878564485045336e-05
MELTF,-2.788359148096953e-05
IMMT,-2.7885429915792536e-05
TPM1,-2.789301509240585e-05
CAV2,-2.7904390456877767e-05
EIF4E2,-2.7929407197493524e-05
IRF2BPL,-2.795234863378932e-05
SCGB1B2P,-2.7969376460169207e-05
PDE2A,-2.7970374336195266e-05
SRRD,-2.7990563080239544e-05
GRHL1,-2.799822879773139e-05
HMCES,-2.802165652974599e-05
SUGP1,-2.805033705928353e-05
ABCA8,-2.8054172535881425e-05
CORO6,-2.80587245842762e-05
TADA3,-2.80892029488488e-05
C1orf21,-2.809100969347232e-05
DHRS13,-2.8096561902157555e-05
IFT20,-2.8098166522062182e-05
CSF2RA,-2.81002129255724e-05
TNIP1,-2.8125117305708515e-05
EMG1,-2.8164871831399737e-05
PCBP2,-2.8200221816351983e-05
ABTB1,-2.820442259329353e-05
HHEX,-2.821676659548476e-05
C6,-2.8217353067641903e-05
CSF1,-2.8218427758961587e-05
GAS1RR,-2.823046946200592e-05
SLC46A1,-2.823620218337544e-05
RASIP1,-2.8246336267006285e-05
RAB32,-2.825636010912449e-05
HCG11,-2.8271299144961438e-05
PAFAH1B3,-2.8278490679161923e-05
SMG8,-2.829275360298768e-05
GPA33,-2.829616237651901e-05
MTMR14,-2.8296988466198366e-05
SPHKAP,-2.829939827955248e-05
PXMP4,-2.830892407426119e-05
SEMA4C,-2.8309314889193536e-05
ALG1,-2.831245879674488e-05
RAB5B,-2.8316954686496576e-05
LMCD1,-2.8332618505134613e-05
RELA,-2.8342078223530945e-05
ARHGAP10,-2.834433192023441e-05
ERO1B,-2.8347144964757857e-05
FPR1,-2.8350435692055623e-05
GPRASP2,-2.835408125752566e-05
PARD6G,-2.835610716233458e-05
ZNF496,-2.836116547018217e-05
SLC12A6,-2.836686903349021e-05
HACD1,-2.841242262371134e-05
SPN,-2.8443288354462448e-05
CINP,-2.845247104735337e-05
ACER3,-2.847261120369277e-05
ERCC5,-2.8479003687812045e-05
LSM14B,-2.8493108426051337e-05
COPG1,-2.8503854011475715e-05
TMUB1,-2.8504113590448107e-05
RRP1B,-2.8508371073570484e-05
PKP1,-2.850933635999676e-05
NXT1,-2.8535355218070795e-05
PIP4K2A,-2.8539771303683105e-05
VSNL1,-2.854114276969944e-05
FAM162A,-2.854673650504439e-05
TMC6,-2.8552707665315104e-05
ATP6V1A,-2.855566080408488e-05
TRAF7,-2.858660269061632e-05
TACSTD2,-2.859282762431497e-05
PCGF1,-2.8597149080048867e-05
RASGEF1C,-2.8606886637462323e-05
LIMD2,-2.8608637305681408e-05
RFXANK,-2.8625953912366372e-05
RRP1,-2.8631939005244045e-05
IRF2BP2,-2.8635043914685784e-05
SERPINB6,-2.864762716668609e-05
GUCA1B,-2.8654336516521985e-05
MNT,-2.868175817363984e-05
HMGN5,-2.868412031300448e-05
GATA2-AS1,-2.8685579343371664e-05
RHNO1,-2.871389798188227e-05
ZNF480,-2.8715301551189908e-05
POLR3K,-2.8720022691472947e-05
SCRIB,-2.873489701950944e-05
FAM53C,-2.87517394909112e-05
CCDC102B,-2.8764796861325573e-05
VPS29,-2.877295233845036e-05
IER5L,-2.8781556122609617e-05
HPD,-2.878704666875433e-05
ZNF34,-2.878817769731979e-05
GRM7-AS1,-2.8790913861821476e-05
PYCR2,-2.8796036052373723e-05
BRSK2,-2.88040803263373e-05
SH3GL2,-2.883185334160823e-05
NOP14,-2.884038346106095e-05
HDGFL3,-2.8850211567581213e-05
KLF10,-2.8857836533775527e-05
C11orf68,-2.8860416977185742e-05
PDRG1,-2.886776450782331e-05
DIO3OS,-2.8875949733078908e-05
MSH6,-2.8876919841320903e-05
MAP3K6,-2.8879149049875577e-05
GNAZ,-2.888931678150665e-05
ZBED1,-2.891477159469866e-05
MRGBP,-2.8928166091853807e-05
WNT10B,-2.893003356182896e-05
KLHL18,-2.8948217644708484e-05
MMADHC,-2.8957772906582022e-05
ZNF511,-2.896414106902292e-05
CTXND2,-2.8991543769203257e-05
ELOVL7,-2.8999864440487166e-05
OPRM1,-2.9013023414883315e-05
TELO2,-2.901580018812099e-05
DNAJC12,-2.903859051375025e-05
OTUB1,-2.9040974668069943e-05
ZNF524,-2.9043858530127293e-05
ZNF574,-2.90584193429722e-05
ST3GAL6-AS1,-2.905855075568775e-05
AQP7,-2.9058929408708525e-05
NRXN3,-2.90659272477264e-05
ABCA3,-2.913955623716033e-05
HECTD2,-2.914216573083104e-05
CCM2L,-2.9149049512612423e-05
OR3A2,-2.915296451216981e-05
DUSP2,-2.915468858006702e-05
PMM1,-2.9162389148945296e-05
MVK,-2.916859951007121e-05
MAFTRR,-2.918664468805757e-05
LRRC24,-2.9188892192350766e-05
JAGN1,-2.91957451491218e-05
TMEM203,-2.9208955119028893e-05
HIST2H2BE,-2.9210226850787405e-05
MOB2,-2.9221384614645857e-05
RASGRP1,-2.9222767044712813e-05
GTPBP1,-2.922743639375475e-05
LCMT2,-2.923442143743785e-05
FCRL2,-2.9242081793383883e-05
UAP1L1,-2.927645650170756e-05
RCAN1,-2.928328698179529e-05
ZDHHC4,-2.931414214620599e-05
CYSLTR2,-2.9319492798428134e-05
FOXN3-AS1,-2.9357049341069503e-05
ISY1,-2.9399239582311995e-05
C1orf54,-2.9409962436960937e-05
ALKBH5,-2.9410984834588197e-05
MRGPRF,-2.941505738846597e-05
SH3RF3,-2.943416096343516e-05
VCAN-AS1,-2.945453370350204e-05
ARSB,-2.947914371019626e-05
MIR3659HG,-2.9494663451437745e-05
LYL1,-2.949477388318301e-05
C8orf82,-2.9500139899686334e-05
SPATA2,-2.9508867892979983e-05
UBE2QL1,-2.9537809980808447e-05
MLLT1,-2.9556087598746405e-05
DPH7,-2.9567957550271723e-05
ODF3B,-2.9569773156372808e-05
STX10,-2.9572496197442005e-05
SURF6,-2.9579908182930958e-05
BAP1,-2.959510763204561e-05
R3HCC1,-2.9601989730444627e-05
TEX48,-2.961866222945758e-05
FLOT1,-2.9624616073799444e-05
HIST1H2AD,-2.963197014074865e-05
ARHGEF5,-2.9634365523633772e-05
DNAJC5B,-2.9635663723202057e-05
TCEAL3,-2.9680791361868187e-05
ASMTL,-2.968324523297157e-05
MPC1,-2.9689332822621808e-05
ADGRL3-AS1,-2.9690374024994772e-05
PHETA1,-2.9702624833899296e-05
SLC14A1,-2.9708004554393725e-05
COA8,-2.971460421493193e-05
FAM153A,-2.9717268254782235e-05
MSRB3,-2.974014999057719e-05
DCUN1D3,-2.9749917283735293e-05
TTLL7,-2.975418768904712e-05
PPM1D,-2.9769262927273628e-05
MMP24OS,-2.9773817559540223e-05
ZBTB10,-2.979126430087759e-05
C22orf24,-2.9839713647996763e-05
SEMA3F,-2.9841256214729003e-05
CAVIN2,-2.9860327011605205e-05
PROC,-2.986867822757389e-05
PER3,-2.988114536019569e-05
CASTOR2,-2.9886137667527156e-05
DEFB1,-2.988948212979547e-05
AP003464.1,-2.9892572419949248e-05
ZXDB,-2.9911127685964712e-05
LEAP2,-2.992167955789158e-05
TTC34,-2.997842106077561e-05
RPA3,-2.997970526560994e-05
LHFPL4,-2.9983425300348315e-05
RHBDD3,-2.9991445761839768e-05
HIST1H2BC,-3.00143369786967e-05
LIPK,-3.001712602403108e-05
ZDHHC16,-3.0034320793209156e-05
ZFPM2,-3.004079618112016e-05
PUSL1,-3.0049741773782165e-05
DNPEP,-3.0049886158886867e-05
RNF139,-3.0051499411187864e-05
RNF4,-3.0065692549288277e-05
MLKL,-3.0066798894069943e-05
PRELP,-3.0082047083008144e-05
ARL4D,-3.009051972751111e-05
NR1H2,-3.011450815201741e-05
RIN3,-3.0117222972777984e-05
ASCL2,-3.0118266081488096e-05
OAS1,-3.0129153672727208e-05
COX7A1,-3.013184519324372e-05
EID2,-3.0203364556294788e-05
AKR1C2,-3.020493646837037e-05
PGM5,-3.0206671867981574e-05
SLC38A7,-3.023461002853175e-05
DUSP14,-3.023951247418812e-05
DCK,-3.0270235412022104e-05
NPR1,-3.0275224698606348e-05
DYRK2,-3.027813218011466e-05
SYN1,-3.028678946786705e-05
PSMC6,-3.03031518659826e-05
SIRT1,-3.0305188976646647e-05
POLR3D,-3.030591907721148e-05
MUC4,-3.0331800267646765e-05
FADS2,-3.0339617154087084e-05
KCNU1,-3.034413488501132e-05
GABBR1,-3.0351207474158877e-05
SNHG18,-3.0361702390848645e-05
PHF2,-3.0371152305704064e-05
AP001094.2,-3.0374955696145083e-05
PTPMT1,-3.038912856714782e-05
ZNF408,-3.039135983769925e-05
TLCD2,-3.039791789147744e-05
STK25,-3.040953577198855e-05
MAP6,-3.041830672771451e-05
SLC4A2,-3.0468643153367664e-05
ATG2A,-3.047278578262214e-05
ANXA1,-3.050232682918823e-05
UFD1,-3.05126382805438e-05
ADAP2,-3.0524723556315945e-05
AP002784.1,-3.053057635451245e-05
STAP2,-3.054209428761776e-05
ARG2,-3.0549880161799484e-05
DIPK2B,-3.0550265103512666e-05
TTC9,-3.0550368935904725e-05
TMCO6,-3.0553805185813786e-05
ARID5A,-3.056321598462228e-05
GAPLINC,-3.057184674481984e-05
PRR7,-3.057637082084119e-05
ETF1,-3.0597424777175143e-05
CLIC4,-3.0604817473686095e-05
GTF2H5,-3.061048417702028e-05
EIF3E,-3.061946099592543e-05
RAB21,-3.062068161116828e-05
CFAP47,-3.0620887467143056e-05
ZC3H13,-3.0626365103055856e-05
PRKAG2-AS1,-3.063417427654561e-05
TDRD6,-3.063696224991999e-05
CASKIN2,-3.064171284844811e-05
LGALS9,-3.06457006583017e-05
AP000640.1,-3.065090736490807e-05
DENND1C,-3.0655076947601086e-05
HEATR3,-3.0663434536500974e-05
MED7,-3.0663651150801004e-05
AKIRIN2,-3.06693080922472e-05
XACT,-3.0684595693839674e-05
EPHX3,-3.068566000674972e-05
NRSN2,-3.069604263287774e-05
LILRA2,-3.0703106941486205e-05
ZNF404,-3.073015197938244e-05
COPS8,-3.07368185588384e-05
TMEM130,-3.07397846572688e-05
TRAPPC3,-3.0750055157403305e-05
RGS16,-3.075601499110515e-05
C19orf38,-3.075916249697828e-05
DDX46,-3.076886374081994e-05
MOB4,-3.077034713173372e-05
AFF4,-3.077043258234292e-05
ANO2,-3.080371245044946e-05
SLC52A1,-3.081492020809916e-05
HNRNPD,-3.0815937118835563e-05
TMEM26-AS1,-3.081633132317639e-05
HIRIP3,-3.083020460044981e-05
LRRC63,-3.083309874227006e-05
ETV7,-3.083794815987444e-05
MMP23B,-3.0849115046710245e-05
STARD8,-3.085413244791975e-05
CD70,-3.086366075371222e-05
FXR2,-3.0868365172842245e-05
CNN3,-3.087907251862334e-05
RNF126,-3.089424304978583e-05
PSME3,-3.090096612371567e-05
FBRSL1,-3.0906431215291405e-05
ZNF420,-3.0909145766830455e-05
SH2D1A,-3.093512173255152e-05
RUNDC3B,-3.0941922728283566e-05
TCF4-AS2,-3.094986219193201e-05
CRISPLD2,-3.096099743584435e-05
ELAC1,-3.0971612281304324e-05
NOL6,-3.098893885886797e-05
ME2,-3.100444485862332e-05
DOHH,-3.1006555523128415e-05
C12orf65,-3.1011225703753334e-05
SLC66A3,-3.10150442342064e-05
GARS,-3.101646536821946e-05
TRGC1,-3.102213489928288e-05
MDH1,-3.102675988184993e-05
EXOSC10,-3.1057046961347975e-05
MKNK2,-3.106748391908322e-05
SNRPA1,-3.108997554778245e-05
SZRD1,-3.1094539217878855e-05
MIR3681HG,-3.1097713491596565e-05
STUB1,-3.109777546762745e-05
VCAM1,-3.1107473282964725e-05
SF3A2,-3.112763560779731e-05
HOOK3,-3.112923062652075e-05
LYVE1,-3.114612945086344e-05
C1QTNF7,-3.115378953874605e-05
TGM2,-3.1154050967900914e-05
UBE2E2,-3.116812591137152e-05
GBP3,-3.1169022324132864e-05
OGFR,-3.1172423162118484e-05
YIPF1,-3.1187677670900845e-05
SGCG,-3.121418918462209e-05
HCG20,-3.123329925871166e-05
KDM3A,-3.124509245007794e-05
PPIH,-3.1261888821304925e-05
ISOC1,-3.126275635598269e-05
REST,-3.127829706903443e-05
ARID3A,-3.127843230819607e-05
RAB11B,-3.1286375056108924e-05
MDP1,-3.1287259729118726e-05
H2AFY,-3.1306988458093725e-05
PHF23,-3.13399052788564e-05
GPR161,-3.134498303612135e-05
PPP1R2,-3.135269031194765e-05
ACER1,-3.1366921420605096e-05
H2AFX,-3.141006829313586e-05
WIPF1,-3.141129801512875e-05
CCDC141,-3.1433229486703995e-05
NAGK,-3.1580079577876284e-05
MUL1,-3.159491200413065e-05
SNRNP200,-3.160234516423653e-05
DUSP8,-3.160340924137694e-05
TRAPPC6A,-3.160492108284453e-05
SLC9C2,-3.1628668906082945e-05
BAG5,-3.1632168031261334e-05
FAM207A,-3.165676300614438e-05
RPF2,-3.16648535557503e-05
LGALSL,-3.1671904705598444e-05
SLC14A2-AS1,-3.169242838352368e-05
PDK4,-3.176221807854768e-05
PRRX1,-3.1787000072542564e-05
DDX39A,-3.179514644945181e-05
CLGN,-3.181010964158884e-05
PRKCQ-AS1,-3.1812900571013345e-05
SNN,-3.182353689140908e-05
MPV17L2,-3.182499722706301e-05
FAM78A,-3.183722598383278e-05
KHK,-3.184263879705075e-05
APLNR,-3.185257607690933e-05
TSPAN11,-3.1884018068049405e-05
PRADC1,-3.189039755325588e-05
ANTXR2,-3.190493582992642e-05
PET117,-3.191680379287929e-05
HSF1,-3.195273951504675e-05
SLBP,-3.196281489752696e-05
TBCC,-3.196510535713743e-05
TCF25,-3.197119803568816e-05
MRPS2,-3.1976306783294725e-05
YTHDF1,-3.198178717949114e-05
FP236383.3,-3.199399202462915e-05
TMEM192,-3.199677692711539e-05
CALCOCO1,-3.2000636309893365e-05
GIMAP2,-3.2001260972643826e-05
TLCD3B,-3.202343127473392e-05
UCK1,-3.204347961734796e-05
RASGRP3,-3.204382092739784e-05
CYP4F3,-3.206940562924192e-05
GPKOW,-3.2075068782580794e-05
ERVMER61-1,-3.2076637691375415e-05
DPH2,-3.2081545418165445e-05
ZNF114,-3.210138164138647e-05
TSKU,-3.212088500427416e-05
WHAMM,-3.2134855878724976e-05
FADS3,-3.2147647614505184e-05
GPR35,-3.21619958685256e-05
GASAL1,-3.216452422697429e-05
BDKRB1,-3.216539764687938e-05
ZFAND2B,-3.217477856955859e-05
C3orf62,-3.2183273044815524e-05
MN1,-3.2204288589959376e-05
TRPM2,-3.220974229957381e-05
NXF1,-3.223135878521152e-05
RAB5C,-3.224588881132091e-05
RPP40,-3.22792324870754e-05
BAD,-3.229202142650347e-05
RCAN2,-3.234226697648259e-05
FDX1,-3.235483135339291e-05
TRMT1,-3.237360725444434e-05
ACTR10,-3.237750891368687e-05
BOLA1,-3.240184533278554e-05
PYGM,-3.241485578532458e-05
PSTPIP1,-3.242543560519491e-05
PHF13,-3.24389046752055e-05
SAFB,-3.2485940161959106e-05
CYP2E1,-3.248667758948573e-05
NDRG2,-3.252071930465114e-05
NAALADL1,-3.252199070893451e-05
CCR5,-3.2523770847577135e-05
CARD19,-3.253612329940216e-05
CORO7,-3.2555188237288606e-05
UTP3,-3.256098109152577e-05
WIPI2,-3.260359123062923e-05
EMID1,-3.260718536555527e-05
RDH5,-3.2609554837341374e-05
CYFIP1,-3.2612798048270885e-05
CD226,-3.262464551947771e-05
NISCH,-3.26394402420679e-05
RYR2,-3.2648300818692225e-05
ROM1,-3.265048886740016e-05
SLC6A17,-3.266027189165442e-05
ATXN1L,-3.266471623295173e-05
GOLGA7,-3.267259756779483e-05
WNT7B,-3.268292568786602e-05
TAF9,-3.271939422947237e-05
DEF8,-3.274375444065251e-05
GABARAPL1,-3.274479981210908e-05
RNF11,-3.274674349792425e-05
OTUD1,-3.2768113368767765e-05
PARD6B,-3.277503163876368e-05
SERTAD4-AS1,-3.277754959474867e-05
PNKD,-3.278867091970842e-05
MYT1L,-3.27961999072439e-05
HMG20B,-3.280118167720921e-05
ALDH3A1,-3.2809560396546825e-05
MDFI,-3.281457942064424e-05
KATNAL1,-3.2816182207985434e-05
PSMA6,-3.281853305875577e-05
HEYL,-3.2826675699130044e-05
LASP1,-3.284503957004774e-05
PRRG4,-3.285034182315494e-05
NAA11,-3.288322054857987e-05
MAP7D3,-3.288624570294333e-05
SPAG7,-3.289914102169467e-05
FFAR4,-3.290513638980479e-05
GBE1,-3.290556142813859e-05
DGKA,-3.2907415835555905e-05
SUPT5H,-3.291367635583401e-05
TSIX,-3.291618566551724e-05
AP002989.1,-3.291881032530903e-05
TM7SF2,-3.2936509860216016e-05
KLRK1,-3.294497853797673e-05
ATG9A,-3.295311223295989e-05
TJP1,-3.295931430052237e-05
PLPPR2,-3.2972799384929726e-05
MRPL46,-3.298380256654225e-05
EPN1,-3.298390999957483e-05
SLA2,-3.302548372514058e-05
LNCAROD,-3.304454305383471e-05
GLT8D1,-3.306776228160709e-05
C6orf47,-3.306797421533864e-05
B3GNT3,-3.307950432666744e-05
SLC22A17,-3.3093876815628855e-05
IL17D,-3.3097207351664496e-05
SEPTIN2,-3.3099271871844905e-05
COPS6,-3.310527938385826e-05
METTL5,-3.311033727449309e-05
VASP,-3.3118019450105294e-05
REEP6,-3.3119820839703174e-05
NMT1,-3.314078959682716e-05
SLAMF6,-3.314100671127281e-05
IMP3,-3.31614357149854e-05
APPL1,-3.3162069098544613e-05
MLLT11,-3.318575068497659e-05
DERL3,-3.3211436336968785e-05
GNAI1,-3.321353112170792e-05
U52111.1,-3.322181213376501e-05
BID,-3.3232994862755426e-05
INHBB,-3.323465208624802e-05
CASC15,-3.32360722649452e-05
ZMYND10,-3.323968736329372e-05
DCTN1,-3.327311531428851e-05
CD274,-3.3287314313418434e-05
GPR137B,-3.329731515393031e-05
CEP170B,-3.330052410902526e-05
MANEA,-3.3306752526300764e-05
AP001330.4,-3.3311470934182526e-05
CMTM3,-3.3334019815155535e-05
PES1,-3.3355355941629444e-05
KLF16,-3.3363677337434274e-05
NOMO1,-3.336547157363741e-05
ZNF394,-3.337767414760207e-05
ACSBG2,-3.338416426966429e-05
SLC7A1,-3.340831313936341e-05
NPM3,-3.341218446343588e-05
GRAMD1B,-3.34183535612288e-05
CYC1,-3.3420184326440486e-05
C9orf16,-3.342673642562324e-05
RIMS3,-3.3432380767975e-05
SOCS5,-3.344445439148328e-05
ABHD16A,-3.3467362022235584e-05
ASS1,-3.347324862938902e-05
DDX39B,-3.348731934743464e-05
NEURL4,-3.3487684221980025e-05
HNRNPA2B1,-3.349582386946652e-05
CPT2,-3.3535665383560394e-05
APOBEC3A,-3.356622983542823e-05
PLXNA1,-3.358203871868473e-05
TGFBR1,-3.358418922314887e-05
POGLUT3,-3.36473856631613e-05
LACC1,-3.367982322954574e-05
NBR1,-3.369327306816088e-05
SMARCD1,-3.3697720440518846e-05
TICAM1,-3.369995791103702e-05
PAPPA2,-3.3703454659735166e-05
ADAP1,-3.372525690429658e-05
ZAN,-3.375153888263284e-05
SLC7A10,-3.379573698109186e-05
BAZ2A,-3.3814821539274874e-05
SYT11,-3.3818350610816584e-05
DOCK11,-3.38353817564939e-05
APBB1,-3.385807378438942e-05
SPNS1,-3.387895336226778e-05
PGD,-3.3879335139574294e-05
ARCN1,-3.3893647154316486e-05
DPH3,-3.3893862405219424e-05
KCTD8,-3.389822584264565e-05
LPAR2,-3.390973390242908e-05
NALCN,-3.391099342864044e-05
SPRY2,-3.392253031790506e-05
TBX2-AS1,-3.392702059991309e-05
DDX49,-3.392826792066283e-05
TCP1,-3.393059800541032e-05
USP5,-3.394302849963984e-05
IGFN1,-3.394715021267834e-05
CFAP298,-3.396973731105642e-05
FASTK,-3.397233770019599e-05
LAT2,-3.397389828598023e-05
CPNE2,-3.397457752083143e-05
RAB1A,-3.39987000021701e-05
ZNF316,-3.4025531024849405e-05
BOC,-3.4034407385419364e-05
TAF7,-3.4035052680604225e-05
HIST1H1E,-3.406462477723408e-05
LRFN3,-3.4074721337098484e-05
ALG2,-3.408247284021948e-05
ADAMTS5,-3.4097126834264766e-05
GABRG3-AS1,-3.41162570652704e-05
MRPL34,-3.4128654051836544e-05
CCN2,-3.41512531788131e-05
PLK3,-3.415706536360363e-05
NAB2,-3.4167814883359575e-05
PCSK1,-3.417799580690243e-05
GCN1,-3.417921569191793e-05
ARRDC2,-3.4192910016580104e-05
TMEM230,-3.420129889863103e-05
PYHIN1,-3.421325226952972e-05
NRROS,-3.425984692906367e-05
DNASE1L3,-3.429890289890936e-05
NOVA2,-3.430637637932114e-05
CERCAM,-3.43075239301549e-05
H6PD,-3.431736480653881e-05
EIF4EBP3,-3.4326090422598143e-05
RHOQ,-3.4326647630540616e-05
ARL8A,-3.4327159298979307e-05
ARHGAP23,-3.433084526674075e-05
TMEM33,-3.433645256387081e-05
HTRA3,-3.4345954732183696e-05
MRPL11,-3.4347887941031386e-05
IRF1,-3.436002835734242e-05
PRXL2C,-3.436322058039722e-05
CORO2B,-3.4372880439397985e-05
MPZL2,-3.437547093612514e-05
Z99496.2,-3.43818906370728e-05
BIN1,-3.439203327335018e-05
ASIC2,-3.439479703861542e-05
HNRNPL,-3.439662993311555e-05
GLDC,-3.440992095358416e-05
GTF3A,-3.4429028857446325e-05
LZIC,-3.44389675480203e-05
LSM7,-3.445004133411555e-05
OTUD6B-AS1,-3.445611377230296e-05
B3GNT8,-3.446839268163916e-05
RYR3,-3.45114335235252e-05
ZNF354C,-3.451166005785322e-05
RFPL1S,-3.4515424448839923e-05
DDX6,-3.451549582908898e-05
CXCL10,-3.453607855235637e-05
MRPS7,-3.454065420872295e-05
MEG9,-3.455972771857307e-05
DYNC1I2,-3.464297385845175e-05
DPEP2,-3.466761614360753e-05
USP51,-3.4675015585261545e-05
CENPBD1,-3.4675315306698146e-05
THSD1,-3.4676395646879e-05
EIF3L,-3.467767918395348e-05
NDUFS7,-3.468808965054278e-05
SMIM29,-3.47061970459035e-05
GCNT4,-3.4723119301563595e-05
TMC2,-3.472334697532213e-05
TMEM121,-3.475860748978103e-05
CD6,-3.477029372721934e-05
CIDEB,-3.478603258101026e-05
RPF1,-3.4797952783619104e-05
CDKN2A,-3.480971812906348e-05
BACE1,-3.4820816526662434e-05
CXCL3,-3.482473248826438e-05
PLXDC1,-3.487236693613945e-05
ATP2B2,-3.488149989554355e-05
SLC30A10,-3.4889899377829804e-05
ELMO1,-3.489153983407524e-05
PDE12,-3.4893803356771595e-05
CXorf56,-3.4896019128891585e-05
GRSF1,-3.489743060172945e-05
LXN,-3.490222806862861e-05
ZMYND19,-3.491430077518963e-05
PDLIM7,-3.4922475955833714e-05
HDAC6,-3.492727780166754e-05
CEBPZ,-3.494903161341218e-05
FAM110D,-3.4951694213650505e-05
ZNF730,-3.498155198657414e-05
COL5A3,-3.498604672817893e-05
ZNF598,-3.4998198733717626e-05
RBCK1,-3.500788138534784e-05
PNPLA4,-3.502116530653034e-05
SMPD1,-3.50297819523948e-05
ACP2,-3.504266563770757e-05
ZC3HAV1,-3.5086394232884025e-05
SRSF1,-3.50953281564532e-05
NOP58,-3.509865521176827e-05
RIPOR3,-3.5107133184219256e-05
GRWD1,-3.5123717901236324e-05
DENND2C,-3.514528685756212e-05
GLYAT,-3.515447649543308e-05
PART1,-3.515837651983483e-05
ALYREF,-3.5177046615166275e-05
HINT3,-3.518064811647707e-05
SYVN1,-3.520207146201135e-05
TMC1,-3.520387326551882e-05
NDUFAF8,-3.5218448095946444e-05
FKBP10,-3.52220548472263e-05
CDKN1B,-3.522564815909565e-05
CRTAP,-3.523042564197848e-05
PCDH11X,-3.525783561860032e-05
CENPB,-3.527571352126144e-05
RFX5,-3.529110281876858e-05
DOCK4,-3.5323922054873684e-05
ASTN1,-3.5335558800021615e-05
UPK1B,-3.5336734261554656e-05
SLC39A12,-3.5374243635686235e-05
VAV1,-3.5375840289929014e-05
DNAJC10,-3.538194510716369e-05
ADGRB3,-3.541552239878364e-05
CD3D,-3.5498239953756515e-05
TEKT1,-3.549918165572479e-05
G0S2,-3.5518230614449704e-05
B4GALT7,-3.5525193903003743e-05
TSPAN32,-3.5525747136410515e-05
EDNRA,-3.552588939662285e-05
RIPOR1,-3.552820603745573e-05
A2ML1,-3.5530620882024945e-05
LAMA5,-3.553106583977807e-05
TKFC,-3.5540659353244165e-05
PPP2R5A,-3.561127907899523e-05
GEMIN6,-3.5653268590334875e-05
MICU3,-3.565686529660213e-05
EXOSC9,-3.5667655918435244e-05
GMPPA,-3.567273482863267e-05
MUC13,-3.567484229542841e-05
C8orf33,-3.568035616576714e-05
TP53INP2,-3.5705463863951134e-05
GATA2,-3.5710923584577464e-05
ZNF880,-3.571402383481734e-05
GLT8D2,-3.5720900103275995e-05
GNGT2,-3.572661162374765e-05
NRM,-3.574248989734311e-05
ITPKA,-3.5742997211771835e-05
VANGL1,-3.574879468457784e-05
LUZP1,-3.577084713625279e-05
SAP25,-3.57819616509404e-05
MRPL2,-3.579880251734485e-05
ROBO3,-3.580029540656454e-05
PHYHIP,-3.5814496976799706e-05
CFP,-3.583981070063368e-05
ZDHHC6,-3.585861403739672e-05
OCLN,-3.587345288148673e-05
GLB1L,-3.5942082749820745e-05
ADCY7,-3.5954494114085126e-05
U2AF2,-3.596590389104358e-05
IER3IP1,-3.5985080474084856e-05
GPRC5B,-3.598519350716147e-05
CXXC5,-3.6022316543880424e-05
TMEM218,-3.605495151421113e-05
TMEM131L,-3.6066115791142926e-05
SHISAL2A,-3.611261144874608e-05
RGL1,-3.612763340895322e-05
MAPK1IP1L,-3.61312395300756e-05
GJA1,-3.614448753082812e-05
SORBS3,-3.6159340767465925e-05
TTYH2,-3.616074847969982e-05
ABCC8,-3.616704746962812e-05
TSPAN14,-3.6218131773963646e-05
CSNK1E,-3.622979365303331e-05
OBI1-AS1,-3.625211321036109e-05
KLRD1,-3.6268466335268224e-05
CZIB,-3.627256481990441e-05
PTP4A2,-3.628348548727211e-05
EFCAB14,-3.629022750066397e-05
RBM38,-3.631484993275418e-05
LURAP1,-3.633691390699658e-05
CDKN2B,-3.634094690065735e-05
INMT,-3.634768371683854e-05
MED25,-3.636259027776379e-05
ATG4A,-3.636762668098376e-05
MRPL44,-3.643054768289908e-05
TENM4,-3.644440655100142e-05
GRASP,-3.644561230724676e-05
PBXIP1,-3.644717233438274e-05
TNIP2,-3.649261769625072e-05
MAPK1,-3.649274264555475e-05
UNC13A,-3.650953209490542e-05
INSL6,-3.654077995861239e-05
DRAM1,-3.655223288378674e-05
PLRG1,-3.657560937879231e-05
GEM,-3.659863379974356e-05
ACAP1,-3.663185281798567e-05
TMEM120A,-3.664216726627045e-05
MAPRE1,-3.66432794319579e-05
PAPPA,-3.664677469933702e-05
KCNJ12,-3.664686021449892e-05
PLA2G4C,-3.66537714611499e-05
FOXN2,-3.6699508310700615e-05
FKBP7,-3.670358366164464e-05
SAP30BP,-3.67237850279545e-05
PGR,-3.674073867433407e-05
RBM20,-3.6743807538727765e-05
PDPK1,-3.676170131746079e-05
KREMEN1,-3.678853756048807e-05
LEF1-AS1,-3.680838194782368e-05
ASB1,-3.682692684858528e-05
SRRT,-3.68389439568325e-05
DUSP1,-3.685333129501321e-05
POLD4,-3.688180869292681e-05
HUNK,-3.689141022457144e-05
C1orf35,-3.690778069813291e-05
FOSB,-3.691064351178694e-05
C5orf15,-3.692130337407216e-05
BRPF1,-3.694529535336928e-05
SLC25A42,-3.694816951387429e-05
SF3A3,-3.694888711094445e-05
PLD5,-3.6953020783987e-05
CYYR1-AS1,-3.696920791421786e-05
FHOD1,-3.69720321131295e-05
SLIT3,-3.698014936360589e-05
PDLIM3,-3.6998157924177886e-05
TSPAN4,-3.699885446516889e-05
DPP10,-3.699909433484065e-05
DLL4,-3.702874124024542e-05
SH3BP1,-3.702986460676943e-05
PNPLA8,-3.7045711154733065e-05
DLC1,-3.706903206321892e-05
CLDND1,-3.706937411395052e-05
OLFM1,-3.71096290752918e-05
SFT2D2,-3.712839107919424e-05
NCAPH2,-3.713368444474939e-05
ANXA11,-3.713528983779474e-05
CCL26,-3.714815609034848e-05
CDK15,-3.715485045353767e-05
MGAT4A,-3.717462459855363e-05
CACNA1H,-3.719346166070128e-05
SMC2,-3.720490868827279e-05
EDNRB,-3.720613970311801e-05
YIPF6,-3.721161397401064e-05
B4GALT4,-3.721807060218091e-05
TAGAP,-3.731211612188199e-05
LRRC4B,-3.731380575530045e-05
OLFML1,-3.732732433352456e-05
P3H3,-3.733875115322516e-05
CRAT,-3.738506427082371e-05
TNKS1BP1,-3.740551747712991e-05
TOR1B,-3.7410802214819376e-05
SCN11A,-3.741107062994782e-05
MAPK6,-3.741585228836068e-05
NFIA-AS2,-3.7421525075831786e-05
ADAMTS7,-3.742528577028607e-05
SLC7A8,-3.743215404158591e-05
DKC1,-3.743423706680893e-05
ZNF93,-3.744009353629588e-05
SMC1A,-3.746410806235928e-05
KBTBD12,-3.747375101650007e-05
SOX18,-3.747545966330344e-05
CX3CR1,-3.747830377705414e-05
CNTNAP4,-3.7480953960634906e-05
SH3GLB1,-3.7515284295354845e-05
ELMOD1,-3.752038771659691e-05
MSR1,-3.7524168694027e-05
NKAP,-3.754669494919712e-05
CECR2,-3.763604373964146e-05
CTBP1-DT,-3.763706344013611e-05
ASGR2,-3.76542061281561e-05
ZFAND2A,-3.765502345877455e-05
AMPD3,-3.7688715890295255e-05
PINLYP,-3.769625413335325e-05
TRPC4,-3.7713277912271934e-05
FEN1,-3.7719459550380215e-05
DNAJC1,-3.772417270888021e-05
PRR15L,-3.773492603133209e-05
SLC35B2,-3.77608083028536e-05
RGS10,-3.777874706205935e-05
SCN1B,-3.778570786198896e-05
CD8B2,-3.780842942632828e-05
YWHAG,-3.781145669490165e-05
BUD23,-3.781944446004726e-05
KCND2,-3.782061996982176e-05
MRPS12,-3.7849481180730565e-05
TGFB1I1,-3.78551912420309e-05
C1orf141,-3.785832760529599e-05
NSMF,-3.786857517133984e-05
SLC7A11,-3.788384013851506e-05
NMRK1,-3.788689758271328e-05
SLC66A1,-3.788719794539982e-05
SRF,-3.788722917744088e-05
VEGFB,-3.788847719826877e-05
CDC42EP2,-3.79217886331183e-05
S1PR3,-3.792567529566576e-05
FAM124B,-3.7967828170494176e-05
MAD2L1,-3.79724374055593e-05
TTF1,-3.800032048756338e-05
LRWD1,-3.800186805556917e-05
ADI1,-3.800641009409471e-05
KEAP1,-3.801325714910691e-05
TMPO-AS1,-3.801936057297561e-05
CHMP2B,-3.80385857348042e-05
WDR34,-3.8048899540764405e-05
WSB2,-3.806278686738863e-05
NLRP3,-3.808165967757906e-05
HBEGF,-3.809209349177839e-05
LRRC25,-3.809972668192701e-05
RTF1,-3.811692442846677e-05
SIGLEC11,-3.818960587024995e-05
NRXN2,-3.821200708755696e-05
GZMA,-3.822376133268599e-05
SFTPD,-3.823307759595866e-05
SNAI1,-3.824794805942522e-05
PFDN4,-3.824900346265724e-05
CCDC127,-3.825298915250536e-05
SOX17,-3.825390202074386e-05
PRDM5,-3.825880019519082e-05
MAP2K7,-3.826026645702556e-05
LSM10,-3.826388517512605e-05
GBP5,-3.829883416380765e-05
COPB1,-3.830657872472187e-05
ELAVL4,-3.831375631952812e-05
HJV,-3.832670427690636e-05
LOXL3,-3.833206591310752e-05
THOC7,-3.835866349041791e-05
CD8B,-3.837354503896344e-05
CD200,-3.837822924949561e-05
ARMCX3,-3.838676325271425e-05
SNPH,-3.839968007895216e-05
FGF14,-3.845354967352965e-05
LTC4S,-3.84617697066106e-05
GCHFR,-3.848175487380841e-05
EML5,-3.848209836849871e-05
RRM2B,-3.849078523160437e-05
SCNM1,-3.850875077979738e-05
ABCC2,-3.852065163342439e-05
CIC,-3.853574777812638e-05
NOX1,-3.856456555598844e-05
ZAP70,-3.858964825528332e-05
C22orf39,-3.861067115110892e-05
C3orf67-AS1,-3.862904107646955e-05
SOWAHC,-3.864088469537531e-05
GGCX,-3.8656811538800445e-05
MMP16,-3.867699343772231e-05
PLCB3,-3.869177961108611e-05
DBR1,-3.86983752690462e-05
SPG21,-3.871746563956012e-05
MPHOSPH8,-3.878806510816485e-05
AP001059.2,-3.8837002081810975e-05
ABCF2,-3.884180820563729e-05
TCEA2,-3.885751916594876e-05
NELFB,-3.888626069087486e-05
GHR,-3.8887724971244565e-05
UCP2,-3.8891920686171945e-05
CRTAM,-3.889667666327392e-05
POLD2,-3.890813883526867e-05
MAD2L1BP,-3.89142008490642e-05
MYCBP,-3.89160912301063e-05
SCN4A,-3.892007236811502e-05
PAICS,-3.895622547356584e-05
SLC19A1,-3.89950194023276e-05
UBXN4,-3.899521948932152e-05
PCDHB10,-3.900294530405909e-05
PRPF19,-3.9025849122555e-05
FAM89B,-3.903036847940695e-05
TOX2,-3.904161445898415e-05
CHMP5,-3.905150522101114e-05
ABHD11,-3.906544954587959e-05
PRELID3B,-3.909434769173959e-05
MAP1B,-3.910283890961776e-05
COA6,-3.912542663101656e-05
TBX2,-3.912644822586806e-05
FAM98A,-3.914597244010556e-05
MCOLN1,-3.9162494804707775e-05
RAD21,-3.918788145091978e-05
PPP1CB,-3.921032030662898e-05
SPNS2,-3.921271389393944e-05
PCBP4,-3.923060364575104e-05
UGT2B4,-3.9247069452368246e-05
RLIM,-3.92478859552621e-05
CTDSP2,-3.928852828227165e-05
KLF4,-3.930131012405698e-05
TMEM41A,-3.930352792777093e-05
RNASEL,-3.934456175838812e-05
CLTA,-3.934879467026207e-05
TMEM106B,-3.940105913585408e-05
FZD7,-3.944935593448239e-05
BET1L,-3.945181417025253e-05
MEX3D,-3.946526500735581e-05
SREK1IP1,-3.948068740552418e-05
PLPP7,-3.94870984112691e-05
NECAB1,-3.94985358341234e-05
MFSD12,-3.949891827723733e-05
TOX4,-3.949984436084107e-05
TRAM2,-3.95079828125936e-05
MOCS2,-3.95164011398219e-05
LY9,-3.953016465988897e-05
RSRC2,-3.954372243526539e-05
VGLL3,-3.954842076758955e-05
AP000525.1,-3.958684308072373e-05
LAMTOR4,-3.958942549520284e-05
PIGO,-3.959112935533082e-05
AP1B1,-3.9620222741833485e-05
ENTPD4,-3.9623402555069286e-05
ZNF724,-3.963418128810417e-05
CSNK1G2,-3.964314048473922e-05
HACD4,-3.964743676273684e-05
LY86-AS1,-3.9655139031600495e-05
NR2F1-AS1,-3.965584036230315e-05
SDHA,-3.966856813750246e-05
NFATC2IP,-3.968096317735587e-05
TTLL12,-3.969048404226811e-05
LIPC,-3.971124395604745e-05
UNC5D,-3.972908615289538e-05
ITGAM,-3.9775139925589566e-05
GPAM,-3.980174284799983e-05
FUCA1,-3.980915326657875e-05
ADAMTSL1,-3.982622350583912e-05
PCDH1,-3.984617628248719e-05
PLBD1,-3.984764722062127e-05
BCL7B,-3.984794191105963e-05
PLEKHN1,-3.985223360441472e-05
BTG3,-3.985491827156292e-05
CXCL17,-3.986664193177242e-05
PNP,-3.987864077845091e-05
DHH,-3.988248830301615e-05
GPC6-AS2,-3.988752572164512e-05
SMIM12,-3.9918606486753125e-05
PPP2CA,-3.99338688327999e-05
NAT9,-3.994539285766558e-05
GTPBP4,-3.996049504456337e-05
HCN1,-3.996167940455057e-05
REEP4,-3.996796310986203e-05
INSR,-4.0015632747238776e-05
PMPCA,-4.002650386659725e-05
TRUB2,-4.007273450113502e-05
SLC7A11-AS1,-4.008665672727698e-05
PJA1,-4.0087828647714734e-05
RTL1,-4.013114423537667e-05
SCG5,-4.013825161689292e-05
BCL6,-4.0160322562003246e-05
NXT2,-4.017978800517579e-05
TENM3-AS1,-4.018887626228484e-05
ADAMTS9-AS1,-4.02205050972169e-05
POLR2E,-4.0244659225238365e-05
ID4,-4.026304016320552e-05
SLC2A4RG,-4.0267729188006207e-05
MCM2,-4.0271602820597335e-05
ABT1,-4.029606771012134e-05
POLDIP2,-4.030464688967781e-05
OXA1L,-4.033749471494892e-05
MARS,-4.0343468172929566e-05
SEMA5A,-4.034606671959963e-05
GSK3A,-4.0352518417999016e-05
BLOC1S2,-4.0398860506356e-05
GDI2,-4.04004827272912e-05
DCTPP1,-4.044054423778147e-05
PNO1,-4.044735027641424e-05
CPAMD8,-4.044985628887952e-05
HDAC5,-4.046882807374327e-05
KLHL21,-4.047714797503573e-05
SFTA3,-4.048484445059302e-05
IPO5,-4.053066064487707e-05
AGPAT4,-4.0533883053473375e-05
FOXRED2,-4.054573052497683e-05
U91319.1,-4.054664817146301e-05
GFPT2,-4.0546864692486336e-05
IFI35,-4.054898607544671e-05
ENPP4,-4.0549337064319314e-05
RUSC1,-4.058539111886603e-05
SBF1,-4.059380536041649e-05
DCTN6,-4.059778789662613e-05
ASAP1,-4.060099054925464e-05
SRRM2,-4.060272001507635e-05
LAS1L,-4.061748553732106e-05
C12orf10,-4.061866300811051e-05
TOMM20,-4.0635346873259845e-05
GPRC5C,-4.0666892062141576e-05
FRMD6-AS2,-4.067546159060328e-05
GPSM3,-4.068386402305041e-05
AMFR,-4.068938980192462e-05
UPF1,-4.071902663818552e-05
NRN1,-4.072122205408975e-05
NRG1,-4.0762205254818506e-05
IRS2,-4.07713217976078e-05
MVD,-4.077738361628636e-05
DCLK2,-4.077972622181601e-05
DZIP1L,-4.078063609176698e-05
PDCD1LG2,-4.084191661875115e-05
BRD3,-4.084569052083677e-05
FSCN1,-4.087875339956168e-05
GNG11,-4.090285007699216e-05
NCF4,-4.091934567040148e-05
ZCCHC24,-4.092513872893055e-05
PLAAT4,-4.093616663620842e-05
KCNT2,-4.093999647192423e-05
RALBP1,-4.094038359511647e-05
PLA2G15,-4.095927534329434e-05
YY1,-4.09786122156253e-05
PITRM1,-4.100971779522276e-05
SAMHD1,-4.103868006951903e-05
KNOP1,-4.1049709977757886e-05
GAB3,-4.105095196661928e-05
P2RX5,-4.10513435376906e-05
MASP1,-4.105662160338568e-05
PDHA1,-4.108224663102366e-05
ZNF467,-4.110939748078639e-05
SAT1,-4.113020988579618e-05
GINM1,-4.1157999331042646e-05
MTFR1L,-4.116552577440122e-05
P2RY10,-4.117789621260173e-05
NLGN2,-4.120856927925599e-05
TSPYL1,-4.122269408284744e-05
TNFSF8,-4.130676696096823e-05
AOC3,-4.131684122527238e-05
PTGER3,-4.132735018599279e-05
NQO1,-4.133039967914848e-05
SLC38A10,-4.133587329436375e-05
METTL7A,-4.136193461092365e-05
SAMD8,-4.138216087835301e-05
TMEM132A,-4.1382546173715736e-05
DNAJA2,-4.139473891123723e-05
DACT1,-4.139605827138924e-05
DYNLT3,-4.139979927345276e-05
STMN3,-4.1427708189984765e-05
IFI27L2,-4.1429118164699785e-05
SLC25A28,-4.143411064105054e-05
PIEZO2,-4.143597888182188e-05
FICD,-4.1440840228241567e-05
SCNN1D,-4.144948568443859e-05
KCNAB2,-4.145265159938656e-05
GABRE,-4.14833588994953e-05
RING1,-4.151214398199453e-05
NTRK1,-4.152154643112404e-05
BTBD6,-4.153223745465254e-05
SPART-AS1,-4.153310993047352e-05
GNG10,-4.1543136313799e-05
MSRB1,-4.156393678761974e-05
DUBR,-4.156763791049207e-05
AADAC,-4.158920550792727e-05
XKR3,-4.15985699175962e-05
PPAT,-4.165494398817843e-05
TM6SF2,-4.167968439476629e-05
ZNF790-AS1,-4.168336929137147e-05
AP1S2,-4.172195939564386e-05
NRCAM,-4.172783019007883e-05
ILVBL,-4.176939986051143e-05
AP3D1,-4.177778207173103e-05
FEM1B,-4.181781521035207e-05
AP001029.1,-4.182192955865827e-05
WDR82,-4.185423614982375e-05
PIGA,-4.187486641063142e-05
NAA60,-4.188037731823443e-05
PIP5K1C,-4.188345576774828e-05
OOEP,-4.192927251584536e-05
C1QTNF1,-4.1938555588736256e-05
PPP1R9B,-4.194306689921776e-05
RAB35,-4.196328912718238e-05
SNRPC,-4.201354512031138e-05
LRG1,-4.20332813504028e-05
DBNDD2,-4.206094869014273e-05
CCDC71L,-4.2074018251417336e-05
SLC12A7,-4.210711021334629e-05
NIT1,-4.2117412033542224e-05
PABPC5,-4.212019874028417e-05
SNRPN,-4.212332503977263e-05
TPD52L2,-4.212408893461986e-05
MICA,-4.213083939513336e-05
MRPS36,-4.2137770359363526e-05
TP53INP1,-4.214605693114198e-05
PHTF2,-4.215894982869511e-05
INPP5K,-4.216654780676897e-05
PARM1,-4.218516366147031e-05
DIS3,-4.222022973704166e-05
CDH6,-4.2221024904389736e-05
PORCN,-4.225866469417157e-05
FTSJ3,-4.232393885794831e-05
OPLAH,-4.233916947159971e-05
SUGCT,-4.234322596969325e-05
TMEM123,-4.234914481211096e-05
CTSK,-4.235568613629567e-05
TBC1D15,-4.238222693256861e-05
POLR2H,-4.2394380189058845e-05
ARAP1,-4.239517765320868e-05
BCHE,-4.242750322899841e-05
PDE4B,-4.244970050310312e-05
EPAS1,-4.247807858272362e-05
TEX26-AS1,-4.2498379987277136e-05
C9orf139,-4.250336163902115e-05
CLCN7,-4.2523006432270805e-05
IL27RA,-4.253822987574868e-05
APOBR,-4.262677000576594e-05
YWHAQ,-4.263796984421024e-05
PDCL3,-4.269132476468081e-05
MTA1,-4.2695847166923415e-05
LARGE2,-4.269995772420542e-05
SFXN3,-4.270406954553396e-05
GMPR2,-4.270854192298729e-05
NPC1L1,-4.271759840974107e-05
IL17RA,-4.278911003497031e-05
TMEM214,-4.279338734536304e-05
TADA2B,-4.279676649741877e-05
SIGLEC9,-4.281089821060766e-05
SIGLEC15,-4.282758092119279e-05
FAAP20,-4.283097021368757e-05
DNAJC19,-4.284457250803796e-05
RNF167,-4.286927297279207e-05
UFL1,-4.287762204531828e-05
LAMA1,-4.28889074280945e-05
SLC8A3,-4.293670895890957e-05
CRIPT,-4.296661222031238e-05
METAP2,-4.3007470860837696e-05
FAM161B,-4.304260086657045e-05
VPS35,-4.3055605638493526e-05
GNAI3,-4.306185839153565e-05
TIMM10B,-4.3075019962137415e-05
UQCC3,-4.312843642397374e-05
NRIP3,-4.323214116511685e-05
BTN2A1,-4.3235535432526674e-05
TAX1BP3,-4.325165065756685e-05
SCIMP,-4.3262324140166544e-05
SIRPG,-4.330247620630418e-05
FAM83G,-4.333499098462488e-05
PFKL,-4.33547016222813e-05
TEAD4,-4.336688442312056e-05
SVBP,-4.33754795994424e-05
ACSL5,-4.3388010760072045e-05
ZNF281,-4.3407211112172136e-05
NRBP1,-4.340937357124592e-05
KBTBD6,-4.3422478391345735e-05
SLC7A7,-4.345764914519855e-05
ZNF85,-4.346311067935732e-05
PRR34-AS1,-4.346602081309671e-05
CYSRT1,-4.346686870785612e-05
SCML4,-4.3486191988111874e-05
MT1M,-4.352525917083089e-05
DPYS,-4.354760768077695e-05
FMR1,-4.354795703535056e-05
CDK2AP1,-4.355441545065e-05
ZFYVE1,-4.358690099761792e-05
AKT1S1,-4.3597820448890246e-05
VPS37A,-4.361561999054185e-05
AP000812.1,-4.363108942510792e-05
TUBGCP6,-4.3632587434711583e-05
GPR171,-4.363836791497601e-05
DDR2,-4.363991726986433e-05
SCPEP1,-4.365873323636719e-05
TRIM47,-4.369462605675786e-05
MLX,-4.370600611249212e-05
TRIAP1,-4.372158682715201e-05
HILPDA,-4.372612157987919e-05
CD3E,-4.377108317678798e-05
DOLPP1,-4.3775393304429925e-05
LRATD2,-4.37937902084432e-05
YPEL5,-4.379906274554152e-05
TEX261,-4.3825030624140886e-05
TMEM101,-4.384940543755124e-05
IFNLR1,-4.3856549287255046e-05
RARA,-4.3864876515148927e-05
KCNK15,-4.388526975812377e-05
TWF2,-4.388699297346981e-05
RAPGEF1,-4.3905564042082525e-05
TESK1,-4.390950819973484e-05
SHMT2,-4.3915342421371215e-05
SUGT1,-4.395482893251106e-05
ZIK1,-4.396597654131814e-05
HMOX1,-4.401701474723588e-05
CTHRC1,-4.405809910769137e-05
ZFP30,-4.411000378859098e-05
CTNND2,-4.411655296450347e-05
FCGR1A,-4.411849780376929e-05
PPARD,-4.411931764081213e-05
NR2F1,-4.414629407025461e-05
RIPOR2,-4.418008850073574e-05
SRSF8,-4.41812334080428e-05
IL16,-4.418945492658251e-05
RNF6,-4.419652288530164e-05
CASP1,-4.4239007890488624e-05
GAS2L1,-4.425143726883314e-05
PDGFRB,-4.4267589505786974e-05
H2AFJ,-4.428276562890921e-05
TMEM251,-4.428414745095319e-05
SHF,-4.430903913557696e-05
CD109,-4.431666408724819e-05
MAT2B,-4.433186826019966e-05
LIN7C,-4.436538652797852e-05
PPM1K,-4.436805122374919e-05
CLIC3,-4.437044996489488e-05
ZDHHC18,-4.438570178454361e-05
PSMB5,-4.440619644066616e-05
DIO2,-4.441012988838631e-05
MAP2K3,-4.4423641589240575e-05
VARS2,-4.444100007815094e-05
ALDOC,-4.4480430293914345e-05
ARRDC4,-4.448385057016292e-05
SARS,-4.450420265361647e-05
ECM2,-4.451206535041248e-05
SNX17,-4.451867935733905e-05
HSPA13,-4.454661145573361e-05
FAM124A,-4.454889766974828e-05
SRA1,-4.454974051215227e-05
AAMP,-4.459413419293143e-05
DPP4,-4.4594610219202615e-05
STAT2,-4.461259030891038e-05
POU2F2,-4.4617610589512805e-05
STAC,-4.461892590166359e-05
SCNN1B,-4.462032230386023e-05
GPANK1,-4.462245934373341e-05
FEM1A,-4.4710246955062455e-05
UBTF,-4.471495648207074e-05
ELOF1,-4.472374910450763e-05
ZBTB17,-4.472909024792264e-05
PKM,-4.473476647782883e-05
ABAT,-4.473577175888257e-05
PXDC1,-4.47398466856288e-05
ADGRE5,-4.4744449058021166e-05
PPP2R1A,-4.478968344596849e-05
RTL6,-4.480731888084715e-05
TMED6,-4.484750164381439e-05
HSPBP1,-4.48597822452009e-05
SORCS2,-4.4894053782439976e-05
GFRA1,-4.4894288427502186e-05
POLR2C,-4.490667812337116e-05
LATS2,-4.4920616172041074e-05
RBM10,-4.4922367642985074e-05
SDK2,-4.495525970499175e-05
TRPV3,-4.496843594977089e-05
MAP3K11,-4.497536066033603e-05
TP53RK,-4.498493537244603e-05
PGGHG,-4.500657444584903e-05
FAM126A,-4.500960828989557e-05
LARP6,-4.501591502823869e-05
CBX4,-4.512694319257943e-05
SLC66A2,-4.514545015568631e-05
CSRNP1,-4.5152947206393545e-05
GZF1,-4.515614631608873e-05
FOSL2,-4.519529740002058e-05
INPP1,-4.522264046235817e-05
SLC25A11,-4.525923436635493e-05
PRKY,-4.526308964961423e-05
DPEP1,-4.526803203747816e-05
OPCML,-4.5271846322342544e-05
ITGAE,-4.529143751893663e-05
MMP11,-4.529896205694968e-05
HIST2H2AC,-4.531183820810408e-05
SLC40A1,-4.532823275382953e-05
SAMD1,-4.5332261955039405e-05
CGNL1,-4.536973690720014e-05
REXO2,-4.54027119217378e-05
CLEC14A,-4.540707378987961e-05
GPX7,-4.542796353930885e-05
IL21R,-4.552670172759934e-05
TSHZ2,-4.553147037543161e-05
LILRA6,-4.5541772656113925e-05
TOR1AIP1,-4.555025573661922e-05
C11orf21,-4.555594999400314e-05
HNRNPA3,-4.558548161733656e-05
SLF1,-4.562898308894721e-05
SLIT2,-4.563128927356398e-05
ZSCAN18,-4.567036517569344e-05
EIF1AD,-4.570901334168702e-05
PALD1,-4.5715220493599424e-05
STT3A,-4.571565719265903e-05
ATP2A3,-4.571770240861495e-05
MPC2,-4.5721117026356025e-05
BCAT1,-4.573072669558252e-05
FUOM,-4.573492662067802e-05
ABHD17A,-4.575183611230968e-05
RSL24D1,-4.581094659257993e-05
SQOR,-4.581559408414536e-05
TNIP3,-4.584915573659055e-05
PPIG,-4.585663546780715e-05
CD244,-4.58738184545828e-05
IMPDH1,-4.588361709920212e-05
MT1G,-4.5931935991098055e-05
HMGN1,-4.594362534801972e-05
ABRACL,-4.596599084529688e-05
EIF4EBP1,-4.5972280849411394e-05
MRPS14,-4.5990279463994784e-05
SNHG29,-4.599371455036935e-05
SCP2,-4.601584453658751e-05
PLEKHO2,-4.602048371801483e-05
SDHD,-4.602052474630736e-05
CNRIP1,-4.605017878823082e-05
IL12A-AS1,-4.60771147057464e-05
CD2BP2,-4.609204620642157e-05
GLIPR1,-4.613930117443283e-05
TMEM250,-4.61520712851413e-05
JSRP1,-4.618409772038666e-05
MED29,-4.625447385008013e-05
APOC4,-4.625867473092718e-05
ORAI1,-4.626400431404548e-05
CMAS,-4.627207547697599e-05
NOS1,-4.62889581843937e-05
MBD3,-4.629730528161225e-05
CRABP2,-4.631003244977771e-05
ZBTB33,-4.631510895819267e-05
ST6GAL2,-4.637597157704727e-05
ZNF106,-4.640937150919824e-05
ACAT1,-4.643737365532024e-05
RNF26,-4.643876421529703e-05
C6orf62,-4.644350037401263e-05
ARPC1A,-4.644487083552789e-05
AP000755.2,-4.6464642958591954e-05
CNP,-4.647100647243416e-05
ZNF625,-4.647504920626923e-05
DNTTIP2,-4.6485423444524703e-05
MRPL4,-4.64984996572742e-05
PPP1R12C,-4.650044121383974e-05
C1orf122,-4.6503231811194784e-05
SLC38A2,-4.6528941240523225e-05
IGF1,-4.657607435284629e-05
CYGB,-4.6576254625527385e-05
SNX10,-4.660753503777316e-05
CLIP1,-4.661269939844781e-05
ELK1,-4.661815618938022e-05
LONP1,-4.6635261613271326e-05
PIK3R6,-4.667193969790148e-05
BROX,-4.667328411941062e-05
PRKAR2A,-4.668091543003447e-05
ATPAF2,-4.66826561566266e-05
ZNF540,-4.669501870233181e-05
PIK3CD,-4.670083890304025e-05
CEBPG,-4.670112793923595e-05
NUDT22,-4.671017516736864e-05
SPRY1,-4.6756897213770406e-05
PQBP1,-4.675902592208328e-05
CPSF1,-4.676303590119671e-05
TMEM88,-4.677548432104104e-05
ACAT2,-4.677673031078644e-05
NR4A3,-4.682605176932825e-05
BAK1,-4.684563875607909e-05
TSPYL2,-4.685598245741301e-05
ARPC4,-4.6865175170001394e-05
GALNT2,-4.688547439604736e-05
WARS,-4.690402131812137e-05
SLC35A4,-4.692927661500302e-05
PRPH2,-4.696934246390344e-05
AREG,-4.6981647719571686e-05
TGFBR3,-4.69932421083329e-05
PARP10,-4.699751387892285e-05
PDHB,-4.700205039678754e-05
SEMA6A,-4.70477287113116e-05
SFPQ,-4.705920626519663e-05
PGBD5,-4.706303772502207e-05
KCNB1,-4.707232086848126e-05
PTHLH,-4.707740510352872e-05
SCARA3,-4.71147327244672e-05
TMEM219,-4.711704913900804e-05
PGAM5,-4.713236846744127e-05
IFIT3,-4.7147031555520256e-05
STX4,-4.715287123116846e-05
PIDD1,-4.722186955976692e-05
ARSI,-4.723885620412887e-05
FCGR2A,-4.724300898332759e-05
LUCAT1,-4.7274258981338086e-05
LZTS1-AS1,-4.728190621507088e-05
MARVELD1,-4.731187213303074e-05
DSCAM,-4.732257730318525e-05
DDIT3,-4.735484333628495e-05
MRPS16,-4.738737260570237e-05
PRPF6,-4.740018296094751e-05
CREM,-4.740510914441703e-05
SOCS2,-4.741362343256561e-05
ZFP28,-4.742427641428214e-05
KDM5A,-4.745353406159214e-05
C20orf27,-4.746623516717629e-05
ZFP36L1,-4.749272131758791e-05
COLEC12,-4.751256176480289e-05
CD22,-4.752856556121965e-05
GCNT3,-4.754645723689231e-05
CYP1B1-AS1,-4.756375639364954e-05
FKBP1B,-4.756779605854242e-05
RPP21,-4.759453817834058e-05
LSM1,-4.759897897284253e-05
DEDD2,-4.760565916627573e-05
A1BG,-4.760707610064372e-05
MLIP,-4.763096028903324e-05
HPSE,-4.767081551118956e-05
BX088651.4,-4.767369031957029e-05
TMEM246,-4.769392003547674e-05
NFIL3,-4.770506843606558e-05
COMMD4,-4.772973302634793e-05
BTBD11,-4.773637505595066e-05
ERLIN2,-4.775537537513133e-05
JUP,-4.776744776727198e-05
MRPS10,-4.776842373373887e-05
UBE2V1,-4.78282147177495e-05
A2ML1-AS1,-4.784740340386609e-05
BRD7,-4.786592495987214e-05
DUOXA1,-4.790729801570443e-05
COL23A1,-4.7929440648086665e-05
PPID,-4.793239657628584e-05
SNHG5,-4.794192901347056e-05
ACSL1,-4.794709499349332e-05
SNX12,-4.7952727319548905e-05
THAP7,-4.795379842365206e-05
TSN,-4.797588526288155e-05
GAS1,-4.797923483778302e-05
PHF1,-4.800397083899586e-05
THOC3,-4.80086773877738e-05
HMGN4,-4.803479682533998e-05
MMP2-AS1,-4.80510278854134e-05
CDK5,-4.805699164628753e-05
GRM7-AS3,-4.8069742766252e-05
B3GAT3,-4.810016029904188e-05
SLC26A6,-4.810294975207983e-05
RYR1,-4.810308443567031e-05
TMEM102,-4.8117768756500265e-05
BAG1,-4.81266394602258e-05
ELFN1,-4.813387268616477e-05
PI4K2A,-4.814097392301029e-05
ARG1,-4.814567677805062e-05
BTN2A2,-4.815676682173116e-05
ACLY,-4.818446276103861e-05
SYT7,-4.818658902962425e-05
MAP2K2,-4.820509253061944e-05
PELO,-4.820724371576849e-05
ZDHHC3,-4.820755733633017e-05
UBXN11,-4.821733730347094e-05
BHLHE40,-4.8220206667040885e-05
STMP1,-4.829091415827431e-05
AKR1C3,-4.830330264274452e-05
GPR65,-4.831013942929027e-05
TMEM43,-4.831830734825133e-05
UROD,-4.833540262503253e-05
MTLN,-4.833606915882962e-05
SMNDC1,-4.834778484349341e-05
BMI1,-4.837207436529127e-05
THAP11,-4.837755966978688e-05
CTBS,-4.838924132541549e-05
NSG2,-4.839189168391412e-05
GJA5,-4.843537550153297e-05
DDR1,-4.846283526975114e-05
EBI3,-4.847879667795889e-05
PCK1,-4.85069839394284e-05
VPS25,-4.851909763792709e-05
SELL,-4.85966747831251e-05
EPS8L1,-4.861173816368592e-05
COTL1,-4.861839049498265e-05
ATP6V0D1,-4.870890998719384e-05
FADD,-4.875237621437643e-05
PRG4,-4.875646966423902e-05
FAAP100,-4.876570025561208e-05
OLR1,-4.878342059823299e-05
FGL1,-4.87966391339984e-05
MAP1LC3A,-4.8811174133266045e-05
ILF3,-4.881364034731316e-05
PEX19,-4.883167213990805e-05
GAS5,-4.883278677808152e-05
DUS1L,-4.884167014264932e-05
GLMP,-4.8868048047591466e-05
CDH1,-4.89039185860983e-05
ZCCHC3,-4.892893141378636e-05
IQGAP1,-4.895241821473058e-05
VAMP3,-4.8984365253035415e-05
EIF1AX,-4.905612085343986e-05
RBM15B,-4.906000054354427e-05
COL12A1,-4.9071977710870095e-05
COPRS,-4.909234146580537e-05
PLPP5,-4.911010290760356e-05
RASSF4,-4.911298250659318e-05
ZNRD1,-4.913458236855245e-05
C9orf78,-4.9149357610897885e-05
CHCHD5,-4.915607824035996e-05
CNTN6,-4.918690088300395e-05
ARFRP1,-4.918837160478167e-05
MRPL53,-4.9198766176539455e-05
FDXR,-4.9209839207886006e-05
TNFSF9,-4.92358828797048e-05
NLRC5,-4.92462455006924e-05
FMO2,-4.925147924173998e-05
TESPA1,-4.926818083278601e-05
ZBTB39,-4.9270024435818624e-05
TSBP1-AS1,-4.9272560843155736e-05
ADAMTS9,-4.933747646050119e-05
RNF141,-4.934926257505784e-05
PDE1A,-4.937311670961376e-05
ACAA2,-4.937857651752631e-05
RFESD,-4.9387790273964046e-05
SEM1,-4.9387791965473446e-05
HIPK1,-4.941067018746119e-05
SOCS3,-4.94152425713657e-05
MCRIP1,-4.941531421124762e-05
MIR4300HG,-4.950210343522004e-05
SLC2A6,-4.950392651409705e-05
ZNF593,-4.951288884697115e-05
SUMO1,-4.952049281375268e-05
SEMA7A,-4.953491352592001e-05
TRG-AS1,-4.954008590176328e-05
CD48,-4.959910675001976e-05
SMPD2,-4.960023781064281e-05
IFIT1,-4.9617866050048194e-05
XAB2,-4.962146399336585e-05
MXRA7,-4.964591487588228e-05
DLGAP2,-4.967772896061829e-05
SIGMAR1,-4.968773606671264e-05
ICAM3,-4.968846288129676e-05
KIAA0040,-4.968875343190722e-05
SLC27A3,-4.9691777121967474e-05
SLC6A1,-4.970419267772828e-05
MYPN,-4.9717053539949545e-05
ENDOG,-4.97395550328503e-05
CHMP1B,-4.975376606316734e-05
IRAK1,-4.983220704566181e-05
YIPF3,-4.9949796318559086e-05
TNFAIP3,-4.996331851572839e-05
HAX1,-4.999804905276682e-05
COL9A2,-5.000946861583352e-05
KIF5B,-5.0010422207461454e-05
STEAP1,-5.003013537894462e-05
SMCR8,-5.004914525249701e-05
MSRB2,-5.006482019717183e-05
PLEKHA3,-5.0064830522930905e-05
PSMA5,-5.0069363913197765e-05
KLF13,-5.008162656376479e-05
ATP5F1C,-5.010656034928554e-05
SEC14L1,-5.012675091880796e-05
SLC2A1,-5.012688840999181e-05
GPAA1,-5.01474026378443e-05
TRANK1,-5.017263208916349e-05
LGI2,-5.017877685300709e-05
UBAC1,-5.019101544188768e-05
ANAPC15,-5.0200395279528e-05
HLA-DOA,-5.020448676906178e-05
GRIA2,-5.021367777044512e-05
FHL1,-5.0216696352447406e-05
HGH1,-5.022812567058277e-05
HCST,-5.023815144591202e-05
PJA2,-5.023977188447732e-05
NLRC3,-5.0301575173326886e-05
PIP4K2C,-5.0321519525701086e-05
FTCD,-5.0329757851533656e-05
AP1S1,-5.034044558551257e-05
UCHL1,-5.0362601585945145e-05
ARF5,-5.037154057715182e-05
DNAJC4,-5.043513796759903e-05
TMEM74B,-5.0440302595971065e-05
PPM1E,-5.044484680922635e-05
AKT1,-5.044905992665435e-05
PCDH15,-5.04924110905412e-05
ARSA,-5.04936117378904e-05
MBD6,-5.05273655431908e-05
INAFM1,-5.058470724797032e-05
NR1D1,-5.066034363516333e-05
ANOS1,-5.066743910451275e-05
LYPLA2,-5.066947405808013e-05
TOB2,-5.067123955634123e-05
ZFP91,-5.069550958292101e-05
FLNC,-5.0741416733141614e-05
CHIT1,-5.076316703463602e-05
TAF13,-5.0778238631778624e-05
SLC16A1-AS1,-5.078575488341157e-05
NOP16,-5.079182178911709e-05
C12orf49,-5.080651397786292e-05
MIS18A,-5.081679913731635e-05
SLC7A14-AS1,-5.0829968005119134e-05
TRMT61A,-5.083981170592626e-05
SLC31A1,-5.0847677714008986e-05
ATP8A2,-5.0857055745980976e-05
SMARCC2,-5.086636504115503e-05
ZMPSTE24,-5.0928921690355e-05
ALDH9A1,-5.0938349574288325e-05
NUB1,-5.094277345817669e-05
RAMP2,-5.0947729474484505e-05
HDLBP,-5.0963038796964725e-05
BCL6B,-5.103526888611208e-05
CD96,-5.103838321091306e-05
TOPORS,-5.105177437543935e-05
PLSCR3,-5.105630602645072e-05
GNAO1,-5.105982953398588e-05
LIPI,-5.106158790654175e-05
PIGP,-5.112223182991665e-05
SBK1,-5.11620618278094e-05
RIC3,-5.1192894874181545e-05
SPHK1,-5.11967898256723e-05
MAPK3,-5.1200701352698e-05
STK16,-5.120396784519354e-05
GPBAR1,-5.1204398473498765e-05
TMX2,-5.121850587631161e-05
CCDC167,-5.123898760595344e-05
HDGFL2,-5.125279896523965e-05
PLK2,-5.125424756704626e-05
PCNX3,-5.127046258587e-05
ZNF676,-5.127270590534808e-05
PILRA,-5.1285471890668144e-05
SMARCD2,-5.130260145377707e-05
TNNC2,-5.132990799356388e-05
UBE2N,-5.13401371063902e-05
PPP1R18,-5.136249484707247e-05
SNX33,-5.1366068070291776e-05
RHOD,-5.1396842439240506e-05
OASL,-5.1397048460928e-05
PAIP2,-5.140370843905236e-05
PRKCQ,-5.141343384279152e-05
SIRPB2,-5.141987271022632e-05
TMED3,-5.142065020801366e-05
ATF6B,-5.1425577972666814e-05
THEMIS,-5.143649001600538e-05
APOM,-5.1468517407424e-05
SLC25A1,-5.148902400185111e-05
TMEM18,-5.149292705771785e-05
MRPS22,-5.155066581345474e-05
CBFA2T3,-5.159160832786368e-05
SACS,-5.16069422557009e-05
RNF7,-5.164959915266527e-05
MED8,-5.169306815738716e-05
SIPA1,-5.1696396095207104e-05
HMGCS1,-5.17051331597082e-05
RAC2,-5.170685594285973e-05
CLK3,-5.173858880840831e-05
PSEN2,-5.174662027667643e-05
USP22,-5.175196473096616e-05
TNFSF11,-5.175624480373713e-05
CTSV,-5.1761142866079286e-05
TMEM37,-5.1788956472661056e-05
TFAM,-5.1791362294975486e-05
DNAJB2,-5.181026245143265e-05
APOL1,-5.187525460287912e-05
TRIM69,-5.191128016188864e-05
DNAJB4,-5.191372081191042e-05
BSCL2,-5.194268590555879e-05
HSD11B1,-5.195675993479628e-05
DSE,-5.198720019449657e-05
ZNF471,-5.201501901738389e-05
HS3ST3A1,-5.204253516831072e-05
WFDC1,-5.204396229935655e-05
LCK,-5.205211669286542e-05
IFIT5,-5.210683960678168e-05
CLEC10A,-5.212790085587199e-05
ATG16L2,-5.218034785014034e-05
ITIH2,-5.223250573266125e-05
NUBP2,-5.225155923036309e-05
SERTAD2,-5.226962365221948e-05
ARHGDIB,-5.2282874763245975e-05
ZFAND5,-5.229784676599604e-05
MEDAG,-5.235344074790312e-05
ATP1A2,-5.240313969226587e-05
DUS3L,-5.24283788347294e-05
MRPS18A,-5.242908333175345e-05
VDAC3,-5.243850629665462e-05
TEAD2,-5.243906409228749e-05
OSBPL6,-5.250539811163712e-05
MRPL20,-5.2527698710031226e-05
TXNDC15,-5.254472784869939e-05
CACYBP,-5.257905815514108e-05
AHSA1,-5.260023484532715e-05
MIIP,-5.261859547692571e-05
FAM110B,-5.262385204475143e-05
NDUFB1,-5.263685316291425e-05
PRXL2B,-5.265844346088666e-05
TBRG4,-5.269521635041798e-05
GCH1,-5.275450771159486e-05
APOD,-5.276590563931991e-05
DOK4,-5.278826693607044e-05
VENTX,-5.280614336240015e-05
CYP2S1,-5.280772637460993e-05
FUNDC1,-5.281320392348255e-05
KRR1,-5.2844573694697966e-05
QDPR,-5.285299532826614e-05
KIDINS220,-5.287423574680232e-05
CALCRL,-5.290278457558288e-05
DUSP23,-5.2911583546955205e-05
TOR3A,-5.2934658020824845e-05
CCDC59,-5.293769823010489e-05
TIMM50,-5.295957021763632e-05
PLBD2,-5.297449361685172e-05
TOR2A,-5.2990271255511975e-05
EGLN2,-5.299296982995874e-05
HPS6,-5.3016260836665074e-05
RAP2A,-5.3028146826495536e-05
H1FX,-5.302997056119853e-05
PLAU,-5.30305992426168e-05
DOK5,-5.303986201942102e-05
GNPDA1,-5.304949839896708e-05
TLCD1,-5.306418278762535e-05
PELI2,-5.308048419442822e-05
LRCH4,-5.310356066724904e-05
ESAM,-5.310669933274293e-05
RRP9,-5.313304329873893e-05
GOLT1B,-5.3167694988928265e-05
HMGB2,-5.322836509443421e-05
ADAM23,-5.3246818777540856e-05
KLHDC8B,-5.324830958676715e-05
LTBR,-5.325461351474559e-05
FAM49A,-5.328551173477257e-05
MAD2L2,-5.329182626498384e-05
DOCK8,-5.330607660026e-05
MYO1G,-5.332250466022983e-05
DDAH2,-5.335510265980047e-05
ZNF667-AS1,-5.340354354115248e-05
SNRNP27,-5.340569957141221e-05
KIAA1755,-5.342639391074953e-05
COPZ1,-5.345357252169459e-05
LGMN,-5.351230229927636e-05
DCTN2,-5.355851769275368e-05
FZD1,-5.3564802785387554e-05
LBR,-5.357843389887842e-05
CTTNBP2,-5.358453027191124e-05
LZTFL1,-5.3605278961190186e-05
SF3A1,-5.361448153533655e-05
SYNGR1,-5.3656036447018624e-05
HMGCR,-5.3659630280405e-05
SFRP4,-5.373361148481337e-05
HRAS,-5.3768991393943824e-05
GLI1,-5.376931779839632e-05
CCDC3,-5.378227813074532e-05
ITGA1,-5.378909390931702e-05
SAR1A,-5.3849455513255125e-05
RNF166,-5.388915957066062e-05
GALK1,-5.390256847314132e-05
SGCD,-5.394521132310239e-05
MRPS34,-5.397238083810308e-05
SAMD4A,-5.397850325211692e-05
C14orf132,-5.398652817569996e-05
HSPA6,-5.4001982895346805e-05
ANKRD33B,-5.400473664377024e-05
RETREG2,-5.4026026772926765e-05
TMEM176B,-5.4058397013253344e-05
SLC35E1,-5.405869349326791e-05
TMC8,-5.4064427727091534e-05
SLC16A10,-5.409805754351537e-05
DTX3L,-5.4119134115441424e-05
RSL1D1,-5.412076393550368e-05
EIF3J,-5.4143435273590656e-05
ERAP1,-5.4153877308598735e-05
SCAF1,-5.4158790715170815e-05
SYAP1,-5.417850474124104e-05
CD34,-5.422427116737763e-05
P2RY8,-5.427575978938135e-05
RAB2A,-5.431159806050348e-05
ARRDC5,-5.431519407754282e-05
GOLGA3,-5.43163353320294e-05
IL18BP,-5.4349855189233886e-05
SYDE1,-5.435024846410813e-05
TMEM45A,-5.435656005237527e-05
CPM,-5.436066892462258e-05
RESF1,-5.438741968934244e-05
LAMA4,-5.439290013920479e-05
CEBPB,-5.441044247477451e-05
SLC39A14,-5.442821237073848e-05
SERPINA3,-5.445503582115287e-05
H2AFV,-5.4461267560606645e-05
KIF3C,-5.446235628181188e-05
FAS,-5.44724875731628e-05
NSA2,-5.447560624977017e-05
ATRNL1,-5.449113567263872e-05
FAM210B,-5.44997479136721e-05
EDN1,-5.453868378228072e-05
SLAMF1,-5.4548194068461896e-05
CKS2,-5.457393457416924e-05
HSPA2,-5.461135155437291e-05
FZD2,-5.461687216146605e-05
S100Z,-5.461873211014705e-05
BCAS2,-5.462912133235814e-05
FOXO1,-5.4638401485409765e-05
NME4,-5.4659204479674674e-05
FBLN5,-5.4678497329566005e-05
KIRREL1,-5.4697739869974906e-05
ICAM2,-5.46983294871351e-05
IL1RL1,-5.471296620553569e-05
INTS5,-5.474475409260431e-05
CA2,-5.4763494509994216e-05
CCT8,-5.478247696432624e-05
ZNHIT2,-5.479217764818373e-05
RPP25,-5.482889625475841e-05
RRAGA,-5.483067250993408e-05
NDUFS6,-5.489895431050995e-05
KIAA0930,-5.490991873021473e-05
UBXN6,-5.493737935408506e-05
VEGFC,-5.495426852331466e-05
FMO3,-5.505661857292296e-05
CBLB,-5.505752998841181e-05
OVOL1,-5.507432548044348e-05
MCTP1,-5.508366709626056e-05
METTL9,-5.511287757165185e-05
RBM22,-5.511726397112861e-05
KLF6,-5.514296564041359e-05
FAM83H,-5.514994804428296e-05
DDX23,-5.519617859563792e-05
TMEM14A,-5.521446847684658e-05
SIGLEC14,-5.5231988120504826e-05
ALG3,-5.523261415910807e-05
FHL3,-5.525997248242654e-05
HTATIP2,-5.52630527364888e-05
ITGB2-AS1,-5.526635641648024e-05
RNF130,-5.527270225271259e-05
PSMD3,-5.529226496044008e-05
CRYAB,-5.530572395192862e-05
USP9Y,-5.532182160667453e-05
IFNAR1,-5.540519171146766e-05
MRPL49,-5.540726116958469e-05
GIMAP8,-5.5449930154982446e-05
SPR,-5.545579615340069e-05
ETS1,-5.546347382808858e-05
TM2D3,-5.548757863668601e-05
C1orf198,-5.5491644642671086e-05
ZDHHC24,-5.5514057251479705e-05
FBXW5,-5.5514163098047625e-05
CYB5R1,-5.552834846620692e-05
TPST2,-5.557993239769375e-05
MRPL38,-5.563278822851351e-05
ITPRIPL2,-5.564574180908463e-05
YIPF2,-5.570085756888601e-05
FMOD,-5.571032347850065e-05
GDI1,-5.571951264417454e-05
LST1,-5.572523760121184e-05
WDFY4,-5.573061054461024e-05
MYO9B,-5.576939800160576e-05
EIF3K,-5.580070996143779e-05
EXOSC2,-5.5811458650766304e-05
KIF26A,-5.583721584483402e-05
EGR3,-5.585552221934639e-05
SDR16C5,-5.586045748014933e-05
MAP9,-5.589515979325634e-05
PITX1,-5.5898479005977535e-05
LMBRD1,-5.593615191516778e-05
CARD8-AS1,-5.594781732386331e-05
LVRN,-5.598505974718197e-05
PODXL,-5.607222062986568e-05
GUCY1A1,-5.607877857395281e-05
P2RY1,-5.608574331602536e-05
ZNF660,-5.6171457208826166e-05
UBE2I,-5.619124856151298e-05
PLCB2,-5.632178871820874e-05
MORN2,-5.633788381325406e-05
MSX1,-5.641041524718565e-05
OAS3,-5.641481086850068e-05
MRPL55,-5.64417047725719e-05
COA3,-5.644243179312357e-05
GPS2,-5.646829418322332e-05
DOT1L,-5.649879770602498e-05
TMCO3,-5.65646356619461e-05
CTDSP1,-5.658792701276229e-05
EFNA1,-5.6590916029335446e-05
PLIN3,-5.6592935849185225e-05
WDR18,-5.661304912634164e-05
STAT4,-5.667196345154143e-05
COLEC11,-5.668978056855767e-05
SEMA3G,-5.670824340204575e-05
NR1D2,-5.674464701125405e-05
GPR4,-5.676483383581976e-05
AQP3,-5.677428189406389e-05
CHST2,-5.680549221146882e-05
GPX8,-5.681980130847011e-05
BABAM1,-5.68237188115184e-05
NMU,-5.6844913499246366e-05
SESN2,-5.685778267201861e-05
PDZD11,-5.686126124080597e-05
TRAPPC2L,-5.688333919776202e-05
ENPP2,-5.693044673006817e-05
POP4,-5.694005157236372e-05
CD69,-5.694842754216504e-05
STEAP4,-5.694930973740601e-05
NR4A1,-5.695959428328177e-05
ZBTB7A,-5.698164823410084e-05
DNAJC8,-5.7124112300207074e-05
IL33,-5.713472609533692e-05
TRBC1,-5.715711421640598e-05
CCDC124,-5.716228246039976e-05
FGF7,-5.720167534414253e-05
OGFRL1,-5.721250692410561e-05
AEN,-5.721594821815833e-05
DUSP6,-5.721612121932557e-05
JUN,-5.721652188384852e-05
BASP1,-5.723768467327838e-05
PLAC9,-5.725079774472294e-05
PANK4,-5.737498119651168e-05
CCDC88A,-5.740471702828845e-05
LMOD1,-5.745605505825263e-05
SLC6A20,-5.745844550246013e-05
P2RY13,-5.746021746874934e-05
SEC16A,-5.7461415409075415e-05
TLR7,-5.747300686540539e-05
GLIPR2,-5.747795528731488e-05
SGTA,-5.749311323573866e-05
CD276,-5.750436787848048e-05
S100A2,-5.751941215642308e-05
ST6GALNAC6,-5.7520260731305705e-05
JAK3,-5.755472837825848e-05
TMED1,-5.758085520486995e-05
NFKBIL1,-5.758928883788297e-05
KLF9,-5.763864140749636e-05
PITPNM1,-5.7658658721476816e-05
EPHA3,-5.7661429822841e-05
HAUS1,-5.768301234040874e-05
SLC12A4,-5.768809940474227e-05
FCRL3,-5.7694903559083186e-05
EGFLAM,-5.76950507920845e-05
DNAJC21,-5.770425899115295e-05
SEPHS2,-5.771677232183326e-05
AKR7A3,-5.773188783372586e-05
TMEM125,-5.773563639346598e-05
GABRG3,-5.777729713474176e-05
CD79B,-5.779159740185342e-05
GNPTG,-5.7797841925140806e-05
FZD8,-5.7805924733661376e-05
WWC3,-5.782236988026277e-05
QTRT1,-5.782487593896781e-05
COPZ2,-5.7894890549440775e-05
SEC11A,-5.795793929383812e-05
PTPRO,-5.799037020509188e-05
RNF212,-5.801056890070008e-05
PTGES3,-5.801097462909497e-05
ASXL3,-5.801524692097358e-05
VSIG2,-5.8026256834940166e-05
HEPACAM,-5.803131888350057e-05
SLC41A1,-5.803247041170369e-05
KCNN3,-5.804008696532227e-05
FLT4,-5.804300885365861e-05
ICOSLG,-5.804425385259963e-05
MAN2B1,-5.807166697834554e-05
FAM3A,-5.817486973459095e-05
DPAGT1,-5.818871575012536e-05
TOMM40,-5.818897624298491e-05
PDGFB,-5.819617593668014e-05
TSPAN6,-5.820849454622074e-05
NPB,-5.823895463056906e-05
VSTM4,-5.8243674941528304e-05
ASNSD1,-5.828349457217875e-05
SKP1,-5.830421788414699e-05
PLXNA4,-5.833995244203816e-05
NELFE,-5.835190139691003e-05
CHMP1A,-5.835348683560959e-05
TENM1,-5.839314381937053e-05
RHBDF1,-5.840111333449976e-05
SH3BGRL,-5.8425917127606895e-05
ZNF135,-5.8473556684069366e-05
APEH,-5.847661680996519e-05
SMO,-5.849514936244735e-05
SYPL1,-5.852221379288319e-05
PIGS,-5.861927943782683e-05
INTS1,-5.866803298676928e-05
MRPL33,-5.866960539871971e-05
UNC5C,-5.868090958010448e-05
ANKRD36C,-5.8689705890655776e-05
FGF2,-5.8690964449925e-05
GPC4,-5.873008042383831e-05
FXYD2,-5.877043980691575e-05
FCN1,-5.877702728866592e-05
B3GNT7,-5.8782414561286165e-05
ARHGEF6,-5.8809129640463775e-05
NEU1,-5.882520929695936e-05
BCL2A1,-5.882983276912962e-05
DIRC3,-5.884336044615992e-05
CCRL2,-5.885278235555003e-05
TMEM248,-5.8866919586517965e-05
A4GALT,-5.8892918210587335e-05
GADD45A,-5.8897164264386736e-05
NIFK,-5.890448387050527e-05
PRSS23,-5.891738168172496e-05
SLIRP,-5.894762123241126e-05
CD300LF,-5.895238756743115e-05
TMEM140,-5.896199694478224e-05
CRIP2,-5.901480490010905e-05
DNAJB12,-5.902124862227234e-05
CNPPD1,-5.904818252250019e-05
TMEM134,-5.906200884621732e-05
RNF5,-5.906893296431145e-05
MTCH1,-5.906984014839457e-05
PLAUR,-5.907152521895154e-05
E2F4,-5.908976460683908e-05
MT1A,-5.909403325654705e-05
DPM3,-5.909491067297319e-05
KATNA1,-5.9095245782590334e-05
PMAIP1,-5.912068556260902e-05
CCNB1,-5.920179662932334e-05
TUSC2,-5.9213384478080026e-05
YKT6,-5.922765624912033e-05
PPP4C,-5.9260957967107e-05
EMILIN2,-5.927410660160541e-05
CD302,-5.928196964097765e-05
GDAP1,-5.934467732422158e-05
MRPL9,-5.935720186531344e-05
CENPW,-5.936420382435972e-05
MICAL1,-5.938630829497767e-05
CDC5L,-5.938683122856083e-05
TMEM158,-5.940893338491994e-05
MMP15,-5.9410518641245485e-05
VPS28,-5.942017036921788e-05
CSRP2,-5.944437181236345e-05
GLRX5,-5.946099455642599e-05
MRPL36,-5.952058794135814e-05
MCL1,-5.952061371435805e-05
LENG1,-5.954007992768734e-05
RAB34,-5.95548432766486e-05
TMIGD3,-5.961244220835792e-05
MPEG1,-5.971523992522124e-05
MIEN1,-5.971951176031819e-05
MRPL24,-5.973407811118963e-05
RBM17,-5.9761878379498544e-05
CD52,-5.976668474445363e-05
ALPL,-5.980481801455632e-05
RASGRF2,-5.982947087146767e-05
TMEM115,-5.984524049730244e-05
EPB41L2,-5.9869358395127546e-05
ABCG2,-5.987172788169737e-05
STAT5A,-5.989709632638958e-05
SIRPA,-5.991486610716704e-05
SUPT4H1,-5.991766209955109e-05
ALDH6A1,-5.992680769416377e-05
VARS,-5.992708973750996e-05
HNRNPUL1,-5.995453952219014e-05
THAP1,-5.997360551753132e-05
TENT5A,-5.998994449120011e-05
NINJ1,-6.001122960178264e-05
MOB1A,-6.004394050670757e-05
RAB25,-6.0047000251878016e-05
CCT5,-6.004897277181374e-05
ZNF844,-6.008043830617055e-05
MST1,-6.009380979907267e-05
SGCB,-6.0114671260389566e-05
CLECL1,-6.012640202835869e-05
CLPP,-6.014443047678037e-05
KCNJ8,-6.0146059515673805e-05
TCF21,-6.015853187767993e-05
JOSD2,-6.016668100491236e-05
CLPTM1L,-6.018583004566058e-05
PRMT1,-6.019572050399008e-05
CCDC36,-6.022246238996979e-05
RHOT2,-6.022593440725492e-05
GPS1,-6.023594879533091e-05
TBC1D10C,-6.023894216048512e-05
COLGALT1,-6.0248322845570966e-05
MFAP1,-6.0262558191282645e-05
POLE3,-6.02703117523348e-05
ATP13A2,-6.029429299943859e-05
CARHSP1,-6.030772884450453e-05
GIMAP5,-6.035925200594229e-05
HMOX2,-6.040983409232354e-05
TSPAN8,-6.044728191826542e-05
B4GALT1,-6.0494249121804126e-05
IKBIP,-6.0525978502884975e-05
ST8SIA6,-6.05674584255014e-05
TSPAN9,-6.057567469680749e-05
SOX4,-6.061194707966696e-05
AGAP3,-6.0612863141844445e-05
ABI3,-6.062139563781262e-05
HAGLR,-6.0657947332459296e-05
LAG3,-6.066398011403274e-05
SCAMP2,-6.0770558904710825e-05
HINT2,-6.079239849239715e-05
SNRNP25,-6.081653691661458e-05
RAD23A,-6.082668985967887e-05
BRI3BP,-6.09644759955515e-05
MDFIC,-6.102490006258861e-05
KNG1,-6.105196614476621e-05
CHD4,-6.106478603730759e-05
KCTD5,-6.108416736832886e-05
MAP1S,-6.110322498723394e-05
TMEM106C,-6.110926035606025e-05
NAA38,-6.11384252445969e-05
MAFF,-6.117136283205273e-05
MFAP2,-6.118806728282777e-05
THAP12,-6.121750056758802e-05
SECISBP2L,-6.124058838545064e-05
GP1BB,-6.127733122193304e-05
FKBP4,-6.133083798096145e-05
RRAGC,-6.136138385927249e-05
RAB1B,-6.136192095975808e-05
CPXM2,-6.136260282311934e-05
VMA21,-6.136306528007536e-05
BOP1,-6.137298501433002e-05
THBD,-6.146402543945804e-05
BCL7C,-6.152569980023704e-05
CHID1,-6.152713156669797e-05
HIST1H4C,-6.158081139425738e-05
YBX3,-6.158181873780882e-05
VAMP5,-6.158524366738972e-05
P4HA2,-6.15961345138152e-05
PSMD6,-6.169152187725346e-05
PRR14,-6.170292919355826e-05
ZNF367,-6.174422195176487e-05
EHBP1L1,-6.185016405519017e-05
MCF2L2,-6.185047302236624e-05
SNX9,-6.193235416313239e-05
FZD5,-6.193693925662184e-05
IGF2R,-6.19500555424572e-05
ELN,-6.199930811532275e-05
PPAN,-6.200033549911451e-05
CD28,-6.205716045526614e-05
REL,-6.20700046270551e-05
ATXN7L3,-6.210864917696698e-05
IFIT2,-6.211835229609783e-05
SART1,-6.212733767939916e-05
SURF2,-6.213238009752649e-05
BBC3,-6.214156726352177e-05
PRR16,-6.214541950131144e-05
SLITRK4,-6.215296294082712e-05
B3GALT6,-6.216529203644043e-05
ISG20,-6.218836057718749e-05
TACC1,-6.223517983036322e-05
CD209,-6.225150391960747e-05
NECTIN2,-6.237348414428709e-05
ABCD2,-6.237736556177661e-05
YTHDC1,-6.237843953917565e-05
AQP9,-6.2394477816588e-05
MISP,-6.240256525383052e-05
UBE2Q1,-6.243217910180203e-05
MCRIP2,-6.250834573653037e-05
DOLK,-6.251241437070214e-05
SLC44A2,-6.251309764917414e-05
PIM1,-6.258135735740849e-05
RAB3B,-6.26103183225302e-05
PIEZO1,-6.26137293422326e-05
AHNAK,-6.262950539640429e-05
NFKBIE,-6.265930286145226e-05
PPM1G,-6.266300863352027e-05
JCAD,-6.26685818479465e-05
TEK,-6.268505427448694e-05
UQCRFS1,-6.271240190711123e-05
IGSF8,-6.271344850051447e-05
MRPL32,-6.272278327536659e-05
KIF19,-6.273447348986419e-05
PPIF,-6.274619920483766e-05
FGFRL1,-6.276309131882004e-05
KIAA2013,-6.278560513168662e-05
CPB2-AS1,-6.282891445657501e-05
ARL5B,-6.28392729652032e-05
SELENBP1,-6.284333992597187e-05
ASMTL-AS1,-6.285471140809243e-05
TIMM17B,-6.287822840901007e-05
CADPS,-6.28980400985362e-05
KLF2,-6.290714516287837e-05
PXMP2,-6.290956873347605e-05
C2,-6.291036317696255e-05
GK-AS1,-6.291232435363248e-05
SPPL2A,-6.297216438753015e-05
CTR9,-6.297741785691428e-05
SRM,-6.298147547104562e-05
TRAF3IP3,-6.306169246747834e-05
SIGIRR,-6.308815294774422e-05
POMGNT2,-6.310094042189009e-05
DZIP1,-6.315774807373077e-05
ABCA9,-6.316289369809261e-05
RBIS,-6.324702109444795e-05
TMF1,-6.32648362796236e-05
MEPCE,-6.331858408153603e-05
PROCR,-6.337159961424408e-05
ZMAT1,-6.337815082736382e-05
TRPV2,-6.337911614827096e-05
TNFRSF6B,-6.341925218881064e-05
RUNX3,-6.345454097600129e-05
TMEM223,-6.351275236990352e-05
MRPL40,-6.351521176437466e-05
BCL11A,-6.352610914688484e-05
TPRA1,-6.35357643306259e-05
RANBP6,-6.359784126336621e-05
PPP1R14A,-6.360272833808271e-05
ZFPL1,-6.362722223065561e-05
SCAND1,-6.364464885904325e-05
PPP1R15B,-6.364830275035105e-05
CCL20,-6.366362955882422e-05
SLC9A9,-6.368928258027405e-05
RAB8B,-6.369108315722118e-05
APEX1,-6.371336609929253e-05
ZNF275,-6.375507463483999e-05
AP001347.1,-6.382725397131286e-05
WT1,-6.386208201121387e-05
TLE4,-6.387014868109899e-05
ANPEP,-6.391463393872206e-05
UBE2A,-6.401625832334632e-05
RELL1,-6.402255630190792e-05
EREG,-6.406225541973506e-05
VASH1,-6.406859158307906e-05
TNFSF13B,-6.41549725622822e-05
BCL9L,-6.42184962949732e-05
NPTN,-6.424252499306864e-05
TSR2,-6.42970726083344e-05
NDN,-6.435091302201192e-05
ZNF569,-6.439018388279159e-05
TMX4,-6.439534518095128e-05
ARPP19,-6.441058560587227e-05
GJC1,-6.445067452277545e-05
GJB3,-6.445602581702105e-05
SLFN12L,-6.446718391055229e-05
RAP2B,-6.448497906832049e-05
MRPL21,-6.448712608707136e-05
CYSTM1,-6.449267950266244e-05
AAK1,-6.450043367271655e-05
GUCD1,-6.451090330718838e-05
FKBP5,-6.453603720193322e-05
GPAT4,-6.454926007969568e-05
PRKAR2B,-6.455433772466358e-05
GALNT3,-6.458788606246955e-05
IMPAD1,-6.461838769069583e-05
PRR4,-6.464804359719578e-05
PDLIM2,-6.467338492403115e-05
TCEAL8,-6.473132078564878e-05
RNH1,-6.473291113341358e-05
NABP2,-6.474022396580914e-05
MEOX1,-6.475566038287206e-05
ARL4C,-6.47624923117223e-05
GRK4,-6.479203570467179e-05
NOB1,-6.479553601864533e-05
CREB3L3,-6.479836577954543e-05
F11R,-6.483962472665872e-05
PRPS1,-6.48766134160036e-05
PIGX,-6.488934121322262e-05
MCM5,-6.493871023255133e-05
GTF2A2,-6.497282206907898e-05
EBNA1BP2,-6.500286519521042e-05
XPNPEP2,-6.502491509808874e-05
GOLM1,-6.509169311932961e-05
TWISTNB,-6.513317260223134e-05
EFEMP2,-6.51830145016462e-05
FAM3C,-6.524579787263933e-05
CD37,-6.524627729718224e-05
FKBP3,-6.52778849461921e-05
USP1,-6.531794913846285e-05
SGK1,-6.534392811068472e-05
B3GNT9,-6.534960140888783e-05
UBE2L3,-6.53733432704761e-05
RBM3,-6.540024764909649e-05
MAN1C1,-6.540883213696308e-05
SLC29A1,-6.542058408185933e-05
ROBO4,-6.5423085490113e-05
NUDT15,-6.545978829111576e-05
RAB39A,-6.546784016317158e-05
SON,-6.54982877261845e-05
NDUFA5,-6.55244925088063e-05
BAG6,-6.553740238502048e-05
DHRS9,-6.559306846663718e-05
ZNF682,-6.559631865392242e-05
FOXF1,-6.560444819984547e-05
HEPH,-6.561089334593048e-05
MEF2D,-6.562607777338136e-05
WBP2,-6.56668021321236e-05
COL16A1,-6.568485987996166e-05
KCNK6,-6.571580855403928e-05
GRK2,-6.571823179696352e-05
B4GALT3,-6.57300732085571e-05
NCSTN,-6.574544240558118e-05
FKBP9,-6.57604888322119e-05
TMEM176A,-6.578716039944496e-05
MIDN,-6.582179450874217e-05
STARD9,-6.582483554069474e-05
ELOVL1,-6.594385223273884e-05
DDX27,-6.59445127075538e-05
ARRB2,-6.597413611906967e-05
LAGE3,-6.608582054081862e-05
ELAC2,-6.615168914606362e-05
OLFML2B,-6.617678831284221e-05
TOP1,-6.618417389454787e-05
HCCS,-6.619568925131309e-05
KLF8,-6.631120029762452e-05
CCDC69,-6.635659573280732e-05
BRD4,-6.643425825306393e-05
ARHGAP9,-6.644522182822772e-05
DUSP7,-6.64582356732349e-05
UBE2J1,-6.647942189515703e-05
SFT2D1,-6.648007795514939e-05
ING2,-6.648245061127977e-05
ARAF,-6.650129690484787e-05
MAN2B2,-6.651177713865658e-05
ACVRL1,-6.655762980816643e-05
ID3,-6.658003375463726e-05
TCEAL4,-6.660681235667798e-05
SYS1,-6.662735466371364e-05
TMEM126A,-6.663828775391414e-05
CCL18,-6.667395442055456e-05
ERBB3,-6.670564351101685e-05
CBR1,-6.674217345316721e-05
NDUFA8,-6.68185699689011e-05
ALDH16A1,-6.682198732764392e-05
DAXX,-6.683079101874232e-05
APOBEC3C,-6.685939096139037e-05
SLC25A19,-6.690468987189803e-05
PSMB7,-6.6919828505399e-05
CDK16,-6.692001785338861e-05
LBP,-6.692863731294266e-05
LPCAT1,-6.697361432103034e-05
SNAI2,-6.698413418913208e-05
PRSS8,-6.69977365538962e-05
TINAGL1,-6.70128105826893e-05
GJB2,-6.70392057575557e-05
IFNGR1,-6.704816420726741e-05
NRP1,-6.705253100441326e-05
BRI3,-6.709373798234027e-05
FUNDC2,-6.71066064320427e-05
TSTA3,-6.712473222586252e-05
AOX1,-6.71272515903343e-05
FXYD6,-6.715554020663233e-05
LRFN4,-6.72086202805785e-05
SURF1,-6.726201840333451e-05
PRXL2A,-6.728102261550771e-05
HOMER3,-6.732818202406049e-05
RGCC,-6.733569180042981e-05
FRG1,-6.736166255320595e-05
SDC3,-6.742094238889575e-05
HS3ST3B1,-6.747872177887275e-05
DKK1,-6.748474029950718e-05
ZNF835,-6.752031319171142e-05
GRPEL1,-6.752355861601354e-05
ZNF831,-6.752895465950208e-05
HSPH1,-6.75575758170069e-05
TMEM8A,-6.759891746974132e-05
ACHE,-6.769920488584931e-05
GRAP2,-6.780665964332532e-05
ACADVL,-6.782908989135631e-05
TSSC4,-6.784804413402427e-05
ARPC2,-6.784827320427521e-05
TMEM184C,-6.788516001138022e-05
ACP5,-6.791448530067259e-05
PSMA2,-6.793938896279219e-05
NCAM1,-6.798687321537343e-05
IL6ST,-6.800529127527857e-05
GBP2,-6.803121833514264e-05
ASPN,-6.806551576712044e-05
EBPL,-6.811853124052614e-05
CCND1,-6.815972397767804e-05
B3GNT2,-6.817097104289467e-05
AMOTL2,-6.81746481744554e-05
MAF1,-6.818796185046312e-05
MEA1,-6.819001259849694e-05
RGS18,-6.834049382709362e-05
PSMG1,-6.837850711543852e-05
BEST1,-6.848622208908518e-05
MRPL28,-6.84993179481774e-05
PNPLA6,-6.851121173834803e-05
SLC16A1,-6.852917742529267e-05
FGFR1,-6.855343470792742e-05
WBP1L,-6.86311242483865e-05
MME-AS1,-6.870714147634269e-05
PLA2G7,-6.873260483660527e-05
LRRC45,-6.874584581643633e-05
HTRA1,-6.876881251128181e-05
ZNF737,-6.879670837660586e-05
F3,-6.8841003289117e-05
MARCH3,-6.887338451275638e-05
EGR1,-6.892587760332384e-05
NOP9,-6.894267845557002e-05
LIN7A,-6.897727966817944e-05
CEACAM4,-6.897774157022359e-05
CLDN5,-6.897986968956641e-05
C15orf61,-6.89905800974299e-05
AGPAT1,-6.902299937267189e-05
DAG1,-6.902403367942254e-05
EMP2,-6.90775390945471e-05
GPR183,-6.91028274574936e-05
ZC3H15,-6.91031953479847e-05
SH2D2A,-6.913949991171767e-05
TMPPE,-6.915075143603129e-05
AK1,-6.921433261718035e-05
DYNC1H1,-6.925667829386841e-05
LSM6,-6.927924099757864e-05
NCOA4,-6.930413226027772e-05
ITPKC,-6.930693781238011e-05
POLRMT,-6.947073771543193e-05
FDPS,-6.947697890012415e-05
SHISA5,-6.955769974643351e-05
SELPLG,-6.95588513497539e-05
MIR22HG,-6.956083152551579e-05
ENDOD1,-6.95634130527757e-05
HERC5,-6.95678076197393e-05
PTCH2,-6.958040778963559e-05
PNPLA2,-6.958131539776839e-05
ST3GAL1,-6.967233657909575e-05
FBXL3,-6.972727287399191e-05
MRPL17,-6.974694070111838e-05
CD247,-6.98501552577067e-05
MGST3,-6.986145535450723e-05
JAK1,-6.994018613384371e-05
IATPR,-7.006152207393665e-05
OCIAD1,-7.008629409598039e-05
BNIP3,-7.009157953237851e-05
THOC6,-7.01354810964039e-05
PTPRS,-7.013588667902757e-05
GPR108,-7.016722169279862e-05
MAP1LC3B,-7.019174644543784e-05
DKK3,-7.019568721623032e-05
MRAS,-7.019715261319439e-05
SDC1,-7.019942184177064e-05
CPED1,-7.023001306983202e-05
NCAM2,-7.027243398081393e-05
RHOF,-7.033208488109817e-05
DNAJB9,-7.034044621185161e-05
COX7A2L,-7.038497693887334e-05
JMJD8,-7.044271696124326e-05
HSD17B10,-7.044753906325921e-05
FGD1,-7.053357768854911e-05
PCED1B-AS1,-7.055873502150328e-05
PCGF5,-7.058670894687175e-05
BST1,-7.058766430391569e-05
IDH3G,-7.065904120751666e-05
NDUFAB1,-7.067075074480978e-05
MFSD1,-7.069030497674678e-05
DOK2,-7.075142260769142e-05
DDA1,-7.078402390857494e-05
GGCT,-7.078924785742138e-05
ASGR1,-7.079179273477994e-05
OLFML3,-7.084500442499087e-05
MNDA,-7.084734040244581e-05
ALOX5AP,-7.086185222115387e-05
TNFAIP1,-7.08690822698394e-05
ZCRB1,-7.094286866087011e-05
FGD3,-7.101480082202337e-05
ZBTB46,-7.101944111324223e-05
UPP1,-7.102261247905052e-05
TRAPPC2B,-7.103822170810144e-05
CDH5,-7.103868452061992e-05
CKS1B,-7.105329972147778e-05
PEG3,-7.11542978415071e-05
RAB8A,-7.120328850319208e-05
MAFK,-7.123163843410204e-05
CLEC12A,-7.123339242816458e-05
TBC1D2,-7.125806982689294e-05
EGFL6,-7.132628875411376e-05
SLFN11,-7.132663572163377e-05
MMGT1,-7.14041623323341e-05
ZNF706,-7.143650217912673e-05
ANTKMT,-7.147463208186854e-05
ZNF503,-7.147487682500936e-05
CD86,-7.147667892636495e-05
TRIM28,-7.151151272650458e-05
TAPBP,-7.15151545453823e-05
LBH,-7.152230241875827e-05
PCBD1,-7.155009375925386e-05
NOC4L,-7.163131092184505e-05
ARHGAP25,-7.163856673305807e-05
LDLR,-7.16621107188193e-05
SLAMF7,-7.172116572653509e-05
LTB,-7.175464095310047e-05
SPON2,-7.17795209210829e-05
ACTR1A,-7.178108079751523e-05
GSTO1,-7.181396887663181e-05
C9,-7.187994718769408e-05
GAR1,-7.192840575529181e-05
IL7R,-7.196267281435161e-05
PLEKHG2,-7.200635867235056e-05
FERMT2,-7.205784493461127e-05
TSEN34,-7.215911549280332e-05
POLR2G,-7.21716141353755e-05
MRPS18C,-7.218452474189754e-05
EEF1D,-7.221775127863355e-05
PPP1R15A,-7.22191549787879e-05
TWF1,-7.227262409829067e-05
DENND3,-7.228319665288194e-05
CERS4,-7.241653953264604e-05
ABCF3,-7.242408749830225e-05
KLHL4,-7.243427672170858e-05
LRRC8A,-7.248460232539192e-05
TSPAN3,-7.254246668062451e-05
GIPC3,-7.262916376824026e-05
SMPDL3A,-7.263293504470532e-05
COL7A1,-7.263359433508459e-05
MTX1,-7.266026296845975e-05
PLTP,-7.267072614789708e-05
SH3TC1,-7.272755711097151e-05
NHP2,-7.279355593224641e-05
ISOC2,-7.279833640670732e-05
PRPF8,-7.28462171745251e-05
MRPL57,-7.285298273769496e-05
CCL5,-7.286446625287363e-05
SELENOT,-7.28955498892192e-05
GNA11,-7.289836314650723e-05
MTRNR2L1,-7.297898954171615e-05
MXRA8,-7.30074405974478e-05
ATG101,-7.305856927801248e-05
ZNF703,-7.308780968078054e-05
DAZAP2,-7.30994175976953e-05
FMNL3,-7.321216156159535e-05
PGRMC2,-7.32828600362431e-05
SFN,-7.332994020153146e-05
FGD5-AS1,-7.335582691005106e-05
EHD2,-7.337995857161378e-05
SASH3,-7.338631212703871e-05
ITGBL1,-7.349414048160755e-05
GPC3,-7.360329603939953e-05
SSU72,-7.365361645316082e-05
SNHG16,-7.368729338734712e-05
DDX18,-7.3700607354604e-05
BMP1,-7.37454278348979e-05
ANP32B,-7.375445240214241e-05
PLIN2,-7.378102926327052e-05
LAPTM5,-7.381082994027637e-05
DCTN3,-7.383465371743156e-05
IMPDH2,-7.383972562184029e-05
ECHS1,-7.385236397211884e-05
ESYT1,-7.385239953890262e-05
ABCB1,-7.389343277315517e-05
NPTX2,-7.390783405141815e-05
IFFO1,-7.393030588109917e-05
MXD4,-7.393416734701052e-05
CREB5,-7.400237218475024e-05
POLR2F,-7.401514781896437e-05
SIVA1,-7.409071169834117e-05
DSP,-7.411429446874618e-05
SH2D3C,-7.412382756433697e-05
APLP1,-7.415685366682896e-05
QARS,-7.420169647153316e-05
FOXP3,-7.420181990544474e-05
PTGDS,-7.425019588019152e-05
PDZRN3,-7.427757374534315e-05
NCF1,-7.429997766935017e-05
PEA15,-7.433930266253098e-05
AMD1,-7.436856742561315e-05
MS4A14,-7.441198094344533e-05
ZYX,-7.445443318460165e-05
GPN3,-7.446107164616704e-05
SSC5D,-7.453926961226649e-05
FCGR1B,-7.453987685225923e-05
STIP1,-7.462492776448058e-05
TOMM22,-7.465743087096312e-05
TCOF1,-7.47153701073019e-05
TTYH3,-7.473270557882841e-05
NTHL1,-7.474293315483063e-05
HSD17B12,-7.476116305837844e-05
PLPP2,-7.476604597351434e-05
FIS1,-7.482266686570961e-05
SPTAN1,-7.483755812150576e-05
ZNF626,-7.489483729886358e-05
KDELR3,-7.490675832609664e-05
FOXC2,-7.495892374235151e-05
GLO1,-7.502839607580184e-05
IQCA1,-7.508925553898202e-05
MFAP5,-7.513300756654394e-05
TSTD1,-7.514962321619131e-05
NOTCH1,-7.518722938199481e-05
PTK2B,-7.528479455755715e-05
PHPT1,-7.533992472731007e-05
DGCR6L,-7.542442835498144e-05
AGTRAP,-7.546853087605314e-05
SLC2A3,-7.548830604678169e-05
PLEK,-7.554820036873791e-05
MOXD1,-7.55830450567253e-05
CBX3,-7.559450310428625e-05
SLC2A9,-7.562808317496532e-05
TM9SF3,-7.563145713362213e-05
CLEC2B,-7.570902654105785e-05
UGCG,-7.575765163319299e-05
OCIAD2,-7.575771867906906e-05
GOLGA8O,-7.580442624169988e-05
ADAMTS1,-7.591727079509129e-05
TEX41,-7.595293800971975e-05
RAC3,-7.597560067874213e-05
GLA,-7.59771356959014e-05
BAG3,-7.59784443557514e-05
CD2,-7.602672204507727e-05
EZR,-7.60697225585471e-05
NDUFA7,-7.619052914684597e-05
GOLGA2,-7.623922196188095e-05
CCDC107,-7.630486537856294e-05
HTATSF1,-7.633998986672406e-05
LRCH2,-7.637850230157751e-05
P2RY12,-7.642700791303255e-05
AVPI1,-7.64475750749228e-05
ITGB2,-7.656636014097035e-05
TSPAN18,-7.659867579786882e-05
TSR3,-7.666762999351863e-05
EIF3A,-7.666801226881795e-05
TMEM9,-7.677209206360553e-05
LOXL2,-7.679610644303989e-05
TRIB3,-7.68623647916215e-05
APOL6,-7.692526493333285e-05
PPP6R1,-7.69645630143241e-05
ENOX1,-7.700106808981446e-05
PAF1,-7.702571544720898e-05
SMPD4,-7.728676602691435e-05
SNAP25,-7.732696298709538e-05
TMEM47,-7.733211596558024e-05
HACD3,-7.736510885185388e-05
MT1X,-7.73830827618623e-05
TTTY14,-7.739769549655266e-05
LTBP3,-7.743942659922634e-05
ENY2,-7.745522793824324e-05
SAPCD2,-7.750713222966484e-05
LYNX1,-7.75754205186517e-05
CISD3,-7.767779745602135e-05
FASTKD5,-7.771079442003404e-05
MLF2,-7.771425446820731e-05
HSPA1B,-7.773797950969498e-05
MMD,-7.779841358649258e-05
PHYHIPL,-7.7805791595084e-05
SMARCA5,-7.782224773024013e-05
AGA,-7.787004721525906e-05
NRBF2,-7.791147598845019e-05
EFNB2,-7.79372403234881e-05
ALDH1B1,-7.794748436947578e-05
DDIT4,-7.796494763782925e-05
PSMC1,-7.798383149326415e-05
ILF2,-7.799127887123946e-05
ECH1,-7.807275626937851e-05
MRPS17,-7.81532673611254e-05
ZNF662,-7.818688991002174e-05
TYROBP,-7.82180382552333e-05
ILK,-7.822601218775229e-05
ITGAL,-7.823269042700202e-05
EMC9,-7.826701691477638e-05
ELOVL2,-7.827963482524967e-05
CYB5R3,-7.82818238750432e-05
PITPNC1,-7.830793567468265e-05
SLC35C1,-7.831902978835458e-05
CLPTM1,-7.83325052380521e-05
APMAP,-7.837839299085533e-05
GIMAP7,-7.843360684756718e-05
BCAM,-7.84376461514313e-05
MAX,-7.846629874887144e-05
EHD1,-7.86012636619789e-05
TREM1,-7.861346332311853e-05
ID1,-7.861559969781466e-05
CWC15,-7.869283464727427e-05
CPTP,-7.871754396158591e-05
ASAH1,-7.872002983729387e-05
GGH,-7.880277308783891e-05
GNPNAT1,-7.884902137579076e-05
ATP6V1B2,-7.894258424591901e-05
RNF144A,-7.895147151687651e-05
MLXIPL,-7.90138963283746e-05
MAGI2-AS3,-7.902587310063286e-05
TRIM8,-7.907971083288277e-05
LEPROTL1,-7.914634868455668e-05
SLC3A2,-7.918255362586121e-05
NUPR1,-7.919290304452116e-05
LY96,-7.922820882222658e-05
CHST1,-7.923078993145198e-05
ATP5PB,-7.923468703877627e-05
GK,-7.923917882723011e-05
PRAF2,-7.928569477936582e-05
KCTD12,-7.929406304419705e-05
COMP,-7.931226634518644e-05
HIC1,-7.944920523479337e-05
CENPX,-7.947967516440715e-05
LZTS1,-7.948322219900664e-05
SERTAD1,-7.949189480187574e-05
VSIR,-7.95209548888078e-05
LHFPL6,-7.95682228060259e-05
PINK1,-7.962802193631335e-05
PREX1,-7.973583565873535e-05
PPT1,-7.97614701702409e-05
TXN2,-7.986118736848348e-05
PRCP,-7.988568270465671e-05
TMEM185B,-7.990928851163914e-05
SSBP1,-7.995289991233375e-05
TM4SF4,-7.996040352922993e-05
MIR100HG,-8.001418932084806e-05
DSG2,-8.002547165737815e-05
AIF1,-8.003950442508064e-05
EIF3I,-8.007654046487282e-05
ADM,-8.013605313529009e-05
SPRYD3,-8.015800461364065e-05
NOX4,-8.01735769637786e-05
LAPTM4B,-8.020047696783933e-05
NGRN,-8.0231528175385e-05
TXNDC5,-8.023977319070374e-05
TLE5,-8.024496507319768e-05
PNRC1,-8.027924662952759e-05
ZNF468,-8.031613863022539e-05
IRF6,-8.031802188323905e-05
ERLEC1,-8.033636760091463e-05
EIF6,-8.040797411217646e-05
GFER,-8.043407332962052e-05
HSPB8,-8.050261086185965e-05
GREM1,-8.052324990099092e-05
TNFRSF1A,-8.053186084933307e-05
LILRB5,-8.05730361158603e-05
SLC10A3,-8.05824959047153e-05
ABCA6,-8.060557208779998e-05
BTG2,-8.060750584086955e-05
UBE2M,-8.061088119886057e-05
MRPL54,-8.061657472534247e-05
SMIM26,-8.062730588517503e-05
TMEM238,-8.064485936880708e-05
CNN2,-8.069059443878468e-05
PCDH9,-8.073571814477063e-05
GASK1B,-8.081794096704915e-05
C4orf3,-8.082956264654574e-05
BCAP29,-8.089373444582989e-05
KDSR,-8.100519097394414e-05
FNDC4,-8.112144041516388e-05
SF3B5,-8.112476049317878e-05
M6PR,-8.124487851235062e-05
ZNF90,-8.128183801364313e-05
MRVI1,-8.129627132301647e-05
RRS1,-8.136991224013396e-05
CLEC11A,-8.142818657879414e-05
FAM162B,-8.143311715322373e-05
HGF,-8.143551150233767e-05
VAT1,-8.144721024375644e-05
PIM3,-8.149316343498852e-05
PSMB10,-8.155017856153568e-05
DDX3X,-8.155472466622404e-05
ZNRD2,-8.15566796814244e-05
NTNG2,-8.156095497724569e-05
WNT5A,-8.162265132477608e-05
TUSC3,-8.167288157815221e-05
DYNLT1,-8.167502453756731e-05
TPM2,-8.174045704219222e-05
MRPL14,-8.174750066349679e-05
PABPC4,-8.176056572911036e-05
FBXL7,-8.177214834685596e-05
HCFC1R1,-8.181733622261584e-05
GNS,-8.186627312457365e-05
SERP1,-8.193599494122132e-05
MPDU1,-8.196587345414153e-05
LOX,-8.20638627626582e-05
RXRA,-8.209621791786529e-05
DPP7,-8.212530614401383e-05
CPXM1,-8.220420543848429e-05
COL11A1,-8.224049681296864e-05
NR3C1,-8.225693466122089e-05
WFDC2,-8.227836938469166e-05
METRN,-8.239685572213778e-05
APOB,-8.247845681309437e-05
HMCN1,-8.255308382319033e-05
ICOS,-8.262335699157414e-05
COMMD6,-8.263908607240695e-05
CLTB,-8.266381857894866e-05
SOD3,-8.274827617076177e-05
ZNF727,-8.27645488408919e-05
JUND,-8.277126145946775e-05
TIMM13,-8.290052058800707e-05
EIF3F,-8.295536637889128e-05
SIGLEC10,-8.295725783283062e-05
PSMD8,-8.304352338046352e-05
PFDN6,-8.306162211550367e-05
RNASE6,-8.306705124620487e-05
IK,-8.322595486580248e-05
SLC39A6,-8.325941631281415e-05
CHPF2,-8.326471716974103e-05
UBE2L6,-8.3323374180243e-05
ACKR3,-8.33295254204015e-05
SVEP1,-8.3391898947138e-05
SLC30A1,-8.344565977557018e-05
RHBDD2,-8.372972707636114e-05
SGIP1,-8.373222356790173e-05
KHSRP,-8.373813125827002e-05
TXNRD1,-8.375675056967343e-05
POR,-8.376714176922963e-05
COPS3,-8.382840073998823e-05
SLC25A45,-8.383053505126264e-05
IL6,-8.383966546588676e-05
LAMTOR2,-8.385988983755736e-05
NUDT8,-8.390106264649859e-05
LIMS2,-8.390660476739638e-05
MSMO1,-8.402639311357754e-05
REX1BD,-8.4046131869757e-05
ARRDC3,-8.408792195356436e-05
PSMB9,-8.414322038401439e-05
HNRNPA1P48,-8.417346473781593e-05
ZSCAN23,-8.426809184331618e-05
CHSY3,-8.429728230299559e-05
RNF187,-8.433167291691886e-05
HNRNPH2,-8.437979490044932e-05
PUF60,-8.4454799032861e-05
SNRPD1,-8.449261076189668e-05
GUCY1B1,-8.449344770940683e-05
FKBP2,-8.451744966085836e-05
CCPG1,-8.452085686453492e-05
QPCT,-8.45359448162666e-05
NAPA,-8.456436991333224e-05
CD1D,-8.463170865722548e-05
PAG1,-8.463242967921698e-05
GIMAP6,-8.464620186510267e-05
PRNP,-8.465635042995723e-05
ACSM5,-8.469665479845904e-05
EDA2R,-8.478962134340748e-05
SLU7,-8.484372932372498e-05
TMEM14C,-8.49365224931571e-05
GLI3,-8.495308930726964e-05
TSHZ3,-8.500854316317028e-05
ETFB,-8.50368311969617e-05
GSTM3,-8.503967523045316e-05
CNIH4,-8.504854647491155e-05
C1orf43,-8.504966602750443e-05
ITK,-8.507027734327601e-05
CCNG2,-8.50752081689545e-05
HLA-DMA,-8.522029308882074e-05
PRR13,-8.522538387071783e-05
JAML,-8.533932012282581e-05
UNC93B1,-8.543730462022087e-05
CBX6,-8.551048003300396e-05
ENTPD1,-8.556145613224301e-05
MATN3,-8.556749721497766e-05
ICAM1,-8.564743126526876e-05
TIMM10,-8.565109242002688e-05
UBE2S,-8.567364105674847e-05
NDUFS3,-8.568765736952217e-05
LRP12,-8.569020102996324e-05
MRPS15,-8.56935549015452e-05
MALL,-8.570434969192992e-05
BRK1,-8.572754868259388e-05
SLC9A3R2,-8.57353258225674e-05
CKB,-8.57838797054566e-05
DAB2,-8.58096249736924e-05
TIMM8B,-8.589462089868236e-05
GPC1,-8.592818976972533e-05
NWD2,-8.593759289589575e-05
FLT1,-8.595264789463657e-05
RASD1,-8.596357356732344e-05
PCYOX1,-8.600069714971426e-05
SNF8,-8.608270622908587e-05
MRPL18,-8.6102925499902e-05
CSF1R,-8.614391569726873e-05
TMEM256,-8.620646926755959e-05
MFSD5,-8.622625694328957e-05
NUP210,-8.628396013299163e-05
RNPEPL1,-8.635673621566826e-05
ST6GALNAC5,-8.64746939847359e-05
HEG1,-8.651764022660345e-05
TXNIP,-8.668665139690422e-05
SCARB2,-8.673518390546384e-05
C3AR1,-8.682910275664394e-05
ORMDL3,-8.687147763350789e-05
SCAMP3,-8.687496457113697e-05
HIGD1A,-8.705540790019288e-05
NARS,-8.708953322734184e-05
ADIPOR1,-8.709482706864613e-05
CH25H,-8.710427827893855e-05
DPYSL3,-8.712350253249068e-05
IL13RA1,-8.714420603157783e-05
RAMP1,-8.715548989524645e-05
SNHG6,-8.717354826990695e-05
NFAM1,-8.720795017129804e-05
TMEM127,-8.723702087545335e-05
OSCAR,-8.725729647395823e-05
SLC6A8,-8.736309424667258e-05
TMBIM4,-8.742937032665814e-05
HIGD2A,-8.749290329800051e-05
RDH10,-8.750791836363266e-05
ACSS3,-8.754623331690252e-05
RSPO3,-8.755516939908863e-05
SRPX,-8.756488020961544e-05
PCAT19,-8.759811315341915e-05
EMC6,-8.760777024072178e-05
RDX,-8.76118230460598e-05
SEC63,-8.76492000872461e-05
BOLA3,-8.767491978852894e-05
METTL26,-8.770713880528943e-05
NPC1,-8.771367065905281e-05
RFLNB,-8.77146327633427e-05
ST18,-8.777165217221048e-05
PTRHD1,-8.784668850830584e-05
ZNF71,-8.796731443135702e-05
NOL7,-8.8007758054483e-05
MIA,-8.805891558543378e-05
PSMB3,-8.810109348657273e-05
PSMD7,-8.819093112539844e-05
CD83,-8.820832300743477e-05
TSPAN7,-8.822992571983228e-05
CCL4,-8.834361715758258e-05
DDB1,-8.840078233194378e-05
MRPL23,-8.864899485881203e-05
GYPC,-8.867330458461961e-05
ECSCR,-8.870548119424942e-05
RDH11,-8.870808244111418e-05
NPW,-8.874270366586331e-05
WDR1,-8.881837556157772e-05
NPDC1,-8.882962554345137e-05
ARHGAP4,-8.884480433315934e-05
TM9SF1,-8.885140443650862e-05
TBX18,-8.885861267436133e-05
GM2A,-8.889200470329773e-05
C1orf162,-8.903787473872618e-05
SHC1,-8.908372238193925e-05
DCLK1,-8.909289306729585e-05
GABARAPL2,-8.912295236784284e-05
IRF7,-8.913176820187197e-05
CCR1,-8.917633754506421e-05
RTRAF,-8.918278300596507e-05
SLC35F6,-8.926568958057588e-05
HEBP2,-8.931259176630477e-05
H1F0,-8.93295147776672e-05
ERG28,-8.938312955160783e-05
METRNL,-8.939706104128555e-05
TLR4,-8.941815807197402e-05
SUMO3,-8.944074785108642e-05
SSB,-8.950328433887066e-05
ISLR,-8.958792020599473e-05
CCT6A,-8.986787931896675e-05
G6PC3,-8.986849135214436e-05
SLC50A1,-8.994844704770646e-05
PSMB1,-9.006471182473324e-05
TDO2,-9.010484088835904e-05
C1QBP,-9.011527162742526e-05
CCDC85B,-9.021279540893508e-05
NDRG1,-9.02146705270112e-05
ABHD14A,-9.026418488026195e-05
INSIG1,-9.02871485594946e-05
SLC39A3,-9.030590784656172e-05
FASN,-9.032768435848652e-05
TUFM,-9.035482116662397e-05
RFTN1,-9.036279195023048e-05
RCN2,-9.036357152419208e-05
EIF3M,-9.0368462695706e-05
FAM20C,-9.04642163857746e-05
NCLN,-9.049555534244553e-05
CTDNEP1,-9.050200244277856e-05
CNPY3,-9.050521053956425e-05
MAL2,-9.053525265584109e-05
RCN3,-9.053682352285125e-05
TIMP3,-9.057552422659786e-05
DDX24,-9.059837977247516e-05
TCIRG1,-9.060959268368136e-05
ABCF1,-9.064190690689138e-05
UBL4A,-9.066156713187178e-05
TMEM109,-9.07705471016466e-05
CD55,-9.079663241528006e-05
ARL2,-9.082026061738324e-05
UQCR11,-9.085678872792807e-05
AFAP1L1,-9.091578746556848e-05
CCNQ,-9.104146072445706e-05
PAPSS2,-9.105879316845382e-05
CD40,-9.122816886333108e-05
MRPL52,-9.133724953208037e-05
RGS2,-9.133738618035717e-05
FBXO2,-9.145359191462392e-05
NDUFA12,-9.14547507574292e-05
ZMAT2,-9.147092392556716e-05
FAM50A,-9.1497947731855e-05
ITIH5,-9.155543325876534e-05
LMO2,-9.15586207674092e-05
TMEM98,-9.159574224217878e-05
RHOG,-9.16095108425886e-05
AGRN,-9.165458407764584e-05
ANTXR1,-9.175395655306367e-05
AKAP12,-9.176782565543972e-05
SLC15A3,-9.18011403838658e-05
HNRNPM,-9.182188809849785e-05
IL1R1,-9.183893296507873e-05
DYNLL2,-9.184152591243006e-05
CHI3L1,-9.184770731672554e-05
CCN1,-9.18568326234783e-05
MCFD2,-9.19058245196593e-05
GIMAP1,-9.195117428635232e-05
ADAM19,-9.1951897490589e-05
GUSB,-9.199569429046804e-05
BTK,-9.200101377565624e-05
HLA-DQB1,-9.202247164081848e-05
C17orf49,-9.20332926147148e-05
THBS1,-9.208781839822168e-05
CRB3,-9.223282688318384e-05
TM2D2,-9.238050694110223e-05
FKBP8,-9.240779040665656e-05
IGKC,-9.242952927354346e-05
ACP1,-9.248313108563416e-05
CDC26,-9.25609421793469e-05
NDUFA4L2,-9.270119118759332e-05
MPP1,-9.270801340745998e-05
NOTCH3,-9.274980201010144e-05
BNIP3L,-9.27988532305902e-05
HSPD1,-9.2805184071506e-05
RTN4,-9.28125330626906e-05
PCDH18,-9.28637080497376e-05
F12,-9.289276099634018e-05
CYYR1,-9.290442692435853e-05
CDKN1C,-9.301023014451567e-05
FCER1G,-9.31020825583553e-05
LLPH,-9.311270185759126e-05
TNFRSF18,-9.317972712830431e-05
UBALD2,-9.318574213741106e-05
BLVRB,-9.320769322898105e-05
COX14,-9.331592311438816e-05
CREB3,-9.3363646307721e-05
PLVAP,-9.33743664147828e-05
TMEM167A,-9.339996955036296e-05
PROS1,-9.341882996005384e-05
CDC37,-9.346287710067352e-05
SCD,-9.346892105001744e-05
CTSF,-9.356279749177132e-05
IL6R,-9.358869074537964e-05
PALM2-AKAP2,-9.367625061719146e-05
RGS1,-9.370978875727936e-05
BMP6,-9.385602475375756e-05
PLOD1,-9.385902893052904e-05
ELOC,-9.390957607101112e-05
CAMK4,-9.397577881639504e-05
ARID3B,-9.405786013734474e-05
KHDRBS3,-9.40672398200039e-05
DEK,-9.409109805699252e-05
CD4,-9.42425050834388e-05
FCGR3A,-9.428201584147288e-05
HMGB3,-9.433479647746185e-05
DERL2,-9.434123632505314e-05
MAF,-9.436290957334834e-05
ARF6,-9.436454218352076e-05
NDUFS8,-9.439018191642052e-05
AP005059.2,-9.4570336460537e-05
TMEM255B,-9.457621415371452e-05
PPP1R16B,-9.458790284552352e-05
TRIR,-9.466331716633284e-05
NR2F6,-9.46661648068856e-05
KLHL6,-9.474327688098052e-05
ICMT,-9.47626570137811e-05
IL3RA,-9.483372908035631e-05
EGR2,-9.485916579788425e-05
ZNF208,-9.487722311084753e-05
CMKLR1,-9.493720304882269e-05
EIF3G,-9.493874541459025e-05
NAXE,-9.50201152071997e-05
NUDT1,-9.516302758567642e-05
PIGT,-9.518995977350168e-05
HERPUD1,-9.520901356755714e-05
HLA-DMB,-9.52791351261532e-05
PLOD3,-9.52840389353144e-05
ADGRA2,-9.532829399893133e-05
QKI,-9.551478927914688e-05
GMFG,-9.55572128264837e-05
LSP1,-9.559459020667948e-05
TUBG1,-9.566477667795076e-05
FAM32A,-9.578862773021226e-05
AUP1,-9.58140540372459e-05
HSD17B11,-9.585821691942524e-05
TMEM35B,-9.597930143391122e-05
MCM6,-9.60140302612393e-05
TPRG1L,-9.60303004857357e-05
TP53I11,-9.612276544516224e-05
BUD31,-9.624184630009656e-05
AFF3,-9.640343293545787e-05
CD84,-9.648902490456787e-05
ZIM2,-9.64985186350979e-05
ATP2A2,-9.660392793629009e-05
CD320,-9.66149903462085e-05
GPC6,-9.661640998427228e-05
ROBO1,-9.666816628353608e-05
DNPH1,-9.66749390874851e-05
RASGRP2,-9.667780418817438e-05
RBBP7,-9.675873586961284e-05
MRPL47,-9.679952389618268e-05
UFC1,-9.683018105313584e-05
POP7,-9.68683365464912e-05
PRSS22,-9.6896724072681e-05
CAPG,-9.69955849349616e-05
TMEM141,-9.7056124907613e-05
CNBP,-9.708487899241405e-05
MORF4L1,-9.712448868811205e-05
DUOX2,-9.72025818515422e-05
SERPINB9,-9.727579627424384e-05
ENG,-9.73640368918101e-05
DCXR,-9.760448300880852e-05
TPP1,-9.781669726215372e-05
CHRAC1,-9.78654269652602e-05
SMDT1,-9.788021787873852e-05
JOSD1,-9.800932961689224e-05
SHC4,-9.8050267855444e-05
SFTA2,-9.815380993099092e-05
TRAPPC1,-9.821352615565404e-05
PDZD4,-9.83777739143166e-05
MARCKSL1,-9.85466705767644e-05
STC1,-9.856734870115072e-05
AIP,-9.85824292191487e-05
HCLS1,-9.859201595122936e-05
NORAD,-9.877952708712216e-05
UBA1,-9.879739281686384e-05
PSMD4,-9.887759361508994e-05
GADD45B,-9.889001476909172e-05
ERO1A,-9.896645489973968e-05
SSNA1,-9.900493804302018e-05
TCIM,-9.901712298107254e-05
ANAPC11,-9.902106232291996e-05
NES,-9.90671032679288e-05
CNPY2,-9.9083348522468e-05
PLXNB2,-9.919791414365036e-05
SLC1A5,-9.92013063400266e-05
EMC10,-9.927672187999452e-05
GSN,-9.934717477189214e-05
BEX3,-9.9466954787791e-05
PAQR4,-9.950162824497432e-05
FBLN2,-9.954751852608054e-05
CYP7B1,-9.955858914947324e-05
ECM1,-9.957309250210408e-05
NID2,-9.958065393699375e-05
ATP5IF1,-9.964215573917976e-05
LSM3,-9.97368890127956e-05
IER3,-9.977515468344194e-05
PCOLCE,-9.98603530009554e-05
EFNB1,-9.98771940960498e-05
SYF2,-9.996839185370271e-05
IL2RA,-9.998176693715508e-05
GTF3C6,-0.0001000656055172
EMD,-0.0001002427743008
ERGIC1,-0.0001002934931357
CORO1A,-0.0001002972380382
EVA1B,-0.0001004306530478
PARVG,-0.0001004571850108
GGT5,-0.0001004935289864
MRPS24,-0.0001005142611173
PRAM1,-0.0001005733355435
SUMO2,-0.0001005748633226
CDC42,-0.0001006147771524
HYAL2,-0.0001009179348847
SLCO2B1,-0.0001009604621764
NDUFB3,-0.00010103458329
ZNF331,-0.0001011814028909
TM6SF1,-0.0001012160423857
SELENOH,-0.0001013234199584
VKORC1,-0.0001013411557741
KRTCAP3,-0.0001013730955664
CD300E,-0.00010140060486234043
EMCN,-0.0001014636018803
ARL1,-0.0001014798510952
S100A8,-0.000101573083294
SRSF3,-0.0001016197613487
ADGRL4,-0.0001016373899029
ZNF43,-0.0001016395807892
CARMN,-0.0001016486262516
CEACAM21,-0.0001017603710248
VCP,-0.0001018456914221
EIF1B,-0.0001019987170255
FAM174C,-0.0001020326361049
MICOS13,-0.0001021304607577
TSPAN13,-0.0001022219286525
EFS,-0.0001022362809033
PLEC,-0.0001023176150833
MAGT1,-0.0001026959711902
FSTL3,-0.0001027254619748
YWHAH,-0.0001028109830224
GJA4,-0.0001028193489296
HLA-DQA1,-0.0001028736689042
EIF5,-0.000102902033049
DNASE2,-0.0001029347523217
FLII,-0.0001030831360186
CREB3L1,-0.0001031190778423
GBA,-0.0001033988480347
BIN2,-0.0001034504000167
SRXN1,-0.0001035192570391
TRAPPC5,-0.0001035704959543
PRDX3,-0.0001036576952817
S100A9,-0.000103665645876
LILRB1,-0.0001036689369959
CREG1,-0.0001036803077972
TYMP,-0.0001037513913046
SDCBP,-0.0001039051658505
CD93,-0.000104027870668
DGAT1,-0.0001040938549998
LAD1,-0.0001041474914606
PTN,-0.0001042163294763
CD68,-0.0001042181841478
RBX1,-0.0001042911495177
FILIP1,-0.0001043686470427
RBM42,-0.0001044087409588
PRRC2C,-0.0001045416433007
SERPINF1,-0.0001045554654431
XBP1,-0.0001045594458489
TM4SF5,-0.000104562948688
COPS9,-0.0001047236310895
GSDMD,-0.0001047596405823
CSRP1,-0.0001048105868728
RASSF2,-0.0001049499738728
STOML2,-0.0001049929058975
TRO,-0.0001049963046425
JTB,-0.0001050571151649
HK3,-0.0001050733979276
FLVCR2,-0.0001052064488979
CSDE1,-0.0001052249629228
LY86,-0.0001052341961378
PARP1,-0.0001052402474784
ARF4,-0.0001053005148101
SYNGR2,-0.0001053466987877
RANBP1,-0.0001054181100302
CXCR4,-0.0001054352345422
GIMAP4,-0.0001054459548166
RAMP3,-0.0001054876793161
PBDC1,-0.0001054996908263
C18orf32,-0.0001056334764502
TMEM30A,-0.0001056384699781
LEF1,-0.0001056538867128
GAA,-0.0001056628692755
LAIR1,-0.0001059623705598
DUT,-0.0001059623757094
SMIM15,-0.0001060436651512
HDGF,-0.0001061223395606
FGD5,-0.0001061637239773
SERINC3,-0.0001063016825618
PGAM1,-0.0001063717723377
NAA10,-0.0001064255778378
PHLDA1,-0.0001064990983667
TMEM200A,-0.00010650974306816274
RNASE4,-0.0001065294928851
S100A13,-0.0001065851946057
SNX3,-0.0001066332488626
SMC3,-0.0001067600116784
GPX2,-0.0001067744300408
MYL9,-0.0001068558135744
NTM,-0.0001068846862392
NAPRT,-0.0001069112450776
ARPC3,-0.000107103409307
TCN2,-0.0001071178205134
EI24,-0.0001071562450644
FGL2,-0.0001072999925766
TMEM201,-0.0001073160987337
C1GALT1C1,-0.0001073791377
FOLR2,-0.00010744408073213736
TMEM70,-0.0001075815811914
ESR1,-0.0001077375527619
ATRAID,-0.0001077532134041
CCNI,-0.0001078688706053
QSOX1,-0.0001078869006899
LAMB2,-0.0001079493622304
CD33,-0.0001080176671635
PABPC1,-0.0001080310357231
ANG,-0.0001081384035392
CANT1,-0.0001081581431211
HLA-DQB2,-0.0001082013028364
WDR86,-0.0001083225042868
SPOCK2,-0.0001084149667588
TMED5,-0.0001085042154262
TNFRSF1B,-0.000108514463166
CCN4,-0.000108651447795
SLC35A2,-0.0001086647439116
C1QB,-0.0001087480262012
COL14A1,-0.0001088159164582
LMAN1,-0.0001088668439259
ISCU,-0.0001088974796043
ATP5F1B,-0.00010898325501
C11orf24,-0.0001090114689767
TUBB2A,-0.000109034591932
PDZK1IP1,-0.0001090496725763
SPI1,-0.0001091879190414
ARPC5,-0.0001092139821674
ZFP36L2,-0.000109233314289
RIMKLB,-0.0001092998810733
PKP3,-0.000109344253145
RHOA,-0.0001094404074783
NDUFAF3,-0.0001095895238788
GHITM,-0.0001097214642376
F2R,-0.0001097833921442
BRD2,-0.000109865341388
MSC-AS1,-0.0001098804014893
CEBPD,-0.0001099299589664
CAV1,-0.0001099863476742
ATP5PO,-0.0001099902577125
EGFL7,-0.0001100109557508
DHCR7,-0.0001100920133962
CCDC8,-0.0001101949797826
DERL1,-0.0001102444500463
SUN2,-0.0001104510572339
TM9SF2,-0.0001104827696555
MS4A4A,-0.0001105086702594
HHIP,-0.0001105620281745
ITGA5,-0.0001105846520786
KLK11,-0.0001106097352003
CYP1B1,-0.0001106865558398
MFSD10,-0.0001106939739079
RRAS,-0.0001106965677129
RBM8A,-0.0001107452506322
HEXA,-0.0001107811759577
NOP53,-0.000110839284854
PODN,-0.0001109806313433
TLNRD1,-0.0001110815150202
CLEC4E,-0.0001110953376149
TWIST2,-0.0001112089577479
ST13,-0.0001112684641421
ANKRD44,-0.0001112813360459
CFI,-0.0001113966738701
SRPRB,-0.0001114660865546
PGK1,-0.0001114954502413
IL1R2,-0.0001115079370128
HNRNPAB,-0.000111539382909
DUSP5,-0.0001115472722741
MARCKS,-0.000111568569964
PRDX4,-0.0001115770375464
CD36,-0.0001115921335856
RNASEH2C,-0.000111663755046
SC5D,-0.0001116901581202
ATP6V1F,-0.0001118736152672
CYTH4,-0.0001119776960303
UQCRH,-0.0001121801982922
FPR3,-0.0001123694100496
TOMM6,-0.0001124575251682
CAPNS1,-0.0001125374262109
ZNHIT1,-0.0001126816929659
SAMD3,-0.0001127896124859
CCL14,-0.000113047695753
PRDM1,-0.0001130858057156
COL15A1,-0.0001131213501341
NOLC1,-0.0001131593473028
TSPAN1,-0.0001132778990218
ATP5MD,-0.00011338960179
TGFB1,-0.0001134110223347
LRP1,-0.0001134640114769
NDUFB2,-0.0001134746395104
APRT,-0.0001134802971087
ATP6V0E1,-0.0001135480428839
PTBP1,-0.0001135829394484
TRAM1,-0.000113696525177
NFKBIA,-0.0001137582283113
PLEKHO1,-0.0001137733387979
ANXA2,-0.0001138062537892
IFI30,-0.0001138655037875
ZDHHC12,-0.0001140271768751
ATP6V1G1,-0.0001140493342465
SPTSSA,-0.0001141219747743
PYCARD,-0.0001142108184376
ITIH4,-0.0001142231864661
RRBP1,-0.0001142442408198
SF3B6,-0.0001142454333445
SBDS,-0.0001142497754162
AKT3,-0.0001142682470997
TPM4,-0.0001143171687117
SNU13,-0.0001143308331465
LSM5,-0.0001144036067933
MYH9,-0.0001144888620508
NID1,-0.0001145308594158
SLC1A3,-0.000114614551962
EPHX1,-0.0001147291155843
SLC39A7,-0.0001147556363754
CCDC47,-0.0001148066242633
RHOB,-0.0001148543617343
NAGA,-0.0001148751287727
SEMA3B,-0.0001150314075377
DDRGK1,-0.0001150862002313
IGFBP5,-0.0001151103168331
ZNF736,-0.000115157731022
PALMD,-0.0001153692451166
EXOSC4,-0.0001153840158481
HINT1,-0.0001153885111769
PRKAR1A,-0.0001154190060515
PSMA3,-0.0001154771942879
VWA1,-0.0001154866506018
THY1,-0.0001154940859376
TOR4A,-0.0001154983418471
SNRPB2,-0.0001156336021159
SLC39A1,-0.0001157667469902
TSLP,-0.00011583605484700001
LAP3,-0.0001158482950921
NT5DC2,-0.0001159434270953
CRIP1,-0.0001160136142841
ITGA11,-0.0001160266273287
STEAP1B,-0.000116134314887
IER2,-0.0001161441607199
CETN2,-0.0001162110110016
MICOS10,-0.0001163756687831
POLR2I,-0.0001164223073239
TAGLN,-0.000116440834128
SNRPD3,-0.0001165170025212
EIF3D,-0.0001165811655143
PTGS1,-0.0001166599097581
PSMA1,-0.0001167050091194
YWHAZ,-0.000116773776225
TUBA1A,-0.0001169181489855
SRPRA,-0.0001169459766106
EFHD2,-0.0001169536735791
ADAMTS4,-0.0001169676121007
NENF,-0.0001170192952437
LAMB3,-0.0001171314402315
UQCRC1,-0.0001171380674328
GNB4,-0.0001172886396968
P2RX7,-0.0001174454269087
ACTN4,-0.0001174578948341
SERPINB1,-0.000117679104397
RCSD1,-0.0001179027249588
G6PD,-0.0001180228378316
FGR,-0.0001180456323135
PHB,-0.0001182151781713
YIPF5,-0.0001182360292983
LILRB2,-0.0001182703487363
GNG2,-0.000118303592102
S100A4,-0.0001183160751783
ARL6IP4,-0.0001183424268091
BCL2,-0.00011842972907
SELENON,-0.0001184948090539
ATP6AP1,-0.0001185063042212
JPT1,-0.0001185224907778
DDX5,-0.000118571148478
HCK,-0.000118645719881
SMOC2,-0.0001190477631938
BLOC1S1,-0.0001190526294521
PTPN7,-0.0001192354737234
CAVIN3,-0.0001192918737757
PET100,-0.0001196210090628
MARCO,-0.0001197568021111
CD151,-0.0001198060745377
CDIPT,-0.0001198222244882
CNIH1,-0.000119957429127
CERS2,-0.0001200031141974
ELOVL5,-0.0001201465605616
HNRNPA0,-0.0001201814325195
CUTA,-0.0001202093723727
PARVB,-0.0001202455359173
C7,-0.0001202559562847
CCND2,-0.0001202712092724
CCT7,-0.0001203759895657
NKAPL,-0.0001204035352159
MS4A7,-0.0001204129802751
MAFB,-0.0001204305421913
ARF3,-0.0001204671472191
LILRB3,-0.0001205644032239
ZNF521,-0.0001205809478269
TMEM119,-0.0001206891818386
C12orf57,-0.0001209122072953
FUCA2,-0.0001209540711755
SOD2,-0.0001209590205039
TMEM205,-0.0001209979708097
SLC16A3,-0.0001212717399656
POLR2K,-0.0001212857182992
LCN2,-0.0001212991508405
GTF2F1,-0.0001213226701087
CAVIN1,-0.0001216498450222
PRKCSH,-0.0001217697350731
EMP1,-0.0001217947333689
GAS6,-0.0001218303450053
NDUFA3,-0.0001218525576293
SLC2A5,-0.0001218989663168
MLEC,-0.0001219052900164
IL2RG,-0.00012207819574
CHCHD1,-0.0001221115348054
RASAL3,-0.0001221948627044
HNRNPUL2,-0.0001222006166633
CXCL12,-0.0001222493609633
EIF4G2,-0.0001224590256659
GNAI2,-0.0001225916960409
RNASET2,-0.0001226198128407
MRPL37,-0.000122839161235
MZT2A,-0.0001228577993841
C1QC,-0.0001230051706904
GBP1,-0.0001232776006389
PSMB4,-0.0001233112922956
MGAT4B,-0.0001236540404711
MRC2,-0.0001237008408699
SF3B2,-0.0001237658959833
UBXN1,-0.0001238330372567
OS9,-0.0001238386972767
TMEM54,-0.0001238547301633
SPTBN1,-0.0001239751127774
OPTN,-0.0001240056965775
SLC8A1,-0.0001240732788711
SFRP1,-0.000124135181514
PSMC3,-0.0001242561985097
GALNT15,-0.000124546597079
CALU,-0.0001246616271261
IL10RA,-0.0001246788579735
SNRPF,-0.0001247951842696
TMX1,-0.0001248136174191
AKR1B1,-0.0001248173677137
LMF2,-0.0001248830971902
TNFRSF12A,-0.0001249378923052
WDR83OS,-0.0001249910928182
PDAP1,-0.0001250975847882
RUNX1T1,-0.0001254046904279
PLXNC1,-0.000125406274115
TMEM179B,-0.0001254855105849
SRI,-0.0001256303329494
LRRC32,-0.0001256811996827
UBE2C,-0.0001257209020811
CIAO2B,-0.0001258542374112
YIF1A,-0.0001260554691662
KRT10,-0.0001261245713468
SLC35B1,-0.0001263237250105
MRPL41,-0.000126412526343
CNTN4,-0.0001264301626577
ST8SIA4,-0.0001264419790712
PSMC4,-0.0001267219572184
CES1,-0.0001267254432276
PTTG1,-0.0001268238917556
DDX21,-0.0001268650119187
STARD10,-0.0001268905301156
PFDN2,-0.0001269412345113
FAP,-0.0001269460913095
CSNK2B,-0.0001272405963347
TAP1,-0.0001272836306038
TIAM1,-0.0001274185234848
NBL1,-0.0001274320099719
ACKR1,-0.000127463469334
BNC2,-0.000127550277162
CORO1B,-0.0001275749312774
MS4A6A,-0.0001277139888489
PSMC5,-0.0001277453387188
ADAM12,-0.0001277785992411
HSPA1A,-0.0001278252083562
ADA2,-0.000127878955056
TGOLN2,-0.0001279910587911
TMBIM1,-0.0001280503617351
POLR2J,-0.0001281852304426
TGFBI,-0.0001282033062766
DDT,-0.0001282790458651
MGAT2,-0.0001283828579405
RBP1,-0.0001284610232398
IGFBP6,-0.0001284702229533
ATP5F1D,-0.0001287932002668
ACTA2,-0.0001289716841864
TRPA1,-0.0001289969615785
EIF4H,-0.0001292510549268
SSRP1,-0.0001293535095451
ERP29,-0.0001294732059962
TNFAIP6,-0.0001294801504891
F13A1,-0.0001294968560804
FBL,-0.0001295358969216
MUC1,-0.0001296097513633
MMP2,-0.0001296824584237
GLUL,-0.0001298472915357
UXT,-0.0001298561929135
MRFAP1,-0.000129880342716
GANAB,-0.0001299713201428
EMC7,-0.0001300178670304
EID1,-0.0001300630188978
TMEM147,-0.0001302938771531
TOMM5,-0.000130389956072
CD82,-0.0001304323008242
ATP10A,-0.0001305570671436
FCGR2B,-0.0001307768768943
REEP5,-0.0001308912959467
ERH,-0.0001309043694705
GADD45GIP1,-0.0001309097384448
PLXND1,-0.0001309855894579
APH1A,-0.0001309862509921
CTSC,-0.0001310205393384
MYO5A,-0.0001312708296715
SSR1,-0.0001314633044121
GPX3,-0.0001315378504915
BANF1,-0.000131866411353
TMCO1,-0.0001319171380821
SDC2,-0.0001322030699657
HSBP1,-0.0001322183034546
PSMB6,-0.0001322529395374
CFD,-0.0001323069092656
TF,-0.0001323304830414
ADIRF,-0.0001325265483383
COL6A1,-0.0001325325877326
ENO1,-0.0001325939467139
ADGRE2,-0.0001327329641724
COL1A1,-0.0001328533409931
CD99,-0.0001328847584889
SNRPD2,-0.0001328911785942
PSMB8,-0.0001328915058497
SEC11C,-0.0001329345400667
TCEAL9,-0.0001332303408251
HLA-DPB1,-0.0001333012011729
TSPO,-0.0001333404105372
NME1,-0.0001335873743312
EIF2S2,-0.0001336981580651
UQCR10,-0.0001338819873647
CTSH,-0.0001340017991333
ATP5MC2,-0.0001344378839368
FCGRT,-0.0001347519584779
ITGAX,-0.0001349043529022
LRRC59,-0.0001349145851136
INHBA,-0.0001349943692841
NPM1,-0.0001349975392426
S1PR1,-0.0001352013161011
MSN,-0.0001352800106347
TMED4,-0.0001352862264263
ATF4,-0.0001358125085911
MMP14,-0.0001358665506537
EDIL3,-0.0001359654375145
PPDPF,-0.0001361867606385
PRDX2,-0.0001364947988499
KTN1,-0.000136508308686
CSF2RB,-0.0001367265160883
LRPAP1,-0.0001370164537562
SRSF9,-0.0001372289097705
DEGS1,-0.0001374962063867
HLX,-0.0001375746289674
SLA,-0.0001377010776583
SEZ6L2,-0.0001377558521321
IDI1,-0.0001382931376173
CMTM6,-0.0001385881514143
ADAM15,-0.0001386295980006
NDUFA11,-0.0001386929695605
NDUFB7,-0.0001390711859886
DNAJB1,-0.0001395112080852
FURIN,-0.0001395760303477
SPINT1,-0.0001396438727264
PMP22,-0.0001397584061868
CALM1,-0.0001397839194055
FNDC1,-0.0001399080586665
HEXB,-0.0001400364400806
NDUFA2,-0.0001400768464811
PPIC,-0.0001402360360278
SEL1L,-0.0001405365335902
PLA2G2A,-0.0001406637187032
LCP2,-0.0001410937261782
HLA-F,-0.0001411598727355
ADAMTS2,-0.0001413424766126
FBLN1,-0.0001413596106913
VAMP8,-0.0001414497017335
CLEC7A,-0.0001415116115076
KCNMA1,-0.0001416471308389
ALKBH7,-0.0001419130864635
SEC61A1,-0.0001421188763026
TLN1,-0.0001421538620994
COL18A1,-0.0001422496104205
PREX2,-0.0001423167214038
COX17,-0.0001423221025951
PXDN,-0.0001423687843914
THBS2,-0.0001425134831682
PRRC2A,-0.0001427503466013
POSTN,-0.0001428173761903
RCN1,-0.0001428595538422
MTDH,-0.0001429730858634
ANXA6,-0.0001431178507395
SEC62,-0.0001431654393636
FKBP11,-0.0001437905384513
DHRS7,-0.0001438300936965
CHPF,-0.0001439848771398
FIBP,-0.0001439968273166
CCND2-AS1,-0.0001442855853878342
EMILIN1,-0.000144365002186
MEG3,-0.0001444064307107
TMED7,-0.000144432885164
GAS7,-0.000144438844536
MAGED2,-0.0001446212277098
TAF10,-0.0001446740450908
LIPA,-0.000144769228418
NFE2L1,-0.0001450046717744
CD248,-0.0001450487272451
CHST11,-0.0001450511867173
DNAJC3,-0.0001452274907923
CXCL16,-0.0001452490300256
VWF,-0.0001452960172884
CPE,-0.0001456137650018
BTG1,-0.0001460480034716
TMEM160,-0.0001462754018699
VDAC1,-0.0001466754852839
AP2S1,-0.000146800265833
NNMT,-0.0001469335727669
ATP6AP2,-0.0001470222202723
TMEM30B,-0.0001470989794687
LEPROT,-0.0001472459568031
IGFBP3,-0.0001473861897326
S100A16,-0.0001477465929642
COX7B,-0.0001477780350022
NPC2,-0.0001478009005808
NDUFB9,-0.0001479125540465
TUBA1C,-0.0001479605042395
ATP5MC1,-0.0001480028715086
C19orf53,-0.0001481009770402
MESD,-0.0001481879331433
ODC1,-0.0001482097009854
PDCD5,-0.0001482313135918
SLC52A2,-0.0001483774388231
FKBP1A,-0.0001488564059182
LILRB4,-0.0001489606956173
CDK2AP2,-0.0001491116885063
ARPC1B,-0.0001491508662617
GRINA,-0.0001493626411506
FBN1,-0.0001493636001286
PSENEN,-0.0001495059502017
CDV3,-0.0001495231747309
EFEMP1,-0.000149872645856
DAD1,-0.000150021333615
YWHAE,-0.000150024202713
CD53,-0.0001500943190824
SEC61B,-0.0001501875425151
ERGIC3,-0.0001503289797187
ATP5PF,-0.0001505113792375
PTGIS,-0.0001505649913074
SPCS1,-0.0001507512417335
COPE,-0.0001515307495753
CYP51A1,-0.000151540447878
STOM,-0.0001515633632884
TUBA4A,-0.0001518349484893
PCNA,-0.0001521813711834
MGP,-0.0001522415044642
MTRNR2L12,-0.0001525423702539
TFEC,-0.0001526156713486
CD14,-0.0001526622130616
MEF2C,-0.0001527930060684
SNRPE,-0.0001528980373375
OSTC,-0.0001530329872839
STAB1,-0.000153625719294
VIM,-0.0001536733412123
HLA-DRB5,-0.000153933498341
NUDC,-0.0001539820130342
DNAJA1,-0.0001540670848063
SOD1,-0.0001541632563085
ST14,-0.0001543815790527
ARL6IP5,-0.0001544637221826
HYOU1,-0.0001544994259741
SDK1,-0.0001546254666762
CXCL14,-0.0001546464662407
STX11,-0.0001546571838573
RNF181,-0.0001547187822114
ZNF804A,-0.0001548417232573
AOC1,-0.0001548577867337
SERPINE2,-0.0001548767967072
CYBB,-0.0001550145566953
PPP1CA,-0.0001553886536474
ITM2C,-0.000155398561933
NUCKS1,-0.0001557726488425
CTSZ,-0.0001558864427025
EIF4G1,-0.0001559198063103
TMED10,-0.0001560166905133
TOMM7,-0.0001560998261831
MTRNR2L8,-0.0001561218025908
ATP5MF,-0.0001562154242265
TMA7,-0.0001565541465992
APOE,-0.0001568603810454
GNB2,-0.0001568660184793
LRP10,-0.0001570102116673
PCBP1,-0.0001572097166606
PA2G4,-0.0001575183939118
HLA-DPA1,-0.0001576912368804
ADRM1,-0.0001577807620413
MFGE8,-0.0001577978177243
CD164,-0.0001579523490383
SEC61G,-0.0001580314012578
PDGFRA,-0.0001580352413687
ARPC5L,-0.0001582918795488
MCAM,-0.000158293886437
TUBB6,-0.0001584139139853
TKT,-0.0001585334250565
PSMA4,-0.0001586078224121
STMN1,-0.000159041689514
EMC4,-0.0001591284480379
COX5A,-0.0001591860861774
LAMP2,-0.0001594846687989
DOCK2,-0.0001595029949559
NDUFB10,-0.0001598556877083
SELENOP,-0.000159894121173
MTSS1,-0.0001599304581928
NUCB1,-0.0001599816977338
C11orf96,-0.0001599871592656
PSMD2,-0.0001600957499082
NDUFB8,-0.0001602702255989
VDAC2,-0.0001602867621356
EPB41L3,-0.0001607201111101
CTSL,-0.0001607374344645
HMGB1,-0.0001607616750573
RARRES2,-0.000160799085157
RNASE1,-0.0001607996482841
RHOC,-0.0001608024710067
EIF5B,-0.0001609408014257
TFF3,-0.0001611429954637
MYADM,-0.0001615335554588
TPI1,-0.0001615661409588
PIK3R5,-0.0001617651485921
TMEM59,-0.0001618049031442
NDFIP1,-0.0001619958543039
ITGA4,-0.0001621516224072
PRDX6,-0.0001621700420727
FMNL1,-0.0001623186054543
PFDN5,-0.0001623929069023
TRMT112,-0.0001624821674203
BGN,-0.0001625139512275
TMEM97,-0.0001625894816163
HMGA1,-0.0001626131616104
CR1,-0.000162857237887
APLP2,-0.0001630453173042
CIB1,-0.0001632756441865
SERBP1,-0.0001634690410277
PARK7,-0.000163645196456
AGPAT2,-0.0001637129038724
AURKAIP1,-0.0001638465636019
CCDC80,-0.0001640610934609
RAB13,-0.0001650637737426
NDUFA4,-0.0001651247559963
LAMTOR5,-0.000165313382549
PSME2,-0.0001654779145488
NDUFV2,-0.0001658243942491
TNFRSF4,-0.0001659462260337
MANF,-0.0001662040890504
CHCHD10,-0.0001662234595827
MRPL51,-0.0001664510898649
CKAP4,-0.0001665023009301
ATP5F1A,-0.0001667059507158
DRAP1,-0.0001669253959622
SIGLEC1,-0.0001671231484686
NOP10,-0.0001672970868323
RPN2,-0.0001673518522936
ATP5MG,-0.000167521247279
ARHGDIA,-0.0001675779278764
PRKCB,-0.0001676606067658
EIF5A,-0.0001677399207988
PLP2,-0.0001677898912976
SAMSN1,-0.000167811922197
MAZ,-0.0001679747931766
GPNMB,-0.0001680203567118
TECR,-0.0001681746189432
GPX4,-0.0001682085216471
EVL,-0.0001682891181564
SSR2,-0.000168442163183
ATP5PD,-0.000168630771511
DYNLRB1,-0.000168689379087
ARF1,-0.0001687224995801
SLC25A5,-0.0001688428758941
RABAC1,-0.0001690868620032
FSTL1,-0.0001691138301064
NUCB2,-0.000169260124846
PECAM1,-0.0001693188836195
COL4A2,-0.0001693375906459
NDUFA6,-0.0001693766099542
TXNDC17,-0.0001695366240456
TMEM208,-0.0001698598808637
EDF1,-0.0001698622925668
ROMO1,-0.0001702704255248
SNRPG,-0.0001702866780793
DSTN,-0.0001703156268087
SERPING1,-0.0001703907577548
COL3A1,-0.0001704159527627
HNRNPK,-0.0001705626871112
BACH2,-0.0001706660377182
MGAT1,-0.000170828383236
MZT2B,-0.0001709323751431
ATP5MPL,-0.0001710946570864
ATP1B3,-0.0001716019704395
NDUFC1,-0.0001719557855934
PEBP1,-0.0001726051946895
LCP1,-0.0001729468604995
H2AFZ,-0.0001729580749346
DDOST,-0.000173155665873
PSME1,-0.0001734532782687
HMGN2,-0.0001734632911368
SELENOM,-0.0001743818485271
MYO1F,-0.0001744871374288
MT1E,-0.000174878585621
ATP5ME,-0.0001748846852654
AP2M1,-0.0001749490424599
HNRNPA1,-0.0001750458313318
LSM4,-0.0001752643425853
IGFBP4,-0.000175455086311
LYZ,-0.0001756200106949
CTSS,-0.000176102865774
FABP5,-0.0001768662950681
EIF4A1,-0.0001770123884472
UQCRQ,-0.0001771394001589
COX6C,-0.000177534545156
CLDN7,-0.0001776950801282
SQLE,-0.0001778604613213
SUB1,-0.0001779084833425
C1QA,-0.0001783882642681
SERINC1,-0.0001786073204372
EEF1B2,-0.0001789616830763
ARHGAP15,-0.0001791476710265
XRCC6,-0.0001794174914145
BSG,-0.000179876948082
A2M,-0.0001800791549979
TPM3,-0.0001803925941105
CTSA,-0.0001803946241512
YBX1,-0.0001803963545513
SFMBT2,-0.0001805366326695
KRT17,-0.0001806559868013
ATP1A1,-0.0001810751169387
NDUFA1,-0.0001812821680377
FLNA,-0.0001814245321045
C1S,-0.0001816313591605
GABARAP,-0.0001818711874717
PERP,-0.0001822804854692
PPIA,-0.0001824796505295
RPN1,-0.0001827410488165
CALM3,-0.0001828921238269
KRT7,-0.0001831172079277
LDHA,-0.0001831789015322
SDF4,-0.0001832751136437
COL4A1,-0.0001837545497828
PGRMC1,-0.0001847756669836
FLI1,-0.000184948979403
NDUFB4,-0.000185061601883
SELENOK,-0.0001852690146371
SLC39A4,-0.0001858148315004
SERPINH1,-0.0001859011296271
EBP,-0.0001872068289067
TMEM258,-0.0001872972594357
SULF1,-0.000187479720478
NEDD8,-0.0001881080315226
COL8A1,-0.0001881260157179
IFI16,-0.0001882311774923
AQP1,-0.0001890983042662
NDUFB11,-0.0001898577980011
EMP3,-0.0001914437569672
APBB1IP,-0.0001919745988716
IGFBP2,-0.0001921516857602
OST4,-0.0001921630504656
C3,-0.0001923658169199
AOAH,-0.000193233290135
FXYD5,-0.0001932451481646
CFH,-0.0001933068470949
BTF3,-0.0001933497188265
RAC1,-0.0001934879903928
POLR2L,-0.0001935345635393
SURF4,-0.0001937433134129
RORA,-0.0001938903036942
NDUFA13,-0.000193892443684
GUK1,-0.0001939496690157
GNAS,-0.0001939810336404
PI3,-0.0001940480094898
VSIG4,-0.0001942688103257
COL6A3,-0.0001948503920837
CAP1,-0.0001949069954391
C1R,-0.0001958131467764
COL6A2,-0.0001959283547118
MRC1,-0.0001959518077333
S100A14,-0.0001963872831718
ADAMTS12,-0.0001971334417323
DHCR24,-0.000197218764832
MEG8,-0.0001974791491992
TMEM50A,-0.0001980895378895
RER1,-0.0001986841102969
COL5A1,-0.0001999012900772
P4HB,-0.0002004714656992
COL1A2,-0.0002007601915073
NDUFS5,-0.000200805376336
RAB5IF,-0.000200947593747
LUM,-0.0002013865051897
PRELID1,-0.0002018091637507
CD163,-0.0002019483491143
CHMP2A,-0.0002031829409135
AEBP1,-0.0002033625580193
PPP1R14B,-0.0002033798087473
CYCS,-0.0002034452515238
HSPA8,-0.000203533366205
ORMDL2,-0.0002041397343032
SAP18,-0.0002049492902492
CELF2,-0.0002050678150543
LMNA,-0.0002051472287532
LAMP1,-0.0002052764963116
CSTB,-0.0002055324911534
RAN,-0.0002063336953849
OAZ1,-0.0002063827620628
MDK,-0.0002082275787867
CCL2,-0.0002086928176425
CALM2,-0.0002088744341941
SET,-0.0002090095230207
CTSD,-0.0002104906111735
NCKAP1L,-0.0002116165140573
MT2A,-0.0002135561656174
NME2,-0.00021390121934
IKZF1,-0.0002139021061408
ANXA5,-0.000214084083124
BZW1,-0.000214092962664
UBB,-0.0002144198727403
HLA-DRA,-0.0002145044817424
TM4SF1,-0.0002145276324076
YWHAB,-0.0002147692515018
SSR3,-0.0002149297616678
FLRT2,-0.0002159285316347
TMED9,-0.0002160960875274
COX7C,-0.0002167268656372
COL5A2,-0.0002169762978594
NDUFC2,-0.0002170827679862
SRGN,-0.0002177558182064
PHLDA2,-0.0002177855353245
UBL5,-0.0002188035642767
CLU,-0.0002192446782748
HSPB1,-0.0002216089794975
PTPRC,-0.0002221915389126
SELENOW,-0.0002224500970302
PTTG1IP,-0.0002225844300149
SPCS3,-0.0002243314887303
RNASEK,-0.0002253127416673
POMP,-0.0002253514938247
HLA-DRB1,-0.0002255853742012
LMAN2,-0.000226191857277
MYDGF,-0.0002264456981588
TXN,-0.0002267809095123
LGALS3,-0.0002267953581884
DNAJB11,-0.0002275344807705
SPARC,-0.0002284085515455
LAPTM4A,-0.0002285320356874
DCN,-0.0002285917421736
TCF4,-0.00022880078253
DBI,-0.0002291493350037
PRDX5,-0.0002295823311874
SLC25A3,-0.0002297018717837
S100P,-0.0002297617105332
ATP5MC3,-0.0002308004863548
IFITM2,-0.0002312492846183
PTMS,-0.0002313165153541
LGALS1,-0.000231381094022
SELENOS,-0.0002319525186698
GNG5,-0.0002322857297671
COX6A1,-0.0002350009301895
FN1,-0.0002352396968989
TUBB4B,-0.0002359673506023
HLA-E,-0.0002363745662646
TIMP2,-0.0002365959114074
ISG15,-0.0002368478621207
COX8A,-0.0002373086805819
KRT19,-0.0002375629650674
PSAP,-0.0002388228853564
CDH11,-0.0002406070323915
EEF1G,-0.0002421092159339
SNRPB,-0.0002430523574273
UBA52,-0.0002435731837519
RACK1,-0.0002443236391157
SARAF,-0.0002446825016161
IFI27,-0.0002449221662966
KDELR1,-0.0002458927275594
SLC25A6,-0.0002462280037426
COX5B,-0.000246287764023
COX7A2,-0.0002471215964802
LDHB,-0.0002474410739103
KDELR2,-0.0002477819621546
HSPE1,-0.0002480705523644
CFB,-0.00024830412127
COX6B1,-0.0002487012489347
IGFBP7,-0.0002491065787547
CHCHD2,-0.0002492203086569
HLA-C,-0.0002498025248316
ATP5F1E,-0.0002500170796436
PFN1,-0.000250826377123
SDF2L1,-0.0002509054320803
DYNLL1,-0.0002516561711951
ATP6V0B,-0.0002518303284641
TMED2,-0.0002522731689653
IL32,-0.0002540231296568
BST2,-0.0002540818610693
PRDX1,-0.0002541411911227
C19orf33,-0.0002548596581313
HSP90AA1,-0.000255173311085
EEF2,-0.0002558541982728
CRELD2,-0.0002563106840406
CD9,-0.0002570886541684
CANX,-0.0002573155372108
BCAP31,-0.000259124477194
TUBB,-0.0002600218215968
PLXDC2,-0.0002607268085226
TAGLN2,-0.0002614369479512
PDIA6,-0.000262072632508
PSMA7,-0.0002621522520092
SDC4,-0.0002629918384064
VCAN,-0.0002677370800476
MIF,-0.0002679707007936
MYL12A,-0.0002691881584362
IFI6,-0.0002698005372794
GRN,-0.0002703002826509
FXYD3,-0.0002707085359904
ATP6V0C,-0.0002716927283295
CALR,-0.0002719938482784
COX4I1,-0.0002726077905512
CD81,-0.0002764839965938
CYBA,-0.0002767221335499
SPCS2,-0.0002772167072667
NCL,-0.0002803623628613
TUBA1B,-0.0002846347670596
SH3BGRL3,-0.00028468579313
CTSB,-0.0002849544411943
CALD1,-0.0002852294667247
TIMP1,-0.000285763837414
IGLC1,-0.0002868220914425
HSP90AB1,-0.0002892041495682
KRTCAP2,-0.0002910376859291
ZEB2,-0.0002923552688788
UQCRB,-0.0002926818430742
FTL,-0.0002979667426257
SRP14,-0.0002989581011273
CFL1,-0.0003012046612641
PPIB,-0.0003035860186049
ARL6IP1,-0.0003075094542894
ELOB,-0.0003098867670878
CD59,-0.0003165106050826
KRT8,-0.0003167686552515
GSTP1,-0.0003186718197806
LY6E,-0.0003196874930117
IFITM3,-0.0003209037970041
NACA,-0.0003209652878858
PDIA4,-0.0003215157197009
H3F3B,-0.0003223164297265
ITM2B,-0.0003233879160384
HSPA5,-0.0003237573055902
SPINT2,-0.0003259317223672
MYL6,-0.0003280577912848
CLIC1,-0.0003326259874608
TPT1,-0.0003335307912087
S100A10,-0.000336514236948
SERF2,-0.0003399576547367
EIF1,-0.0003403814204109
EEF1A1,-0.0003504625379042
GAPDH,-0.0003534332858852
PDIA3,-0.0003554623548243
LGALS3BP,-0.0003612359510827
PTMA,-0.0003613682113356
ACTB,-0.0003679311866651
TMSB4X,-0.0003683162485239
H3F3A,-0.0003688517228889
ACTG1,-0.0003731630951728
CD74,-0.0003882843724582
FAU,-0.0003892277531006
SSR4,-0.0003918552255194
HSP90B1,-0.0003919086292745
CST3,-0.0004067865858475
SLPI,-0.0004163660188934
FTH1,-0.0004175927361049
KRT18,-0.0004272552095018
HLA-B,-0.000429567825234
LSR,-0.0004327493211922
MYL12B,-0.0004349905454443
TMSB10,-0.00043634587271
HLA-A,-0.0004472276147127
TMBIM6,-0.000452311818502
EPCAM,-0.0004527450444295
ITGB1,-0.0004600970149623
S100A6,-0.0004666425521053
UBC,-0.0004714293329436
S100A11,-0.0004764650609284
CD63,-0.0005052558201871
B2M,-0.0005132000316944
