,0
TBC1D4,0.00089108933603355
RORA,0.0007880950131778999
LRMDA,0.00078263873968175
LDB2,0.0007730519520124
ESRRG,0.0007468092624870501
CACHD1,0.00072060078817835
DOCK4,0.00071967370067865
BNC2,0.000718267329843
CACNA2D1,0.00069179058573615
PALMD,0.0006493638002129
CHRM3,0.0006275505671853767
MPDZ,0.0006161761315748001
COBLL1,0.00060583135120425
ADAM28,0.0005857914303895001
ERO1B,0.0005852502127235
ANTXR1,0.0005733705273498
RASSF8,0.00056066841671405
COL4A5,0.0005564352692874
SNTB1,0.0005555936012423335
PTPRG,0.0005549469010014499
PTPRM,0.00055089265132725
MDFIC,0.0005439600807938
NTN1,0.00054326791948885
FOXN3,0.0005361772753292499
ADAMTS9-AS2,0.00053121007785485
FHIT,0.00052841190147265
PLCL2,0.0005185434151103001
CYP7B1,0.00051403472986535
MAPK10,0.00051340331202745
LAMA2,0.0005088328705257501
SIK2,0.00050338867828975
FAM110B,0.0005010463378170001
FERMT2,0.0004982064374601
FYN,0.0004941053687259
ITPR2,0.00048798609526865
ARID5B,0.00048512370122265
WIPF1,0.00048106478449339994
EPB41L4A,0.00048072517377484997
SIX1,0.000480717229931
PPP1R9A,0.00047972812077624996
PTPRD,0.00047844317069375
NRCAM,0.00047326708353155
TLR2,0.00047228264814735
TOX,0.00047192270954305
PDE10A,0.0004717410324009
PDE4B,0.00047157677406335
DOCK8,0.00047102404214454996
CLECL1,0.0004674651406377
RBMS3,0.00046367234430625
CHST1,0.00046208707154
GNAI1,0.0004620660651451
PDGFD,0.0004616356996286
WWOX,0.00045841111288465
SNED1,0.00045702207719014996
AKT3,0.00045571143048608843
MYCT1,0.0004493297730788
CALD1,0.00044807856146839996
RALYL,0.00044606258261505
CELF2,0.0004445033541111
MAGI1,0.0004413448257250871
PRTG,0.00044090337843275
DLG2,0.00043638608421395
NREP,0.00043468675652949995
ROR2,0.00043317477462014996
SLC1A3,0.00042540011708344996
CHST11,0.0004202260803835
MAGI2,0.00041974475719635
SLC38A11,0.00041561476079409994
TTC28,0.00041515435901045
TNS1,0.00041448373935105
CACNA1C,0.0004138376798421
KCNQ1,0.00040943823001385
ENAH,0.00040772060466465004
ST6GAL1,0.00040367085371655
XACT,0.0004025026393117
MCC,0.00040248302780955
MAST4,0.00040058449646445
PRKN,0.00039907303437664997
PRKY,0.00039504507572805003
SYNDIG1,0.00039392483510335
RNLS,0.00039330034270995
FGF13,0.00039081189390965
SLC24A3,0.00038774470064235
ARL15,0.0003868615998824
ZMAT1,0.00038619889825070004
FTX,0.00038551965055205
CCDC102B,0.00038496140493134997
SLC16A10,0.0003840145452144
CDK6,0.00038027900608071023
KLF12,0.00037958386692524997
SYNE1,0.00037881305177584997
UBE2E2,0.0003785037236714963
PDE1A,0.00037781535356125003
FCHSD2,0.0003775932642167
ST3GAL6,0.0003774949890539
ETV5,0.0003758334671797
GPC6,0.00037483523874249193
PRKD1,0.0003727882619464
MICU3,0.0003696890258269
RTL1,0.00036959801155161064
RNF130,0.0003689522940018
CSRNP3,0.00036829730853195
ST6GALNAC3,0.00036767185699610003
BICC1,0.00036578584586070004
ZNF385B,0.00036428150067975
WASF3,0.00036410699832625
PRKCH,0.00036342854531225
SLC16A7,0.00036297155624295
SLC19A3,0.00036239781363315
TRIM24,0.00036131645174735
IGF1R,0.00036022503067855
MYO5A,0.00036007502110495
DOCK2,0.00035668648876005
TANC2,0.0003566115400708
RNF180,0.0003560296188312
HMGCS1,0.0003559439661312
GCNT2,0.00035284372736955
PTPRC,0.00035184499052335
CHRM3-AS2,0.0003517942790332533
SORBS2,0.00035074752866145
ZBTB16,0.00035062520236491256
HS6ST3,0.00035047131775549996
NCOA1,0.00035012740527114996
FRMD4A,0.00034895421102075
PTPRZ1,0.0003487948046453687
FUT9,0.00034647475597985
IL1R1,0.00034502145501905004
ARMCX2,0.00034441726280655003
ZBED3-AS1,0.00034378104033754996
PLCXD3,0.00034259976781585003
ABCA1,0.00034241866775654997
ADAMTS7,0.00034221017071605
STARD13,0.00034187002493725
KIF26B,0.0003416980773065
TACC1,0.0003411929440978
PLSCR4,0.00034110845362515205
CD33,0.0003407267489924
PLAGL1,0.0003395998700506
APBB1IP,0.00033929405686695
SNHG14,0.00033729866770291795
TMEM131L,0.00033709870732900004
PDGFC,0.0003366720748549
SHISA6,0.00033659334338405
DMD,0.00033608096214025
CARMN,0.000335536959714764
CEP85L,0.0003309485496374
S1PR3,0.0003302150279986
SFMBT2,0.00033009019892302525
PLCL1,0.00032855464020784995
TET1,0.00032631442025074996
PTPN13,0.0003248708831917439
PDZRN3,0.0003242238789486
RCAN2,0.0003234514575983358
MIR503HG,0.0003226604000101
RGMB,0.0003226232877290179
EPB41L3,0.00032218484172605945
TTN,0.0003216472746838
PAK3,0.0003211892377893
ARHGAP15,0.00032113049453825
COLEC12,0.00032064851327205
EVL,0.00032033391852925
ANKRD44,0.0003202958393311
PLCB1,0.0003200914903659
CNTLN,0.00032002178182895
DPH6-DT,0.00031992175205454996
IRAK3,0.00031891643273475
MS4A7,0.0003185757194413
CFH,0.000318026893766
MSRB3,0.00031693321593135
ADAP2,0.0003167194561036
FNBP1,0.00031604507339555
HIP1,0.00031600928902685
RUNX1T1,0.00031564351212496743
TNS2,0.0003156364139276
TSHZ2,0.0003155732566931
ZNF618,0.00031543970041265
COL5A2,0.00031456730415975
CLEC3A,0.000313448387784
SLIT3,0.0003133731658018
TBCEL,0.00031257556193645
LIFR,0.00031209620134905
HACD1,0.00031128458682785
FIGN,0.0003102429901651
PTGER3,0.00030960492823115
LONRF2,0.00030916223657899997
SLC12A2,0.0003080609055631
PRDM6,0.00030746167177225
TUT4,0.00030719298790995
APCDD1,0.0003070753159517
GPHN,0.0003069579530238
FRY,0.0003068449547823
FAXDC2,0.00030682834085963705
FCGR1B,0.0003067059580669
GAB2,0.0003067059293763
SUGCT,0.0003063888853396
RERGL,0.000305629786319
PAPSS2,0.00030444995156575
PREX2,0.00030406773325806206
ZEB2,0.00030340610065275
GPC6-AS2,0.0003033205268774466
PHACTR1,0.0003029865134611
MRAS,0.00030250270071565
RHOJ,0.00030051909308790003
DOCK10,0.00030028367438200004
SOAT1,0.00029950036186115
AP001094.2,0.00029879688649515
DGKG,0.00029850163069155
TENT5C,0.00029739037740465
GPR162,0.0002962659170868
ADAMTS6,0.00029584076245615
GPRIN3,0.0002958217207429
MARCO,0.0002948811450829
FMNL3,0.00029464072204185
CC2D2B,0.0002943727713194
PREX1,0.00029322153280385
RNF217,0.00029305826590215
CDK14,0.00029216881059469996
KCND2,0.00029144955922859696
ARHGAP25,0.00029091172761944997
AKAP7,0.00029016323612465
MEG3,0.000289869242008
RNF212,0.0002897035345833516
TMEM108,0.0002889225869796
MEF2C,0.0002874872852054635
BBS9,0.00028747499279525
ENTPD1,0.0002874346473774
MARK1,0.00028721204390900004
SAMD11,0.00028691045046379997
OBSL1,0.0002859035319672
BBX,0.00028539637232315
TCF12,0.0002848552179471
CCDC141,0.0002842611821058
LILRB5,0.00028394163002420003
FAM49A,0.00028341580332125
ADGRL2,0.00028263811499305
RMDN2,0.0002817966851063
TRIM22,0.0002816458570155
NR2F2-AS1,0.00028086722016115
CD209,0.00028079596080745
VCAN-AS1,0.00028077938937355
RGS18,0.00028048181138419997
ELMO1,0.00028022162957904427
ZNF177,0.00028016967703740003
FGR,0.0002781744218482824
STAB1,0.0002780757838575782
MNDA,0.00027737235245815095
CLEC7A,0.00027697321018425
RIMKLB,0.0002767841292416
ARHGEF10,0.00027674987125125004
SKAP1,0.00027639488530895
CTIF,0.00027437789316035
N4BP2L2,0.00027410388332545004
DPYD,0.0002739702279310322
CPQ,0.0002736111410489
TCF4,0.00027297550145392814
PKD2,0.00027204220381185
SLC11A1,0.0002720159931093827
NIBAN1,0.00027182320094560003
SDC2,0.0002713910091469
ITGA1,0.00027107687775885
MMP16,0.0002710251527494581
EBF1,0.00027102193726857317
PHF21A,0.00027091228731394997
ALCAM,0.00027087259128380986
SLC26A10,0.000270785134056
PTPRS,0.00026970054403684996
PRKAG2,0.00026942061248530003
MGAT4D,0.0002687818903209
ANOS1,0.00026873330076245
PLA2G7,0.00026794443649655
CADPS2,0.00026688875222225
FLI1,0.00026653335251456155
C20orf194,0.0002647347269647
KIAA1755,0.00026458453084200935
ARNT,0.00026396499387155
LHFPL6,0.00026336979090985
GPSM3,0.00026322199993330907
TSC22D1,0.00026279062638570345
SPI1,0.00026248437948065003
MCOLN2,0.0002624622453685
SLC1A2,0.00026232203214445
MYO1F,0.00026208226793225
RASGRP2,0.0002617223149673
LDOC1,0.00026152118937865
ZSCAN23,0.00026146552094145
CYP27A1,0.00026120709914745
FDFT1,0.0002611419477462377
PLXDC2,0.0002603240045376463
HNF1A-AS1,0.00026029028401345
MS4A6A,0.0002601334047466
IGHGP,0.00025960800437322995
DISC1,0.0002584783881413
REV3L,0.00025842690910565
GAB3,0.0002581797337272743
FBXL7,0.0002580278616717162
KAT2B,0.0002578363699266
APBA1,0.0002573584251118
ARHGAP24,0.00025714022802475
ARHGAP10,0.0002570003563928
USP9Y,0.00025669459348665
UNC5C,0.0002564643604017597
HPN,0.0002564592335348
GNB4,0.00025608175658815
EVC,0.00025595289955045
SOX5,0.00025556775638860003
RASAL3,0.0002555291595477752
TNS3,0.00025515210688985
FTCDNL1,0.0002550695934242941
IRS2,0.0002550427854948545
DLGAP1,0.00025503753651327814
DAB1,0.00025499672915225
SH3PXD2B,0.0002547718687387
ACSL4,0.0002546100232589854
RIPOR2,0.00025402432016664997
FAM66C,0.00025378092987897016
ITGA11,0.00025323102233253174
AP003059.2,0.0002522828222608
TCF7L1,0.0002520807037826656
CACNB2,0.00025196030709785
CD74,0.0002509454137565253
NFIA,0.0002508088531239
TTTY14,0.0002507601351014
MSR1,0.00025035614306535
TLCD4,0.0002501566790368973
PIK3R1,0.0002499391712876
LRIG1,0.0002496522833460056
CSGALNACT1,0.0002490208593696
RASSF4,0.00024751077818490003
SLC7A10,0.00024732942348881527
ZNF493,0.0002468509141457
P2RY10,0.0002463296921158018
VEPH1,0.0002462798506192
KRBOX1,0.0002459453790128
SEPTIN6,0.00024551192551545
MOGAT1,0.00024517481065304997
MAGEH1,0.00024494026863719996
SETBP1,0.0002448050060828
FGD5,0.00024470918242525
ZNF331,0.00024470559904500003
NRG1,0.0002446864905718
CYBRD1,0.0002445056578902
SOBP,0.00024448093519425
PDE8B,0.0002443834643718
ZFHX3,0.000243854172871014
CA8,0.00024373382287126767
RUNDC3B,0.00024350705542195003
CPEB3,0.00024331538751165002
SHROOM2,0.00024330451172714472
ZBTB20,0.00024284514664795002
ADAMTSL1,0.00024247096447710002
RFX3-AS1,0.00024194455108355
ARHGAP20,0.00024176279043332979
ZNF366,0.0002416516793309
RASSF2,0.0002416212754102798
CHI3L1,0.0002414960987311
SLC39A8,0.00024106711177205
C2orf27A,0.00024093845559795
GUCY1A1,0.00024091528989695
ZEB1,0.00024081455287887756
CSF1R,0.00024000186222945
MAMLD1,0.00023993031094969396
PCDH17,0.00023984270884565002
TMOD1,0.00023972383732035
CD247,0.00023957778782905
TUB,0.000239258983624
DIRC3,0.00023888356346400002
MOCS1,0.00023869616414249999
WIPF3,0.00023854926078915
RGMB-AS1,0.0002384933440574
ARHGEF25,0.00023790027375774755
CLASP2,0.00023778502376345002
FAP,0.0002377711874595345
MRVI1,0.0002374277891834928
CPM,0.00023692095448315002
VSIG4,0.00023690468828578519
FCGR2B,0.00023641323173872631
ACYP2,0.00023562616443322375
ARHGAP44,0.00023490476786169998
RADIL,0.0002345349559895819
GNG2,0.00023448209483555
NIN,0.0002344746720264
DEPTOR,0.00023423943736045
TNFRSF19,0.00023361917420835034
ZMIZ1-AS1,0.00023336136572385
SLC8A1,0.000233270862874
MMP25-AS1,0.00023321056366965
CD79B,0.0002328122113998
EPHA4,0.00023277665151873316
LRP12,0.00023250000781325
GATA6-AS1,0.0002324732992501961
DNMT3A,0.0002322847513474183
ZC3H12C,0.00023196177840892722
LPAR6,0.00023183998857985
GPR85,0.00023120360050349998
TMEM135,0.00023039454479285002
FAM168A,0.00023029923766315
STAC,0.00023010256270585
SLC26A1,0.0002300934272104532
BNIP3,0.00022995423620345
CHST2,0.0002299182302041
GPR155,0.00022990620466239997
SESN1,0.0002297225312061
ZDBF2,0.00022948993290750001
RNF150,0.00022943128103642112
VSTM4,0.00022895829611058757
WDR7,0.00022854348661905
FLVCR1,0.00022843023076107025
NOX4,0.0002282993534805826
ULK2,0.00022791961191145
NLGN4Y,0.00022580925412399525
MERTK,0.0002251025291551
RFTN1,0.00022507213217276065
CLIC6,0.0002250399716612
LRRC8C,0.00022499287743374467
JAZF1,0.0002246800806482
NFATC3,0.0002243880414017
ZNF285,0.0002243207933025
DSE,0.00022429725450755
ANKRD50,0.00022401937443839468
HS3ST5,0.00022365252598694998
NCKAP1L,0.00022293407887682306
NLK,0.00022272418289325001
PRR16,0.00022271853665253803
HMBOX1,0.0002225988412549
SLCO2A1,0.00022254188318650002
DNAH6,0.0002225359187905359
CDYL2,0.00022227276137685
STK32B,0.00022111085597287765
MKLN1,0.00022095663841244998
IQSEC1,0.00022093015133315
ARHGAP31,0.00022055207603753632
MCEE,0.00021970911522269999
CAND2,0.0002194300780122
WNK2,0.00021898891699685002
IGLC1,0.00021894375914636923
TCEA3,0.0002188359345698611
MEIS2,0.0002186333044898
APBB2,0.0002185016309123
TGFBR3,0.0002181298303817105
FAM155A,0.00021786543517791866
LAMB1,0.00021779619783985
WDFY4,0.00021746874927935
PRKACB,0.0002172454536147
ANK3,0.0002166261154219
TNFAIP2,0.00021659663284550663
IFNG-AS1,0.00021638355553415002
HIPK2,0.0002163490076769
SLC66A1L,0.00021609046580514999
PRH1,0.00021582919943475
VIM-AS1,0.00021580795882255
IMMP2L,0.00021573825991666863
PARVG,0.00021562569814475
SGCE,0.0002154359018073
XKR6,0.0002148822326334
MITF,0.0002146595281055
LRRN1,0.00021463362855388037
SORBS1,0.00021434972576155
PCAT1,0.0002142791460132
AP001636.3,0.00021426951214272458
AFF3,0.00021421351190525
CIITA,0.00021397740438475
CA3,0.00021373612862633494
THBS1,0.000213502597708219
CEP170,0.0002133054876203
FAS,0.00021329886107535
MAP3K7CL,0.00021317911544945
ATM,0.0002127189717513
NCF2,0.0002125978574952606
CNNM2,0.0002123901831576
VCAN,0.00021201313420195
AP001037.1,0.0002119262421302982
ANKRD6,0.0002118000674246
SPAAR,0.00021167593167980002
GABRR2,0.00021041541841173314
CLEC1A,0.00021016145095140425
FOXP2,0.00020977182863609998
CHROMR,0.0002096097557652
CREB3L2,0.00020950367037705
SPATA18,0.0002090431872217
DHRSX,0.0002088741804006579
KLHL5,0.0002087392588681
LCP2,0.0002084800186034
CYTIP,0.0002081489504507
PBX1,0.00020810489695065
HUNK,0.0002080322387438
RAB11FIP3,0.0002079659077605
CHRD,0.00020791736787427467
HTR1E,0.00020772282016584998
NHSL2,0.00020745447874420927
ATP8A1,0.0002067197029142
COX10-AS1,0.0002066365925946
CHODL,0.00020660346150445
RFX7,0.00020632057190165916
ANO2,0.00020617400237793172
ZNF254,0.00020601623538475
TWIST2,0.00020580170853628298
CNOT6L,0.00020568497737151687
TRPV2,0.0002055988673266
DENND4A,0.0002049009468378
LRRC17,0.00020463602719685
HIF1A,0.00020456124310326698
ZFP82,0.00020447694874175
FNDC1,0.0002044174401182
ZNF559,0.00020438721075364999
RDX,0.0002042247107778
UPRT,0.0002038021354002576
IKZF1,0.00020351164168765
PLPP1,0.00020336447528253963
PDE9A,0.0002032776905086
NFASC,0.0002028941228860092
CADM1,0.00020275139072229998
ADAMTSL3,0.00020274320417065
ARMCX4,0.00020227839003603997
FIGNL2,0.00020192894738433565
SH3RF3,0.00020164080052225
PRDM5,0.00020104835205575
PPP3CC,0.0002007976445239
MAML3,0.00020078641105245
WNT5B,0.00020072792750959999
EIF1B-AS1,0.00020068288726335002
STAU2,0.00020061659147430002
PJVK,0.00020043204784035
MIR181A1HG,0.00020034895121155
ST5,0.00020033305596769383
NAV3,0.00019997784730292043
TBX2-AS1,0.00019996647768242616
ZNF528-AS1,0.0001995166175378
ATP8B4,0.0001994241578599
SIRPB2,0.00019876918969378353
SMYD3,0.00019875962611105
PARM1,0.00019851215145895
STX18-AS1,0.0001984210731105
SRSF12,0.00019831180795675
MS4A4A,0.0001982655597708
TNXB,0.00019813678072655
ARSB,0.00019779975209205
PDE3B,0.00019767672484400002
NAV1,0.00019734380422068828
TBC1D5,0.0001973431335563161
TSPAN12,0.00019731341681678873
ITGA4,0.000197214255596435
SULF1,0.00019716722553692073
RGS7,0.00019715301565205
PYGO1,0.00019701557693955
FAT4,0.0001968367347159
TMTC1,0.00019653132224495
IVNS1ABP,0.00019652782701585
CCDC91,0.00019608198504494998
PHYHIPL,0.00019598050507010754
TSHZ3,0.00019589791488192404
CCN4,0.00019582385207625
TMC3-AS1,0.00019536342136299999
TMEM88,0.000195333429334
CCNH,0.00019522738585485
IL7R,0.00019470079661345
USP13,0.000194673920197
OSMR-AS1,0.0001946016168000049
MTSS1,0.00019442427541127203
CSF2RA,0.00019439656506555002
H2AFY2,0.00019432150110759998
CYP2U1,0.0001942702984603
EIF2S3B,0.0001942664652858499
PLOD2,0.0001941008831490224
ACSM3,0.0001936593915508
SUCLG2-AS1,0.0001935868960751
THEMIS,0.00019331073257485
OXR1,0.00019315220421962378
CCDC194,0.00019309435787897596
NOVA1,0.00019306422700165001
TRPC1,0.00019303267529748822
GABBR1,0.00019302132698279997
EFS,0.00019293852231415
GLIS3,0.00019277716667195
CPLANE1,0.0001927721681355892
SIGLEC11,0.0001923477509769
C9orf139,0.00019204731449007804
PAK5,0.0001918505786083
TMED6,0.0001917780838792
CGNL1,0.0001914539285341
LCP1,0.00019142511804425
CNTN6,0.00019130595502249063
ZBTB20-AS5,0.00019113683401787894
CD180,0.0001911048743468
PIK3R5,0.0001909303787622
AP002989.1,0.00019089425221035
P2RY8,0.0001908031930969969
C2CD2,0.00019079552381895
PDK4,0.0001907708623280325
ME3,0.00019066659548048543
ZNF467,0.00019060225258
COG6,0.00019059533109875
PRKCB,0.00019043304204645
TCTEX1D1,0.00019043024143984276
CHPT1,0.00019038037804155
TNFRSF18,0.0001903714008753
RASSF8-AS1,0.0001900922053269
GABRB2,0.00019000477026735
MACROD2,0.0001898737602213
CYYR1,0.00018981294076135793
ZNRF3,0.00018973400330025514
SEC16B,0.00018959675699415
KIAA0825,0.00018957870903834999
HS3ST2,0.00018945297951645
AAMDC,0.0001893938226918
IGLV10-54,0.0001884014484073665
GBE1,0.00018833682209081585
TSTD3,0.0001882653400147
SLC25A27,0.0001882406163934329
SOS1,0.00018823624982725002
KCNMA1,0.00018815575446264998
SMIM11B,0.0001881308246701
NPL,0.000188030929337
CD300LF,0.00018795527197985
RHOT1,0.0001879552269265
CHN1,0.0001879021742211585
SHC3,0.00018787805275075
APLF,0.00018774292354635
PDE3A,0.00018771721602486616
MAGI2-AS3,0.00018759131621175
PAG1,0.00018732277938340001
PTGIR,0.0001872755244458
TECTA,0.00018689631625460002
F13A1,0.000186778071327
PCMTD1,0.00018643793875620002
BX284613.2,0.00018643641241525
ADAMTS9,0.00018624357283629999
XYLT2,0.00018604966575222901
SMARCA1,0.00018595712472100002
APOL4,0.0001856944499519827
FBXO17,0.00018555745245799998
ZSWIM5,0.0001854862411301
FES,0.0001853664623369
ZNF84,0.0001852552815880374
TNFSF13B,0.00018517043104541485
TNRC6B,0.0001850135370534
PANX2,0.00018494935653300053
CLEC5A,0.0001848870701859
ROR1,0.00018480737454929267
TRPV4,0.0001847360789311
SCPEP1,0.00018470962950585
DET1,0.00018442489189643446
ZCWPW2,0.00018432366213545
RIC3,0.0001842753643959
RNF144A,0.00018361318501255
GPR137B,0.0001834100459513467
TMEM26-AS1,0.0001833299746468
IL10RA,0.00018332536598765
PRICKLE2,0.00018325304519545987
PGM5,0.00018316953015765
GSTT2B,0.00018314978384485
TENM4,0.00018314194867705
FILIP1,0.0001830384727524
TRPS1,0.0001827007243763
GRK3,0.00018250630916164998
ZFHX4,0.00018232529662560792
PLCB4,0.00018230285319530002
REPS2,0.0001822075876015026
ERG,0.0001820776437415
TRPC4,0.00018203524550158647
BCL9,0.00018193536648385
FNDC3B,0.000181893307775801
CD37,0.00018156732805675
HFM1,0.00018137748442845
STAT4,0.00018134965455185
SPAG16,0.0001813048500271
SRGAP2C,0.0001812753081616
ELP3,0.000180946800327
CCDC146,0.00018093390400143007
CRBN,0.00018092298533915
SH3BGRL,0.000180854721226
LDLRAD4,0.0001808221170621
SLA,0.000180610313509
BCAS3,0.00018059840483565
PLIN5,0.0001805347642888
TMEM233,0.0001799364819147071
RERG,0.0001797283057382
SRGAP3,0.0001797176639909
IL3RA,0.00017956811348255
NOD2,0.0001793104478893
IFI44L,0.00017928671278240002
ITPR1,0.00017917733309495
ITGA7,0.0001789558515951326
SLAIN1,0.0001788721348409
BAZ2B,0.00017864387146355
TTC39C,0.00017835180050605
ZNF737,0.00017807992966070003
DKK3,0.0001778769254423
PLXDC1,0.00017780162193579564
TFEC,0.0001777387273272584
PRKG1,0.00017756734734500001
SDCCAG8,0.00017736183040255
PLXNC1,0.00017725242462894998
COL22A1,0.00017717151022890232
PIK3C2G,0.00017693443481298714
SENP6,0.00017689813043117358
FBXL17,0.000176896672284
USP51,0.00017666963090600947
SYTL3,0.00017658347289065
SLFN12L,0.0001764520656516
POU2AF1,0.00017623129053430001
ZNF462,0.0001761260167536
KLHL24,0.0001760370795541
GHR,0.0001754741881928
DUBR,0.00017524904762335002
MARCH1,0.00017485155844995
RUFY3,0.00017465409909199497
CAPS2,0.00017463004865625
JAM3,0.00017454390811984997
SEMA3G,0.0001744892962803
RTN1,0.000174433157636
LRATD1,0.000174306768916378
ST8SIA4,0.00017413251984685
RNF43,0.00017408901470483524
ZFP28,0.0001739734471427427
RBM26,0.0001739581227448
TFDP2,0.00017324462918345
LYPLAL1,0.00017320593890755
DTNA,0.00017295037066292738
DLC1,0.0001729321309439
MSC-AS1,0.00017285238070177146
SAMSN1,0.00017283567696025799
PDGFRA,0.00017281785590696894
ZNF804A,0.0001728051179085
CX3CR1,0.0001726218889819925
ZNF781,0.0001725649127983
ZNF280D,0.0001723798765725213
CDC14A,0.00017219203911975
C7orf50,0.00017202517285635
GOLIM4,0.00017189713099045
PGR,0.00017181693236398963
MPPED2,0.00017177706055857721
ABCC4,0.00017168228305345
SGIP1,0.00017166751182301536
RANBP17,0.0001716599637033
MSMO1,0.00017151450005140732
ERC1,0.0001713819967141323
CDH11,0.0001713485343102954
LGR5,0.00017116669029312978
CA1,0.0001711432681332048
ARHGAP22,0.0001710369900937
NRXN3,0.0001710153229665422
GLIPR1L1,0.0001708557118822
AP001021.3,0.00017082354759206443
FBXL4,0.00017080996426303241
PIK3IP1,0.00017077451030142362
TAFA5,0.00017060810588964998
NREP-AS1,0.0001705039647593506
NR4A3,0.00017039894116402875
SHC2,0.00017036557023681614
ADAM22,0.0001703543781298
PDZRN4,0.0001703318786946577
CYP39A1,0.00017028762143125
TRHDE,0.00017028555269350002
ST3GAL1,0.00017027523392974206
SLC25A36,0.0001700849487969652
ATP10D,0.00017001055571374998
NBAS,0.00016992820952500001
NDFIP1,0.00016969142705352286
TRPM3,0.00016936291636085
TESPA1,0.0001693059342421
ARHGAP18,0.0001692518976821
CD28,0.0001691876628099283
TMEM268,0.00016903493357637027
CR1,0.00016878583259591245
PRRX1,0.00016869741177056867
KANTR,0.00016857341708574998
APBB1,0.00016830746542665
SMTNL2,0.0001677913792095
RNF152,0.00016769563522000058
BMT2,0.00016753593626325
KLHL6,0.0001671975844521379
ZNF608,0.00016703197301229643
HDGFL3,0.00016697002461335
ADAMTS12,0.00016691330881209767
SLC23A2,0.00016685847593700002
FCRL5,0.00016668081765040002
SPATC1,0.0001665990114945
UBA6-AS1,0.00016659502577113649
HACE1,0.00016653640221625
TTC3,0.0001664516734479
SEPTIN4,0.0001664516204349393
AP000755.2,0.00016626823442759432
NBEA,0.00016617397151510787
INSIG1,0.00016616169297566314
GLI1,0.00016609102413676997
GCNT4,0.0001660694205082168
MIAT,0.00016604767734349998
KALRN,0.00016602597528325
ROR1-AS1,0.00016590263236825
ADRA1A,0.0001658265539343
DNAH14,0.0001657188605541
EDARADD,0.0001656331692788
STARD13-AS,0.00016558630337622086
GLIPR2,0.0001655663622135311
SLC28A3,0.00016551333923486085
CTSF,0.00016538955696805086
TTC7B,0.00016534444804788278
BCL2,0.00016525464995486541
TTN-AS1,0.00016515294833945
CELF6,0.00016512222614715
CRTC3,0.00016504715330422569
EVC2,0.0001649531473295
AP001528.1,0.0001649474065763
CD3D,0.00016484092254244334
METTL24,0.00016480281531479823
ZNF736,0.00016466677275102544
RGN,0.00016464156476635
TMEM26,0.00016464120867959507
IL2RB,0.0001646079514173
DMXL1,0.00016452014627245
PLEKHG4B,0.00016446390772766558
SUMF1,0.00016445080135155002
RAB31,0.0001643741986732
CD96,0.0001643685330478
CD86,0.0001643635784927
TBXAS1,0.0001642980424686
HS3ST4,0.0001642289851849519
CCDC88A,0.00016422632614540523
FBXL13,0.00016411557945469999
MAGED1,0.00016400535840160706
CCND2,0.00016392342185895002
PALM2-AKAP2,0.00016388575488687028
SNHG18,0.00016388172095506274
THBS4,0.0001634882438670565
ADAMTS14,0.00016348447697090652
STEAP1B,0.0001632116860381
ASB3,0.00016319303217594123
PDIA5,0.0001631884843732
CLMP,0.00016301264335516233
HS2ST1,0.0001630040540652
IRF4,0.00016294619746953605
XRRA1,0.00016293310999729999
ATP1A4,0.0001628461276849
ESR2,0.00016275216600401276
ABI3BP,0.0001626342409601
FMNL1,0.000162602158008
WNT5A-AS1,0.0001624440094884
PRB2,0.0001622951927031
RHOBTB1,0.00016223027212769825
ANGPTL4,0.00016219906066005
ARHGEF28,0.000162087986142
WDFY3,0.00016198651883182402
KCND3,0.00016161953541959999
HS6ST1,0.0001616183685732
FMO2,0.00016148892020945
ABCC12,0.00016137705317935
MSI2,0.00016135485219489088
FARP1,0.00016133289448398355
ZNF521,0.000161298720927341
TPD52L1,0.0001612419313434291
HCK,0.00016113106867889998
RASGRF2,0.0001610472373829991
FLRT2,0.00016098741820678842
NRP1,0.0001608953143692
DIO1,0.00016080167499558202
ARHGAP4,0.00016076617854170593
ACO1,0.00016066487083297542
TXNDC16,0.0001606224888348
KLHDC8A,0.00016049330410745
UBE2QL1,0.00016043965491184935
RUNX3,0.00016043357810700002
SHANK1,0.0001603466234062
EGFL6,0.00016019963925640001
ZRANB2,0.00016014738624869999
AP003086.1,0.0001600226333955
MBD5,0.00015998392523715001
SGO1-AS1,0.0001597748966536666
GRM8,0.00015973425758406538
EFCAB13,0.00015936327976700002
NIPSNAP3B,0.00015932157803975
ELOVL5,0.00015924908260805
ADA2,0.00015923048552929998
SPIDR,0.0001588794786855
FBN2,0.00015886537780665
MYL9,0.00015884629975815745
GATM,0.00015881061514140047
ITK,0.00015869407394764607
SPATS2,0.0001585455423250177
GLIPR1L2,0.00015848710529077083
CD53,0.00015848668231759788
MEDAG,0.00015848415253371485
ANGEL2,0.0001584521143376
RFX8,0.00015844820430225274
NEK1,0.0001581848129549
TVP23C,0.0001580564112762964
DDX17,0.0001578926786172
PTCH1,0.0001576384690235
VASH1,0.0001576237869264693
TAFA1,0.00015749517333582053
ABCB1,0.0001574321487505
ZNF469,0.00015737299970005
BTG2,0.0001570784635524
HDAC8,0.00015705126634273637
KIF19,0.0001569099548548
GPR171,0.00015681378421016458
TUSC3,0.0001567643344341383
RCOR3,0.00015658264772818999
PDE5A,0.0001564345769687
ACE,0.00015638233740689137
ANKH,0.0001563679365953
CPNE5,0.00015595757976390886
SGMS1,0.00015595406516497786
ZNF385D,0.000155854637885474
LMO3,0.0001558477439175
TNFRSF8,0.00015581549441429999
SDS,0.00015564673929216753
ZNF253,0.0001556055927124
ADGRE2,0.00015548635978505
AP002518.2,0.00015547418435309053
LAX1,0.0001553842414253
HGF,0.00015527835240353383
SYNPO2,0.0001550732291026
ITGAL,0.0001549417028978
MAP2K5,0.00015477585994657034
TBCK,0.00015465785581569998
FAM182B,0.0001546516884925
ZNF846,0.00015464798934913376
DLG4,0.00015447629894235824
NEXN,0.00015417459049535002
ADHFE1,0.0001541427794194202
DENND5A,0.00015408562414475
RERE,0.00015405735759400002
ZNF345,0.00015402552165055
ZNF85,0.00015392847663321421
PTGDR,0.00015375704407807444
PRKAA2,0.00015360700668380138
TOP2B,0.00015359889745465
CHSY3,0.00015356599029428428
TRAF3IP3,0.00015340570672950002
DDR2,0.00015339543604489452
SCAF8,0.00015321099563305054
RCSD1,0.00015319301640275002
SLC6A16,0.00015304555157215
PDCD4,0.00015291649964675513
OVCH1-AS1,0.00015290200459540314
CA13,0.00015268243206865
KIF1B,0.00015263710603686203
C8orf37-AS1,0.00015258860035232183
BCAT1,0.00015242225395751494
RBPJ,0.00015224542150296569
ZBTB46,0.00015220342149342684
CYTH4,0.0001519662750943
DCLK2,0.0001517194118974399
TBX2,0.0001514653925015849
IQGAP2,0.00015143329960359998
VWA8,0.0001514085117911196
AP003071.2,0.0001513692487775918
ZNF704,0.00015135996102480783
MEI4,0.00015130472392905
CHST14,0.00015116932237335
MMP2-AS1,0.000151149575377
MIR497HG,0.000151071901041
CYLD,0.00015102630042852712
CLEC11A,0.000151020695584417
CNTN3,0.0001510039669612122
EBF2,0.0001508100882194126
OBSCN,0.0001507706820752
KCNK13,0.00015032269539958176
LST1,0.00015031221746963336
WDFY2,0.00015027756023075598
GATA2,0.0001502642183257075
PAX8-AS1,0.00015022930227898205
PHKB,0.0001501864899239
GRAMD1A,0.00015013374167596968
LIPA,0.00015010294517285
PIK3CA,0.00015004485241916968
KANK1,0.00014974746594077017
SEMA4A,0.0001497440351777
TNRC6A,0.00014963655777105
ARL11,0.00014956653022239012
RWDD3,0.00014954939486725002
DENND1C,0.00014954338367084783
SLC13A3,0.0001495334713254
ATP8B2,0.00014948326304932568
SH3GL2,0.00014945967137462566
CNTNAP3B,0.00014937272388955831
CAB39L,0.00014935402041785
AMBRA1,0.0001493532228843
HAGLR,0.00014933392390734508
ATP10A,0.00014892369472573698
ZNF334,0.00014882426681034472
PPM1L,0.0001487648641507
KCTD3,0.00014875664609126935
YPEL2,0.0001487415734902123
PYGL,0.0001487414408058
AXIN2,0.0001486994455834
ZNF862,0.0001486864537677
TDRD3,0.0001486487880107036
BMPR2,0.00014851132490255
MMP19,0.00014836829011705
ARID1B,0.00014830422946974999
ROBO1,0.0001482377598024
INSYN2B,0.0001480603450032
CLNK,0.0001479201370877
FOXF2,0.00014785993854559473
ACOT13,0.00014784624044165002
MFSD4A,0.00014780015477117655
ANKRD16,0.00014778636940755116
AF131215.2,0.00014763802872240392
PLEKHA2,0.0001476085917918
SCAMP5,0.0001475953562062
C21orf62-AS1,0.00014748244269505
CCL2,0.000147420025306
ASXL3,0.0001473842276502853
FAM66B,0.00014737479515525
TTTY10,0.00014730351128715
P2RY6,0.0001470775337291
STAC2,0.00014704064092245002
MEF2C-AS1,0.00014690643962347852
DMGDH,0.00014686698552795
C5orf17,0.00014684566705555
BICRAL,0.00014683715445235
DBT,0.0001468097566715
RASL10A,0.0001467869432490185
ANGPT2,0.000146667016808666
ZDHHC2,0.00014666513398115335
AGO4,0.000146642484794224
N4BP2L1,0.00014660004937654998
CRMP1,0.0001465934418518
CASC15,0.00014638043205675001
CHST10,0.00014621999287233427
ABCG8,0.0001460828182102018
NUAK1,0.00014590717856013946
KLHDC2,0.00014587838714572528
PUS7,0.00014587709583169998
PTPN4,0.00014587292772195
C5orf47,0.00014586918176944053
MARC2,0.000145861952406
VXN,0.0001458488964488
MAP3K3,0.00014582882413095
HRH2,0.0001457045806347571
GNG7,0.000145684767805
ACADM,0.00014564430655235
SLC5A4,0.000145534048459
LRRC36,0.0001455329400998
TSHR,0.00014548593783045
OR2A1-AS1,0.00014510856422926476
HIBCH,0.0001449608630915
PRICKLE1,0.0001447534298807
SYNPR,0.00014472517558173557
HDAC2-AS2,0.0001443287792869324
GYPE,0.00014423975071951466
CLEC2D,0.0001442382423195612
RBL2,0.00014419305086423484
ADGRL4,0.00014411498937648656
ADAMTS10,0.00014379213509990718
P2RY14,0.00014377529993163854
TRBC1,0.0001437184322873921
ALDH1L2,0.0001436936048835
FAM117B,0.0001436814797965
FGF9,0.0001435432806263371
SEMA5B,0.00014352410509979984
ZNF708,0.00014340317401095
PDE7A,0.0001433333194555
ASIC1,0.0001432513014224
UBN2,0.0001431764029686
STK33,0.00014292113131509441
BCL11A,0.00014291543248899999
LRP1,0.00014278999068555
DKK2,0.00014274722988756808
CDRT4,0.0001427183480052
BOC,0.00014262673083569998
MROH7,0.00014252971124490002
MXRA8,0.0001425147355157
KIF26B-AS1,0.0001423913285109
SUPT3H,0.00014235636826245848
PPARGC1A,0.0001422212636442192
GALNT18,0.00014215350384465
AF274853.1,0.00014190578838978974
ENTPD1-AS1,0.00014174327582474998
DGKI,0.00014166641133305001
SENP7,0.00014140577765165
LIPI,0.0001414018760017
PGR-AS1,0.0001413784539042314
MROH9,0.00014112177799590887
MYH10,0.00014108272705591968
P3H1,0.0001409480724049
GLUL,0.00014094609028294998
UBE3D,0.000140815533505
MUC6,0.00014073527647252105
HNRNPH1,0.00014072772456595
ZFP30,0.00014064000642749112
PARVB,0.00014059964839305
AF131215.4,0.00014052057551016997
ZNF502,0.00014045173923008864
ASAP3,0.00014040373545142512
ZNF429,0.00014026049354045
RAB3IL1,0.0001402505631896
IPO9-AS1,0.0001401621329751
NUTM2D,0.00014009559003497598
PPM1M,0.00014004142637828382
PRSS23,0.00013999473621362444
ITGA10,0.00013985890936489992
MEMO1,0.00013981393509650492
SPART,0.0001397399293618
PLPP3,0.00013961266611905
HTRA3,0.00013961265405064834
SPATA9,0.00013952997388078951
NEIL1,0.00013943919135125
GOLGA8M,0.0001394173528397
ZBTB10,0.00013939601835313115
MYCBP2,0.0001393938983584
HLA-DRA,0.00013929438778475
RBPMS,0.00013928211527665
SIGLEC1,0.00013893294846365
KLHDC1,0.00013891766037721584
EIF4E3,0.00013887310698385
PTBP2,0.0001388712258454
ADGRD1,0.0001388088375515087
FGGY,0.00013873460024695
MVB12B,0.00013870915384180837
SAMD12,0.00013865424132341383
LRRK2,0.00013860896342861805
MIR3142HG,0.00013850191235222634
LY86,0.00013838284354607196
ZNF655,0.0001383745335608
UGGT2,0.00013830614908695002
PRKCQ,0.00013828859640040001
THEMIS2,0.00013828535515561502
AKR1B1,0.000138241376394201
FTO,0.00013822795978985
DNM3OS,0.00013821358125771453
RNF217-AS1,0.0001381503024722062
MANBA,0.0001380789659671
MBTD1,0.00013801342564385
TMEM150C,0.00013794307025485
COLCA1,0.00013792468812770487
PLEKHO1,0.00013779735761717296
FSTL1,0.00013765310214576947
EML5,0.00013757442561835
RARRES2,0.00013748996982075
SUCNR1,0.00013747405170346416
TXK,0.00013739713329786156
TTBK2,0.00013731148254350807
GIMAP8,0.00013730299930765
LAYN,0.0001370989636269
ARHGEF6,0.00013698697174853604
PRR4,0.0001369813820277151
UBR3,0.0001369006305642
BTRC,0.00013684107022167677
MIR99AHG,0.00013664716200822614
ABCA3,0.00013652361505073175
PHF10,0.00013645328824005002
RAPGEF4,0.00013640020022295
ERC2,0.00013636645463205
DPH6,0.0001363341785270454
CASD1,0.00013626482404612147
GPR174,0.00013623137154305918
SMAD9,0.0001362258167499483
DNHD1,0.00013620476027085
ZDHHC17,0.00013620301096688926
RHEX,0.0001361909090575
CDK17,0.00013613687951944986
NFYC,0.00013604508322328683
TMEM173,0.0001360361968587
DRAM1,0.0001357797789854824
MAP1B,0.00013572413990389643
CCDC7,0.00013553730948005
TRAF3IP2-AS1,0.00013516332816775
ZNF491,0.00013515389381350026
STK38L,0.0001351402460347944
CHADL,0.0001351259096393354
CLTCL1,0.0001350425521228
ADGRV1,0.00013493678503357373
LILRA2,0.0001348706616645
TMOD2,0.00013469391881019082
STC1,0.0001346457059936555
XBP1,0.00013462302159742367
FPR3,0.0001345624431892
TTC14,0.00013434364432128942
LBHD1,0.00013431266234244167
ZNF451,0.00013421335596819052
ZCCHC24,0.00013417963193760002
ROBO2,0.0001341742262895539
BRWD1-AS1,0.00013407142215185
WARS2-AS1,0.0001339007369405374
TMEM263,0.00013383909041336033
ZNF790-AS1,0.00013380619370295132
TNFRSF4,0.0001337206570899868
GNAO1,0.000133686301984
AGPAT4,0.0001335717764461924
ARMCX3,0.00013354250562011124
THSD7A,0.00013353547907605
MCPH1,0.00013348087101155165
PGBD1,0.0001334091435364
CARD8,0.00013333400582285
FAM171A1,0.000133312364248989
TTC28-AS1,0.00013325718604639998
PTK7,0.0001330727526140266
COL18A1,0.00013298389582403747
HAAO,0.00013295876680520692
NMNAT3,0.00013293494582876505
ACSM5,0.0001329000708637
GREB1,0.00013271264174015
SRGN,0.00013266037015125
TRPM2,0.00013265930542482376
SOS2,0.0001325900051455707
SLIT2,0.00013258275598401786
GIPC3,0.0001325748457084
ZNF235,0.0001325511852282
TSPAN9,0.00013245143990663527
JAML,0.0001323334529429
CASC17,0.00013228032844904184
ZNF880,0.0001322625035959
ZNF626,0.00013208384195189998
UCN,0.00013197547929498778
DCHS2,0.0001319264828531954
HVCN1,0.0001319235128228
ADAMTS4,0.0001319046682048
ARMH4,0.00013185190354726158
BBS2,0.00013174748613325438
CTSK,0.0001317472869926
IRF5,0.0001317066772032243
ZNF426-DT,0.000131648544695768
NEGR1,0.00013164638927215002
ITGBL1,0.00013159543110298277
ADORA3,0.00013154075102137216
VGLL3,0.00013151549675736548
COMMD1,0.00013132196838352414
RGS7BP,0.00013124428177322404
DCP1B,0.0001311331808487
CTNNA2,0.00013090078739145
LONP2,0.00013077191648835
LYZ,0.0001307706689662867
FAM172A,0.00013075026584145
AMY2B,0.00013071326981895745
BNIP3L,0.00013040851280747762
KLF8,0.00013039675041771957
DAAM2,0.00013023700853686114
FCGR2A,0.00013016295790939652
TXNDC11,0.00013010369372335072
TSPAN32,0.00012992534301141747
IFI44,0.00012991762830205533
MIR100HG,0.00012990243851825493
KIZ,0.00012969961269875
LMOD1,0.00012961206399556585
C11orf65,0.000129598509311147
TEX9,0.00012952197865054998
ZNF362,0.00012950513680397464
DNAJB5,0.00012948523342820568
TMEM91,0.00012940103621247788
AUTS2,0.0001293545269427335
MBNL1-AS1,0.0001293339995645042
PIAS2,0.00012931016321590853
CHD6,0.0001291089009526447
RECK,0.00012903187772573028
ATF7IP,0.00012898623466895
GAS2,0.00012881121407899693
IL16,0.0001288000039963349
LIFR-AS1,0.000128662727650728
SACM1L,0.00012861234863305
MON2,0.0001285903764665705
HMGA2,0.00012853548623333803
DOK6,0.00012852276238638514
MDGA2,0.0001285092063059
HECTD2,0.00012846335977185
RCBTB2,0.00012825067924225
STARD4-AS1,0.00012815064042995
TGFBR2,0.00012811811831166137
WDR41,0.0001281060624042
ZNF471,0.00012807763627301378
SRSF11,0.00012807604253945002
SMAD2,0.0001280100110996773
TMPRSS11D,0.00012797430090755
ZNF660,0.0001279379130679
CD4,0.00012791530876651915
FZD4,0.00012791175556729493
IFFO1,0.00012789796946367467
SAXO1,0.0001278660255313883
ILDR2,0.0001278130263743542
EXOC4,0.0001276621335934
A1BG,0.00012764809841193993
ZNF257,0.00012762252480120757
GIMAP5,0.0001275951763537133
FAM13A-AS1,0.0001275748417312117
LIPE-AS1,0.00012754723222962056
DOK5,0.00012739822970776177
PDLIM3,0.0001273531945205153
WBP2NL,0.0001273519216011017
KDM2B,0.00012734947657005001
ANAPC5,0.00012731578104584998
ARID5A,0.0001272825541469694
CCDC136,0.00012714274860005001
EYA4,0.00012714090942435001
PSTPIP2,0.00012708610933282353
DPH1,0.00012692513994147947
CALCOCO1,0.00012690668470742244
BRMS1L,0.000126855197452
NEO1,0.00012680260842126657
HMGN3,0.00012658084744753982
GALM,0.00012656212509135
DOK2,0.0001265566523648447
KIT,0.00012644589784605
SCGB2B2,0.00012640450490035508
ABCC9,0.0001263334164253281
FMOD,0.00012632227876387041
SRGAP2,0.00012623962908765
AP000763.3,0.0001261805621720903
TG,0.00012616589390048648
ZNF483,0.00012611659805686684
CAMK4,0.00012595110247266814
CASC4,0.0001259164143264
IL17B,0.00012582225353142254
TNKS,0.00012577136279805
PIKFYVE,0.00012574932170010002
MYRIP,0.0001257306074866349
ACAD11,0.00012570036810165
CRAMP1,0.0001256365770027
SCN4A,0.0001256322802108115
EPDR1,0.00012558124332608743
KCNN2,0.0001254745535780522
SEC31A,0.00012538951058853754
P2RX7,0.0001253341025932
VPS8,0.00012526392182635
CLIC2,0.00012516941502813968
ADH4,0.0001251574558800056
Z83843.1,0.0001251332128477263
JADE3,0.00012504645013591676
TENM3-AS1,0.00012503362168949755
GSEC,0.00012500687095845
CNTD1,0.00012496197932781783
SYNPO,0.00012493729898055
CASC8,0.00012493563896295
ST3GAL4,0.000124707182372068
BTK,0.0001246624461446
SF3B1,0.00012460126260045002
CMKLR1,0.0001245892534824403
EXOC3L2,0.00012455830903855092
PLXNA4,0.00012445810769989504
HCLS1,0.00012443755043583594
CES1,0.00012438104935689844
KLHL20,0.00012435387922880002
PAQR5,0.00012430842201023877
WDPCP,0.00012429034424165
MAP2K6,0.000123881860175
MRC1,0.00012386068909746255
UBE2Q2,0.00012375888799955205
GATA2-AS1,0.00012363656616378206
VEGFC,0.00012360906821539191
TMEM232,0.00012359813448070721
ATP8A2,0.00012359384430805
TNRC6C,0.00012347992381955
LMBR1,0.0001233628123658193
TSPOAP1,0.0001232959708412
FOXP1,0.00012320673987312416
LRRC2,0.00012320133131875
FO393415.3,0.0001231429660922886
SLC4A3,0.0001230663106090053
ATG4C,0.00012293850420505
ANKS1B,0.00012293296281549093
BEX3,0.00012291613914166587
TXNIP,0.00012277196234848455
RSRP1,0.00012276644527501622
CD84,0.00012276408062765002
ACTA2,0.00012275332713189224
PLEK,0.00012252920005825
KIAA1958,0.0001224937048768333
PART1,0.0001224080724966028
AF127936.2,0.00012228798349382707
NECTIN3,0.00012221874420315
NCOA7,0.0001221545332500114
PHC3,0.0001221304437072188
CYBB,0.00012211563472781388
PCDH18,0.0001220225465248
SHPRH,0.00012198940638850935
NKAIN3,0.00012178740230303942
SHBG,0.00012173110433425
MOB1B,0.00012166967405391169
ITGA9,0.00012146393149730537
AF165147.1,0.00012134308709961541
KCTD8,0.00012128814838181954
PITPNC1,0.00012113010658085
SEPTIN4-AS1,0.00012109779392960001
CCDC171,0.00012096111477865346
HECW2,0.0001209014025450662
ZNF662,0.00012082009914274741
AF111169.3,0.00012079667381915
COL24A1,0.00012076144616535011
NHLRC4,0.00012071254779288231
PLXND1,0.00012070258284247122
SLC6A1,0.00012061085306721818
DOCK11,0.00012057945334173921
GPR173,0.0001205264823815353
AMOTL1,0.00012033765821041224
UPF3A,0.0001201545620539415
DTNB,0.00012012040930164213
SCAPER,0.0001200129466132
MED13L,0.00012000368406487629
COL10A1,0.0001199585626018028
GPX8,0.00011991468783641808
ZNF568,0.00011985202008422223
CSPG4,0.00011981933236276613
XAF1,0.0001197539731433
PTCHD4,0.00011975051005114968
PEBP4,0.0001197487236321834
GSTA4,0.00011966738196647045
SPAST,0.00011959515709405
GOLGA8N,0.00011959232291144487
GALNT14,0.00011949018174318518
IL2RA,0.00011940048955213352
LRRC8D,0.00011940006743896953
NFIB,0.00011939587932754999
GUCY1B1,0.0001193760899458
BHMT2,0.00011936872443545001
PTGER2,0.00011934959223510794
AR,0.0001193277811201133
FAM228B,0.00011930574618942711
SUFU,0.00011928255578
SCD5,0.0001192403222857918
L3MBTL3,0.0001192361535177775
ELOVL4,0.0001190732397496
SGK3,0.00011905680855304999
PTOV1-AS1,0.0001190239712267306
GPR68,0.0001190028081203988
ANK2,0.00011899011396935825
TNF,0.00011898868324860295
WDR27,0.00011895410209656222
HLA-DPA1,0.0001189097300544
BIN2,0.00011849440305381218
CHL1,0.00011839470682055
NCALD,0.00011839452870991755
ZNF266,0.00011838337563401823
GRAMD1B,0.00011835841762754932
SOCS2-AS1,0.00011832473440868789
BMP8A,0.00011831162236721632
HAR1B,0.0001182945419498
AP002026.1,0.00011828644248005
SESN3,0.00011821106605252658
KCNQ5,0.00011814754383015667
TACR1,0.00011800228122765
NUGGC,0.00011798746005665
ZFP14,0.00011796320386135
PXDN,0.0001178558515426
TSPYL2,0.00011785465156215
NAIP,0.00011781723703636838
ZMYM2,0.00011777943095483612
BACE1,0.0001176505291831342
PMF1,0.00011764429191880609
GPR146,0.00011761110872174756
RUSC2,0.0001175446460142795
NOVA2,0.00011752532565145377
HSD17B11,0.00011744806762048327
CD83,0.00011737166189379501
TIA1,0.000117343092065
ANXA6,0.00011732670493565527
IDH1,0.00011728417966062557
AP005131.1,0.00011725432856795213
MANEA,0.00011720311882899413
ZMAT3,0.00011716962837205
ZC3H6,0.00011710025994126108
MRPL16,0.00011700096393732648
SCN1A,0.00011691944815288523
ASRGL1,0.0001168937343811
FUZ,0.00011688250469462981
STK32A,0.000116790390022546
JAK1,0.00011677862380041643
LYRM9,0.00011675829919975325
ZNF625,0.00011670697627807119
CCDC149,0.00011668218123304813
BANK1,0.00011667973949660001
CCDC3,0.00011665307514151295
PPM1H,0.00011662425142038863
GABARAPL1,0.00011659925900257596
ETV1,0.00011636083229687568
TNFSF8,0.00011628311249805
PPM1K-DT,0.00011627131191471637
XPR1,0.00011618740746694619
KCTD1,0.0001161764088762622
ZC2HC1B,0.00011614954861059577
TBX3,0.00011613472109889911
RAB30,0.00011594636659005647
ZNF577,0.00011584773693735
EPC2,0.00011577332638795001
ABCC5,0.00011564322374595001
EMID1,0.00011563061446604219
PARP11,0.00011560717842836208
PRF1,0.00011556707582095017
CYFIP2,0.00011550253563359612
NHLRC3,0.00011549259896480001
CHIC1,0.00011546407662240733
ZNF423,0.00011542828586275
FGFR1,0.00011542347935275001
ITIH4,0.0001153818154466
COL19A1,0.0001153676194671243
PMFBP1,0.00011535730582885
CIRBP,0.00011512670153015
SNRK-AS1,0.00011509316560915005
PDPR,0.00011508281100970534
LMCD1-AS1,0.00011501584767668782
ZSCAN12,0.0001149236684324848
DCBLD1,0.00011490484820500001
SLC7A6,0.00011481079923448387
CAMSAP2,0.00011476051558635
GANC,0.00011475112534579304
DLK2,0.00011469291684705466
SLC9A9,0.0001146686301530273
TRAF5,0.00011466385607829786
HIP1R,0.00011459887760839063
CEMIP2,0.00011448866830228435
FAM66D,0.00011447415930436447
PCBP3,0.00011446750306122233
FGD2,0.00011446149980294084
PDSS2,0.00011443260252053653
CAT,0.00011442643545124286
ZNF382,0.00011435717665089982
TRG-AS1,0.00011428981337753637
ANKRD17,0.00011425467741773307
OR3A3,0.00011419196944821712
GMDS-DT,0.0001141719268134
PDGFRB,0.00011415142084178754
PARP15,0.0001141448198753
EPHB3,0.000114116481787096
MPP6,0.00011405430949781552
WSCD1,0.00011405246398770676
UNC80,0.00011399750324830537
VPS35L,0.00011386638677231416
JAK3,0.00011382656206013179
RAB9B,0.00011381695384383692
SLC7A2,0.00011380564129841005
CEBPD,0.0001136530265155985
RGS5,0.00011364250365265206
TENT2,0.00011363566407988068
NTNG2,0.00011361799708115205
SS18,0.00011357326551865156
POC1B-AS1,0.0001135130578944804
TLCD5,0.00011346802638068596
PTAR1,0.00011345382722155001
GRIP1,0.00011342127289898403
HTRA1,0.00011339936591174663
RUNX2,0.00011336999652081879
METTL7A,0.00011332298215472739
NFATC4,0.00011328977104134521
NUBPL,0.00011327034036763171
PCED1B-AS1,0.00011322081439168903
DGLUCY,0.00011319892199057973
HIF1A-AS3,0.0001130637176167876
PECAM1,0.0001130107858319008
ARRB2,0.00011296830307975
DCBLD2,0.00011294510463580001
STAMBPL1,0.0001128862730305961
C7,0.0001128297926705
PPFIA2,0.00011282034645873279
EML1,0.0001127433191456
NR3C2,0.00011266352733417626
MAN1C1,0.00011260956858464999
GMPR,0.0001125872987812536
KCNE4,0.00011254655048925271
CCDC18-AS1,0.00011251726336625823
SLAMF7,0.00011246316759092639
BRWD1-IT1,0.00011245863320262999
ZSCAN5A,0.00011244931551869779
FGF12,0.00011243368159379453
HYMAI,0.00011226158038382951
FZD3,0.0001122260274287702
DOCK4-AS1,0.00011221433849352086
SV2C,0.000112171076900746
NCF4,0.00011215126358163057
RTCA-AS1,0.0001120481796086
HEATR5A,0.00011195834146528012
GAS6,0.00011190669750172402
NLRP8,0.00011182914418634363
ERMN,0.00011176595588755151
ADAMTS5,0.00011175158963664278
NXN,0.00011172594003060997
HLA-DPB1,0.00011159677916595145
ATG16L2,0.00011152109813293647
PCDH9,0.0001114536121651766
GLI3,0.00011138055444242015
LAG3,0.0001113004632414146
KLHL6-AS1,0.0001112896804167
AP001831.1,0.0001112754172157033
EFEMP1,0.0001112335786898568
PGBD5,0.00011110967544120988
UBE4B,0.00011102614646320001
NLGN3,0.0001110198223568361
IPCEF1,0.0001109745425295082
SEC31B,0.00011091606204616272
SEPSECS,0.00011091285814172281
PYHIN1,0.00011082081836925809
TCF4-AS1,0.00011063365564348347
LRFN5,0.00011060826109902163
LDLRAD3,0.00011057931144408935
DSCAM,0.00011057194651215054
NLRP1,0.00011055170700394247
CD300E,0.00011051147107273482
ZNF275,0.000110491237011
WDR48,0.00011042467317289862
TRBC2,0.00011038756607876851
EMILIN1,0.00011036317799798274
RASGRP4,0.0001103238110758064
SAMD3,0.00011025974901695
DDHD1,0.0001101747030562
TEAD2,0.00011017126548770091
DPY19L2,0.0001101135430804152
VPS13B-DT,0.00011011097264311376
OXNAD1,0.00011010825030564131
HHLA1,0.00011006054743262419
SLAMF1,0.00011005691551489079
AFTPH,0.00010999855859405858
WIPI1,0.00010987764169010918
RGS4,0.00010975454536573405
ELAVL2,0.00010973662088769868
SPART-AS1,0.00010967448920431855
RNF166,0.00010958066837702443
CCDC92,0.00010944935694604999
RRS1-AS1,0.00010940267806002488
ZNF470,0.00010938070165880071
A1BG-AS1,0.00010933836332345
NTRK1,0.00010928864941544274
SNRNP70,0.0001092447421463612
DUSP19,0.00010924138184693048
THAP6,0.00010917992117695182
ITGAX,0.0001091400816317475
VPS54,0.0001090853339789646
FAM169B,0.00010904895638335168
ZNF529,0.0001089334862826
SALL1,0.0001088431185094
PPP4R4,0.00010879112061229821
AHCYL2,0.0001087894439072203
LILRB1,0.00010878331542983376
NLRP3,0.0001087520159391027
ZNF676,0.00010875146841316553
PHLDB1,0.0001087062557576621
WWP1,0.00010864370892145012
DOK3,0.00010864309582832356
TMEM170B,0.00010863330132376198
ARHGAP9,0.00010860917339491196
ZNF292,0.00010857366288182237
TMEM98,0.00010853009065769788
PACRG,0.00010842401234816878
DCDC2,0.00010830437594148387
MYO1B,0.00010821449241723725
ZNF891,0.00010820584035386847
PFKM,0.00010820012899510133
CRLS1,0.00010819972924175535
LUC7L2,0.00010810116733487728
TERF2IP,0.00010808372020148923
EBF4,0.00010806037713665211
TENM2,0.00010790772382639999
DIXDC1,0.0001079048725666341
CDH4,0.0001078457210907
TRIM6,0.00010758872279635
IZUMO1,0.00010755848958399618
LPXN,0.00010749209011438875
BMP7,0.00010748699967047793
CEP112,0.00010748502977031652
PRPH2,0.00010748177637289476
P2RY1,0.00010744015182120285
ZFP2,0.00010743656303652821
AVEN,0.00010736067398895287
GLYATL1,0.00010732239559155
ZFPM2,0.00010730303766935
COQ8A,0.0001072333579788
LIMS2,0.00010722246375538004
TBX18-AS1,0.0001072150043571
LRP1B,0.00010719893226810001
OLFM2,0.0001071645703817
PPP2R1B,0.00010712184918755839
RSAD2,0.00010711938566612886
HHIP-AS1,0.00010707664277623448
SGTB,0.00010695620584715198
CAPN7,0.00010694825216800724
EMCN,0.00010694369976106945
LRRC28,0.00010693995615662134
GOLM1,0.00010693666739023343
CABIN1,0.00010687528913523013
ATP6AP1L,0.00010682545922245495
MAP1A,0.0001067732336565882
ALOX15B,0.00010668455870114574
SLC4A4,0.00010666556836363706
RBP2,0.00010650491836595369
SARDH,0.00010647607118472897
CD34,0.00010639045635229069
NCKAP5,0.00010638689870243985
NID1,0.00010625236403498605
PITPNM2,0.00010624521223291216
CD163,0.00010623786441504407
CDNF,0.00010622355172135
CDC16,0.00010620607815625178
SGCD,0.00010615602454530141
P3H3,0.00010606343941188165
SPACA6,0.00010600648996282507
PCDH7,0.00010594127349895319
SIRLNT,0.0001059157472705
LAMC3,0.00010590453701939505
SLC26A11,0.0001059011170536016
ACACB,0.00010589468277729434
GTDC1,0.00010587782309725
ARHGEF17,0.00010579183236570767
ASB18,0.00010578539012422023
PHIP,0.00010578231162885464
U73169.1,0.00010575477238576134
KATNAL2,0.00010575288419035
VRTN,0.00010572059147547741
NEU3,0.00010561941243866487
CNIH3,0.0001056152577188724
ITPKB,0.00010559183741544773
MSI1,0.00010558949206192537
PCDHB15,0.00010557973750430699
TMEM200B,0.000105551148063014
PPP1R16B,0.0001055487849439
PPIP5K2,0.00010552050224145308
SNRPN,0.00010551678529190645
MTUS2,0.00010550338202819999
TMEM192,0.00010548472427665
ECI2,0.00010546058545871594
KCNQ1OT1,0.00010545123546552607
CPSF6,0.00010528723550014554
MFSD4B,0.00010523483889629358
ZNF681,0.00010520540565535494
CLASRP,0.00010519663569127454
FAM124A,0.000105187350019219
UHRF1BP1L,0.00010510394274277997
C21orf62,0.00010507432168750234
TTC37,0.00010506943474813938
CCR7,0.000105021062445
TARBP1,0.00010498115808612677
PRPF18,0.00010486688759760721
LILRB2,0.00010475985686329202
ALKBH8,0.00010475394830699504
KCNT2,0.0001047078059245094
FLG-AS1,0.00010466089059686504
ASGR1,0.0001046516142695
GALNT9,0.00010465003587667832
SCARA3,0.00010463490947747341
CYP2R1,0.00010462288558588483
ZNF573,0.00010459042998807402
ATXN3,0.00010457227863649027
WASF1,0.00010454932120570216
IL1RAPL1,0.00010452599581536676
PCNX1,0.00010449980011156807
ALG13,0.00010447005490531633
KCTD19,0.00010443615977949057
FOLH1,0.00010429571878773276
MCTP1,0.00010428029615457219
CREBRF,0.00010424034576177711
EML6,0.0001042329111145797
MYEF2,0.00010421294243802962
PDLIM4,0.00010418175396365321
GLRB,0.00010414828392999985
ZNF350-AS1,0.00010414657707853774
AP000897.1,0.00010404252170130827
IFIT1,0.00010396633653469509
ABCB7,0.00010394128390969117
LARP6,0.00010389508294106597
KLHL13,0.00010386793286313183
ELP2,0.00010377950453797841
TFR2,0.0001036880823575
MRPS25,0.00010368010264701411
ALDH7A1,0.00010366179891002588
ACSS1,0.0001035934844950139
NKAPL,0.00010339442552042196
C2orf88,0.00010334059067967642
CD300LB,0.0001033112769005
ZNF605,0.00010329148946062742
ERCC6,0.0001032680669403835
MED12L,0.00010323621024229781
KLRD1,0.00010322666463021094
LDHD,0.00010320144308591551
PSTPIP1,0.0001030657215133275
NLRC3,0.00010305239172194762
CD248,0.00010303596138520896
CXorf21,0.000102969275954162
RGCC,0.00010296709109397639
HERC1,0.00010293674166535725
TTC17,0.00010291283940214353
TRPA1,0.0001028390587115904
IQCA1,0.00010279348706574297
CRYZL1,0.00010277064469222402
RIMS1,0.00010270806647384624
RHOH,0.00010269227736616245
NBPF15,0.00010268822170172461
Z83745.1,0.0001025553829405242
COL4A4,0.00010250198759531266
DRG1,0.00010248780392263999
SMOC2,0.0001024579336608837
FAHD2A,0.0001024506122919701
CEP95,0.00010244463680294697
ALDH1L1,0.00010243740905307685
RGL2,0.00010225020014156142
HLA-DMA,0.00010225000780845318
AASS,0.0001022115058926
Z69706.1,0.00010220031923489452
COL27A1,0.00010218404040387755
NR3C1,0.00010217946776221655
LILRB4,0.00010213056997340249
DPP4,0.00010211323378098512
BTN3A1,0.000102072324913412
RSU1,0.00010200227200438839
MBNL1,0.00010194406031320132
SIK3,0.00010194076899445128
NOTCH2,0.00010189457617139691
DYNC1I1,0.00010189381035947387
TAF8,0.00010188569920160001
MLLT6,0.00010187721129193184
SOGA1,0.00010184399968911719
TXNDC15,0.00010178735402879503
NIPSNAP2,0.00010166507549331968
LHFPL3-AS2,0.00010164716355731679
DNAJC27-AS1,0.00010163437692343988
SLC38A9,0.00010163108375697772
COL8A1,0.00010159722713565868
TMEM204,0.00010157986724830894
PPP3CB,0.00010154459664938733
EPHB1,0.0001014992845514669
SLC27A1,0.00010148852317098866
NME5,0.000101470009431101
MAP7D3,0.00010146578316685113
BATF3,0.00010146033405819729
RAP1GAP,0.00010137274551778107
ST3GAL3,0.00010131815026898747
IRF8,0.00010113781747258103
ARNT2,0.00010100192643054699
SLCO3A1,0.00010099659987100146
ZNF853,0.00010093643805181239
C3AR1,0.00010088462433641309
ZKSCAN1,0.00010086025424067165
PRLR,0.00010081467831512423
CHST12,0.00010077823470825122
WDR11-AS1,0.00010076799437633233
BBS4,0.0001007501250068163
GFRA2,0.0001006626537550157
PPA2,0.00010060475927994054
RAPSN,0.0001005964660426246
ENPP2,0.00010051605303154282
YPEL1,0.00010049825632373703
GATA6,0.00010049009094563628
PILRA,0.00010041995698761611
TRIB2,0.00010039191097719098
ZNF835,0.0001002779872718674
SEZ6,0.00010027128680776045
KAT2A,0.00010025919216567595
FAM174B,0.0001002278504372926
PM20D1,0.00010012292505853649
CCDC66,0.00010007957333130564
AZIN1-AS1,0.00010004965195172503
COLQ,0.0001000256994426449
JADE2,0.00010002503670816413
ERMARD,9.995403640734621e-05
ANGPT4,9.981672274143278e-05
RHOBTB3,9.981585900966095e-05
SLC25A18,9.979966863893911e-05
NCKAP5L,9.97980321170965e-05
NKG7,9.959238155686556e-05
GSE1,9.946235409770646e-05
TEX48,9.9454027807466e-05
LRTM1,9.942233637036922e-05
SLC11A2,9.941391108765297e-05
MYCBPAP,9.938369485708781e-05
WDR70,9.935342395471169e-05
ATP6V0E2-AS1,9.928410484143552e-05
PJA2,9.92750316188322e-05
TTC8,9.927386998942239e-05
ZNF444,9.926736093371705e-05
LY86-AS1,9.92029929287789e-05
KRBA2,9.918886727418313e-05
FCN1,9.915514672683279e-05
CASP1,9.907053823082347e-05
ZSCAN16-AS1,9.904593504123511e-05
UPP2,9.904330983786536e-05
POU6F1,9.903165692826284e-05
CCDC196,9.902426521393086e-05
BX284668.5,9.90022317578378e-05
STARD7-AS1,9.899783488300704e-05
BCORL1,9.894759282797231e-05
OLR1,9.894649842542098e-05
HECTD4,9.892981227213843e-05
NBPF1,9.892437219956872e-05
ZRANB2-AS2,9.888324992721275e-05
PCMTD2,9.880282759653725e-05
SEMA6B,9.868049868613505e-05
CATSPERE,9.858128208053422e-05
AP001605.1,9.854743526860214e-05
AP002812.2,9.849048007935842e-05
SLC26A6,9.84630740589817e-05
SHOX2,9.84058781381933e-05
RAPGEF1,9.839735227866726e-05
HCFC2,9.831815786625733e-05
HEATR6,9.828062397870328e-05
MRPL1,9.825537809787004e-05
SEPTIN1,9.818884733157601e-05
ATP1A2,9.81541161364164e-05
PHF14,9.809135057784695e-05
THAP2,9.808157452832728e-05
RILPL2,9.808091000937998e-05
ZBTB1,9.800022212641784e-05
UNC5D,9.7999636403857e-05
ACVR2B,9.798423475889231e-05
CYP1B1-AS1,9.795240438347915e-05
IGIP,9.792706526248601e-05
NDUFA6-DT,9.792232068112853e-05
MIR29B2CHG,9.787406371394987e-05
IGFBP5,9.779681857375725e-05
TRIM61,9.779100840052634e-05
PLGLB1,9.777589637110598e-05
MAP9,9.77744535946909e-05
PRRC2B,9.77540658135431e-05
FIRRE,9.771373089784678e-05
ENOX1,9.7666140141381e-05
GLRX,9.76590212450583e-05
GLCCI1,9.764575346552025e-05
CD2,9.763061377341889e-05
TBC1D8B,9.75978317374221e-05
PAPOLA,9.754093291198575e-05
KIAA1324,9.751222483132838e-05
CCSER2,9.746710993104073e-05
ITFG2,9.746682254981888e-05
PRG2,9.74392938297393e-05
INSR,9.742164672510518e-05
NSMAF,9.740582260969663e-05
EDNRA,9.738937230290591e-05
SGSM1,9.737176542850705e-05
LRRN3,9.733802073755231e-05
FAM189A1,9.719328238634593e-05
CRADD,9.715488980228039e-05
SLC9A5,9.715079995430923e-05
LRP6,9.710687351985e-05
MAFB,9.696422831479833e-05
FBXW4,9.69284903312444e-05
CFAP46,9.692552913698293e-05
SLC47A1,9.691818165094676e-05
TASOR,9.689935301377802e-05
PCTP,9.687647913301362e-05
PBLD,9.683385213138638e-05
GRM7-AS1,9.668036130391469e-05
ATP11C,9.665498273139161e-05
RFPL3S,9.658722066087568e-05
OSGEPL1,9.656716428828672e-05
CCDC126,9.656661917717725e-05
PIK3CD,9.655812977216133e-05
GPNMB,9.652135048161413e-05
CNST,9.651513095499454e-05
ZNF831,9.64707537130502e-05
NKD1,9.642554013312566e-05
HLA-DMB,9.639592987877152e-05
ZAP70,9.63710092892386e-05
RBM6,9.635739643435352e-05
SFRP4,9.635563623386379e-05
MANEA-DT,9.631521060079096e-05
SLC9C2,9.620986500398841e-05
GRAP2,9.616379073060902e-05
NAV2,9.612117519724134e-05
PAM,9.604405224465e-05
MEST,9.59475490770674e-05
ZNF723,9.589904612182631e-05
CPEB2-DT,9.587771051864925e-05
LEF1,9.586261922404349e-05
EPCAM-DT,9.582765793432943e-05
C16orf71,9.569239991464473e-05
SNX16,9.564839462793693e-05
THEM4,9.563302579583191e-05
FADS2,9.554902468181063e-05
PLCB2,9.554409547985314e-05
POLK,9.554179789268393e-05
TBC1D19,9.545543250993028e-05
SPOCK3,9.545309688487642e-05
SHANK3,9.543804000876186e-05
HMG20A,9.540051767848054e-05
USP48,9.539132561120649e-05
APOOL,9.53885318497173e-05
SARM1,9.537116547149861e-05
ASTN2,9.530793405670366e-05
KDM6A,9.520509994670413e-05
SOX2-OT,9.514185237712211e-05
BCKDHB,9.514184772047745e-05
KCNIP3,9.506970797420054e-05
ZMYND11,9.506500543001802e-05
FARS2,9.502226732317216e-05
CLEC10A,9.498475376512079e-05
FLT3,9.493739040150303e-05
DLEU2,9.492536221919389e-05
MIPOL1,9.491820888880759e-05
BTLA,9.490069844847827e-05
DMTF1,9.485047805549192e-05
ARHGEF9,9.483879461835475e-05
RIN3,9.463575234227469e-05
ORMDL1,9.461813197526816e-05
ZBTB20-AS2,9.455561669161197e-05
AKAP6,9.453433366665034e-05
THBS3,9.446892838420995e-05
SAMHD1,9.443595161401088e-05
ZNF248,9.436776672501902e-05
KAT6B,9.43313231425243e-05
RASGRP1,9.43203131872093e-05
AKAP8L,9.423993505652566e-05
ZNF91,9.41911734573137e-05
CDC73,9.417947865352234e-05
TMEM72-AS1,9.413547701126536e-05
FAM78A,9.403590811766588e-05
NALCN,9.40220136875547e-05
DCC,9.40097293364574e-05
TMEM92-AS1,9.399026237886772e-05
Z82188.2,9.3979715842538e-05
CYP4V2,9.397364079698377e-05
LPCAT2,9.396170320444193e-05
HELQ,9.390727676616311e-05
WDR6,9.390155965617253e-05
MTERF4,9.389480101508553e-05
TTC39C-AS1,9.382665863016997e-05
MCAM,9.374643983880106e-05
ZNF793,9.3727606964742e-05
CSPP1,9.371781011885088e-05
LRRC29,9.371764002691945e-05
LSP1,9.371615777425192e-05
DHX57,9.36857257587097e-05
ZNF69,9.363189265116165e-05
SLAMF6,9.359333352297943e-05
TP53INP1,9.358228352026988e-05
TDRP,9.344640508184156e-05
TCEAL3,9.339798222213185e-05
SMIM3,9.33195691401e-05
ACVR1C,9.331130730819513e-05
ARL14EP,9.329068655135697e-05
GACAT3,9.32623742543784e-05
ARHGEF40,9.32600015023028e-05
NAALADL2,9.323602209728609e-05
AF131215.6,9.322844798985526e-05
ACSL1,9.320021791901939e-05
TLR6,9.31883799639907e-05
TMEM249,9.317519258136968e-05
CCSER1,9.31584149935293e-05
CCR5,9.305101376126913e-05
ZSCAN30,9.304936066356742e-05
HELB,9.303704932249238e-05
ACBD6,9.2997585831301e-05
ELP4,9.296384008222949e-05
RIMS2,9.295718805911153e-05
SYNGR1,9.291828883074192e-05
CREG1,9.288880660353742e-05
CSF3R,9.286288275545721e-05
UNC45B,9.284054365447774e-05
CPPED1,9.280881847950135e-05
SMIM8,9.275796319325772e-05
KCNMB1,9.26392102559362e-05
SACS,9.258909108388692e-05
TAGAP,9.256841561758973e-05
MTR,9.254179694529163e-05
NCAM1,9.244202548886667e-05
PLAAT1,9.244176232121049e-05
VGLL4,9.243186429175192e-05
SERHL2,9.238151834749524e-05
C11orf21,9.237377287897952e-05
NCAM2,9.236159236687187e-05
TMLHE,9.228131970503989e-05
ARSK,9.223269722519515e-05
TSPOAP1-AS1,9.221281428080913e-05
QKI,9.219447471084163e-05
SASH3,9.218384252456091e-05
MAP3K21,9.21501646175303e-05
WFDC1,9.210385559460769e-05
MRNIP,9.200340214459023e-05
APOBEC2,9.200012594268902e-05
ACADL,9.196628410425345e-05
FREM1,9.194464080262663e-05
HEPH,9.193032566932379e-05
FLT1,9.192345399417568e-05
LIX1,9.188544451761756e-05
HEXA,9.184456280532799e-05
DIRAS3,9.178111171013139e-05
HSCB,9.177976574317791e-05
SORCS1,9.17283976132579e-05
NDUFV2-AS1,9.170346126839913e-05
RASAL2,9.160361546380696e-05
FGF18,9.156211470877037e-05
CTTNBP2,9.152045833633467e-05
PIK3R6,9.149405350664016e-05
RNF222,9.148908548875151e-05
ZNF10,9.145762510562293e-05
FAM124B,9.136181597340222e-05
RHOQ,9.133656952997865e-05
PIP4P2,9.133293190446938e-05
MAP3K20-AS1,9.127309548951112e-05
ABHD6,9.119899110856579e-05
CLEC19A,9.112152556844284e-05
CCS,9.109658373213084e-05
VENTX,9.10923784303403e-05
LRIG3,9.105728061254292e-05
CPED1,9.104214511279567e-05
CASK,9.100127790854799e-05
SYNRG,9.091915508662097e-05
TEX11,9.07927710741234e-05
CSRP2,9.075104473189794e-05
CSAD,9.071910759534356e-05
MAP4K1,9.060593248257446e-05
C9orf72,9.059223113591938e-05
TCEA2,9.056434571766804e-05
POLI,9.055784611888984e-05
CGREF1,9.053275549452993e-05
GPT2,9.051399536616065e-05
FAM185A,9.048042831519246e-05
BLK,9.033066838969278e-05
HHAT,9.030471376760636e-05
ENPP6,9.030466466064386e-05
PNMA8A,9.026714341035292e-05
GATAD1,9.020220286571384e-05
GPATCH2,9.018012368880664e-05
CUTC,9.012854142555654e-05
ADCY5,9.007382990558794e-05
CD101,9.007074298091796e-05
PSME4,9.004951058926614e-05
OPCML,9.002236782176565e-05
CBX7,9.000334156582319e-05
KCNAB2,8.997688633335536e-05
SELL,8.995096111773319e-05
FAM20C,8.994637429396518e-05
CELF4,8.990182768943281e-05
SLC26A2,8.989128928172327e-05
CDH8,8.985031655634704e-05
NPIPA8,8.984656450967007e-05
HEY1,8.983073840909687e-05
AP000787.1,8.980125479435459e-05
DOCK7,8.97803563340593e-05
CDK18,8.973140447098573e-05
MRAP,8.97205115289754e-05
PCM1,8.960085644925784e-05
SLC27A6,8.959776666980004e-05
MICU2,8.959196051157385e-05
FAM198B-AS1,8.957053791112983e-05
NCF1,8.955307774758577e-05
NIBAN3,8.954441481222195e-05
CA12,8.953415324224772e-05
EGFL7,8.952110547753537e-05
HIF3A,8.951602965230805e-05
SLC49A3,8.941891896839538e-05
IDI1,8.936965024357267e-05
AOAH,8.935898609106543e-05
SLC16A12,8.933761163672159e-05
TNFSF4,8.932389946945143e-05
SPRY3,8.931311216349484e-05
ELP1,8.924693012137396e-05
RNF115,8.921475244754835e-05
AP002370.2,8.921279884115219e-05
MMP23B,8.920484555256783e-05
NLGN2,8.9202226769898e-05
FGF1,8.920185081665929e-05
MS4A14,8.912314960502274e-05
MYO1G,8.911873494449137e-05
GPR34,8.911770748501737e-05
CPD,8.909886628131737e-05
POPDC3,8.909885398462785e-05
ABCC6,8.907102598186396e-05
FBXO15,8.906210061613749e-05
CHSY1,8.903402337196741e-05
APOA1-AS,8.90230899001411e-05
HHEX,8.9012505275927e-05
PROCR,8.898190188651582e-05
BOLL,8.897442933007691e-05
LILRB3,8.896660909327379e-05
LOH12CR2,8.894496019949447e-05
ALKBH3,8.892505437801195e-05
MAP6,8.889047311511354e-05
FAM8A1,8.88441512551008e-05
C5orf56,8.884172561988358e-05
GPR137C,8.883602226995937e-05
HOOK3,8.881457979369856e-05
CNTN5,8.879005879116066e-05
TMEM156,8.876401380855813e-05
LAIR1,8.872490918272416e-05
BTD,8.867285185141919e-05
GNB3,8.862893533285712e-05
XPO4,8.860057226838085e-05
ENPEP,8.854578387163768e-05
OOSP3,8.854052046307313e-05
CCL8,8.853325981884248e-05
ETFDH,8.852746470169508e-05
EML4,8.852634512190255e-05
SAMD14,8.850912979752062e-05
DRAIC,8.839478248005953e-05
NLRP2,8.839246590300247e-05
USH2A,8.833844349994844e-05
BRWD1,8.833716058196094e-05
CU638689.4,8.833081323323424e-05
TENM3,8.830523885010053e-05
ATF7,8.828516056205241e-05
GPR135,8.824970691915276e-05
CXCL10,8.8201035524135e-05
CPO,8.818286784858521e-05
ZNF527,8.815724808275175e-05
RTCA,8.812830900806589e-05
ACAT1,8.811360498189318e-05
PNPLA3,8.800502544339172e-05
BAIAP3,8.800496968344401e-05
RGL1,8.799342512641393e-05
RAI2,8.798188851698646e-05
ESR1,8.798099170513322e-05
KCNJ12,8.797558507063835e-05
GRB10,8.796615538081321e-05
CCNJL,8.795817126892294e-05
WARS2,8.793018517642786e-05
ZNF785,8.785882203822589e-05
TCP10L,8.784785190848953e-05
CDKAL1,8.783460971159018e-05
DIRC3-AS1,8.779908328265808e-05
PAAF1,8.777732890563857e-05
EIF2B3,8.775120076535422e-05
COL5A1,8.772679008007692e-05
ERICH2,8.767815935973259e-05
HLA-DRB5,8.762422154487985e-05
PAN3,8.755357911430399e-05
LRBA,8.755286625544055e-05
TBX21,8.742255373133916e-05
ANAPC10,8.74037498176797e-05
HDX,8.740163436786664e-05
TSPYL5,8.735820475982409e-05
SH2D1B,8.731772093369483e-05
CLHC1,8.730055224511413e-05
KAZN-AS1,8.729380171563751e-05
MYOT,8.728526800749608e-05
STX11,8.726026671098305e-05
HOPX,8.72519862970438e-05
ICA1L,8.724588155353336e-05
PTGER4,8.720081240966991e-05
GAS7,8.719975674579254e-05
BICD1,8.717500259463896e-05
TERF1,8.70271603816037e-05
F11-AS1,8.699792153948549e-05
CTRL,8.693170113675775e-05
LAMA4,8.68749259213721e-05
SPTBN4,8.680297650846174e-05
ADGRA2,8.680203834856078e-05
FBXO9,8.679277240693082e-05
PRNCR1,8.679025417640968e-05
C1orf141,8.677665433412773e-05
TPST1,8.675965448600776e-05
NFIC,8.669446421592795e-05
MIR3659HG,8.656769713561794e-05
RNF125,8.655379323601204e-05
SP140,8.65414837410472e-05
FAM227B,8.650500483314319e-05
GASK1B,8.645078636278916e-05
SLC4A8,8.644530143015726e-05
PRMT7,8.643460315396137e-05
ANKRD24,8.639029720374872e-05
EFCAB6-AS1,8.625469962352253e-05
ARHGEF19,8.624090903940445e-05
PLA2G12A,8.621088128121656e-05
VPS13B,8.618055289950494e-05
PHKA2,8.613368527371195e-05
TRAF3IP2,8.611292994700944e-05
SEC22B,8.603616392535849e-05
FASTKD1,8.598784194245782e-05
FCRL2,8.595425382881829e-05
AP000446.1,8.590708162744889e-05
TRIM58,8.590275272963363e-05
TBC1D1,8.589301031830983e-05
HSPA12B,8.581528805374488e-05
GGT7,8.581306100958404e-05
BMPR1A,8.58017467067262e-05
WBP1,8.577971046041104e-05
ZBTB49,8.577050991873263e-05
NINL,8.576992327322122e-05
GKAP1,8.572710579100341e-05
RAP1GDS1,8.572299608881072e-05
ARRDC5,8.5698771803096e-05
PBX2,8.569156531907965e-05
RNF2,8.568585689384031e-05
CCPG1,8.566921141784743e-05
CCDC169,8.563976667027014e-05
MPP1,8.556957157493855e-05
CSF1,8.556000277413238e-05
ZNF433-AS1,8.551343811780055e-05
ZNF391,8.550751422135421e-05
BTN3A2,8.544171548612042e-05
WEE2-AS1,8.543919422941199e-05
ERG28,8.543171784896169e-05
SEMA6C,8.540860897794374e-05
EPSTI1,8.536987844216733e-05
DMPK,8.530207701075879e-05
PRDM16-DT,8.529530259045802e-05
METAP1D,8.528386719164745e-05
CREBBP,8.523797611968581e-05
GTF2IRD2B,8.520641667592023e-05
SULT1A1,8.518407588357311e-05
CYB5D2,8.514328096841746e-05
ZNF140,8.513961004402898e-05
TMSB15B-AS1,8.512379775022069e-05
RGS22,8.500903396881002e-05
RMST,8.499628101011245e-05
BRAF,8.498060587681491e-05
CD163L1,8.497643586770809e-05
ZNF32,8.496402633452323e-05
NOSTRIN,8.491904907635973e-05
SMAP2,8.489939544286795e-05
MINPP1,8.4879804340661e-05
IDH2,8.482897056638957e-05
NRIP3,8.479984097902005e-05
C1orf127,8.478016397786361e-05
TMEM8B,8.47461210484981e-05
AP001781.1,8.47300392289131e-05
SWT1,8.46523738108426e-05
DUSP22,8.464633828317143e-05
GCA,8.459390115882936e-05
ATG2B,8.455633371731342e-05
WAS,8.454792018104756e-05
EFHD1,8.449171763794024e-05
GPER1,8.441814267288116e-05
PODN,8.439260019790914e-05
ZNF638,8.439210120045127e-05
CYTL1,8.435670256977584e-05
INSRR,8.430385699909784e-05
GPRC5B,8.429792517814878e-05
PHYKPL,8.427035513445389e-05
HADH,8.42010466976511e-05
LIMS1,8.41681518677234e-05
SASH1,8.415661525477531e-05
FBXW11,8.414990700514065e-05
EAF2,8.409450298061846e-05
CETP,8.406631216878879e-05
WDR64,8.401361678736781e-05
CCDC180,8.401065985708299e-05
FAM222A,8.398657934991084e-05
ANKAR,8.397485603668661e-05
DCLK1,8.383329324621256e-05
ZNF566,8.379450416928425e-05
MDN1,8.378343676487953e-05
HLA-DRB1,8.378024520881399e-05
KHDRBS2,8.37502731052343e-05
HCG17,8.374032954020721e-05
ASMT,8.37304589852803e-05
TUBB6,8.365381519573328e-05
ERCC8,8.36387996936095e-05
KIF26A,8.362066193480166e-05
YIPF4,8.360723973064931e-05
ZNF667,8.353381438976317e-05
IKZF3,8.350979695239381e-05
DPP6,8.350397815714787e-05
GIMAP7,8.348887623447674e-05
PPP1R3E,8.348210306524842e-05
KIRREL1,8.345131356091905e-05
TMEM37,8.342871394134238e-05
KANK4,8.342727734211679e-05
PDHB,8.342632909868106e-05
PRKX,8.341311078219278e-05
ZNF454,8.340965780129912e-05
KIAA1549,8.340851647658699e-05
ZMYM4,8.337177828365173e-05
MID1,8.337122986353619e-05
ADAMTS2,8.335086884315001e-05
FN3K,8.325601519390751e-05
RNASEH2B,8.323920836886056e-05
CHST15,8.323449515786105e-05
BX322234.1,8.321419959723839e-05
PGF,8.319375122075886e-05
ZNF790,8.317816481761834e-05
P2RX1,8.312070928053729e-05
ZMIZ1,8.303447080632741e-05
MRI1,8.299371332751835e-05
CCDC192,8.299332907998736e-05
ACAP1,8.299006614688249e-05
MYH3,8.29454322431151e-05
NAALAD2,8.290722718596688e-05
PLPPR2,8.28999926670265e-05
SLC25A12,8.288906095091043e-05
TRMT1L,8.288265363440372e-05
LTBP2,8.285733315878795e-05
NT5DC1,8.280906753617962e-05
F8,8.278366787693969e-05
TGFB3,8.276310500474797e-05
NFKB1,8.271309365439513e-05
PCDH15,8.266944493970982e-05
TEX46,8.262729797759387e-05
ZNF528,8.262657438656913e-05
SFSWAP,8.260093586705894e-05
TESK2,8.254163356516238e-05
ERI3,8.253526626580583e-05
SATB1,8.244512365724315e-05
NUDT6,8.244219865594438e-05
RILPL1,8.24185217004845e-05
RAB30-DT,8.240122417036528e-05
KIAA1324L,8.239820622356327e-05
FLCN,8.23764062407704e-05
CD48,8.237314038080367e-05
HULC,8.23578810261395e-05
SNTG2,8.234286031379907e-05
SLC15A5,8.231209780531999e-05
COL4A6,8.230326266913751e-05
CAMK1,8.22612048285136e-05
SLC25A35,8.224740503983774e-05
PXK,8.22038283600867e-05
ZNF320,8.219965050229437e-05
PRKCQ-AS1,8.219407373472501e-05
AF129075.1,8.217975906605707e-05
CARF,8.212240697949417e-05
BX284668.6,8.210819373021432e-05
SMCO3,8.210687954131617e-05
MGST1,8.210553315357081e-05
CLUL1,8.202638309375628e-05
GRB14,8.20010736417983e-05
RBKS,8.199831554656096e-05
CCDC115,8.19754135516911e-05
GBGT1,8.196976458580461e-05
HTRA4,8.196439258272783e-05
TAPT1-AS1,8.186144607833464e-05
CSMD3,8.181808247173862e-05
ANKDD1A,8.179025950889185e-05
ZIM2,8.172557445140591e-05
KLHL32,8.167898663899347e-05
ZNF461,8.163637547541481e-05
ARHGDIB,8.162559656203696e-05
TMEM220,8.162082605554682e-05
PCAT6,8.158227766022046e-05
ABL2,8.15476372769737e-05
SPANXA2-OT1,8.154193605161596e-05
ACOXL,8.152997853859369e-05
PRDM11,8.149054461768399e-05
SPATA7,8.147804048669353e-05
SUPT20H,8.139386516641889e-05
BTN3A3,8.13927906157428e-05
NID2,8.137931547955e-05
SBSPON,8.136524347286308e-05
AP003170.3,8.131758724860168e-05
ZNF43,8.129048921202273e-05
ARMC9,8.126078106730422e-05
VAV1,8.12548030211945e-05
PDPN,8.123754963546437e-05
KCNMB2-AS1,8.123193055502694e-05
SLC22A6,8.121049956422436e-05
HLA-DQA1,8.116369377028317e-05
TMEFF2,8.115075789867776e-05
TTC33,8.111030062468965e-05
C11orf74,8.110454268126035e-05
ZNF829,8.107588747691184e-05
ASCL2,8.10608291630046e-05
CREM,8.099484326310666e-05
MIR646HG,8.097637130356962e-05
CEP350,8.095488614889661e-05
MIR34AHG,8.091821644785392e-05
SNTB2,8.090193319765618e-05
ZNF607,8.086196667384958e-05
SLC38A6,8.081704330763405e-05
MR1,8.080857567532181e-05
ZNF354C,8.079208668185155e-05
PRPF40B,8.070979322258979e-05
AEBP2,8.069474040902734e-05
ZCCHC14,8.060235931087692e-05
S100PBP,8.05931332146528e-05
TMEM161B,8.055100417894015e-05
MLYCD,8.048647041068857e-05
CAMK2A,8.045393870567486e-05
SPRY4-AS1,8.043522184263452e-05
SMYD2,8.04288837380258e-05
KCTD17,8.042867024483375e-05
POGZ,8.041814188840634e-05
TRIM34,8.04059722693282e-05
EFHC2,8.037471651508706e-05
PARP6,8.029305917027474e-05
GRK5,8.020774637563068e-05
KLHL4,8.000257236857667e-05
EFCAB2,7.996981647914657e-05
TMED8,7.996493870910023e-05
NDUFA5,7.994167756418527e-05
VPS13D,7.992308880567939e-05
CD300A,7.989830317972458e-05
GNPDA2,7.981740578297185e-05
SPPL3,7.977864119661537e-05
FXN,7.97749508297807e-05
NEXMIF,7.976152428252128e-05
ZFP69B,7.974134122560987e-05
C5AR1,7.972156060004005e-05
MCHR2-AS1,7.968277981613701e-05
MEF2B,7.957305463834526e-05
COLEC10,7.952152166973642e-05
PAXIP1-AS2,7.95180564365518e-05
SLC52A1,7.945589359807001e-05
SCFD2,7.941832775034762e-05
ACAT2,7.940853454183218e-05
PTEN,7.940834385466525e-05
ELF2,7.938184314608106e-05
MAP3K4,7.93648232526487e-05
MSRA,7.935510281560163e-05
ZNF630-AS1,7.934167752418786e-05
VANGL2,7.930765161644989e-05
PIK3CD-AS2,7.9305319864918e-05
MLXIP,7.927052108958361e-05
ZNF549,7.923557833934798e-05
VCAM1,7.923326585253618e-05
COL11A2,7.919912379047325e-05
AGO3,7.918874245668966e-05
SSBP2,7.916143347724041e-05
COPS4,7.916099085414706e-05
RELA-DT,7.914638406457787e-05
BCL6,7.913363980477217e-05
THUMPD2,7.91265911345548e-05
ZNF439,7.909155227116133e-05
KCTD15,7.90911898422238e-05
TPTE2,7.90611578398419e-05
LZTFL1,7.906111167428064e-05
JAKMIP2-AS1,7.905718872434541e-05
MME-AS1,7.904858254397616e-05
CD1D,7.902120414565061e-05
AANAT,7.901890153246433e-05
BTBD9,7.897310258000257e-05
TNR,7.895601998530018e-05
ATXN10,7.890558660108446e-05
SCAI,7.886147729507036e-05
METTL3,7.885708604523856e-05
RALGAPA1,7.885395664153666e-05
NPHP3,7.885287286639701e-05
PIK3AP1,7.883364351520999e-05
CD40,7.881617664413366e-05
CPB1,7.880687396613986e-05
GCC2-AS1,7.879687807405537e-05
MCOLN1,7.876196781723982e-05
ZNF680,7.876122945827438e-05
MORC2,7.87343690888073e-05
LILRA6,7.869716079469891e-05
IFRD1,7.86635559918756e-05
ST3GAL5,7.863801410159251e-05
PTPN7,7.861755892135536e-05
RTN4RL2,7.855618257586529e-05
CD27,7.847548438238369e-05
DNAJC6,7.842206789695445e-05
SNX20,7.84001652330321e-05
HAVCR2,7.838288297758257e-05
TBC1D15,7.838167291972009e-05
PHLDB2,7.834489533256135e-05
DENND6A,7.829450473951598e-05
SVOPL,7.827928486280397e-05
ZNF506,7.823316867794789e-05
C5orf67,7.821075396438562e-05
C9orf152,7.816728573311254e-05
PPHLN1,7.816079351877572e-05
SLC2A11,7.81446207492046e-05
BCL11B,7.813669278893916e-05
HSDL2,7.811374093228275e-05
ZIK1,7.80896794425416e-05
TMPRSS5,7.804127220467902e-05
AKT2,7.803806736072376e-05
IGF1,7.803049364266433e-05
P2RY12,7.802420654276044e-05
AP000462.1,7.801784663643768e-05
SPATC1L,7.801093031945791e-05
ZNF414,7.799610212088887e-05
SEMA4D,7.798704390161253e-05
KIZ-AS1,7.791084452384112e-05
PCBP1-AS1,7.790633289329118e-05
ARMC2,7.78522382753867e-05
SEL1L,7.783218386825226e-05
NTN5,7.781268087801805e-05
DOC2A,7.780519031517611e-05
CRISPLD2,7.775630353068372e-05
KRCC1,7.775053910516282e-05
TTC21B,7.773850858495247e-05
XPO7,7.772019533023061e-05
POU5F1B,7.770716223397687e-05
RANBP3L,7.76599740118812e-05
FAM222A-AS1,7.762399411362528e-05
SAMM50,7.759370827460207e-05
TMCC1-AS1,7.757666845287028e-05
SERPING1,7.757023068330928e-05
CUL1,7.756102046960225e-05
FGD3,7.754068324793319e-05
FNDC5,7.751298490726874e-05
RGS12,7.749937855899537e-05
ATXN7L1,7.748973423727335e-05
AGL,7.748204446118137e-05
MIR181A2HG,7.746455702395301e-05
ELMOD1,7.743649646307406e-05
DNAJC28,7.741245499000212e-05
DCTN4,7.738558727225221e-05
ST6GAL2,7.734510081411746e-05
CERS6,7.728517375128866e-05
LCK,7.72840338956019e-05
NAAA,7.720964705468477e-05
ULK1,7.70356136539069e-05
C3orf18,7.702942796573931e-05
MEIKIN,7.700455252483666e-05
ADAMTS3,7.700149075784516e-05
CCR1,7.699348003767354e-05
SYNPR-AS1,7.698965188181164e-05
SLFN11,7.698919265867665e-05
POLR2A,7.698053691567275e-05
LY9,7.696396001878749e-05
FAM149A,7.691778002233437e-05
TET2,7.690311736944712e-05
RAF1,7.68918102754638e-05
PI4K2A,7.68077120370039e-05
CRYBA1,7.679003643960699e-05
PRKCG,7.676058940337196e-05
GPAT2,7.674225698407395e-05
CTNND2,7.672286190778707e-05
NR2F1-AS1,7.667228438428846e-05
DIP2C,7.663457265007069e-05
FADS6,7.6608340539807e-05
TMEM255B,7.65881584954953e-05
SCN2A,7.653799611508784e-05
FLVCR1-DT,7.65366822007786e-05
SMO,7.650469533856572e-05
COL4A2,7.649669865181887e-05
NELL2,7.645447613919361e-05
ZNF850,7.643362655698851e-05
CA11,7.64197938726165e-05
ZNF546,7.639893371280023e-05
ZNF740,7.635650968926674e-05
LEKR1,7.632389537997015e-05
PXN-AS1,7.631050272210164e-05
KCNJ8,7.627099693756259e-05
RPAIN,7.626931711180614e-05
GPR160,7.62687210133539e-05
DEC1,7.621883864889887e-05
FSD1,7.616021408165422e-05
RASIP1,7.608760957624867e-05
ZNF304,7.60543178336679e-05
DNAH1,7.601733946572189e-05
MRPS9,7.60078213812122e-05
STARD9,7.597868477823876e-05
CARD18,7.59312286392804e-05
ZNF814,7.585255883124222e-05
ACPP,7.583152213978068e-05
INPP4A,7.5816463472705e-05
PLEKHM3,7.581474792661016e-05
RABL2A,7.579351859800674e-05
LAPTM5,7.573176934116736e-05
CBFB,7.570949485525808e-05
TMEM14B,7.570133796755647e-05
SLC19A2,7.567304047709152e-05
MECOM,7.558621320453045e-05
ANGEL1,7.557160358679851e-05
GBP2,7.5547947980503e-05
EDA2R,7.552361309456241e-05
SHMT1,7.546455953638306e-05
DIPK1A,7.545465536822144e-05
HMGN5,7.543444981411912e-05
HPF1,7.538763700318021e-05
RP1,7.536550107597098e-05
HNMT,7.533241820857465e-05
STON1-GTF2A1L,7.525811636029894e-05
ITFG1,7.523038560768021e-05
TATDN3,7.522136355977493e-05
L3MBTL4,7.521842227869473e-05
REEP2,7.51041286995873e-05
KIDINS220,7.504119131599706e-05
MYOM2,7.50110170351226e-05
GVQW3,7.499333751703787e-05
LGALS2,7.49574401845322e-05
GPLD1,7.495668719042375e-05
RASSF10-DT,7.488827063140366e-05
FMO4,7.487154912305566e-05
KHDRBS3,7.485346210291631e-05
JAM2,7.482235666490645e-05
LANCL1-AS1,7.480723516247416e-05
CLASP1,7.480335347816328e-05
SCARF1,7.478979454002126e-05
ACSS3,7.47863170376028e-05
CCND3,7.473064021362088e-05
ACCS,7.472370293554951e-05
BTBD8,7.46905691574235e-05
APOBEC3F,7.467075908469833e-05
SPRY1,7.465043131252336e-05
COX20,7.462438475521455e-05
TRAPPC6B,7.462359156992166e-05
CERCAM,7.461610548585926e-05
TDRD10,7.459134805688944e-05
CD6,7.456950586643554e-05
NUBP1,7.455479266617988e-05
STX17-AS1,7.449324784835452e-05
EPHX1,7.448276936942915e-05
PDE2A,7.442370576980665e-05
MAP3K10,7.437076658085395e-05
LRGUK,7.436445661352804e-05
RRAGB,7.436161770928685e-05
SSPN,7.429822664751842e-05
BCOR,7.421002011747185e-05
TRIM73,7.42095289363708e-05
GNPTAB,7.419363232659653e-05
CD200,7.418214750674217e-05
CCER2,7.416135534933528e-05
PAPPA2,7.413227855135691e-05
AKT3-IT1,7.407419730133836e-05
GFRA1,7.404427018133002e-05
ZSCAN18,7.404013376034956e-05
WASF3-AS1,7.401154178389111e-05
EXOG,7.397813324627858e-05
NPRL2,7.397542420932921e-05
CCDC170,7.396419333338625e-05
PPP4R2,7.396239332854097e-05
TMEM132C,7.39588664133251e-05
MRVI1-AS1,7.395195264091836e-05
SMARCD3,7.391262912778644e-05
TMSB15B,7.390122608729485e-05
MUCL1,7.385763874189821e-05
EPG5,7.38144647222785e-05
PRKAR2B,7.380178024533941e-05
ATRX,7.37789502633942e-05
C6orf62,7.375165432313058e-05
PSPN,7.375084829149716e-05
RXFP1,7.374430397672521e-05
ZC2HC1A,7.374299251255156e-05
NRARP,7.373653919156202e-05
HEYL,7.373232627413681e-05
KDM2B-DT,7.371798804410946e-05
GLIS2,7.369131781972946e-05
GUCY1A2,7.36477732746436e-05
FGF11,7.363059217171622e-05
SEC24B-AS1,7.362831570324426e-05
EPHX2,7.361894420698415e-05
SLC13A4,7.361740366687469e-05
CSGALNACT2,7.357154258488718e-05
ALKBH3-AS1,7.355576666895732e-05
CACNA2D3,7.354696269944012e-05
LTA4H,7.344036935661093e-05
FBXL18,7.342193523510429e-05
TCEAL1,7.33173336972138e-05
LYPLAL1-DT,7.331259788893256e-05
AP005482.1,7.328810006049869e-05
GOPC,7.31997952378021e-05
PHKA2-AS1,7.31616448608862e-05
MOXD1,7.315269922798426e-05
GJA1,7.314938866147585e-05
MGAT4A,7.313219076309726e-05
CTSO,7.313012903502499e-05
CD244,7.312915600217339e-05
AP001469.3,7.312429848979882e-05
MGAM,7.311931120361244e-05
CFAP157,7.309589449243884e-05
ZNF688,7.306685966678862e-05
RYR3,7.306073281021618e-05
AP000547.3,7.300449757408787e-05
ZNF337,7.298314406572605e-05
MAN2A1,7.297668595974551e-05
HERC6,7.296931495054934e-05
B4GALT6,7.2881726869553e-05
EDA,7.284628528834907e-05
ZCCHC4,7.284363336642954e-05
IGSF21,7.284174513215731e-05
OCEL1,7.284052449077369e-05
SETDB1,7.283360009963674e-05
HBP1,7.282652613237016e-05
LCN12,7.282349977618778e-05
GALC,7.278268485258132e-05
ZNF445,7.278157597218272e-05
TEX26-AS1,7.276856068305403e-05
PKDCC,7.276778220125456e-05
ZBTB37,7.276748881130413e-05
COX18,7.276540926065591e-05
GPD1L,7.270364961743398e-05
ARIH1,7.267958223293899e-05
TMSB15B.1,7.265255635268377e-05
RASSF5,7.257561144762844e-05
AMT,7.256455817149276e-05
GASK1A,7.254222994859907e-05
PRPF39,7.244589685837237e-05
MEG8,7.242944453912024e-05
ITGB2,7.24139960583975e-05
GSTM3,7.228483616675517e-05
MRPS31,7.227548260264359e-05
WDR59,7.226070067930508e-05
RARB,7.222607112983336e-05
CISD2,7.222078225808952e-05
ZNF720,7.212981927795043e-05
GOLGA8B,7.211926858885277e-05
MME,7.211438033506387e-05
HSPBAP1,7.208759028588849e-05
SH3BP5,7.206403342027477e-05
CDKL3,7.203445189662107e-05
DPF3,7.200015217682731e-05
HGSNAT,7.198296403755171e-05
NR4A1,7.192368287194673e-05
SLC15A2,7.19055164072956e-05
VAT1L,7.189161387229437e-05
ZNF557,7.184959150151191e-05
ARFGAP3,7.184686634717065e-05
HDAC7,7.180433925940417e-05
RORC,7.179595217119504e-05
ATXN7,7.178868410983832e-05
TMEM64,7.178638274369047e-05
CREBZF,7.176127088454504e-05
EXOSC1,7.173293939971689e-05
GNB5,7.169143599978508e-05
CMTM7,7.167355257311098e-05
RAD51-AS1,7.166868298607627e-05
TEAD1,7.16555707661939e-05
PDGFRL,7.164875981272812e-05
RNF13,7.159814448275268e-05
KREMEN1,7.156581039663562e-05
PTS,7.154658933264953e-05
JAKMIP3,7.152636590060337e-05
UNKL,7.143537810487091e-05
CNN3,7.141176786293246e-05
WNT10B,7.133988017732901e-05
TRIM23,7.133418463858326e-05
PALD1,7.132518326771747e-05
KIFAP3,7.131087273210462e-05
SIRT5,7.130865094439137e-05
CLEC9A,7.123249368402497e-05
URI1,7.122654721066073e-05
SLCO2B1,7.122362702673909e-05
EFEMP2,7.12219537680618e-05
IRGM,7.119174104175327e-05
UNC50,7.118439270798962e-05
AP002807.1,7.112645215628452e-05
FNDC3A,7.110911678479196e-05
TAS2R19,7.106681592023701e-05
CD3G,7.104631180300576e-05
P2RY11,7.104244170909237e-05
PANK1,7.101429243596064e-05
SRP14-AS1,7.101095823929888e-05
NBPF26,7.100915669928413e-05
PPP2R2C,7.098178697020826e-05
PRDM1,7.094095133110205e-05
BMPER,7.09148495678492e-05
TMEM260,7.090441173160863e-05
GRM3,7.089332939943499e-05
PPM1K,7.088724429261157e-05
GSAP,7.086989592881672e-05
C19orf12,7.084935901345036e-05
NCF4-AS1,7.08452851056861e-05
MBIP,7.084310747101921e-05
VSIG10,7.083754221916402e-05
ADPRM,7.076548391388083e-05
SLC22A15,7.0737710388589e-05
SMG8,7.072958427954501e-05
JPX,7.071350655443922e-05
TMEM236,7.069793024712741e-05
DTWD1,7.066626713343459e-05
GARS-DT,7.063678608051254e-05
PPWD1,7.058091732858822e-05
LINGO2,7.058020693392008e-05
IFT122,7.05321420824329e-05
YTHDC2,7.050476922733243e-05
DZIP1L,7.049101068217869e-05
NR2F2,7.046668030353788e-05
MIR217HG,7.044815411838635e-05
GIT2,7.041708163819553e-05
PKD1L1,7.038438438718102e-05
CAMKMT,7.037833934543281e-05
PTGS1,7.030810252301676e-05
MPP7,7.030449756932717e-05
KPNA5,7.030282952599605e-05
ISLR2,7.028437703513263e-05
ST3GAL2,7.027246314437929e-05
HPN-AS1,7.027195681494827e-05
FCGR1A,7.026233830588102e-05
KIF9-AS1,7.02592391203447e-05
KHDC1,7.022997600025283e-05
A2ML1,7.019574352885327e-05
PNPLA1,7.018610775561927e-05
KCNK17,7.016135162519045e-05
NISCH,7.013403523532639e-05
CHD8,7.012696929288223e-05
NXPE3,7.012290547055291e-05
FBLN7,7.005144135642963e-05
GAS1,7.004834200120783e-05
POU6F2-AS2,7.003414348428052e-05
PKLR,7.00197458795369e-05
CD22,6.998031506059541e-05
BCAT2,6.993701959022674e-05
FILNC1,6.99338324240617e-05
COL4A1,6.99326356826201e-05
LIN28B,6.993006859047204e-05
AP001627.1,6.991535867519192e-05
TSPYL4,6.989790490173254e-05
TRO,6.98820988217536e-05
SNPH,6.986965459939698e-05
CCDC63,6.981617030568761e-05
RNPC3,6.980789611862626e-05
CCDC69,6.979301691666176e-05
NNMT,6.97926340582643e-05
AP001442.1,6.977383194163979e-05
HTR7,6.976398953626727e-05
FOXP1-IT1,6.974023276799508e-05
KLF3-AS1,6.97392633056541e-05
SLC16A2,6.97241449903901e-05
NSUN7,6.967189993428297e-05
NPHS1,6.965996218356697e-05
IL33,6.955525226101677e-05
CPNE9,6.954601981159564e-05
ORAI3,6.94442424055002e-05
RGL3,6.941556221802826e-05
SEMA3F,6.940061627837513e-05
SAP30L,6.939942449794799e-05
HSF2,6.939845235011916e-05
ENC1,6.937371870354255e-05
CUEDC2,6.936831258568542e-05
GATD3B,6.936763045803252e-05
ZNF805,6.932115918607557e-05
CPEB1,6.931934301168181e-05
AP003110.1,6.931703372700735e-05
SLC35G2,6.931205099008981e-05
TAL1,6.927226975082802e-05
ZDHHC15,6.927133191544766e-05
C9orf147,6.926871428113183e-05
SLC40A1,6.926853720164568e-05
RAB40A,6.92562338785978e-05
ADGRG5,6.924037593247456e-05
CCR6,6.923832462729854e-05
VASH2,6.919551023250877e-05
BET1,6.919436266842379e-05
GRK7,6.918060837039808e-05
FHOD1,6.917402772763239e-05
ZBED8,6.913809045587615e-05
LIMCH1,6.912634508745594e-05
ZNF714,6.91124779134765e-05
PAMR1,6.908092528050567e-05
MIR4500HG,6.907786612192321e-05
PSMA1,6.907010706335399e-05
FAM53C,6.905617142763599e-05
PTPRO,6.904518809178588e-05
RCL1,6.904047393721174e-05
ZNF711,6.90093741816905e-05
PCCA-DT,6.89867992025964e-05
NPIPA1,6.894156157434051e-05
SNX18,6.886217612010123e-05
AFAP1L1,6.885747833013567e-05
SLCO5A1,6.883473936853485e-05
INVS,6.883318149085657e-05
BAALC-AS1,6.880642212491287e-05
AK9,6.87785800980255e-05
GNS,6.874754137662402e-05
ERMP1,6.868365868066452e-05
ING4,6.864520278297016e-05
GPR143,6.862081835524649e-05
ZBTB20-AS4,6.853866946273125e-05
NUDT4,6.850488127619872e-05
SIPA1L2,6.849122916922062e-05
MATN2,6.848091282803394e-05
C15orf41,6.846913202768226e-05
INTS6L,6.846025019259673e-05
CDK19,6.845122387306364e-05
TAF4B,6.845063933011702e-05
SH3BGR,6.844207505893093e-05
SHF,6.84296841397547e-05
DBN1,6.841782902335659e-05
TBC1D9,6.839839495809766e-05
RAB37,6.837748334421169e-05
FRMD4B,6.836801472855475e-05
TRAPPC11,6.835449382896691e-05
NARS2,6.83467516016368e-05
RAVER2,6.833344739192194e-05
RET,6.832966303619755e-05
TMCO2,6.828245160630854e-05
CPA4,6.819407563017331e-05
HIGD1C,6.819257327369619e-05
GPC3,6.818779821730869e-05
SLC4A5,6.815785561512495e-05
DBH-AS1,6.81509890653388e-05
CEP68,6.813929372086853e-05
FKBP7,6.812738332020156e-05
GABPB1-AS1,6.81240178111183e-05
FMNL2,6.811170378105463e-05
SMARCAL1,6.811075259706374e-05
PCSK1,6.80726145210468e-05
TCN2,6.806401030138449e-05
SCML4,6.800453612873086e-05
PPP1R3A,6.80020190807749e-05
AIG1,6.799005690778823e-05
A2M,6.798567966994325e-05
C1orf56,6.796505621430344e-05
RAB5A,6.794723634112634e-05
TGFB1,6.794117057470762e-05
ZBTB44-DT,6.792862088546663e-05
FLYWCH2,6.792552455133439e-05
BFSP2,6.79113168931445e-05
GLIS1,6.787821040385373e-05
TGIF2,6.786493044863754e-05
CACNA1A,6.785091753529955e-05
MAMDC2-AS1,6.784850098908456e-05
SERINC5,6.778602438713091e-05
FAM78B,6.775799464870362e-05
ZNF45,6.775373861331966e-05
LDHB,6.775180125533122e-05
FRMD6,6.772117306423829e-05
ADGRF3,6.769894100521863e-05
HERC5,6.768902357627178e-05
ACSM1,6.757488620048795e-05
C1QB,6.754478873773141e-05
MINAR1,6.747048843882967e-05
AP000873.2,6.745424298443397e-05
PEBP1,6.744562450189311e-05
LOXL2,6.7443773576276e-05
AP000640.2,6.744087297721008e-05
ASAH2B,6.740341203423722e-05
CCDC40,6.73945628665782e-05
PLEKHF1,6.739272823403954e-05
BRSK1,6.738286670014241e-05
C2,6.737816150155247e-05
ADA,6.735963742003779e-05
ACP5,6.733976733938836e-05
UBTD1,6.733892399297248e-05
JAKMIP2,6.731394705769531e-05
USP44,6.72888467639608e-05
IL21R,6.727840567638466e-05
ISCU,6.722278679029759e-05
CTNNB1,6.718668352392879e-05
ARL5A,6.718158286241791e-05
PDE4A,6.716757110918463e-05
COL12A1,6.715013763727794e-05
FPGT,6.712524147034954e-05
SMARCAD1,6.71055148310372e-05
TSC22D1-AS1,6.710391650209345e-05
ZC3HC1,6.708482220663517e-05
PTPRG-AS1,6.701640171380126e-05
TBCE.1,6.70008435498361e-05
CACNG3,6.697827653108828e-05
ZNF584,6.694010489390666e-05
YLPM1,6.693011637854243e-05
SPECC1L,6.691597447803602e-05
SNAPC3,6.690539571571834e-05
PPFIBP2,6.688618171095642e-05
ZNF41,6.681373547116964e-05
RFC3,6.680481337403558e-05
AP000873.4,6.679689078053308e-05
KCNMB2,6.676895133723019e-05
SLC46A1,6.676874360445294e-05
Z83844.2,6.675524871150891e-05
FRRS1L,6.674780661693915e-05
SKAP1-AS1,6.671742015321516e-05
EFCAB5,6.671714660780897e-05
NRIR,6.671111631697838e-05
DTX3,6.669346282966979e-05
PTP4A3,6.669330549476976e-05
ZNF875,6.668631691754828e-05
AKR1C8P,6.668368353433348e-05
MYLIP,6.668338513959208e-05
UBASH3A,6.667143864777934e-05
AKAP9,6.666458669154154e-05
RNF122,6.666195679856706e-05
KIAA0355,6.661685387999994e-05
PARP16,6.65841356770003e-05
ZC4H2,6.65599547730329e-05
RGS16,6.65295802694556e-05
GRIA4,6.649797933293557e-05
KLHL22,6.649362416139142e-05
STAT2,6.63801545362006e-05
AP001267.2,6.637831183135365e-05
ZNF219,6.636319216655593e-05
HELZ,6.635466359778102e-05
LRRC74B,6.63148561031074e-05
WAKMAR2,6.629559566911793e-05
GRIA2,6.627230519708262e-05
NSL1,6.626776704990269e-05
SEC14L1,6.625391858859538e-05
MARCH8,6.624605227218043e-05
CERS4,6.617987024908721e-05
APBB3,6.617520718907153e-05
ACAP2,6.614822422272652e-05
CARS2,6.614557199741703e-05
SPDYE16,6.61257631638991e-05
DIPK2B,6.611326005682857e-05
FST,6.610943621202837e-05
ZNF827,6.610422627274513e-05
CYP51A1,6.609251352044207e-05
SNAP25,6.60802534290639e-05
TNPO2,6.606529255839027e-05
AAK1,6.603072628938977e-05
FAM13A,6.601085798075613e-05
SMAD1,6.599764971354152e-05
SLC25A28,6.59871888126862e-05
KLHL42,6.596373955575682e-05
GARNL3,6.59582006712191e-05
PLA2G2A,6.593989766508576e-05
FAM221A,6.593304841153694e-05
ATG14,6.592827683807735e-05
ZNF582-AS1,6.588065530568146e-05
SEMA6A-AS1,6.582691030142883e-05
THADA,6.580245765878061e-05
CTBP1-DT,6.576082219902077e-05
AP1S2,6.5637014289589e-05
CNTD2,6.56348512090478e-05
CRTC1,6.558259475499461e-05
KLHDC10,6.558200917991286e-05
FGL2,6.552752019286689e-05
LRRN4CL,6.548851272662358e-05
KIAA1109,6.548654771188541e-05
IMPG1,6.548333900569814e-05
TENT4B,6.546898266734943e-05
COL23A1,6.544381767543167e-05
ZNF503-AS2,6.542965014725649e-05
TMEM202-AS1,6.536823398433405e-05
AF117829.1,6.531674023147159e-05
C5orf63,6.529599130143345e-05
ASXL1,6.524222610240576e-05
EIF2AK4,6.522868390536877e-05
GABPB1-IT1,6.52112723611579e-05
SHISA4,6.51873138253186e-05
SRSF6,6.51757172746745e-05
CIB2,6.515086991145008e-05
TYW1,6.512324059721643e-05
PIGB,6.510865972298558e-05
LTBP1,6.510370070889862e-05
DPYD-AS1,6.510272417995007e-05
KCNK12,6.50919601616444e-05
BCO2,6.507768141877122e-05
LMF1,6.507313681929006e-05
C11orf71,6.504891596951983e-05
FBN1,6.504866299272993e-05
COG5,6.500816599900809e-05
DHX40,6.500504187271583e-05
GALNT11,6.495363357377252e-05
BORCS8,6.495067927564737e-05
ZNF503,6.494525485542882e-05
CWC27,6.489951634405873e-05
APPL1,6.488706809590713e-05
KCNK4,6.48596660737604e-05
OCIAD1,6.484679364347903e-05
PLA2G4A,6.484169142560716e-05
CATSPERD,6.482664248994286e-05
EYS,6.47967268583143e-05
TMEM168,6.477603209921659e-05
TRMT13,6.47561576719306e-05
FAM120C,6.473588335431828e-05
AP000345.2,6.472921239963419e-05
EPOR,6.471598666586337e-05
SAP25,6.468946359999616e-05
TMEM119,6.468569235832708e-05
KCTD12,6.466729523110001e-05
CELF5,6.462613265872442e-05
SYT17,6.461912165765173e-05
ROS1,6.460289488830411e-05
STIM2,6.459718592034596e-05
FYB1,6.459142716434835e-05
TRIM9,6.458124043049528e-05
KATNAL1,6.458092929722257e-05
COL16A1,6.457299367710421e-05
UBA3,6.45681764032213e-05
ACTR6,6.454949190261568e-05
METTL25,6.453417256328014e-05
AMPH,6.45225616772069e-05
LMCD1,6.450028781706944e-05
NOTCH4,6.449843729946979e-05
CHMP6,6.449040717624548e-05
PLVAP,6.447061983331254e-05
ZNF350,6.446861574909407e-05
PLIN2,6.444971807792269e-05
C1QTNF6,6.44362883243606e-05
PPP1R21,6.442702497825995e-05
BRDT,6.441219933961173e-05
MAN1A2,6.440623433832544e-05
TTLL11,6.439616267663849e-05
SLC25A42,6.438263303122451e-05
ADARB1,6.434901021364696e-05
FAM156A,6.43333765284158e-05
RNASEH2B-AS1,6.43195152330721e-05
SYCP3,6.431763685556282e-05
KLHL28,6.431704626804136e-05
ZDHHC21,6.430436836021787e-05
ZNF347,6.430009792035831e-05
C21orf91,6.429855913147174e-05
SMAD6,6.428462327904373e-05
SLC38A4,6.428369061665137e-05
TGFB2,6.42751925850308e-05
ARMC10,6.425090110049769e-05
RBM14,6.425042436420266e-05
LDB1,6.423478412153183e-05
ZFHX4-AS1,6.421687052534557e-05
SLC9A3,6.421132918154647e-05
C22orf34,6.42017780986572e-05
KCNG3,6.419148833164131e-05
LEF1-AS1,6.418686653050893e-05
STX17,6.41678682536778e-05
CD27-AS1,6.415708788390297e-05
BMP2K,6.411373176679707e-05
CCDC85A,6.406982341912284e-05
FZD4-DT,6.405482886586152e-05
GPX3,6.40317717103012e-05
TMX4,6.400089287140249e-05
STIM1,6.39996339348378e-05
FADS3,6.399838490191676e-05
GHRL,6.396528765424897e-05
FAM214A,6.395829383910856e-05
LRRIQ1,6.394231006930394e-05
SRP54,6.392689423577818e-05
CACNA2D2,6.390038042152582e-05
ERVW-1,6.38962022672202e-05
SLC9A3-AS1,6.38886630662682e-05
KLHL8,6.387362278870765e-05
SCN11A,6.387016154578231e-05
KBTBD6,6.385127338248902e-05
TRMO,6.38407487104631e-05
NBPF9,6.382620670962357e-05
PDE4DIP,6.379222899352019e-05
CDH13,6.37833875959302e-05
BX842570.1,6.377980918660574e-05
RGS1,6.375754478109653e-05
FBXO27,6.374758748258584e-05
DUOX1,6.371373607918544e-05
ASXL2,6.366723488612986e-05
SEMA4C,6.362509495277657e-05
GRIN2C,6.362304084003313e-05
FKTN,6.362297445949012e-05
KCNJ3,6.360583310658349e-05
MRS2,6.355613203518346e-05
TLR4,6.348026089048736e-05
STC2,6.341943522146637e-05
TBL1X,6.341039580179563e-05
ANKRD26,6.340210992727946e-05
SMARCA2,6.33958429374427e-05
JPH2,6.336022015213412e-05
OGT,6.335769212380683e-05
MUC16,6.334184230709118e-05
PHLPP2,6.333303465248584e-05
PLA1A,6.33094098788366e-05
HDHD5-AS1,6.328956955522371e-05
TAFA2,6.327976464134592e-05
HSD17B7,6.324938779404566e-05
FAM228A,6.324909806160844e-05
RBMS3-AS2,6.324560040121492e-05
LZTS1,6.322106905225726e-05
SCARA5,6.315607936713955e-05
SH3YL1,6.315308527585304e-05
TRABD2A,6.314569334907065e-05
GXYLT2,6.312287584603677e-05
ACKR3,6.310131475136225e-05
PPARGC1B,6.308673818211321e-05
ATG10,6.308474483917373e-05
B4GALNT1,6.306618464789009e-05
SON,6.305877164714086e-05
C1QC,6.303607834127688e-05
MAP3K2,6.302297743324749e-05
MTERF2,6.302147145547226e-05
MLLT10,6.30137053327492e-05
MRPS28,6.300706346118129e-05
SLC22A17,6.300461883104505e-05
PRDM16,6.299038761613158e-05
CCDC102A,6.298468395962703e-05
CMC1,6.295648271236216e-05
HTT,6.295445415284491e-05
ZGLP1,6.294776456755034e-05
RYR2,6.294025853267737e-05
PSD3,6.293231612119027e-05
LRRC37B,6.292543997069337e-05
TMC3,6.291568890572822e-05
FNTB,6.28899683838564e-05
HMOX1,6.288249714817812e-05
AAAS,6.288237456722722e-05
ANKMY2,6.286499210544459e-05
ZNF14,6.281040890652578e-05
CCDC110,6.277880016357945e-05
MAGI1-AS1,6.273453013860565e-05
TTPA,6.271940583500013e-05
TMEM120B,6.269392151424259e-05
ZNF329,6.26770408275896e-05
HSD17B14,6.267122221621281e-05
NAA30,6.266414561482145e-05
ZNF652,6.265462045417689e-05
AP003390.1,6.265143679024299e-05
ZNF682,6.265089785488983e-05
BSDC1,6.264853174947936e-05
LNCAROD,6.263963269166492e-05
SMIM11A,6.259807425142703e-05
FMN2,6.257132630318747e-05
HCG25,6.255787948516512e-05
RAB7B,6.255754491284292e-05
RASSF10,6.252967918529432e-05
RCAN1,6.252501757066006e-05
AACS,6.251044182603796e-05
RIPOR1,6.250867783166443e-05
KCNH8,6.249666172050002e-05
HAPLN1,6.249289399534104e-05
UBE2D1,6.245928477240789e-05
MIGA1,6.245165675602821e-05
GPR176,6.24396290204442e-05
ERICH1,6.243735479500074e-05
SLC2A7,6.24124684547786e-05
ALOX12B,6.240669584902358e-05
HLX-AS1,6.240621993159657e-05
UGT2B4,6.239102136732269e-05
IGDCC4,6.234780162747022e-05
ZNF75D,6.23187621435948e-05
SLC2A6,6.228608407730432e-05
FRYL,6.227057413180953e-05
EBPL,6.226872795221745e-05
PLIN4,6.225992558840327e-05
SCMH1,6.22423534847739e-05
ZNF699,6.223972560467895e-05
EPHA6,6.222028316010854e-05
STK32A-AS1,6.21907050543297e-05
PIGZ,6.218397283804643e-05
RBM33,6.218375246005655e-05
RNF38,6.217944238681257e-05
NAA38,6.217886942083616e-05
ESAM,6.217339330227442e-05
AP003778.1,6.215371698042456e-05
GCDH,6.215105697917456e-05
SLC35B4,6.214684411734239e-05
TMEM8A,6.210789470758426e-05
LAT,6.20839022603701e-05
TCAF1,6.203733235425003e-05
SCIMP,6.201093025305515e-05
PPP1R1B,6.200236626426425e-05
DTWD2,6.200205399266676e-05
SLC30A7,6.197983770199113e-05
SWAP70,6.194675697883645e-05
ZBTB11-AS1,6.193313508464332e-05
NPHP3-AS1,6.189791732709048e-05
CD47,6.188919530314733e-05
TCHP,6.18875931540772e-05
BEND7,6.185520057569602e-05
PPP2R2B,6.184077176383973e-05
CS,6.180576932292577e-05
FKBP3,6.179108169921158e-05
ZNF33B,6.178111145847028e-05
ZNF721,6.176880219777268e-05
MACROD2-AS1,6.174308336246214e-05
STXBP1,6.161388881572558e-05
UBOX5-AS1,6.160343228740611e-05
USP53,6.159472365530031e-05
BPI,6.158311568724084e-05
PALM3,6.156736857005259e-05
SH2B1,6.156728185386946e-05
TDRKH,6.156499787345059e-05
ZNF644,6.150608531339645e-05
CD302,6.149006723192534e-05
ARHGEF12,6.147850399563194e-05
PCDHB16,6.147632269278507e-05
GTF2IRD2,6.147619889758542e-05
A4GALT,6.136943688909425e-05
FHL5,6.136717927973839e-05
SCRN2,6.133775042520705e-05
ZNF561-AS1,6.132276632572523e-05
MLXIPL,6.128760494993106e-05
TMEM97,6.122096830757469e-05
SIRT3,6.12149094664949e-05
VWA5A,6.121379597489178e-05
NBPF12,6.11844612279628e-05
APPBP2,6.118186218982535e-05
TARSL2,6.117333634939257e-05
DZIP3,6.115903100340275e-05
ZNF530,6.115400708815101e-05
RARS2,6.112727921444148e-05
SMIM10,6.108635644390676e-05
NXPE1,6.108432275244329e-05
PIBF1,6.106538610084201e-05
NDNF,6.105174987453902e-05
SMIM17,6.103218901225789e-05
BTBD3,6.1000829205582235e-05
TOGARAM1,6.095966068085841e-05
TMEM245,6.092542753072486e-05
CLEC2B,6.089318421575559e-05
LTB,6.089221937760341e-05
OSCAR,6.0891372031486086e-05
CAMTA1,6.088119838352078e-05
NPDC1,6.087700283096032e-05
TFE3,6.085622642709309e-05
CPXM1,6.085314724439363e-05
KCTD7,6.084540372574345e-05
CCND2-AS1,6.08211592009031e-05
NIFK-AS1,6.082012649448644e-05
SLC36A4,6.081612865765108e-05
RERE-AS1,6.081101861021128e-05
PDCD1LG2,6.078486675459971e-05
IQSEC2,6.077295273866796e-05
SIRPD,6.07653893626128e-05
STK17B,6.0758654069609844e-05
MARK4,6.074782512913223e-05
FOLR2,6.0747347886055825e-05
PKIG,6.0722865538493585e-05
RBP1,6.0716432666499e-05
POMT1,6.071506878189689e-05
TMEM130,6.069613454638196e-05
SHISAL2A,6.065859733547242e-05
CASC2,6.064852106975975e-05
PPP1R9B,6.064759704651554e-05
LENG9,6.063499944612286e-05
CD38,6.062150618449678e-05
DHRS7B,6.0613861819883765e-05
PREP,6.060781423893546e-05
LRAT,6.0542710420186516e-05
SNAP47,6.0540911355674656e-05
CUL2,6.051048241238131e-05
CDH6,6.0478981494987904e-05
WDSUB1,6.045744567627993e-05
C3orf79,6.045331993171346e-05
FAM71F2,6.044589969903884e-05
MCCC2,6.041959556703763e-05
SVEP1,6.0418517467492457e-05
LDB3,6.038643866949059e-05
MRC2,6.0385795575541954e-05
NPAS3,6.038420042198213e-05
MXRA7,6.037237253098365e-05
ALDH5A1,6.0357062698818256e-05
TOGARAM2,6.035610304155213e-05
FBXW10,6.02851864179087e-05
RPIA,6.026816087562625e-05
PWWP2A,6.026156943621078e-05
BABAM2,6.0245017439793455e-05
SERPINI1,6.0210269684885414e-05
UCHL1,6.0198265130520506e-05
ZC3H14,6.018799744032194e-05
BTBD1,6.017512361599592e-05
ZMYM4-AS1,6.0159279222369094e-05
NBPF3,6.0132242891075836e-05
PRKAG2-AS1,6.0130722019902954e-05
INTS6,6.010472604871019e-05
MYH7B,6.010210381941969e-05
NPIPB2,6.009688353950813e-05
CDH23,6.004541222687206e-05
LXN,6.004531352895241e-05
ANKRD28,6.0032877725545806e-05
DCN,6.000508067892537e-05
TWIST1,6.000373196099475e-05
PAIP2,5.9968034085524014e-05
SETD2,5.994132467031069e-05
ABHD8,5.9939860889832074e-05
SPATA32,5.993963646536725e-05
DSTYK,5.99128630407092e-05
UBA7,5.986973843903207e-05
ZNF26,5.982495701350879e-05
TSPAN31,5.979970973324181e-05
RPRD1A,5.976325941227503e-05
COPA,5.975996925453455e-05
ZNF223,5.9724619827553716e-05
SUSD6,5.9720657200017894e-05
DCAF8,5.97085020269375e-05
SRBD1,5.9653134779929716e-05
ZNF667-AS1,5.9612375277404344e-05
TYROBP,5.9599976261154664e-05
TMEM161B-AS1,5.9554528907673666e-05
SLC45A2,5.9537724825359505e-05
USP50,5.953289385290836e-05
LIX1-AS1,5.9520074796091805e-05
FAM163A,5.951446981103434e-05
CDH2,5.9513318677506974e-05
LRRIQ3,5.949300258584304e-05
HEXD,5.9485318984595225e-05
CR1L,5.9481951084209424e-05
ZNF677,5.9415460382435726e-05
OTUD7A,5.9392176624291395e-05
ANKRD30BL,5.938698695640659e-05
SARAF,5.9380421890307226e-05
FAAH2,5.937745281108871e-05
TBC1D14,5.93734296420161e-05
PFKFB4,5.9349688342730705e-05
C3orf14,5.932615278331284e-05
EPC1,5.932452143806947e-05
TGM1,5.932192440377159e-05
RGS17,5.929062531586526e-05
REEP1,5.927373334670111e-05
TRAT1,5.9255092583726284e-05
AGER,5.9246034662828145e-05
TDRD12,5.9238443394147235e-05
FXYD2,5.920880044591031e-05
UAP1L1,5.920713312315767e-05
TRPC3,5.917991600840353e-05
MTHFD2L,5.9173151448506985e-05
ACADSB,5.915519765404741e-05
ARHGAP30,5.913738666407941e-05
TRAC,5.9127991592652754e-05
NRG3,5.9124365818129476e-05
SEMA6A-AS2,5.9105754816469695e-05
CLN5,5.902541339632276e-05
SNX2,5.9013114996547196e-05
ZNF583,5.8994084517373526e-05
TOP1MT,5.897696967736883e-05
NOL3,5.897535182839283e-05
PLGLB2,5.894551479770418e-05
RALY-AS1,5.892457202295565e-05
TDO2,5.891948417650334e-05
SLC9B2,5.891883173037624e-05
IL17D,5.885412565762732e-05
ZNF19,5.8847023891155026e-05
EPM2A,5.883291706618796e-05
TGFB1I1,5.8783635882153725e-05
KCNJ2,5.878335421342275e-05
GNLY,5.876339052374627e-05
MTMR3,5.875528448671083e-05
PNISR,5.874527658882902e-05
STX6,5.871345228405619e-05
SLC8A1-AS1,5.869581636856176e-05
TMEM50B,5.868729473880478e-05
ZFP37,5.867907159250328e-05
ACLY,5.867021048304849e-05
AP001469.1,5.865653481017208e-05
DACT1,5.864980185209079e-05
INTS6-AS1,5.8645553587059296e-05
KLRK1,5.862235212231963e-05
GYG2,5.8620730839784895e-05
ZFYVE16,5.861615068774953e-05
CXorf58,5.861116178590128e-05
CRB2,5.8584641217805036e-05
PLPP7,5.858201084200273e-05
SYT15,5.8580561038779085e-05
RAB3C,5.85586047204539e-05
METTL15,5.853975458272407e-05
EVI2A,5.852472872595528e-05
PXYLP1,5.8480283106848534e-05
NXF1,5.8462838609669266e-05
U47924.3,5.8450353229912074e-05
LIN28B-AS1,5.8446721252424974e-05
CIDEB,5.8446312111676763e-05
RASSF3,5.8424312168300915e-05
PCDHGA8,5.8421111796133666e-05
ZNF117,5.8416178731710575e-05
TTC23L,5.8410551341808266e-05
ANKRD10,5.840289411978067e-05
MFSD1,5.8388097228871246e-05
SOX10,5.838465957766135e-05
KCNQ2,5.838377382947052e-05
SSBP3,5.837719193821388e-05
JMY,5.836276293506027e-05
MSANTD2,5.8342982406724416e-05
LRRTM2,5.832019661356345e-05
KRBA1,5.831961450381508e-05
CCBE1,5.83146306774307e-05
TGFBR1,5.831339227650308e-05
MYOCD,5.828086996656563e-05
CXXC1,5.8276124532861815e-05
BAALC,5.8235816526216e-05
TSHZ1,5.819225652437858e-05
PGM1,5.817503503797703e-05
CPB2-AS1,5.8174268184692894e-05
OLFML2B,5.815684963138173e-05
ZNF507,5.815468307392231e-05
KIAA0895L,5.813870893291421e-05
SLC22A4,5.812301474751689e-05
PAXBP1-AS1,5.811479020869413e-05
KCNC3,5.8102715664612e-05
NFAM1,5.808760576242949e-05
NAGPA,5.808655381245989e-05
CAPN3,5.8070208292489435e-05
AIM2,5.805045547443977e-05
ADCY2,5.800382703290413e-05
SECISBP2L,5.8001056815587156e-05
CXCR2,5.799494576295531e-05
POU5F1,5.7989753767400876e-05
ITGB2-AS1,5.7977421052366696e-05
TLL2,5.7974824699719015e-05
FREM3,5.7958493388935396e-05
ZNF287,5.795042829784204e-05
PRMT2,5.794532496670779e-05
SORBS3,5.791547456391125e-05
RNF149,5.790384057449401e-05
FBXO25,5.7884695634838696e-05
NDUFS7,5.783599773827466e-05
NFATC1,5.781395404639008e-05
SMARCC1,5.775293547047601e-05
SNX1,5.774196900088324e-05
ABCA8,5.768608476745968e-05
EMC2,5.7660468006151215e-05
MEIS1,5.76308482242e-05
MYO7A,5.7610134603429855e-05
DDHD2,5.760440519659229e-05
LIX1L,5.759975025520278e-05
PRSS53,5.757114932339126e-05
ZNF575,5.7542114051409056e-05
DHH,5.754100662611002e-05
MIATNB,5.751288681271962e-05
RAD51AP2,5.746446786711212e-05
IL18RAP,5.7463546928488245e-05
ARHGAP31-AS1,5.745172726187429e-05
DDX1,5.743142078391379e-05
BMERB1,5.73967440362e-05
TBC1D10C,5.7387133733392203e-05
STX8,5.737819026621498e-05
RO60,5.737065864810124e-05
RAB39A,5.735928924161267e-05
SLC35G5,5.735838932197862e-05
SILC1,5.735125974166329e-05
KBTBD3,5.731232677382413e-05
GNPAT,5.728199935640945e-05
ORC2,5.727179466779086e-05
STXBP4,5.723898400088064e-05
KDM4C,5.722830534965333e-05
ASF1A,5.721800200919101e-05
SEMA5A,5.7213899841472334e-05
PTH1R,5.718528099100622e-05
CXCR6,5.7169760376377227e-05
KTN1-AS1,5.716067234016854e-05
ACER1,5.7153981080725537e-05
MECP2,5.71417592714673e-05
RAB43,5.712721655193731e-05
HHIPL1,5.710634404592483e-05
BCL2L13,5.708966951983182e-05
DNAJC18,5.705199351142567e-05
NDUFAF4,5.705185496396156e-05
USP34,5.704540566403491e-05
NUDT7,5.701306557557137e-05
COL9A2,5.699040195257572e-05
SPIB,5.698636891731617e-05
WDR97,5.697922532299576e-05
LEPR,5.6971386036823216e-05
NDST4,5.690858234258517e-05
SRRM4,5.687907124022912e-05
EMB,5.6864731856515165e-05
STAP1,5.682565558673915e-05
TM6SF1,5.6825005799056316e-05
OIP5-AS1,5.681171320901008e-05
RRM2B,5.680282706862821e-05
BASP1,5.678677341172424e-05
CPEB4,5.678466029624091e-05
SCAMP1-AS1,5.676997221065627e-05
NDST1,5.676102245715703e-05
GSTO2,5.672768733510674e-05
ZNF556,5.671678472008469e-05
LARGE2,5.671454868225398e-05
LHFPL3,5.6675629186840536e-05
PAXBP1,5.663674919577173e-05
TYW3,5.6635280558705136e-05
SLIT1,5.662363724128569e-05
S100Z,5.661505326542569e-05
B3GALNT2,5.659563650728023e-05
COL15A1,5.658963530503204e-05
C12orf45,5.6582712868276075e-05
UPK3B,5.655064781843569e-05
RAP2C-AS1,5.651232578824255e-05
NAGK,5.649382520731863e-05
ZNF302,5.647437497272804e-05
ANKEF1,5.646537223796987e-05
ADNP,5.6442560855955265e-05
AP005131.3,5.643420877316868e-05
IL1RL1,5.641752874898338e-05
PBOV1,5.64077985286589e-05
CMTR1,5.6389210121399004e-05
STAT5B,5.6388566712312734e-05
FGF14,5.6384703580695645e-05
ZNF641,5.6375164878796314e-05
SLC16A8,5.634908150783202e-05
DEUP1,5.6348382776241865e-05
MBOAT4,5.6291480540327453e-05
PARVA,5.623979656956514e-05
DLGAP2,5.623535186227768e-05
SHOX,5.62250527761365e-05
ATP6V0E2,5.622470391709679e-05
FBXO10,5.622277559337684e-05
EID1,5.620159965887497e-05
PCID2,5.618450321770345e-05
TMEM25,5.617769533368237e-05
HLA-DQB1,5.6167016328703925e-05
SIDT2,5.6158850942621535e-05
CD7,5.6102749761917955e-05
ACAN,5.6076969985962004e-05
CAAP1,5.6073829300592854e-05
SCFD1,5.607374389723628e-05
PDE1B,5.60552900001586e-05
PHF7,5.603263904160183e-05
WNT5A,5.600693305239547e-05
ZNF23,5.600045669789565e-05
XPA,5.5994540465836134e-05
ZNF277,5.5993062514837807e-05
AQP8,5.590582354684063e-05
KIAA0513,5.5882757675333686e-05
SCN1B,5.5881796196175995e-05
ABCA10,5.5881093019521484e-05
AMN1,5.586526519967591e-05
ZBTB20-AS1,5.585683690727752e-05
ZKSCAN7,5.582163124923628e-05
FAM117A,5.58150517451021e-05
CFP,5.5813688683689004e-05
GABRE,5.58070168185091e-05
RBBP9,5.579931596691902e-05
SLC41A1,5.57810281101664e-05
CYB5R2,5.57703557545715e-05
KANSL3,5.575935635903168e-05
L3MBTL4-AS1,5.575159960935346e-05
GTPBP10,5.573619132406797e-05
BEX4,5.573443735768027e-05
ZBTB20-AS3,5.572594037739824e-05
RNF212B,5.5724784578153744e-05
APOBR,5.5693880740506686e-05
TLR8,5.563590216879974e-05
GABRG3,5.5629006915458466e-05
GTF2H3,5.5610824510191036e-05
RHBDL3,5.5596309760946054e-05
ZNF33A,5.558551565162051e-05
SBK1,5.558492099028591e-05
SAT2,5.557749105972192e-05
MMAA,5.557619045010317e-05
SIDT1,5.5546674763091145e-05
ARRDC3,5.5537318902868685e-05
PLS3-AS1,5.552784637428743e-05
FAM189A2,5.5511019536529124e-05
CPE,5.550624223974347e-05
UPK3BL2,5.5505078465128795e-05
D2HGDH,5.5458736365649205e-05
SCN9A,5.545488269656874e-05
PKD2L1,5.545055566256955e-05
FBXO33,5.543373710277053e-05
FRAS1,5.542464322887869e-05
NWD1,5.541454594416243e-05
CFTR,5.539192519569081e-05
AIFM3,5.533051834682782e-05
TIGIT,5.5326811873509134e-05
TMEM150A,5.53198909181964e-05
PABPN1,5.529279877347455e-05
ZNF747,5.52582568107252e-05
C1QTNF9,5.525730690698471e-05
ASAP1,5.5252357201643866e-05
PLET1,5.52367725189355e-05
CCNT2-AS1,5.523045087044541e-05
SYT2,5.522865270341156e-05
ZNF684,5.52180848954854e-05
ENTPD3-AS1,5.5213313973989055e-05
AMPD3,5.519235438819991e-05
ZNF136,5.514424336106942e-05
FBLN5,5.511166832434993e-05
GOSR2,5.5071980426547106e-05
IGFLR1,5.506884487887254e-05
WNT11,5.506118694755034e-05
AK3,5.496794377985826e-05
RBMX,5.495518755118706e-05
KLHDC8B,5.492142167743956e-05
AP006545.3,5.4920884963387655e-05
SNX27,5.4898403859467815e-05
SETMAR,5.487432754516828e-05
EFR3B,5.4869851237390884e-05
KIAA1586,5.4868667627553655e-05
RABEP1,5.486543301684923e-05
CFLAR,5.4854590303296844e-05
FAM106A,5.481268231099303e-05
MGAT1,5.4802679631346685e-05
ZNF610,5.47970016867515e-05
CD52,5.4796257667306974e-05
MORC2-AS1,5.475254830561796e-05
GALNT8,5.474388505828046e-05
UHRF2,5.473620192963642e-05
CNOT7,5.47323597903642e-05
FOCAD,5.4722798493029424e-05
SLC25A53,5.470621885064961e-05
MEI1,5.4703491956555064e-05
LPAR1,5.469370988201313e-05
TFB1M,5.468905202794976e-05
SLC2A9,5.4682012433580786e-05
PRDM2,5.466528080349368e-05
LRRC63,5.465934966016618e-05
SUMF2,5.463762316532944e-05
ZFHX2,5.462923803015633e-05
ITPRIP,5.462794225575765e-05
CTBS,5.4623071446317445e-05
TEK,5.462012730974581e-05
RAB21,5.4595638775879734e-05
PI4KA,5.4575360323455255e-05
GPANK1,5.456753640979425e-05
USP24,5.456562480644477e-05
MTRNR2L8,5.455987257644614e-05
ITPKB-AS1,5.4526301744177834e-05
MCF2L,5.451188991868007e-05
SEPTIN2,5.44955092967309e-05
TSC22D4,5.447731721663589e-05
DLGAP3,5.446800120951097e-05
PPM1F,5.4461565341638133e-05
METTL21A,5.4413756280272466e-05
BCL7A,5.4405710927467224e-05
TPP2,5.4379822094433316e-05
RAB2A,5.43794277671213e-05
MDS2,5.43515185513028e-05
KLRG1,5.430417989488343e-05
NLRC4,5.422936752442467e-05
MRPS5,5.4223993761083175e-05
NOL10,5.420705630024778e-05
DALRD3,5.4197501022286426e-05
HK3,5.416714019059476e-05
NXPH1,5.4151339210526804e-05
NFIA-AS2,5.414570567299858e-05
UCP3,5.413390034869566e-05
KCNN1,5.4133241126606236e-05
STAG3,5.41145074026561e-05
TRGC1,5.4076348005647264e-05
CCDC30,5.4071883794379434e-05
TSFM,5.406552535400638e-05
VPS50,5.40587612447103e-05
CD70,5.405632421356851e-05
NUTM2B-AS1,5.404690010287764e-05
SLC44A5,5.402830052063354e-05
ZBTB32,5.4019743291967525e-05
AXL,5.3994709741322596e-05
WDR91,5.393067188925145e-05
FAM182A,5.392208526573678e-05
WDR26,5.389990386147004e-05
ZNF24,5.389281645887954e-05
AUXG01000058.1,5.38792974806275e-05
ECM2,5.387925157345507e-05
FAM193A,5.382690195983113e-05
SRSF5,5.380889722601378e-05
LIMD2,5.3762020976068916e-05
GOLGA8A,5.375458013420398e-05
CXCR4,5.375242406212174e-05
CLNS1A,5.37392114200196e-05
SPRYD4,5.373308055695057e-05
ZNF233,5.371023786898425e-05
CD276,5.3703631974681344e-05
OTOG,5.369802826224137e-05
PNPLA7,5.3681973365180405e-05
APBA3,5.367475705111566e-05
MYOM1,5.367180831586289e-05
PRKAR1B,5.365580276609767e-05
TRMT61A,5.362119357553656e-05
TMEM182,5.360869424530713e-05
HSPA12A,5.3589781719086155e-05
DDB1,5.355689804811946e-05
IL12RB1,5.355211202087612e-05
LAP3,5.353212746280497e-05
CNNM3,5.353028480143164e-05
PIK3IP1-AS1,5.352430191091143e-05
RAB29,5.352119861644662e-05
MAPRE2,5.350087812342975e-05
SEC24B,5.348269137145774e-05
RAB1A,5.347681606961926e-05
PTCSC3,5.347039604702687e-05
AP005671.1,5.346956147945424e-05
TRIM71,5.344992859383954e-05
BDNF-AS,5.344987692414191e-05
ADAM12,5.3445227293102716e-05
BCL7C,5.3434906241691184e-05
MBTPS1,5.3393024134648756e-05
RSPO3,5.337781404111305e-05
AGAP3,5.3363593676018065e-05
SEPSECS-AS1,5.334238419118244e-05
ZNF420,5.333198123993734e-05
FECH,5.332721099272715e-05
RIC8B,5.332019975184053e-05
KIAA0319L,5.330792068918657e-05
CCDC62,5.317455064525543e-05
ERLEC1,5.317055557638002e-05
GAMT,5.31194466807479e-05
CHD9,5.311699335937518e-05
ZNF582,5.310203450933787e-05
MID2,5.308974701653304e-05
CEP128,5.307414039046107e-05
SLC44A3,5.304784926414766e-05
GCFC2,5.30240574457752e-05
GGA2,5.301964635160346e-05
CALML3-AS1,5.297779831272192e-05
AP1B1,5.2946824954299335e-05
FASN,5.293978550458278e-05
SAXO2,5.2931625535201916e-05
PNMA8B,5.292691285138258e-05
BEST3,5.2907412300743324e-05
ZNF37A,5.2902076457441015e-05
TEX43,5.2874834679423217e-05
HACL1,5.2851483722400744e-05
FIP1L1,5.283171233312186e-05
DNAJC5B,5.283001359051991e-05
RIDA,5.2776219800946376e-05
COA5,5.277370170478328e-05
CARMIL2,5.276823876249742e-05
ANKRD23,5.276021439591758e-05
AF127577.2,5.271816253365812e-05
TRIP11,5.271612288854844e-05
RAB3A,5.271147997109364e-05
TGM3,5.268809845374996e-05
PPP2R3A,5.26460154723234e-05
PLEKHD1,5.264163069025987e-05
CGRRF1,5.2636377452341256e-05
KIF6,5.260180595356854e-05
IL18R1,5.2586979088190406e-05
SLC25A13,5.25681885371868e-05
FCER1G,5.253991615688765e-05
ZNF432,5.252028333163045e-05
KMT2E,5.251855046511778e-05
DYNC2H1,5.2514678682110435e-05
U73166.1,5.247945560689391e-05
YJEFN3,5.245590664692713e-05
UNC13B,5.2415750177655535e-05
ALDH1A1,5.238898218908712e-05
RPUSD3,5.237932648596536e-05
FYCO1,5.233535038839294e-05
ZNF76,5.2335228675058604e-05
ZNF558,5.233282782441762e-05
ZNF226,5.2316660532644035e-05
TTC34,5.231093932280577e-05
GPR55,5.230388784757792e-05
RTL8B,5.2278821651144045e-05
ZKSCAN7-AS1,5.2246983722303155e-05
GBP5,5.223323284225495e-05
TMEM69,5.222646092127684e-05
SLC16A14,5.218587778542159e-05
CDIP1,5.216413117663743e-05
FBXO34,5.216157109461476e-05
TIAL1,5.2137940200913434e-05
COQ5,5.213701117726117e-05
QRSL1,5.2129060497593116e-05
MIPEP,5.2112062323841344e-05
ZYG11B,5.211026716092088e-05
LONRF1,5.2104978205483034e-05
CASTOR3,5.207802660527855e-05
F2RL2,5.2077438928498605e-05
XYLT1,5.204717018375e-05
MAK,5.201182015002904e-05
SCARB1,5.200453634970263e-05
LRP2BP,5.1991868597761775e-05
SLC12A4,5.1990391488868784e-05
COX19,5.198561576245512e-05
KCTD21-AS1,5.198315893682867e-05
RGMA,5.198192426030774e-05
FSD2,5.197358907229786e-05
BDH2,5.196130460024967e-05
BCL6B,5.195282376251101e-05
PRKRA,5.193509968479517e-05
MAPK8IP2,5.190707502278166e-05
ZNF74,5.1895731448713234e-05
CUBN,5.188994308995987e-05
OGG1,5.188862407172564e-05
TEX52,5.183764358531225e-05
TTC1,5.1835480617749084e-05
B3GALNT1,5.182906615666944e-05
INTS10,5.182113057055485e-05
TTC27,5.181906159395234e-05
KLHL23,5.179988189907219e-05
TNFSF12,5.178696752463056e-05
CLSTN2,5.1768435654619486e-05
PCLO,5.1762012846225775e-05
TEX2,5.17453886025337e-05
BMP6,5.173346344415494e-05
MEGF8,5.171014487867808e-05
BFSP1,5.1706473838156127e-05
CUL5,5.169746730635669e-05
ERBB4,5.1662962927765066e-05
ZMYM3,5.163274605584686e-05
FANCL,5.162180097064896e-05
SLC25A46,5.159589455754897e-05
SAR1B,5.156721880793409e-05
ZBTB25,5.1559496344430534e-05
GDAP2,5.155623836063248e-05
DIS3L,5.155489005980768e-05
DCP1A,5.1549571759762085e-05
FYB2,5.153025226391149e-05
RBM5,5.148635297802635e-05
TRIL,5.146473237348304e-05
FZD1,5.145354793387449e-05
NME3,5.143050770587881e-05
PANO1,5.142837998287338e-05
LTC4S,5.1422102294897816e-05
CCNJ,5.14182959063084e-05
POSTN,5.141587432305818e-05
SFTPD,5.1399434487837554e-05
RPGRIP1,5.1378885909895785e-05
SP110,5.137711229729689e-05
ZRSR2,5.135608847758289e-05
SNX24,5.131635683589696e-05
N4BP2L2-IT2,5.131330756477584e-05
ZNF99,5.1292990238674285e-05
DZIP1,5.127446061243959e-05
CCDC25,5.126537530122253e-05
COMT,5.1258738714926255e-05
SEC63,5.123019531892703e-05
USP47,5.121930800998809e-05
TNIP3,5.121191026999498e-05
ROBO3,5.120615643489523e-05
RFX4,5.11960812062698e-05
DSEL,5.113611999990006e-05
AHCTF1,5.1118940150825186e-05
SPDYE6,5.109144304470857e-05
ZNF404,5.1089517097862256e-05
ZSCAN26,5.1072693763769375e-05
TPTE,5.100986914587505e-05
NYAP2,5.100649487820055e-05
YIPF1,5.100624174349519e-05
CALN1,5.0964838556656454e-05
NPPA,5.095934253243883e-05
SLC25A37,5.0958168838133926e-05
SEMA4F,5.095558676352937e-05
MALRD1,5.095380158199595e-05
ZNF516,5.094846971247598e-05
KRIT1,5.0941632596334676e-05
TMEM161A,5.092868619591391e-05
ZNF436-AS1,5.092722485474828e-05
NSUN6,5.090184318214855e-05
FAM151A,5.089308498911985e-05
SPATA21,5.087773008252704e-05
C1orf115,5.087747662057763e-05
MPHOSPH8,5.0848674854256656e-05
SENP3,5.083752386675305e-05
KLHL2,5.082464777506183e-05
FAM174A,5.081774165332055e-05
RIPOR3,5.0808908775390713e-05
GNG12-AS1,5.0808694937060864e-05
SWSAP1,5.080719898561487e-05
ZNF224,5.0771617545158584e-05
PIPOX,5.0757034160513206e-05
VPS36,5.0756669383783e-05
DGKB,5.075256011924289e-05
UNC119,5.074800095216455e-05
ACTR3B,5.0735067056267014e-05
ABAT,5.073207604593884e-05
LRRD1,5.068416942370687e-05
RNF216,5.0681707196964006e-05
DROSHA,5.065166881603276e-05
CCDC159,5.059892517462373e-05
SIRT2,5.059390630555588e-05
DCAF17,5.058671994639606e-05
AP002490.1,5.058005827794178e-05
PLD6,5.057569715589635e-05
PRSS27,5.057506943179987e-05
HLA-DOB,5.0568153660286055e-05
ARHGAP6,5.0562674725e-05
SHFL,5.054155571993812e-05
RB1,5.0488996028671685e-05
USP30,5.047615288677226e-05
ADGRG7,5.047134664357448e-05
GLIPR1,5.0467596404302345e-05
ZNF284,5.0463915773266756e-05
THBS2,5.044989278484307e-05
LEPROTL1,5.044193835916534e-05
PLAC9,5.043566800553935e-05
DYNLRB2,5.042772304693734e-05
TTYH2,5.041433266037716e-05
P2RX5,5.040391752274693e-05
HNRNPLL,5.0399011521924734e-05
ZNF783,5.0398711203872725e-05
CYP27B1,5.038689272787688e-05
C16orf86,5.038550513127374e-05
AZIN2,5.038277621584906e-05
ZFP36L1,5.0349624350358416e-05
TSC22D3,5.034102051587165e-05
SRGAP2-AS1,5.0305268581999225e-05
IKZF5,5.030441549925382e-05
SDK2,5.027178657376144e-05
EPHB2,5.02646750765278e-05
GRIK3,5.02533051107662e-05
IL1R1-AS1,5.0246477352246455e-05
HCST,5.024373452745069e-05
TTC5,5.023657738510214e-05
SLC25A16,5.0234341017417206e-05
YAF2,5.022471681422084e-05
PDHX,5.021161185666606e-05
ZNF541,5.0209320875471294e-05
HESX1,5.0207577694333114e-05
SLC37A2,5.019769861445132e-05
AFF2,5.019615316452255e-05
ENPP3,5.016943719601549e-05
TBC1D32,5.016357436257298e-05
YTHDF3-AS1,5.015275483647905e-05
CYP26B1,5.012842613313098e-05
RANBP10,5.011647391592889e-05
LAT2,5.008632622189942e-05
KIAA2026,5.0075335362271716e-05
CPVL,5.006921418429627e-05
USF3,5.004749238155327e-05
SHROOM4,5.004050188611218e-05
GAA,4.999895126807336e-05
LDLRAD2,4.9993097888159764e-05
TRIM62,4.9984570742481286e-05
TIMP3,4.997479555295819e-05
GPRASP2,4.995791743299787e-05
ZNF761,4.994732884062963e-05
DRAM2,4.994707753439572e-05
ADGRG2,4.993753166070648e-05
FLOT2,4.99312696436152e-05
DGKD,4.989092603812388e-05
PARD6G,4.98866207572707e-05
MAP2,4.9882474089782034e-05
DHRS12,4.988200460522448e-05
SPON1,4.9857832444454054e-05
RAB17,4.9856944669602836e-05
SPOCK2,4.9824380373293216e-05
PURA,4.981401091647196e-05
EFHB,4.980690773730831e-05
SAMD12-AS1,4.9800324810177884e-05
TBKBP1,4.978832672072419e-05
ZNF589,4.978219744654611e-05
ZNF780B,4.975707169900626e-05
IMPG2,4.975622600687409e-05
AP001628.1,4.975504917971782e-05
ZNF181,4.971777680156149e-05
APC2,4.969944376413363e-05
CASR,4.969530360400439e-05
DYRK3,4.9685732474607385e-05
SLC25A14,4.966691302812836e-05
KIAA0408,4.966220295871216e-05
HOXB4,4.9644362169950945e-05
ANAPC4,4.959071431656172e-05
ATF2,4.958924936562557e-05
VAMP4,4.9547893052129905e-05
DBP,4.954348857079091e-05
SH3BP5-AS1,4.95401177218749e-05
FZD6,4.953681418674002e-05
ZNF311,4.95278933851004e-05
CFI,4.949707529085188e-05
FAM13C,4.9484652151356364e-05
ZNF433,4.947756303956662e-05
GAS8,4.9458897235781237e-05
SETDB2,4.940411408926501e-05
NCDN,4.939716537154604e-05
ZNF25,4.937832880503656e-05
RORA-AS1,4.9368013877375166e-05
FUT8-AS1,4.932950590120908e-05
MTERF1,4.9296671605157044e-05
ARMC12,4.929638884335423e-05
DCAF6,4.9290888066960516e-05
LGALSL-DT,4.9256967656389205e-05
GPSM1,4.9246939905369215e-05
RAG1,4.9242956642856945e-05
TMEM175,4.924040374399891e-05
TACR3,4.921594183395201e-05
SMAD4,4.920771366333936e-05
TSBP1-AS1,4.9075992833003636e-05
ZADH2,4.906034491110008e-05
SFXN2,4.9059784035195544e-05
TOMM70,4.905854672257127e-05
RSF1,4.90474025329829e-05
POU2F2,4.9044358859334406e-05
C1QL3,4.90244470491267e-05
SPEF2,4.898169370548967e-05
KCNJ13,4.892959715101342e-05
USP6,4.891886619453795e-05
MAMDC2,4.8917779824521234e-05
CLYBL,4.888532100647336e-05
LANCL1,4.886797479875198e-05
NPIPA9,4.881422319572005e-05
PAX8,4.880286270895938e-05
THAP8,4.878442346084748e-05
ZNF571,4.8769186938443464e-05
APH1B,4.8767144847873946e-05
CBR4,4.8761299360827695e-05
FIBIN,4.87437379971235e-05
TMEM131,4.873848596566419e-05
ENGASE,4.8732249486077244e-05
APOBEC3G,4.8716444905412064e-05
FPR1,4.8693726732613896e-05
GALT,4.868557390572669e-05
MCMDC2,4.8685571138398164e-05
C6,4.8681715831888614e-05
SIRPG,4.867720971491083e-05
ZNRF3-AS1,4.864664884394197e-05
PLA2G4B,4.862360907809504e-05
NDST1-AS1,4.8623012500668806e-05
ASB9,4.8618510110261846e-05
AIFM1,4.861537604210648e-05
DCUN1D4,4.8614166277985297e-05
RNASET2,4.860003875286522e-05
ZNF585A,4.85866234154311e-05
ZNF599,4.856983993507455e-05
ZNF160,4.8548246988298e-05
ANKRD45,4.849567837743847e-05
C12orf74,4.8480547640673413e-05
IQCH-AS1,4.8476461565798814e-05
UBXN2B,4.8473800145185964e-05
TMEM220-AS1,4.846298747597596e-05
UBXN6,4.846021912721181e-05
ARID4B,4.8431691560411155e-05
MBD1,4.8425207398640096e-05
SECISBP2,4.842008640715043e-05
PRCP,4.8402244773295764e-05
ANKRD20A1,4.839965636792874e-05
CHRNG,4.837718038337123e-05
MGA,4.836977193860188e-05
ROM1,4.834787329826629e-05
SHQ1,4.83431998549755e-05
MC1R,4.831797376307959e-05
TRIM16L,4.8312743615211475e-05
METTL22,4.826809291745714e-05
SAR1A,4.826262970712325e-05
GAL3ST4,4.824737662083886e-05
ERCC4,4.8229284377687694e-05
FAM122C,4.8207294475707376e-05
METTL17,4.8189941610953524e-05
MAT2B,4.818821284957471e-05
ZNF547,4.81802993884232e-05
SELPLG,4.816403012404009e-05
S1PR4,4.816108456609931e-05
FDX1,4.814163248000348e-05
ZKSCAN4,4.8139642608749505e-05
MSX1,4.813237043722876e-05
TOX4,4.811247421754242e-05
MAP3K12,4.810015656837682e-05
SAMD10,4.809057569054658e-05
FCGR3A,4.802898447491116e-05
ZKSCAN8,4.8021659100242225e-05
ANKRD13C,4.791222831688514e-05
CCDC125,4.788907378243388e-05
NGF,4.787819477134999e-05
NATD1,4.7859050197179614e-05
ID4,4.7851840417265565e-05
EWSR1,4.784428015716375e-05
CDH20,4.784305105582898e-05
PEPD,4.7838881324664295e-05
TMEM217,4.783397312061989e-05
FBXO22,4.782997015298026e-05
RAP1A,4.77856820877186e-05
ZNF133,4.778331105323884e-05
AUH,4.777992385638051e-05
PPP1R13B,4.776724301150803e-05
THNSL2,4.776628191760355e-05
RGS11,4.77568803458791e-05
SLC29A1,4.773286778893237e-05
FLVCR2,4.770959364983182e-05
GLT1D1,4.770091874603475e-05
INKA2,4.769534200084383e-05
RASA1,4.767940136605665e-05
SYPL2,4.764021202747665e-05
ZNF585B,4.760822092056978e-05
C12orf60,4.758947328429962e-05
HIPK1,4.757256238480666e-05
FAIM,4.756770723362431e-05
NINJ2,4.7556165011502146e-05
MCTS1,4.754475935338927e-05
SLC25A30-AS1,4.7534972894869195e-05
DPEP2,4.752148154752661e-05
ATP6V1A,4.7521134769378845e-05
ZNF496,4.7506878330118166e-05
HPGDS,4.749179928868751e-05
CLCN6,4.748249404867229e-05
SCRG1,4.747951056818355e-05
AP001885.3,4.747430775783559e-05
FBXL12,4.7459214686113736e-05
STARD5,4.7457445247345134e-05
ACTN1-AS1,4.744108551088167e-05
MATR3.1,4.74398844024316e-05
L2HGDH,4.742631150782428e-05
IDNK,4.7417516010226176e-05
RNF165,4.740811266990188e-05
TUBGCP3,4.7394564135133593e-05
FMO3,4.739081457541606e-05
PLD3,4.73730013591574e-05
ZNF280B,4.736802561301111e-05
FIZ1,4.734213205590769e-05
TMEM266,4.733404821857302e-05
SPOP,4.732300934551363e-05
IQCN,4.731627772767898e-05
RETREG3,4.7314672007610204e-05
MICB,4.729307799878876e-05
LRRC37A3,4.7285120242993383e-05
SIL1,4.7276595617222914e-05
GABRA2,4.7264456802201364e-05
FAH,4.726199779440244e-05
PCCA,4.7255455943514396e-05
HNRNPDL,4.724355522140081e-05
RB1CC1,4.723063769986039e-05
LTK,4.7209588310542583e-05
VEGFB,4.718376931099421e-05
HOXC4,4.715952845721542e-05
SYCP2L,4.7150457613885934e-05
INPP5B,4.710383142192172e-05
FKBP6,4.7096373695390886e-05
USP45,4.708146883884819e-05
VPS41,4.7074267260683396e-05
EXT2,4.706815276559582e-05
KCNJ15,4.705911399637893e-05
ARMCX5-GPRASP2,4.705651534842545e-05
PAQR3,4.705636125039442e-05
MGAT4C,4.7041893409287406e-05
SLC25A11,4.703068431185923e-05
BISPR,4.701764929114144e-05
CCL26,4.7009396372585826e-05
HIST2H2BF,4.6999471428966714e-05
CFL2,4.699322380292109e-05
CRB1,4.697161254562961e-05
FGFR2,4.6947894245967894e-05
TENM1,4.693914795727411e-05
TIAM2,4.6938897188306684e-05
CCDC26,4.6921931770926414e-05
MAP4K5,4.691927742108788e-05
DENND11,4.6909416598135743e-05
TAS2R14,4.688239293728648e-05
TRIM5,4.682019172468893e-05
PTGFR,4.681920757435822e-05
BACH2,4.6782604884410864e-05
GK5,4.677858069777101e-05
WDR3,4.674342762454475e-05
HDC,4.6739866362188974e-05
MYOZ3,4.671048337956316e-05
PBRM1,4.6674470576141267e-05
RNF170,4.666848591009554e-05
NOTCH2NLA,4.665615983377227e-05
C1orf198,4.662339703938633e-05
SLC25A21,4.661401516511466e-05
UTS2B,4.660536731484652e-05
STEAP4,4.6598291739066624e-05
PREPL,4.6579352210265906e-05
VPS37D,4.656774797933853e-05
ARID2,4.6565049030733465e-05
SHE,4.6564053353618924e-05
WRN,4.655878267173924e-05
ADAM32,4.655712281137763e-05
COL6A2,4.6552750362529636e-05
SDAD1,4.654160074455038e-05
STMND1,4.6516597298253385e-05
GRIP2,4.650316240135305e-05
NR2E3,4.649927285203748e-05
SPOCK1,4.649786712778383e-05
FAM114A2,4.642936813955454e-05
GPALPP1,4.639672201173138e-05
ZNF30,4.636335930319273e-05
UPK3BL1,4.635831670817033e-05
SPG11,4.634725201711744e-05
HIPK3,4.6328647571677726e-05
FADS1,4.632071583353095e-05
FOXP4-AS1,4.632025176561602e-05
NRIP1,4.6313645106237006e-05
GALK2,4.6313197665466875e-05
SEPTIN7-AS1,4.631041227227717e-05
TRIT1,4.630487644632361e-05
CEP57,4.6298762627117425e-05
TMEM169,4.6297043400512467e-05
ZNF180,4.6294459780371315e-05
POLB,4.6277881934481856e-05
ILF3-DT,4.624095497362159e-05
FKBP5,4.6238441727263166e-05
OAT,4.623630611774609e-05
B4GALNT2,4.62206211798261e-05
UNC13A,4.6206962745035485e-05
TLL1,4.61969790820712e-05
FAM85B,4.6177644275944256e-05
TBRG1,4.615656426835035e-05
PYCARD-AS1,4.6119831555603784e-05
APIP,4.611973155676574e-05
SCO2,4.6093139304105585e-05
SNX10,4.609306047652976e-05
ZNF141,4.6074601015274644e-05
FCGRT,4.607248841672969e-05
Z99496.2,4.606825519760345e-05
NMT2,4.6067917669503827e-05
ALDH9A1,4.606416001441521e-05
LRRC24,4.606224761704987e-05
PCF11-AS1,4.6040233029837945e-05
CACNA1H,4.60255008901739e-05
PSMD6-AS2,4.6003509678889215e-05
SFXN4,4.5989793953365146e-05
TCF21,4.596109482518262e-05
ABCG2,4.595523893756646e-05
TRIOBP,4.59323319367419e-05
ENOSF1,4.592408509873293e-05
SGCB,4.5923726591115725e-05
ZNF213,4.5922276011582295e-05
MAPK11,4.591713965163049e-05
KCNIP2-AS1,4.591214085002792e-05
STAC3,4.590636670262809e-05
NSG2,4.589599042660745e-05
CDCA7,4.5868589382334e-05
WDFY3-AS1,4.5868553587358234e-05
FKBP10,4.5865716061673615e-05
MMRN1,4.586482662092593e-05
GPR17,4.586310554261895e-05
ANKRD46,4.585584958085666e-05
PHC1,4.584196270236707e-05
CCDC38,4.58382128598891e-05
AP001267.3,4.5826633574239816e-05
GEMIN4,4.5822593711811115e-05
ABCD4,4.581514739116494e-05
CCDC148,4.581351309278719e-05
FMO1,4.5788391695183276e-05
PAIP2B,4.577867250766596e-05
ACVR2A,4.574563832072019e-05
NDUFB2-AS1,4.573661934362787e-05
MMAB,4.571902939110622e-05
HSD17B4,4.571628398647355e-05
DCAF5,4.57098216533947e-05
IP6K2,4.568981321635386e-05
RYR1,4.565590737550378e-05
COCH,4.564786630697558e-05
THAP5,4.5646274064537696e-05
ANO10,4.564002935452103e-05
FAM66A,4.562796703898154e-05
CRLF3,4.559346555424833e-05
ITGA8,4.5572453688592727e-05
COL14A1,4.5569670243484625e-05
APLP1,4.55320371129429e-05
ZNF148,4.5530487488524665e-05
C2orf76,4.5528769859130806e-05
MPC2,4.55147182280705e-05
FIG4,4.5487272244402715e-05
MED30,4.5463822134523865e-05
PIWIL3,4.5438890807788124e-05
TRAM2,4.543641480957068e-05
RAB11B-AS1,4.543536080904116e-05
LIN7A,4.5428147159701755e-05
PLBD1-AS1,4.541917484347033e-05
ADIRF-AS1,4.540970452691737e-05
EHMT2,4.540557562929511e-05
SGPP1,4.539866598596994e-05
UBAP1L,4.539797895973555e-05
SEMA3F-AS1,4.538966884769573e-05
BBS1,4.538598786758286e-05
UGDH-AS1,4.5383061721671986e-05
GOLGA4,4.535551694022136e-05
MYCL,4.532152292209096e-05
MFSD14A,4.530940225363746e-05
MAP2K4,4.529597666728635e-05
HJV,4.5291099978379834e-05
ZNF138,4.527438193192906e-05
MTF1,4.525312933865267e-05
SETD6,4.52256266749315e-05
PTCD3,4.520380040669788e-05
FERMT3,4.5173900508167284e-05
PECR,4.5124564674905064e-05
TLE2,4.5114934320789745e-05
GLG1,4.508666832205583e-05
NKIRAS1,4.504676646293792e-05
HSF4,4.504556935865609e-05
PCDHB13,4.503261724659101e-05
MAP3K2-DT,4.502010788354947e-05
RBM43,4.498622730291913e-05
SEC23IP,4.497220297135451e-05
C17orf78,4.496374759137956e-05
DNAJB5-DT,4.495255721200279e-05
TMEM42,4.4950654383977556e-05
CD200R1,4.4942376871666454e-05
CCDC134,4.4939609909731475e-05
TRIM52,4.492620756418034e-05
DAO,4.492359732622429e-05
TMEM116,4.4915405043953916e-05
SLC35F5,4.490302455739242e-05
REN,4.489253164863104e-05
RAD9B,4.4888957440535445e-05
KIAA1614,4.4877716462444586e-05
CENPC,4.4863195209904035e-05
NEDD1,4.484541405658502e-05
GIGYF2,4.4838314430367804e-05
ECSIT,4.4828484573452245e-05
C12orf42,4.481138154014183e-05
GJA5,4.48061832763586e-05
SUN3,4.473954437920028e-05
MFSD2B,4.4737925365571064e-05
CYS1,4.473720226393976e-05
APC,4.4721905739914664e-05
GIMAP1,4.470964936675211e-05
CHRFAM7A,4.469433767868855e-05
CTSL,4.469122388475634e-05
WHRN,4.4680858866759375e-05
MTX3,4.4662731864289766e-05
AP001107.9,4.462839946991877e-05
MAP3K7,4.462398209205568e-05
FLYWCH1,4.456148900551442e-05
PNRC1,4.4556800702621074e-05
ZNF821,4.455023787913924e-05
KLHL29,4.454742466989788e-05
PRKD3,4.454435497197007e-05
SLC4A9,4.453396246101344e-05
PZP,4.452722529793032e-05
CD5,4.450980214487628e-05
GTF2H2,4.450360429090627e-05
ZNF718,4.4483581018313486e-05
AP006284.1,4.447694846516032e-05
ABHD4,4.44761891029044e-05
ZNF569,4.4472438586979116e-05
ZNF717,4.439902202091229e-05
SMIM4,4.439177568756481e-05
CD226,4.4287850262865884e-05
CABCOCO1,4.422174927559966e-05
MRPS27,4.419370862182401e-05
HAUS4,4.4172693945431076e-05
TMEM45A,4.4162068758951124e-05
SLC25A26,4.41492919355241e-05
DEF6,4.4140220597340736e-05
VEGFD,4.4116467023693084e-05
TP53INP2,4.411039293586521e-05
TFCP2,4.410227702313644e-05
TSIX,4.41000649449353e-05
ALOX12,4.407910681606446e-05
LY96,4.406075006012411e-05
ATOX1,4.4028748747024145e-05
CWF19L2,4.401755096050486e-05
PLN,4.397398927951938e-05
OSGEP,4.397337972930066e-05
LRRC19,4.396884396074306e-05
LBX2,4.396860443670855e-05
MTFMT,4.394139206129158e-05
ATP6V1B2,4.39351502009422e-05
CYP51A1-AS1,4.391708444651466e-05
DIABLO,4.391609277264053e-05
RFXAP,4.389076518911401e-05
PIR,4.388480923225219e-05
SATB2,4.3884678436040354e-05
DUT,4.386889287963354e-05
MLKL,4.386571116228989e-05
ARL3,4.38620922248517e-05
NIPBL-DT,4.385850731645044e-05
ATP1A1-AS1,4.3757342224556536e-05
FER1L5,4.374336699399095e-05
CXorf56,4.3739161360164734e-05
INPP5D,4.3735785414076726e-05
ZNF446,4.373188015214637e-05
LDAH,4.372781950663457e-05
ZSWIM7,4.3680382231646916e-05
ASAP1-IT2,4.367703495849677e-05
DNAAF1,4.367439290003394e-05
GRIK4,4.36608476165787e-05
ACSS2,4.365521631568966e-05
ZNF415,4.364891542201724e-05
SPIN3,4.364405113705344e-05
HSPB11,4.36402461602773e-05
NFAT5,4.3639753211164196e-05
SNAI3,4.363903477671698e-05
MEIOB,4.3623607729856353e-05
SCN3B,4.362359488135208e-05
SEC24D,4.360128138446775e-05
PIN4,4.356833136243947e-05
IFT81,4.3549990330243104e-05
ZRANB1,4.3548856816214384e-05
RFTN2,4.354786496456944e-05
XPC,4.3540291157919314e-05
TMEM243,4.3539927713073284e-05
SUPV3L1,4.353489864246158e-05
FAM184A,4.348470716125904e-05
CREBL2,4.348046642340446e-05
KIAA1191,4.34615728683205e-05
HCG18,4.344516378465836e-05
LAMB4,4.34333520659979e-05
ZNF75A,4.3377381466484684e-05
R3HDM1,4.334049539092801e-05
PKHD1,4.3306991960300835e-05
MASP2,4.329321746269254e-05
G0S2,4.328521571341808e-05
TMEM259,4.3276655721142935e-05
SNAI2,4.325581173371729e-05
ATF1,4.324651167140263e-05
BOLA1,4.324597622222249e-05
ZNF273,4.323743185767869e-05
ALG14,4.317818923870937e-05
LMAN1,4.3174671431675e-05
SLC35E3,4.316127626677388e-05
RAB15,4.3149603994059645e-05
CDKL4,4.314036457636252e-05
ABCB5,4.31349924740992e-05
ARHGEF33,4.311161349228651e-05
MAGI1-IT1,4.310589980125056e-05
ZNF17,4.310102648849051e-05
AP002433.1,4.308635101436613e-05
TSNAXIP1,4.3065843701454256e-05
ANKRD30A,4.306541184946919e-05
KIF5C,4.30571178415913e-05
ULK4,4.3016917440700276e-05
SPDYE3,4.301685179744566e-05
AKAP10,4.300746015575991e-05
ITFG2-AS1,4.3006507373335025e-05
NRROS,4.30011578658293e-05
DPP10,4.300084129443021e-05
ICAM3,4.29903029349343e-05
BAHCC1,4.2979238575509334e-05
C6orf201,4.296736670241595e-05
MMP24,4.2965385388654636e-05
FRA10AC1,4.295635223743712e-05
TSPEAR-AS1,4.294788274380334e-05
ARAP3,4.292510844475457e-05
ZNF727,4.2915376900234626e-05
YIPF5,4.2894310733418515e-05
IFI30,4.28421042474071e-05
VPS4A,4.2783442302459917e-05
NPFF,4.2774401833125186e-05
TRDMT1,4.277158059208834e-05
DNAH11,4.276122417977464e-05
ASB8,4.2759293383889904e-05
PGAP2,4.274251047753068e-05
SLITRK4,4.2729682225533015e-05
RBM26-AS1,4.271343297928157e-05
TVP23A,4.266690769950443e-05
TRA2A,4.266281511911951e-05
ESRRB,4.2652889666487525e-05
LGALS8,4.264988877154335e-05
TAMM41,4.2646210570775644e-05
CMYA5,4.262998326724175e-05
GCNT1,4.262913296220349e-05
DTX2,4.2598364678837225e-05
COQ9,4.259078687677628e-05
PIM2,4.257754451573849e-05
GAS6-AS1,4.2576400883807704e-05
TRIM44,4.255912367768045e-05
PAX6,4.2549801440827204e-05
NBPF19,4.2524423292259305e-05
WASHC3,4.251472861453643e-05
PIWIL2,4.250547737773413e-05
IGHG3,4.248826915252251e-05
PKIA,4.24702016332649e-05
DCUN1D3,4.246595436663349e-05
AJ009632.2,4.2464553022153874e-05
MN1,4.244240138686002e-05
STYX,4.2439242279249646e-05
SSH1,4.242170897886199e-05
C1orf146,4.241574546550325e-05
PCK2,4.2382901876869276e-05
DARS-AS1,4.2380751548168036e-05
SLC35D1,4.23727165146756e-05
DDX59-AS1,4.236692672274792e-05
GTF2H5,4.232615969379933e-05
Z82206.1,4.232564139682466e-05
DTNBP1,4.2325300956142046e-05
DIO2-AS1,4.231566819162339e-05
BMF,4.2255072752595555e-05
OARD1,4.224996756422564e-05
SCGB1B2P,4.2244797037034114e-05
PIK3CG,4.224229284777909e-05
ZNF844,4.223621319392357e-05
MXI1,4.2223979591091836e-05
IP6K1,4.221991275675646e-05
DYM,4.220740316249984e-05
SNAPC1,4.219730908654397e-05
ARL9,4.212155716534756e-05
PUM2,4.210496981654084e-05
SLC8B1,4.2104860294618396e-05
TBC1D12,4.207773127257831e-05
NAALADL1,4.20696506589722e-05
ILDR1,4.205698997342296e-05
MARCH10,4.203996757298488e-05
FBXO44,4.2031478347026436e-05
NSD1,4.2026830078409336e-05
METTL2B,4.2025246985230545e-05
PHLPP1,4.202460332783825e-05
ZNF252P-AS1,4.201712010020993e-05
DCST2,4.2006147680866956e-05
AGAP4,4.199878504578581e-05
ZNF804B,4.1983868056184016e-05
KMT2A,4.1977598178305223e-05
SDC3,4.196900438693414e-05
FO393401.1,4.196047716647353e-05
AK5,4.195683460741946e-05
RABGAP1,4.19490016443142e-05
ZNF627,4.193217538529034e-05
AP002383.2,4.192410789605695e-05
WDR47,4.1910927810771215e-05
OSBP,4.1895484940132204e-05
TAF1,4.18920667824172e-05
ZCCHC7,4.187567621848982e-05
DERL3,4.1870017517453055e-05
NUMBL,4.1865653230309735e-05
HYAL1,4.186274852705665e-05
GLT8D2,4.184013280004552e-05
PUM1,4.18371399027767e-05
ANO5,4.183137714609156e-05
A2ML1-AS1,4.183077448198226e-05
PNN,4.1808195586445054e-05
AQP9,4.180115679663946e-05
IGSF10,4.179584879525903e-05
RNF138,4.177809664443639e-05
SUSD3,4.177787841731059e-05
UBQLNL,4.177102149842484e-05
GHRLOS,4.176707665852819e-05
AP3S1,4.1738731419011755e-05
NODAL,4.1736322471261765e-05
BTN2A2,4.1724010627994045e-05
RRNAD1,4.1723759505073125e-05
APTX,4.1714409439312655e-05
MLH3,4.1692185518093095e-05
PCYT1B,4.166882444071287e-05
PTCHD1,4.166775770757369e-05
ZER1,4.1665320687860844e-05
REPS1,4.1664644590423e-05
FASTKD2,4.164009758435535e-05
PTCD2,4.162576274846976e-05
MKRN3,4.15747699707372e-05
UBAP2L,4.1571163236559204e-05
CES4A,4.157105653946496e-05
MAPKBP1,4.156437772288021e-05
DPYS,4.1547564968341784e-05
NFE2L2,4.153074319879076e-05
JARID2,4.150358182436141e-05
GAS1RR,4.150356665780033e-05
MAD2L2,4.1497301472346686e-05
LRRC4C,4.1493185556980585e-05
AP000779.1,4.14767421385205e-05
CKMT2,4.1472309404296324e-05
NUP133,4.1459029293399436e-05
C16orf58,4.145721533784868e-05
C18orf25,4.1456611514067605e-05
Z93930.2,4.1451637014404394e-05
GLS2,4.144495600482832e-05
GSTM2,4.1440294040453454e-05
BIVM,4.1415173187763835e-05
TDRKH-AS1,4.138606953474524e-05
ADRA1D,4.138040344031367e-05
PFN4,4.137956037087255e-05
OTULINL,4.136598319741371e-05
SLC35E2B,4.136542466264971e-05
ACSL3,4.1247806228151656e-05
NAF1,4.123880486627876e-05
TNFSF14,4.1235170303502414e-05
CD99L2,4.123240445557792e-05
SNAI3-AS1,4.123177145786808e-05
AP001977.1,4.122216863097917e-05
BRPF3,4.120668185008808e-05
PIGL,4.111586383656866e-05
HARS2,4.1107142101607944e-05
COL25A1,4.108520372168762e-05
CMSS1,4.1079368225182216e-05
FHL1,4.1075516878863246e-05
BCS1L,4.107429433424329e-05
AP006621.3,4.1071917319606655e-05
ALKBH5,4.1051890873812096e-05
PLPP5,4.103766352179749e-05
TMLHE-AS1,4.102631807506017e-05
BDKRB1,4.102175912384004e-05
TCAIM,4.1011845391412315e-05
PURPL,4.1004832180160505e-05
CACNA1F,4.100113785591717e-05
HORMAD1,4.099757616888919e-05
ZNF175,4.0978716711323786e-05
MTMR14,4.0961782571356224e-05
RWDD2A,4.0944642412460785e-05
OTC,4.0936121035953174e-05
CXXC4,4.092319398668784e-05
GTF2I,4.092172202580307e-05
STXBP3,4.0859256429416936e-05
ST20-AS1,4.085317441377968e-05
AP001341.1,4.085160200857282e-05
MARCH5,4.084961738876049e-05
BSN,4.0847567313481366e-05
RIMS3,4.0845976077962934e-05
DPY19L3,4.083859772150923e-05
ZNF98,4.083564097389162e-05
ZNHIT6,4.0832073581493056e-05
NQO2,4.082841298036995e-05
NSUN3,4.081995962750893e-05
LCMT1,4.081222160713439e-05
ANO3,4.081178668890229e-05
MRE11,4.080522723286645e-05
MCM3AP,4.079822173073582e-05
RBBP8NL,4.0787480936008345e-05
CYP46A1,4.078682507507457e-05
ZKSCAN3,4.07801321119627e-05
CRELD1,4.0766462002504445e-05
CLDN14,4.075652402507857e-05
PRMT9,4.07502183833932e-05
NRDE2,4.074379595769472e-05
CCDC191,4.073315486692889e-05
MGMT,4.0707643333140844e-05
ZNF653,4.070549211447909e-05
RSPO4,4.069661265525098e-05
UFM1,4.0694307963090136e-05
WBP1L,4.069200672624759e-05
PRKRIP1,4.0688494891399664e-05
MOSPD2,4.068766762194693e-05
CPT1C,4.067124587765082e-05
MAPK12,4.0637797583508886e-05
SIX4,4.0628277584817936e-05
CSNKA2IP,4.0617098756880705e-05
SNX13,4.059768070617542e-05
ALPL,4.058740059216148e-05
THOC1,4.0585165002858875e-05
PIGQ,4.053397648990437e-05
ITSN2,4.051422846902405e-05
MOSPD3,4.049572493333497e-05
TSSK3,4.0480849609475064e-05
FLT4,4.046425413977461e-05
CPLX1,4.046161675672325e-05
SIAH2-AS1,4.0459218513115114e-05
GPR161,4.045554740273694e-05
CTPS2,4.042654568584776e-05
RORB,4.042569376661094e-05
ZNF517,4.042100582201103e-05
LITAF,4.041372480951115e-05
KCNIP2,4.03655538275052e-05
SOCS7,4.036411871789013e-05
SLC36A1,4.035328719215531e-05
INTS14,4.033013971255701e-05
CD274,4.032722907455182e-05
TPRG1,4.029731483141354e-05
CALU,4.027587192801291e-05
ZNF295-AS1,4.027247261492934e-05
BLOC1S6,4.026205514045871e-05
NOMO3,4.025496013625162e-05
SUGP1,4.02404260082951e-05
FMC1,4.0232971934277476e-05
ZNF615,4.0195277583298494e-05
DCHS1,4.017452723029153e-05
RBPMS-AS1,4.0168417164522767e-05
NDRG4,4.016757663196102e-05
ZNF32-AS3,4.010612034771427e-05
ANKHD1,4.009987279597465e-05
USE1,4.0093399444721464e-05
TRIM41,4.008883267386109e-05
SLC16A1-AS1,4.007453098763587e-05
PER1,4.005384663181368e-05
EXTL2,4.003564078747014e-05
DUS4L,4.002703648572057e-05
ZNF211,4.002652926822125e-05
NRGN,4.002159890186385e-05
MARK3,4.001615141226683e-05
CCDC154,3.99975315099602e-05
MEG9,3.998494806916419e-05
HAUS1,3.998433381628267e-05
CCDC144A,3.996292168420355e-05
CDK13,3.9960650395402395e-05
MEFV,3.9958417601451065e-05
ZBTB4,3.994733345022903e-05
EXOSC8,3.9944839377886827e-05
PES1,3.99352019768961e-05
AP001830.1,3.992251161907029e-05
AF230666.2,3.992196536850249e-05
TIGD7,3.991884238404626e-05
PLBD2,3.9910836954531724e-05
TAPT1,3.989496701346897e-05
PLEKHO2,3.983605025130602e-05
RRP15,3.980762444039505e-05
ERVK13-1,3.972597615904105e-05
KCNJ5,3.97016959781979e-05
METTL16,3.9671303821148924e-05
MIA,3.967002201054968e-05
RGPD5,3.965162357844065e-05
PHTF1,3.964761574344916e-05
FAM229B,3.964723436451297e-05
OGFOD1,3.9639395308634986e-05
MMRN2,3.9628868889758355e-05
C1R,3.961651588451659e-05
C12orf4,3.961275408076167e-05
MELTF-AS1,3.960757965129405e-05
CORIN,3.9601245120776435e-05
ATRN,3.9594249084550715e-05
CLDN2,3.958595064231642e-05
PNPLA6,3.9581619652362556e-05
SLC2A3,3.9574388329550005e-05
ATP2B1,3.9573408269618486e-05
SLC49A4,3.956852011997601e-05
ASB14,3.956153629574446e-05
ORC4,3.9539270409556063e-05
KCNK9,3.950692836217462e-05
BLMH,3.949711835566888e-05
ZNF596,3.949072406228647e-05
SLC1A4,3.9462879520541666e-05
C1RL,3.946213945377734e-05
MSS51,3.945649067672654e-05
NOTCH1,3.9452544217858984e-05
PNMT,3.944789358472803e-05
RXYLT1-AS1,3.9434228220577624e-05
FGFR1OP2,3.9425090214918777e-05
ADAMTS1,3.939913276408744e-05
VPS39,3.939686533645501e-05
PPP5C,3.9388475400345293e-05
ANKRD55,3.9387902852316754e-05
NFKBID,3.9375787281727334e-05
COPZ2,3.936089320835176e-05
NR5A2,3.935750505713409e-05
GAL3ST1,3.934205798377428e-05
GLIDR,3.933597779441197e-05
RBM45,3.929972083433626e-05
ZNF426,3.929068149074033e-05
LUC7L,3.927093419037795e-05
PLCD1,3.9262774173558665e-05
ATP2A3,3.9246015435469014e-05
PHF3,3.922803398600044e-05
TRIM4,3.922278009867492e-05
TMEM132A,3.920261117780177e-05
TRMT10A,3.919256523625939e-05
MCM3AP-AS1,3.9192232805330664e-05
TBC1D16,3.918593220317372e-05
AGAP5,3.918047354040059e-05
USP49,3.917948120422443e-05
SPNS1,3.917206580814258e-05
CRACR2A,3.916378646808519e-05
DSCR9,3.915634911547362e-05
ZNF208,3.912796407337208e-05
PROX1-AS1,3.911842977182544e-05
MRPL34,3.910631112722661e-05
C1orf162,3.908917259093643e-05
CCDC36,3.908488513699677e-05
CASC1,3.907768902288135e-05
SORL1,3.9060823688600036e-05
KLHL21,3.905876129235476e-05
TTLL3,3.9049779598541835e-05
DICER1-AS1,3.9036140140519256e-05
GJA9,3.901691607055971e-05
MORN4,3.9008703705040294e-05
NCK1-DT,3.8999654816468705e-05
YIPF7,3.899658289016288e-05
RNMT,3.8992155144966564e-05
CRYZ,3.898266177847955e-05
ZW10,3.8968424348119804e-05
SLC26A8,3.8968129972272166e-05
ALG6,3.895945636609299e-05
ZNF227,3.8938006339479776e-05
POLR3GL,3.892968982313931e-05
GRIN3A,3.892062254215105e-05
RBM28,3.8910834190155264e-05
UCP2,3.8900111474095034e-05
RMND5B,3.889563484681591e-05
ZFYVE28,3.8888654087651566e-05
C11orf58,3.887964911095481e-05
PHKA1-AS1,3.8870924217302636e-05
PIP4K2A,3.886115736791667e-05
COL13A1,3.8859002480883996e-05
ZNF616,3.885393834999766e-05
BPTF,3.885261283943478e-05
CEACAM19,3.883056210417189e-05
TTC21B-AS1,3.877987063080391e-05
ALG9,3.877921430725791e-05
APEX1,3.8774195137188165e-05
C5orf46,3.877412836354694e-05
ARAF,3.8749438122792146e-05
CKMT2-AS1,3.8741216363169325e-05
IRF2,3.87027126124311e-05
DNER,3.869498697767626e-05
CBFA2T3,3.8655005694807136e-05
CHRNA10,3.863347708301076e-05
EVI2B,3.86205077078492e-05
PGAP3,3.8590725238715695e-05
XIRP2,3.858657642510136e-05
SRSF7,3.8585135799229e-05
LHFPL3-AS1,3.855090039303719e-05
KLRB1,3.8540784588091965e-05
CHMP7,3.852574708952558e-05
KPTN,3.850530026698588e-05
FSTL5,3.8495259649405e-05
TTBK1,3.848588071429399e-05
MFAP4,3.847250963243741e-05
CIAO1,3.8443313069421215e-05
RBMS3-AS3,3.844228562084925e-05
SYN3,3.842498062187994e-05
CASQ2,3.842260488358994e-05
MORF4L1,3.84114817462207e-05
SELENON,3.838427969671772e-05
PIGP,3.837148106220229e-05
CACNG4,3.835879789452855e-05
ART3,3.833905686595003e-05
HDHD2,3.8335383438273216e-05
MFAP3,3.829250570637358e-05
TUBG1,3.8278045008785194e-05
MYBPC2,3.826027380697327e-05
STRADB,3.8256299530250525e-05
HMCN2,3.82268711215809e-05
WDTC1,3.821336739762347e-05
CUX2,3.818670562341464e-05
LCMT1-AS1,3.817515239282557e-05
KANK3,3.813437785786014e-05
IL34,3.8116725460673094e-05
EZR-AS1,3.8106994103829614e-05
NXNL1,3.810267261883399e-05
GON4L,3.808768878850687e-05
WDR63,3.807923430426717e-05
FAM104B,3.807904276805392e-05
OR7A17,3.8071430549182944e-05
SEC14L6,3.8061370403390895e-05
GIMAP6,3.8051678567251846e-05
FAM193B,3.8028042812072066e-05
ARMC6,3.802248857875136e-05
POU5F2,3.799866915357453e-05
EEF1AKMT4,3.7976917500623826e-05
ADARB2,3.797429882476422e-05
SPATA22,3.7967702175751033e-05
WWTR1-AS1,3.795631306446007e-05
IARS2,3.79364632233817e-05
TRAP1,3.790971294554169e-05
GOLGA6L4,3.790278910682501e-05
OTUD5,3.7894345058521666e-05
THSD1,3.7863433606850634e-05
AP001972.3,3.7859425654556284e-05
MPV17,3.7844540242899426e-05
BCKDK,3.781735622186373e-05
RABGGTA,3.779632620732808e-05
ADAL,3.779037399925128e-05
MRPS36,3.778869954733205e-05
CACNA1C-AS1,3.775794477056581e-05
Z69733.1,3.7748207413475696e-05
ASTN1,3.773155259675875e-05
TRUB1,3.772055406028566e-05
ADCY9,3.771829055781005e-05
FZD7,3.770374967699124e-05
SIGLEC9,3.770241792778191e-05
TRAPPC4,3.766348624086293e-05
MAX,3.7661126303064935e-05
MAOA,3.763098645139026e-05
MFAP5,3.763000889326689e-05
MINDY3,3.762988170532233e-05
GNAI2,3.761735549671871e-05
STAM,3.761648414662172e-05
TSPEAR,3.761535138491044e-05
TSPYL1,3.76032072533958e-05
LIN37,3.7585517509763836e-05
LRRC69,3.7585183793270323e-05
CCNT2,3.757705887940775e-05
DDX10,3.7568400282828425e-05
C18orf21,3.7565634822479174e-05
MSH3,3.7522872566646125e-05
VPS33A,3.7521887199685634e-05
RASSF9,3.751743593783424e-05
CFAP69,3.750544207561948e-05
TBC1D17,3.749361098370283e-05
SLC4A7,3.748815769598864e-05
Z95118.2,3.748730384785323e-05
TMPRSS9,3.7482235406072834e-05
PDXP,3.748056430316553e-05
SLC6A6,3.747017177756455e-05
PIGX,3.74675698329626e-05
SUMO4,3.7439663504113155e-05
PCGF3,3.7439353009699175e-05
TFB2M,3.7426685213265675e-05
MCF2L2,3.741444369889273e-05
MEIG1,3.740882667577801e-05
HIPK1-AS1,3.7395238767017066e-05
NFYC-AS1,3.7391811316943595e-05
ZMAT4,3.73846497679207e-05
CHST8,3.7382078117815265e-05
ST7,3.737806113191513e-05
WTIP,3.735934073156733e-05
HS3ST3A1,3.735065310787414e-05
PEX7,3.734758676328854e-05
RGS2,3.734126015113495e-05
TIGD1,3.7318210594565316e-05
ANO6,3.7312989006601426e-05
GALNT13,3.730902944071676e-05
EMX2OS,3.7308155208889546e-05
DEDD,3.7305464661467394e-05
CNTN1,3.7303762676496344e-05
HLF,3.7299917939197936e-05
FBXO21,3.728245134102638e-05
PATL2,3.7257633014792764e-05
KSR2,3.7236979940636605e-05
AP006623.1,3.72357152422766e-05
ELMO2,3.723335272034331e-05
UAP1,3.722650223572364e-05
ATP6V1G2,3.7226410151251625e-05
ZNF587B,3.722153630672204e-05
SAMMSON,3.720916303789187e-05
TDRD6,3.72039473777216e-05
WDR18,3.720179982205318e-05
TAZ,3.720024015950837e-05
NRSN2-AS1,3.719537598726823e-05
CLDN5,3.719225075875963e-05
PNOC,3.719116830226348e-05
SLC35E2A,3.7175763382711044e-05
NGLY1,3.715475634957493e-05
CYP11A1,3.71406405808819e-05
LYSMD1,3.713952673678832e-05
TMEM221,3.7118713177998814e-05
SERPINF2,3.7114859239729156e-05
A2M-AS1,3.709178152492935e-05
DHRS4,3.703913512512452e-05
DTD1,3.7031504596929e-05
DNAJC19,3.70277005704983e-05
GGA1,3.7022108202900984e-05
AVIL,3.700308095441575e-05
MT1A,3.6990086548808434e-05
FAM118A,3.6978880128030695e-05
ATL1,3.696864449476827e-05
PAPPA,3.694906931157874e-05
DIO2,3.6943152158426086e-05
ENG,3.691847921726413e-05
ZNF2,3.6912156133948064e-05
GOLGA6L9,3.690657935939822e-05
GBA2,3.6887770991994255e-05
DPP7,3.687612350120599e-05
WDR12,3.68617776983715e-05
AP000662.1,3.6840239725891745e-05
ATP6V1E1,3.6794586539935504e-05
ORC3,3.679119576812012e-05
UVRAG,3.6784960108809844e-05
IFNAR1,3.6778835982231505e-05
OLMALINC,3.6766996898369295e-05
FFAR2,3.676597909242804e-05
CLRN1-AS1,3.675441777419808e-05
ACOX2,3.673999221359384e-05
PROB1,3.673947531577753e-05
FCMR,3.672458237488181e-05
ADORA2A,3.6721286470218074e-05
TMEM211,3.672119995647775e-05
RAB34,3.671633536873197e-05
ZCRB1,3.6695152943393905e-05
MCCC1,3.6691010105375715e-05
DCAF16,3.6673331110174156e-05
ALG1L9P,3.6662238705907616e-05
WASHC4,3.665204591791426e-05
ADAM20,3.6647890498393445e-05
PKD2L2,3.664424643115998e-05
SLC8A3,3.662544281116829e-05
DLEU2L,3.660648657870053e-05
GOLGA8O,3.6591562908833596e-05
HDAC10,3.6581558125890645e-05
CCNC,3.656819476326481e-05
UROD,3.656369085781836e-05
HOGA1,3.6562121977825186e-05
AK7,3.654299332151272e-05
PDK2,3.6539711448379766e-05
RRAGD,3.651970106715531e-05
TRAPPC6A,3.651440945986553e-05
AP000266.1,3.650277881639787e-05
PRR3,3.647757167521912e-05
CABYR,3.64761328151468e-05
C2orf72,3.646461210777739e-05
CHRNA7,3.6463303754756326e-05
ITGA9-AS1,3.645703320391453e-05
ZNF768,3.6451473974007687e-05
FNIP1,3.6451043926663976e-05
WBP2,3.6423828928655405e-05
TNNI3K,3.6410002124479736e-05
DPH5,3.6409202340013386e-05
NBAT1,3.639349785179962e-05
AQP4-AS1,3.639014260486729e-05
ST18,3.637844693327571e-05
GSTM4,3.6359455833446844e-05
IFT46,3.6357223349708904e-05
BX537318.1,3.6345114324160305e-05
ADAMTSL2,3.633714366517558e-05
ACSL6,3.633242457746286e-05
MAOB,3.6323768939949086e-05
DVL2,3.631680951417769e-05
ECHDC2,3.630755763604277e-05
STX16,3.63029382658713e-05
TEX45,3.630178661082524e-05
GFPT2,3.625902990917422e-05
TMEM9B-AS1,3.622729230737245e-05
CIR1,3.621419625899693e-05
CDC42-AS1,3.6212066725974936e-05
C16orf96,3.620732561030322e-05
PAPSS1,3.620706899073733e-05
DCAF12,3.620390046401706e-05
ERN1,3.61912934372626e-05
NME4,3.618343703951488e-05
MTA3,3.616172842132888e-05
WDR24,3.615675722496563e-05
PDZD4,3.6141774499603636e-05
CDKN2AIP,3.614033088395336e-05
CARNMT1-AS1,3.6089856320069506e-05
CROCC,3.608853105145666e-05
MTCH1,3.607247952882417e-05
RNF145,3.607187502808466e-05
SLC35A3,3.6061081244288145e-05
RGPD8,3.605403449068303e-05
TOR1AIP1,3.6042898187855666e-05
WNT2B,3.603404995144439e-05
UPK3A,3.602729279719543e-05
INKA1,3.6024970127398444e-05
PCCA-AS1,3.602105694542621e-05
HDDC2,3.599859360014987e-05
OGFRL1,3.599085825284177e-05
TMC4,3.598043721787629e-05
TBC1D8-AS1,3.597996390051043e-05
TH2LCRR,3.596735907734803e-05
GFRAL,3.596520163012548e-05
C2CD6,3.594849159452315e-05
CDC20B,3.594693475765699e-05
THAP3,3.5945540912767745e-05
RPE,3.594138652134071e-05
TBC1D8,3.5916749882746515e-05
AP000695.2,3.591597053481919e-05
FAM9B,3.5899662706359525e-05
ERMAP,3.589732928431836e-05
STPG2,3.588556388454496e-05
NDUFB6,3.588173788031294e-05
AP002907.1,3.587013222223742e-05
MLANA,3.585240856584252e-05
ID3,3.5831639136826705e-05
KLRC1,3.583111976373502e-05
FOXP3,3.58240806064137e-05
STARD4,3.581361018196131e-05
GAL3ST2,3.581155528572417e-05
VPS37A,3.573260711563594e-05
COL26A1,3.572472982826966e-05
DPYSL2,3.5706835798140556e-05
EIF2B1,3.5679000010704215e-05
SUGP2,3.566479134081524e-05
FAM160B1,3.56343632048772e-05
CHIT1,3.5626616018419605e-05
ZNF214,3.562599086543349e-05
MIR548XHG,3.560094676190484e-05
ERCC2,3.5596247091345705e-05
ELMOD3,3.5593346442458234e-05
NKTR,3.55746480970285e-05
ZNF606,3.5559728749559006e-05
CDADC1,3.554903634908766e-05
YPEL3,3.548383376273607e-05
VPS9D1-AS1,3.548161876355529e-05
KCNK15,3.547665391767871e-05
KEL,3.546883705324617e-05
AP001025.1,3.545367252118323e-05
GNAQ,3.545179243314174e-05
TTC13,3.54504812442574e-05
HERC3,3.5424094964618544e-05
PLA2G6,3.542337928246201e-05
AP000766.1,3.541780186001734e-05
LZTS1-AS1,3.5416346805083635e-05
PALM,3.540319793542505e-05
DNAAF2,3.539984015194926e-05
VIPR2,3.538091791019481e-05
MRPL3,3.5356789241653374e-05
EDIL3,3.534883811492764e-05
GREM2,3.5328997143987475e-05
CLCN3,3.5327674333137475e-05
GNPDA1,3.531899795561729e-05
KCNC2,3.5274973402429503e-05
FOXRED2,3.525442876892497e-05
C3orf33,3.525284402354555e-05
AP001033.2,3.525117465186071e-05
PRSS16,3.524636147434679e-05
SIGLEC10,3.5238281013754046e-05
LRRN2,3.5228656115325945e-05
LAMA1,3.52117246396125e-05
LRRC39,3.52011479033799e-05
ARGFX,3.5189611449992856e-05
PON2,3.518741850927555e-05
TXNDC8,3.518700084622026e-05
FILIP1L,3.518161598823598e-05
TMPRSS13,3.517848044204925e-05
ZNF689,3.515471946704456e-05
MYO16,3.514516585582055e-05
UBAC2,3.514284831860097e-05
C3orf49,3.511463947909921e-05
OAS2,3.5110529673138196e-05
BX664615.2,3.5100151582827446e-05
GPC2,3.509187069234114e-05
C11orf96,3.507436384255552e-05
AP002961.1,3.506797063888648e-05
ALOXE3,3.505378335926015e-05
MFF,3.5052639767641915e-05
LIPE,3.504641111632737e-05
MMP20,3.50136451981817e-05
VMAC,3.500615186327318e-05
NFS1,3.499717706844689e-05
PINLYP,3.4984950141343325e-05
C19orf25,3.49643124939763e-05
SLC23A1,3.4962418267327676e-05
GNAZ,3.496129974395258e-05
HEXD-IT1,3.49601301955305e-05
MSL2,3.495624542026241e-05
CACNA1E,3.4940310060324774e-05
NRXN1,3.4936944244940706e-05
IDH3A,3.4925048746524404e-05
RUFY4,3.4916674530509474e-05
GALNTL5,3.489707121034979e-05
PARN,3.487700760312341e-05
CATSPERG,3.48569846045278e-05
ZNF383,3.485317935152093e-05
PSAT1,3.4843690447560614e-05
RTKN,3.4839593045918935e-05
GSG1L,3.482069229152794e-05
COL4A3,3.4808128249764374e-05
ADAMTS19,3.478611311921559e-05
TAS1R3,3.4785269065851407e-05
SCN3A,3.478475377228115e-05
GPR132,3.4784136167948544e-05
POLR2J3,3.4782750523777024e-05
SAMD9L,3.4774587091847145e-05
SLX4,3.476957408045573e-05
IL26,3.4763875279359604e-05
TRAM2-AS1,3.4760422273384485e-05
DSG1-AS1,3.472863751249509e-05
YBX2,3.471148979552147e-05
HIRIP3,3.4666456225764656e-05
DUSP28,3.464597094613532e-05
STPG2-AS1,3.464446381590553e-05
SNX32,3.463902801917756e-05
MFN1,3.4633204810144795e-05
CCDC178,3.4620371217027024e-05
POLR3A,3.4595308982936354e-05
MED25,3.457269067292429e-05
SRR,3.456380193221658e-05
CNKSR2,3.453929794817702e-05
EPM2AIP1,3.4536104372128876e-05
ZCCHC2,3.452478526128985e-05
RANBP9,3.45226140957791e-05
HDAC3,3.45155075065445e-05
KDM5A,3.451434283228013e-05
MFSD8,3.45021634947805e-05
RFESD,3.449731403007443e-05
TCEANC2,3.448842799703216e-05
GUF1,3.448412447472653e-05
ZNF324,3.4465036300171476e-05
EGR2,3.4449191071301306e-05
PHLDA1,3.4445128989853256e-05
SP4,3.444153494611243e-05
MORF4L2-AS1,3.442022819832148e-05
SPHKAP,3.441747485805167e-05
ZNF845,3.440739057515529e-05
MCOLN3,3.439938093604641e-05
ZFAND4,3.4390626596426554e-05
PCF11,3.436923037500176e-05
MNX1,3.436150577772461e-05
ADAM29,3.432779349083476e-05
C1QTNF1-AS1,3.432489114150395e-05
CCDC142,3.431084279024481e-05
CLDN15,3.427513876246786e-05
SLC25A34,3.42729116228664e-05
PIP4P1,3.427226950963763e-05
LACTB,3.421728674506041e-05
ANKRD31,3.419705756698781e-05
ITGB8,3.417083032054418e-05
TPH1,3.4132292088404954e-05
COL21A1,3.411862133270322e-05
S100A8,3.411471479417381e-05
RUFY1,3.4102004911493995e-05
MS4A4E,3.4085590208312924e-05
DOP1A,3.4068818942910596e-05
HSPB7,3.4059904450749545e-05
ZNF540,3.4055176296815666e-05
RTN4RL1,3.405082170935755e-05
AP001029.2,3.4028617634529655e-05
ISCA1,3.402705150620514e-05
CDC42EP3,3.402528598200903e-05
RPH3A,3.402295243642443e-05
TRANK1,3.40220211067e-05
LOXL4,3.4015624502623746e-05
ACOT2,3.4009533468504606e-05
SCUBE2,3.400435071410823e-05
ZNF730,3.399724905816835e-05
PRPF8,3.398844900520186e-05
TRAF1,3.3981869527999766e-05
AP001922.5,3.397302026291062e-05
VWF,3.396508377110823e-05
LHFPL4,3.395946125014621e-05
LAS1L,3.3940506890106654e-05
ILKAP,3.3937862605688285e-05
BPGM,3.393768766813124e-05
NCOA7-AS1,3.392919092091722e-05
C6orf163,3.3921928452454576e-05
PPM1D,3.391233634108682e-05
GNMT,3.3910695178702614e-05
HDAC5,3.387958884358078e-05
ZNF580,3.3867965060793126e-05
GLMN,3.386159522431342e-05
RNF215,3.3856692111884665e-05
GLRA2,3.3853713738853185e-05
REX1BD,3.384464012661917e-05
CRIPAK,3.383927664328811e-05
NBDY,3.3827898708729234e-05
RAPGEF2,3.377917702012711e-05
PRRT3-AS1,3.377032371514622e-05
SORCS3,3.376563913394248e-05
ALK,3.376162354797944e-05
RAMP2-AS1,3.375917066579653e-05
OR10G3,3.374781766212226e-05
STKLD1,3.373737201662908e-05
TMEM94,3.373068162746204e-05
WNT9A,3.372776665658575e-05
HABP4,3.3713864018409906e-05
ANKRD39,3.3708803300326224e-05
DHX58,3.3704487455749554e-05
CCDC93,3.3694800556193344e-05
ACOT12,3.368088507978005e-05
HCFC1R1,3.368080743896377e-05
COL9A1,3.366075703901061e-05
RABL3,3.3660013423523225e-05
CYB5R4,3.3617848312241274e-05
TOM1,3.361725468757613e-05
SERPINE3,3.3599524253699224e-05
KSR1,3.3591312630104277e-05
UBFD1,3.358462894138763e-05
ACKR4,3.356332770320336e-05
HAGH,3.355131285659059e-05
DENND1B,3.353597922178329e-05
AP001207.3,3.3527158253053124e-05
RSF1-IT2,3.351934450565599e-05
HARS,3.349808418068762e-05
TFAP2E,3.347850952267178e-05
CXXC5,3.3477396774852575e-05
AP001372.2,3.3467968090210315e-05
PTPRQ,3.346257583435665e-05
PM20D2,3.3456653274308116e-05
ERLIN2,3.344972622727368e-05
INMT,3.343639554639792e-05
SSH2,3.3416927985106964e-05
OSTN,3.338316767972049e-05
NLGN4X,3.338095987573252e-05
CARD14,3.33704686372888e-05
MTHFSD,3.335748876497783e-05
LCAT,3.3356063782560285e-05
CFAP100,3.3346655545407944e-05
VN1R1,3.332589409334357e-05
BAG2,3.332429555667792e-05
ASH1L,3.3316420168009764e-05
ZDHHC16,3.328658052399723e-05
SELENOF,3.3281412532695614e-05
CX3CL1,3.327639512304407e-05
KCNMA1-AS1,3.326668768552375e-05
C11orf95,3.3245792489519725e-05
PRKAR2A,3.322708642445335e-05
UBE2L5,3.321435847527971e-05
SLC15A3,3.317615087165288e-05
ERVMER61-1,3.315158418597208e-05
CD72,3.314426310554066e-05
POGLUT1,3.314051834000426e-05
MINDY1,3.313371985808247e-05
COL9A3,3.312526916402069e-05
C16orf87,3.310723173106479e-05
EDC3,3.309717927227325e-05
BOD1,3.308757212398742e-05
GPR89A,3.3055489262521855e-05
PPP3R1,3.305019766820254e-05
CEBPA,3.304289219559723e-05
MAML2,3.3036693512962986e-05
COPG2,3.303240891034624e-05
SMC2-AS1,3.30310023205881e-05
RAB12,3.302386331462065e-05
BX664727.3,3.301768549796231e-05
CACNB4,3.30116490229201e-05
KCNB1,3.301047851060134e-05
CLEC14A,3.299675067259675e-05
EYA3,3.299110391251261e-05
AP003392.1,3.298390154805143e-05
ZNF256,3.297830615413546e-05
HADHB,3.2963813796917437e-05
C11orf54,3.296047200570066e-05
SPTLC3,3.2945722894344405e-05
TSPAN4,3.2919706403002365e-05
DMKN,3.291546572338272e-05
DESI2,3.2914464400577323e-05
SYNC,3.290663153327297e-05
UBA5,3.2904245549985424e-05
TMEM254-AS1,3.2903182160892625e-05
LPGAT1,3.289265937342902e-05
TLE4,3.288241322186833e-05
UBXN2A,3.285983305986576e-05
EBLN3P,3.28550727448353e-05
GOLGA5,3.2847183206365964e-05
SFMBT1,3.2846078542962875e-05
ZNF202,3.283623273553512e-05
GDAP1,3.283092835464782e-05
CCDC88B,3.280779719489166e-05
ANKUB1,3.279983372533871e-05
DFFB,3.279370891556516e-05
MBTPS2,3.273067899786862e-05
VPS53,3.272880616982843e-05
CALCB,3.272012105042692e-05
ELK3,3.2719803019770826e-05
KCTD16,3.271656567042557e-05
SLC5A11,3.2715155462168456e-05
DIAPH2,3.27104718892476e-05
AP003392.5,3.2690114624124774e-05
CSRNP2,3.267886921776629e-05
STOX2,3.266418883646869e-05
HEXA-AS1,3.264103612470169e-05
COMMD6,3.262790367920636e-05
POLR3D,3.2627820620035545e-05
C5orf24,3.2617923853761555e-05
OSBPL1A,3.2606462218845764e-05
CH25H,3.258469793582165e-05
PRX,3.253970198797435e-05
ZNF713,3.253702856877045e-05
ODF2L,3.252193096911301e-05
CRAT,3.250164032635937e-05
F12,3.2489666650037575e-05
FAM153CP,3.2480459552894844e-05
RGPD1,3.247310852190579e-05
C17orf64,3.246202029247121e-05
LAMTOR5-AS1,3.2459302854170685e-05
BARX2,3.244885262863126e-05
ST6GALNAC5,3.241681709790963e-05
TEX14,3.2393061349237796e-05
NAA35,3.2369782028710995e-05
CCDC158,3.2338457336098626e-05
TMEM185A,3.2317073023737674e-05
FBXO16,3.2311253325406045e-05
RTL5,3.230491553358239e-05
UCHL1-AS1,3.2291679089123455e-05
ZNF394,3.226967369494614e-05
GRM6,3.226415816901844e-05
NKAIN2,3.2261777134425816e-05
SKIDA1,3.223591226519204e-05
DNAJC27,3.2220895091757346e-05
UTP20,3.220050713866633e-05
CCDC168,3.2141330362581966e-05
CRIPT,3.213799108502913e-05
ZNF286A,3.212807859771949e-05
GOT1,3.2126810188614396e-05
C17orf100,3.21244867995128e-05
SEC22A,3.209972216070409e-05
EPN1,3.209693096370543e-05
IFT140,3.209557647044288e-05
ZNF816,3.206771299807042e-05
AP002381.2,3.206764438033483e-05
SNX21,3.2061453781783454e-05
PDE6B,3.2058328309148704e-05
IFNAR2,3.202966922231058e-05
AP000676.5,3.202823552220884e-05
ASCC1,3.202623953800567e-05
CORO6,3.2020795572619775e-05
TRMT11,3.202049060634515e-05
FBH1,3.2003738646135506e-05
ANKRA2,3.200323567032893e-05
RBBP7,3.2001482155128236e-05
APBA2,3.199654307521116e-05
ZNF354B,3.199328890512354e-05
TRPC6,3.1989704456507886e-05
MAPRE3,3.1984221987994546e-05
ZNF485,3.198296626435013e-05
PTOV1-AS2,3.1947621493703754e-05
IGLL1,3.1944474991005185e-05
CARMIL1,3.1938581927119635e-05
P2RY13,3.1931772319958607e-05
IFIH1,3.192041366121803e-05
AP003059.1,3.190620090303884e-05
SUCLG1,3.188142716355082e-05
LRRC49,3.186541224481525e-05
KLRC2,3.185961152001252e-05
TRMT61B,3.1820039338016816e-05
SCGN,3.179494074648507e-05
ZNF100,3.178836772073352e-05
BLOC1S3,3.1776245292197695e-05
MYOCOS,3.177249969103145e-05
MYO16-AS1,3.1767306930146286e-05
CORO1A,3.176728069506004e-05
IRAK1BP1,3.176434394834521e-05
DEGS1,3.1750724431187936e-05
CLP1,3.1727870050664764e-05
ZNF500,3.17273200735405e-05
FPGS,3.171343489852243e-05
PYROXD2,3.170104696191702e-05
KLHDC3,3.1686500478136366e-05
TTC32,3.168327801446457e-05
WDR77,3.1671068809467485e-05
ZNF215,3.164034535705001e-05
CBFA2T2,3.1599630437436325e-05
VAMP1,3.158936937141281e-05
SLC43A1,3.156151571325855e-05
AP005717.1,3.1555814796652334e-05
RASA4,3.154948052266177e-05
TCF7,3.1537749556327007e-05
SLC25A20,3.152833709146139e-05
NFIL3,3.1516142663268244e-05
AGBL2,3.1505794014708764e-05
SBNO1,3.149293961614865e-05
LCLAT1,3.149024019332272e-05
OXSM,3.148960639172028e-05
POLDIP3,3.1474731960385265e-05
GCK,3.1474308362110664e-05
ZNF843,3.1466430243543056e-05
PKD1L3,3.14647636493349e-05
KCNG2,3.145955544392112e-05
METTL14-DT,3.1453773223670454e-05
SNCAIP,3.145214693953195e-05
ADAM8,3.14431599337012e-05
NAPB,3.143149830426513e-05
DLD,3.1425296228084595e-05
ZNF613,3.142001306306625e-05
GLRA3,3.13973924833904e-05
TDG,3.139695571942437e-05
GRIK5,3.138464120688473e-05
ZNF738,3.137114104979935e-05
HACD4,3.136257611101668e-05
NAP1L5,3.135993691499874e-05
CEBPA-DT,3.1359598517760454e-05
AKR1A1,3.13483163228219e-05
PRKX-AS1,3.132763374980397e-05
ITM2B,3.1324506310713665e-05
CNMD,3.131302280876276e-05
FSBP,3.1310193633959246e-05
MYBPC3,3.130808673433723e-05
DCTN5,3.129592191960675e-05
MXD4,3.128922728300626e-05
RNF14,3.1284401875200246e-05
SGSH,3.1273334943655565e-05
SAMD15,3.1261510298004046e-05
ECHDC3,3.1247425527668136e-05
SNTN,3.1240583784963315e-05
CEP104,3.12369904538775e-05
AP001001.1,3.123424436048331e-05
OAF,3.1222913625745506e-05
SLAMF8,3.1221174878281904e-05
SMYD5,3.1219594117777585e-05
DNAJC25,3.121480465353957e-05
IER3IP1,3.1211726037850686e-05
ZNF529-AS1,3.11809134828678e-05
ZNF135,3.117768946057612e-05
NRBP2,3.114897396136047e-05
TMEM121,3.1145995529852674e-05
SLC24A1,3.1144533164260136e-05
ZNF503-AS1,3.111256671884132e-05
C3orf35,3.110111962251335e-05
PCBP2,3.108426668649235e-05
GRM1,3.105628719502759e-05
OPA1,3.1051486738474576e-05
AOX1,3.10313575602445e-05
AKNA,3.1029677457488284e-05
BCAM,3.101361264180402e-05
RRH,3.101015971611803e-05
EHMT2-AS1,3.0978239012556594e-05
NOS2,3.095144226824107e-05
COLEC11,3.0913943028044705e-05
SRRM2-AS1,3.090525127811632e-05
ALPK2,3.090457343918967e-05
AP002387.2,3.0903366971614885e-05
NCOA2,3.0898678402762394e-05
NUDT9,3.088524486837167e-05
CBL,3.088119005555808e-05
CCDC90B,3.088098820380152e-05
ZNF230,3.086278298107277e-05
AP000926.2,3.0856459456621347e-05
FRZB,3.0846029349424586e-05
FAM189B,3.0843331250039764e-05
MPEG1,3.083941942224318e-05
NDUFS4,3.0813407281927786e-05
TMEM178B,3.0810051923850105e-05
DCAF10,3.0807971933419684e-05
TSPAN18,3.080425693678402e-05
AF001548.2,3.077465362265653e-05
HMGA2-AS1,3.077411756851913e-05
HMOX2,3.0756516472129795e-05
NSUN4,3.075578500860373e-05
PUS10,3.075247541311725e-05
IFT74,3.073741805466944e-05
CFAP97,3.073187164702108e-05
AP001266.2,3.0730930514839076e-05
SLC35F3,3.072541279023233e-05
TECPR2,3.072282696264834e-05
ZNF763,3.072238089257689e-05
DHRS4-AS1,3.071504467061068e-05
SLC10A7,3.071315948520383e-05
RCHY1,3.070695519385961e-05
PDZD2,3.069961843684146e-05
NME9,3.068381719173227e-05
LAMC1,3.0677732892242396e-05
C21orf91-OT1,3.0654892554287846e-05
ZNF146,3.06536801302287e-05
HDAC11,3.064170773129575e-05
DNAH9,3.061140829156051e-05
PTCH2,3.0609439882329446e-05
SYNGAP1-AS1,3.060270398740795e-05
TRIQK,3.058880584076785e-05
HHLA3,3.058874486432158e-05
REXO5,3.0580286699303656e-05
PSMG3-AS1,3.0568248564131005e-05
RABGAP1L-DT,3.054744630539434e-05
LYSMD3,3.0546422217719976e-05
GEMIN8,3.0544263578043585e-05
KIF3A,3.054308436537172e-05
CDK4,3.0525842580661685e-05
TAF11,3.052086098824221e-05
FBXL14,3.0516276991551163e-05
TAF5L,3.0480040783553834e-05
RPGRIP1L,3.0449892656397638e-05
INAFM1,3.044542761624032e-05
USO1,3.0437258293609252e-05
SLC25A40,3.0432885387228603e-05
MMP11,3.0428783816956318e-05
WWTR1,3.037007009039142e-05
TTC26,3.0364349474439912e-05
RNF113A,3.0360356781547354e-05
PCGF6,3.035671321708607e-05
TRMT9B,3.0353123529280814e-05
TNKS2,3.0323925000112125e-05
SCART1,3.031300914806187e-05
IGKC,3.029999971102934e-05
WDR81,3.0295212396549845e-05
GRASP,3.0292795431600047e-05
FGFR4,3.024355235870162e-05
AP003393.1,3.024087535067172e-05
C10orf143,3.0220336248577673e-05
BRAP,3.0215507399033774e-05
EXOC8,3.0213403910409798e-05
CDKN1C,3.0212925634428293e-05
LRRTM4,3.0209193213904628e-05
SLC2A5,3.0167400365740182e-05
CSDC2,3.0165445376927192e-05
ADAM17,3.0154175214800422e-05
FGF7,3.0153230786532027e-05
TANK,3.015306443564413e-05
EDN1,3.014627798211478e-05
SLFN12,3.0141966381898517e-05
NEIL2,3.0141331385671808e-05
SMN2,3.0137336018945686e-05
CMTM8,3.0129060256325512e-05
RUFY2,3.011979958053323e-05
ITGAE,3.0107810315828883e-05
KCNE1,3.010316568141004e-05
EARS2,3.0103092337159897e-05
SCAT1,3.010108022888912e-05
CCDC58,3.00951359416643e-05
LTN1,3.0089451709123952e-05
ARHGAP35,3.0075386800090187e-05
Z95114.1,3.006932261511522e-05
C8orf86,3.005995214957378e-05
COMMD10,3.0049377709664008e-05
TNFRSF25,3.002255430050983e-05
SDR39U1,3.0007873287503146e-05
ZNF548,2.9972345402412445e-05
IDO1,2.9959886315119647e-05
ANXA9,2.9959023004774683e-05
SMCO4,2.9941097914573486e-05
KLHL14,2.993066499173549e-05
OTUD4,2.9902897858584223e-05
SHLD2,2.9895200340956224e-05
ANO3-AS1,2.989514844201633e-05
SLC45A1,2.988796487237737e-05
GGT5,2.9865255149910538e-05
GATB,2.986228876739899e-05
PAN2,2.9855612274819716e-05
PIK3C3,2.983629613051051e-05
DLGAP4,2.983155017721442e-05
LRRC8C-DT,2.9827273728346133e-05
FBXL19-AS1,2.9824990527626922e-05
ADGRB3,2.977660522038645e-05
SDSL,2.9758791886827788e-05
DND1,2.9748393098152395e-05
GRAP,2.972564320822069e-05
SLC12A9,2.97087541018905e-05
UBE2W,2.970193556224116e-05
B3GNT8,2.9695187314934057e-05
ACAD8,2.9691898246380364e-05
B4GALT3,2.967402131402967e-05
KIAA1328,2.9629018330480468e-05
DTHD1,2.9628228337198323e-05
RAD52,2.9621245711042892e-05
TIMMDC1,2.962013636570467e-05
COL1A2,2.961154305190389e-05
WDR17,2.9608441553215176e-05
MEPCE,2.9599558737128063e-05
RNF44,2.9597156955691514e-05
BPHL,2.9592795553539262e-05
LIMD1,2.958342628110102e-05
SERP2,2.957310488806066e-05
ZC3HAV1L,2.9568752078162915e-05
MGST2,2.956630005450138e-05
SLC14A1,2.9566196145528945e-05
PRPF31,2.9560966928296852e-05
TTC6,2.953099180022381e-05
ZKSCAN2,2.952230583818527e-05
AP002840.2,2.9519013400386862e-05
NOTCH3,2.951757333346103e-05
MDM4,2.9514233702337578e-05
NNT,2.950369881902173e-05
FBXL20,2.949057164125069e-05
ERFL,2.948910843669192e-05
FOXO3,2.9487597429228102e-05
GOSR1,2.948390850602352e-05
MSANTD4,2.948319400487959e-05
TRIM3,2.9473430955817887e-05
VPS29,2.94462693540559e-05
ZNF263,2.9440785419456804e-05
IVD,2.9440716454832133e-05
BTC,2.9436651372792497e-05
ADIPOR1,2.9433777200768672e-05
ZNF621,2.9422968880582396e-05
SLC47A2,2.94087091160802e-05
AMIGO1,2.939795096092983e-05
CRTAM,2.9391025293774464e-05
AP001347.1,2.9382405970700007e-05
CTSB,2.9372288701320902e-05
CASTOR2,2.9370679384142075e-05
GPBP1L1,2.9369956905400156e-05
CAMKK1,2.9365926676356216e-05
CAND1,2.9347140024537716e-05
TMIGD3,2.9346901175467643e-05
OLFML3,2.9337337481302436e-05
FBLN2,2.9329242213160705e-05
TMEM39A,2.9329015785811965e-05
EPHA10,2.9324134358848387e-05
TNFRSF1B,2.9321799584837956e-05
ALPK3,2.9315228020275885e-05
PICK1,2.9303424196381533e-05
PRR22,2.930240501061801e-05
GRB2,2.9300228227124866e-05
PCP4L1,2.9299925842314288e-05
AP002336.1,2.92768126881327e-05
CERKL,2.927069357507548e-05
ISOC1,2.9265293429493226e-05
HOOK2,2.9241683751656138e-05
TRIM38,2.9237541948053818e-05
ZBTB44,2.9232294155152883e-05
PLPPR1,2.923087089151534e-05
EEF1AKMT3,2.9221677032521897e-05
ZNF773,2.9213448407192575e-05
C7orf25,2.9208442668684063e-05
NR2C2,2.9201304974441487e-05
OSMR,2.918019772438156e-05
SLC39A5,2.9162637680542915e-05
STMP1,2.9154603950616134e-05
RASD1,2.9143791964893376e-05
COLGALT2,2.9137766186880697e-05
LMBR1L,2.9136578777699568e-05
SCLT1,2.913388732825e-05
R3HDM2,2.9118755892452263e-05
ZNF71,2.9092456830477325e-05
RMND1,2.908158396153155e-05
PHF6,2.906003390119725e-05
XRN1,2.9049288029878894e-05
PTGIS,2.9032426668918095e-05
SGCG,2.903110517424382e-05
ANPEP,2.901765506158249e-05
GLRA1,2.9000415368554148e-05
RMDN2-AS1,2.8999602785090717e-05
TET3,2.8995013054455387e-05
SH2B3,2.8980728992118702e-05
YARS2,2.897758985474148e-05
PEX1,2.8957586862175877e-05
PCDHB14,2.8949651698568805e-05
SNX4,2.894791796148627e-05
WDR92,2.894761766791478e-05
MAGIX,2.8894511477909764e-05
GPR183,2.888478119262009e-05
CSTF2T,2.8880028681588552e-05
WNT9B,2.8879541042231554e-05
IFT52,2.885506905971435e-05
IL11RA,2.8853040426361724e-05
NTF3,2.8834685143798204e-05
COX11,2.881020489115305e-05
C20orf204,2.880777330646813e-05
ABL1,2.8792463973076588e-05
PEX11B,2.8785140785760823e-05
MEIS1-AS2,2.878284956056526e-05
EDRF1-AS1,2.8770985480157274e-05
C15orf65,2.8754560873544748e-05
ZNF358,2.8741922797388092e-05
KLB,2.8736805161755916e-05
N4BP2,2.8735201107583645e-05
SLC31A1,2.8732514086577414e-05
THAP10,2.873006472637174e-05
COL8A2,2.8723966781925274e-05
ELFN1,2.871465170141388e-05
SETD5,2.871034558677724e-05
PRR5L,2.8706665069172155e-05
CLEC16A,2.869709378369433e-05
C17orf80,2.8680855088735706e-05
PSIP1,2.867081668147069e-05
OTUB2,2.8667909918938365e-05
RARRES1,2.8656117359337368e-05
MMP24OS,2.8651134723985474e-05
ZFAND2B,2.8639617152000245e-05
KLF9,2.8621928593127365e-05
TRIM66,2.861963904610374e-05
ADCY4,2.8619542875798218e-05
OSGEPL1-AS1,2.860921625725115e-05
TMEM198,2.859289593461034e-05
GIGYF1,2.858782230587527e-05
FAM199X,2.8570575342382903e-05
ENTPD4,2.856315299154651e-05
VKORC1,2.85561064723787e-05
CCL20,2.855534143208176e-05
FAM229A,2.855220369061105e-05
RPRD2,2.852715369890471e-05
PACS1,2.8515234526114844e-05
SIN3B,2.8510009781160514e-05
SLC19A1,2.850790061179259e-05
ZNF709,2.850191263845355e-05
ELN,2.8500139376496508e-05
CFAP97D2,2.849117340590867e-05
HPX,2.8482448357568428e-05
APCDD1L,2.8439273074756363e-05
TTYH1,2.843508285597537e-05
ARSJ,2.8422347141955284e-05
LMBRD1,2.841220274492364e-05
DNAI1,2.8406997303410088e-05
AP001062.1,2.840005079742835e-05
AEBP1,2.8397988594713862e-05
FANCM,2.8395457833200467e-05
HDAC11-AS1,2.838192098703987e-05
NUBP2,2.8371393090929053e-05
FAM167B,2.836239685966931e-05
FUBP1,2.8347691277350535e-05
ZNF70,2.8340242713896077e-05
MEIOC,2.8322468558745644e-05
LYSMD4,2.83173842379908e-05
C11orf45,2.830798444689194e-05
ASPA,2.8301476339972968e-05
MPZ,2.828471904506841e-05
METTL5,2.8275579274846877e-05
KIF13A,2.8260358161182313e-05
TEF,2.8230101657847693e-05
PTK2B,2.822444899906329e-05
FAM192A,2.8208963945885483e-05
CD160,2.818842407633325e-05
HLTF,2.8176405911560795e-05
WLS,2.8167714007340126e-05
SALL2,2.816700386464268e-05
NDUFA4L2,2.8165012726379184e-05
EXOC2,2.8162347329972223e-05
LNCSRLR,2.8140054863424786e-05
CRNDE,2.813922889216213e-05
SPAG17,2.8122237760060222e-05
CPNE4,2.810326729515862e-05
CAPS,2.8089658212522987e-05
GGPS1,2.8070590194002442e-05
IL4I1,2.806930334490554e-05
PI4K2B,2.8063999285854096e-05
AP005131.5,2.805660103866152e-05
HDHD5,2.804674429383179e-05
PTPN14,2.8002641900799543e-05
SCAMP1,2.8002622090143942e-05
C15orf40,2.8001757885430437e-05
SLC30A5,2.7981567305337163e-05
TMEM218,2.7975863732637448e-05
KCNN3,2.7972630653234166e-05
PPEF1,2.7966750500854642e-05
ZNF700,2.796656257982586e-05
CD69,2.7941272124851667e-05
MAPT-AS1,2.7931933765506297e-05
IFT172,2.792673135139561e-05
POLR2J2,2.791904496885751e-05
ACTR8,2.7915339400453454e-05
POPDC2,2.7900911812474128e-05
NEURL1,2.7894430371418852e-05
LNPEP,2.789371944755997e-05
HEATR3,2.7891851279941078e-05
ZNF346-IT1,2.7871479792821678e-05
KCNB2,2.7869464254806514e-05
DSCAML1,2.7869326768300387e-05
AJAP1,2.785585139627358e-05
NEURL1-AS1,2.785385092842513e-05
TNFRSF10C,2.7849862907164e-05
TXNL1,2.7829910852283627e-05
UBE2U,2.782058663311818e-05
ZBTB6,2.7805126923455577e-05
CRISPLD1,2.778768697208268e-05
ARMC8,2.7780596252246102e-05
ZNF518A,2.777722671147451e-05
AF235103.3,2.7746325603260454e-05
FAM92A,2.7724086043699137e-05
NTPCR,2.7720349041272853e-05
TUBA3D,2.7710867880863568e-05
ST8SIA5,2.7704671984349256e-05
LYG1,2.7699182382081355e-05
MAP3K8,2.7693923495841275e-05
AASDH,2.7689845244897066e-05
EXOC7,2.7687659427073887e-05
SPIN2A,2.7676801233202443e-05
CRLF1,2.7660413307563815e-05
CLEC12A,2.7660275666736386e-05
PROSER1,2.7656066573977526e-05
H6PD,2.7628217719355836e-05
EXD1,2.758790892534571e-05
WDFY3-AS2,2.7572300701087375e-05
RWDD4,2.757221036043913e-05
REM1,2.757011227304548e-05
TJAP1,2.756702408796805e-05
TMEM272,2.7566191279449345e-05
BNIP1,2.7555587555847532e-05
U2AF1L4,2.7551559849612437e-05
PIGM,2.7549593242373483e-05
PFKFB1,2.75480514269684e-05
SLC29A2,2.7538222318435833e-05
ADPGK,2.751990125830333e-05
NDUFV3,2.7518368672620247e-05
THRA,2.7493102960635378e-05
NDST2,2.7487018690220524e-05
PATZ1,2.7481361042168543e-05
RCN3,2.747132947686721e-05
IPO8,2.746791840847832e-05
ZNF654,2.746671938996162e-05
ZNF619,2.745504605303603e-05
SOD2,2.7443647715491486e-05
ZMIZ2,2.7442881704085657e-05
DENND5B-AS1,2.743895795791356e-05
MARC1,2.743847294568626e-05
PCDH11X,2.7433377215363078e-05
TAF1C,2.740915942840444e-05
HOXA4,2.739672393745369e-05
IFFO2,2.739487008233167e-05
ZCWPW1,2.739333055653525e-05
ASS1,2.7368043367189545e-05
ZKSCAN2-DT,2.7360792120631565e-05
CHKB,2.735523127980011e-05
TXNL4B,2.7340526462337845e-05
CC2D2A,2.733299394845987e-05
OPRD1,2.7329546204279385e-05
KDM1A,2.7329150288800978e-05
ATPAF1,2.7328599567918703e-05
NETO2,2.7318650215737275e-05
MED12,2.7310321764444557e-05
RPAP2,2.7309094819670872e-05
PADI4,2.7303151766876646e-05
INHBA,2.728960139704056e-05
ATRAID,2.728693893618488e-05
GPR89B,2.7281642702103097e-05
QTRT2,2.728084223401738e-05
KIF3C,2.7274132219540628e-05
IPO9,2.726273065054126e-05
GML,2.724982467752525e-05
AP3B2,2.724867706824219e-05
ARID3A,2.722454583335975e-05
AP002748.4,2.7218851547296773e-05
FCHO2,2.721160245209226e-05
METTL6,2.7197056249249826e-05
NTAN1,2.7141175026016063e-05
ZNF490,2.7117550129291135e-05
HEMK1,2.7115627817685772e-05
C8orf37,2.7101752051033322e-05
FABP5,2.7098024548410915e-05
OPRL1,2.709505269515657e-05
STPG3-AS1,2.7094635232473355e-05
GLDN,2.7088378366368753e-05
GZMA,2.7086721677437456e-05
PACC1,2.708623803367463e-05
PTGR1,2.7082110999131913e-05
VAMP7,2.7079897669176516e-05
TXNRD3,2.7078514251222694e-05
WDR61,2.7076412336976923e-05
ROGDI,2.706872377850199e-05
MSH2,2.7053709511731424e-05
CT69,2.7040324920049395e-05
SUCLG2,2.7026591573810305e-05
EDDM13,2.7025377608746876e-05
STYXL1,2.702391764505371e-05
ZNF189,2.7021143347875953e-05
CHD5,2.6999763087188124e-05
EEF2K,2.69823644229144e-05
ZNF765,2.6977787713091643e-05
KYAT3,2.6977733456212177e-05
TYW1B,2.6938777969139513e-05
MYCBP2-AS1,2.6928573531157442e-05
PON1,2.6919186958683484e-05
TPK1,2.691765832020028e-05
TUBGCP5,2.688292562540836e-05
Z99289.3,2.68593620468122e-05
MATK,2.6851961175002448e-05
GAD1,2.6848943932500243e-05
BATF,2.6848652447917404e-05
DHX34,2.679704236994492e-05
AP001107.4,2.6776491755501617e-05
EED,2.6775498832039735e-05
GJC1,2.676964812664435e-05
TMC2,2.6757901412443188e-05
SCRN3,2.6750037324943923e-05
SLC18B1,2.6747701421954546e-05
AADACL2-AS1,2.673680065909734e-05
NPRL3,2.669673644889457e-05
TRPC5,2.6689352191558328e-05
AP000892.1,2.666539328456668e-05
ADH6,2.6656117593009457e-05
DNASE1,2.6650469747032878e-05
CROT,2.6647616918676582e-05
THUMPD1,2.6639517346438753e-05
UBR5-AS1,2.661402193281286e-05
OSER1-DT,2.6593253222741374e-05
DNAJB4,2.6581306867484086e-05
CNN1,2.654971955843048e-05
GTF3C3,2.654929528095068e-05
FAM234B,2.654055729574556e-05
PPIL3,2.654030148523335e-05
WFDC2,2.6539448892306835e-05
ORAI2,2.6538391471178718e-05
VIRMA,2.65373540359952e-05
QDPR,2.6513008901583133e-05
ASH2L,2.6488883119339593e-05
NEURL4,2.648323153873951e-05
FGFR3,2.6480713396052007e-05
HS3ST3B1,2.647782078449853e-05
TNFSF13,2.6476951131224218e-05
LZTR1,2.646996565576461e-05
CARD9,2.644616082019109e-05
OAZ2,2.6426963059506123e-05
C1QTNF1,2.6424029633057896e-05
CDK15,2.6408450139965987e-05
NIPAL2,2.6405683056847268e-05
PCYOX1,2.6383303014519998e-05
SIMC1,2.6379901772017267e-05
ERCC1,2.6368603379631322e-05
ZBED3,2.6365140289193276e-05
PLEKHG4,2.6362678947917476e-05
TTC19,2.6348877108145218e-05
CD8B,2.6332192770290336e-05
CCN1,2.6327951825884037e-05
LNPK,2.632177770151052e-05
DACH2,2.630419343853728e-05
SATB2-AS1,2.6272043038771682e-05
FCSK,2.6270824554261862e-05
SLC25A38,2.624990951613542e-05
RFK,2.6238347496221253e-05
SORD,2.6216102887086974e-05
GPATCH3,2.6215032584520652e-05
TFAP4,2.620975567656709e-05
ARFGEF1,2.6187427799163446e-05
STXBP5-AS1,2.617712458075129e-05
FBLN1,2.6171004738809873e-05
MEX3B,2.6166630295895415e-05
GUCA1C,2.6165751648272792e-05
INTS4,2.6150866565287198e-05
SLC7A8,2.614945633733175e-05
ABCC8,2.6132158388219285e-05
BMP1,2.6112842536256644e-05
RNF32,2.6100119244135363e-05
TTC23,2.6085978392328565e-05
CLEC4A,2.605124798658734e-05
CASS4,2.6026180751738065e-05
ZNF451-AS1,2.6025152075319008e-05
RSPH6A,2.6019308721044804e-05
AP000640.1,2.6011242482397827e-05
FAM13B,2.601103101482256e-05
PARG,2.600998876964439e-05
GVQW2,2.6006245691504998e-05
RTN4IP1,2.600481859921044e-05
GRM7,2.5996164900272287e-05
FOXO3B,2.5983754152051485e-05
AP000944.1,2.598246348144512e-05
SAMD13,2.59817065800431e-05
FSIP2,2.59414685387696e-05
STX1B,2.5917516341857193e-05
CBLL1,2.5880289574889115e-05
C4orf51,2.5862875924867026e-05
ALG5,2.586054058127875e-05
IGSF22,2.5854938615443195e-05
APOBEC3D,2.5854367973572504e-05
C1orf105,2.5852862441725897e-05
COLCA2,2.5828812437121644e-05
DPYSL5,2.5823357309982583e-05
AP001439.1,2.5814471493481208e-05
TMEM144,2.5812040308175945e-05
SEMA6D,2.5810355907866223e-05
TEX22,2.579332490117854e-05
DPP8,2.5787732291673798e-05
PCOLCE-AS1,2.578599422191393e-05
SV2B,2.5783682479454884e-05
TMX3,2.578157043583263e-05
EXOSC7,2.577398987560239e-05
TNFSF15,2.5756409160796263e-05
LRIG2-DT,2.573928160653212e-05
TDRD9,2.573317077573773e-05
OGN,2.5710676180696907e-05
CXorf65,2.5708612002855632e-05
FOXD2-AS1,2.569596101254563e-05
STARD8,2.569359734482748e-05
NT5M,2.5689600030109387e-05
EPB41L5,2.568938628116979e-05
KCNK2,2.567409163238073e-05
QPCTL,2.5664607725308747e-05
LEPROT,2.5656782304990342e-05
COQ7,2.5642732961379998e-05
VWCE,2.5631473214209943e-05
DCDC2B,2.5620637059139405e-05
PAPLN,2.5620398655880343e-05
RNF25,2.5616199582649866e-05
DNAAF4,2.561084486519829e-05
SIRT4,2.558960484228955e-05
RNF41,2.5567084689877128e-05
SGF29,2.5528514607900858e-05
MMP25,2.552682220085353e-05
KIAA1211,2.5524071897097567e-05
CEBPZOS,2.5473194930408188e-05
NAPA-AS1,2.54726372079696e-05
ME2,2.5469729794143648e-05
BRINP1,2.546957689265032e-05
ADAMTS8,2.546319865777645e-05
ANKRD13A,2.5453804596549646e-05
DENND2C,2.5446070511812135e-05
CAMK1D,2.5445776410077056e-05
YAE1,2.5444431011578095e-05
TTC12,2.544419896857662e-05
LRRC75A,2.5411713475343856e-05
FAM241B,2.540929398446172e-05
MTX2,2.5396399273740188e-05
MED17,2.5383868814093447e-05
KBTBD2,2.537819806479346e-05
PDK3,2.5373326176865895e-05
TSBP1,2.537124653723658e-05
TRMT44,2.5332247278472035e-05
GABRB1,2.52753746024923e-05
TEX36,2.5266660317672165e-05
ZNF658,2.525680191054731e-05
SURF2,2.524999644713348e-05
TMEM68,2.5238594529983456e-05
KIFC3,2.5217732330755844e-05
TLCD2,2.5176145646544674e-05
NELL1,2.5165698611409652e-05
MAIP1,2.5157853188844864e-05
FRMPD1,2.515407387313433e-05
PARP3,2.5153608615867428e-05
CERT1,2.5152204576410624e-05
EFCAB7,2.513029090031751e-05
PDXDC1,2.5112891250541077e-05
MROH8,2.5104169105871547e-05
GORASP1,2.5097387171270545e-05
SWI5,2.5095048831155417e-05
AP003117.1,2.507236596645345e-05
ANKRD35,2.5038304871524056e-05
CNOT2,2.5022571659708108e-05
Z97832.2,2.5020812687233262e-05
LRCH2,2.5017143158041683e-05
KBTBD11,2.5012303687462402e-05
RFPL1S,2.5008331817857037e-05
KIF5A,2.495171163991913e-05
UNC79,2.494905880427792e-05
NPIPA2,2.4948043759945953e-05
CCDC89,2.491394300856396e-05
TMEM200A,2.49001468442612e-05
ZNF792,2.489901686850937e-05
DLG5,2.488990648375e-05
SLC30A6,2.4889848171067755e-05
TMTC4,2.487262015761448e-05
TRMT2B,2.4863750204633142e-05
SEC62-AS1,2.482048925105751e-05
CYB5D1,2.4819094478701823e-05
ZSWIM3,2.4810314889885506e-05
MYLPF,2.4793708571528035e-05
SPDYA,2.4791596178183386e-05
ZNF649-AS1,2.4785743291020314e-05
ICOSLG,2.478381372859923e-05
NIPAL3,2.4777118911990616e-05
CIB4,2.475195968910167e-05
PCNX4,2.474916380839775e-05
KCNAB1,2.4743267511319544e-05
ARID4A,2.474324121275252e-05
IFT27,2.4727905032185935e-05
LOXHD1,2.4724221984169747e-05
ANAPC1,2.4720156654433468e-05
QPRT,2.4688069642921622e-05
IQSEC3,2.468480347672295e-05
PILRB,2.4658332978401687e-05
ALKBH1,2.4631105337430908e-05
AFMID,2.46070598107719e-05
RASL12,2.460299446940381e-05
ABHD10,2.459704133981934e-05
SLC12A1,2.4596578989370485e-05
AP003049.2,2.4579933222036408e-05
ZMAT5,2.4549675922886413e-05
WDR78,2.4534997875203366e-05
EIF2AK3,2.453323303684011e-05
ARSD,2.452385854597184e-05
SOGA3,2.45225740175889e-05
KANSL1L,2.4517743012076584e-05
CEP41,2.451003322655821e-05
ERICH6,2.4509040533919624e-05
SAFB2,2.447605037004332e-05
MOV10L1,2.4473344786210722e-05
COMMD9,2.4466848540026234e-05
MAST1,2.4455828465663987e-05
ACBD7,2.4432450828778462e-05
AP1G1,2.443149744422505e-05
DGAT2,2.4426046263598434e-05
SCNN1D,2.4423051269585064e-05
REXO2,2.4414408988207213e-05
NUTM1,2.4397629262503104e-05
ARL2,2.439331501803899e-05
WDR5B,2.4387937156527208e-05
ICE2,2.4382334894086466e-05
ANKRD53,2.436729247951233e-05
YTHDF3,2.4362174174047497e-05
PPIE,2.4338774757346904e-05
UQCRC2,2.431013863976606e-05
CIAO2A,2.4309224191808232e-05
COG7,2.4300303937013355e-05
GDAP1L1,2.427803173235119e-05
ZPBP,2.427610868868219e-05
CCDC138,2.4271772297122675e-05
HEPACAM,2.4264428257774902e-05
MSN,2.4261740456008774e-05
SCAT8,2.4239586356576784e-05
RAP2A,2.420716940959431e-05
DCAF4L1,2.4195539550300645e-05
CERNA2,2.4193972465191165e-05
ZNF229,2.418376372490864e-05
ZNF543,2.4180660123441412e-05
ARFGEF2,2.4155917095820792e-05
OLFM1,2.4144417784045296e-05
BGN,2.4133947535404083e-05
COMMD3,2.412930486252915e-05
LYRM7,2.4127411915607155e-05
SKAP2,2.4123530078869043e-05
CPB2,2.411906839652736e-05
CAPN10-DT,2.411836110094457e-05
CUL4A,2.4107857509082714e-05
BET1L,2.4099427958767403e-05
FXR1,2.4095797397983505e-05
ADGRE1,2.4088666721667974e-05
RHOXF1-AS1,2.4075958961882303e-05
JADE1,2.4072183739969446e-05
RB1-DT,2.406797377057909e-05
SLC25A4,2.406207000090407e-05
NLRP5,2.406175853829435e-05
KDM4D,2.4061323040189866e-05
AATBC,2.4060480641894578e-05
FAM178B,2.405887764415702e-05
DUSP15,2.4056076583637067e-05
CNDP1,2.4045625022949376e-05
SPRY4,2.4021503382971285e-05
COG1,2.401971492753328e-05
SLC35A5,2.4014639679695258e-05
SLC12A3,2.4014115346055628e-05
METRN,2.399991807450467e-05
MAPK8,2.399971246901659e-05
HIKESHI,2.3999466099221717e-05
RP9,2.397011270327214e-05
CR381653.1,2.3949231193245138e-05
POLE2,2.3942155542242347e-05
GRK4,2.3924383295003382e-05
PNCK,2.390976130797705e-05
CYP2J2,2.389703054405562e-05
PKN1,2.3896925671141128e-05
ALAD,2.3895433836872904e-05
CCDC106,2.3864748991381002e-05
BNIPL,2.3861573480174685e-05
CNTNAP1,2.3837489213235144e-05
TATDN2,2.382467366033245e-05
CCDC88C,2.3817234822490025e-05
U91328.1,2.3807437755690388e-05
MRPS30-DT,2.379329581423859e-05
NDUFAF1,2.3763621841362083e-05
HINT3,2.3763089142201917e-05
IL6,2.3746789437943204e-05
AP003464.1,2.3740448365178362e-05
ATP23,2.3734365355526716e-05
SREK1IP1,2.3717713886239304e-05
TIMM29,2.370712227113247e-05
SRRM3,2.3705204784561688e-05
NR6A1,2.3700091614158093e-05
DIPK1B,2.3680803222040024e-05
CLDN20,2.3673985248197103e-05
VSNL1,2.3673259866994692e-05
PCYOX1L,2.3635707085926912e-05
RTL10,2.363478735051709e-05
TP53,2.362822218609037e-05
IGSF5,2.3595931403352174e-05
C19orf47,2.359492373634665e-05
CHODL-AS1,2.353541540513314e-05
MAP10,2.352622190983737e-05
CDH9,2.349925105586719e-05
KIRREL3,2.3493491171039672e-05
ARRDC4,2.3492804088996414e-05
ASIC3,2.3463312876961897e-05
MECR,2.3462151006293058e-05
STRBP,2.345919346989427e-05
ITM2A,2.3454766302079872e-05
ETFRF1,2.3432155833047802e-05
AQP11,2.3430836579266586e-05
SCARF2,2.342242057941623e-05
TUSC1,2.3416410611498735e-05
LIAS,2.3407862972590046e-05
MITD1,2.338630671769754e-05
RYK,2.337140071030586e-05
NR1I3,2.3350964954736807e-05
MHENCR,2.334927227522012e-05
MRPL42,2.33280867595508e-05
GFI1B,2.332559316595308e-05
GYS1,2.3319245908264036e-05
FBXW8,2.3317409183129668e-05
CCT6B,2.331311065671441e-05
ZDHHC1,2.3297816179672808e-05
CCR10,2.328618499047414e-05
CDC42-IT1,2.3277891092941014e-05
EDRF1-DT,2.326312025698863e-05
ZRANB3,2.3251785891797482e-05
PPP1R32,2.3246297004582736e-05
PDE6C,2.324517080223803e-05
MAFIP,2.324036736509601e-05
PODXL,2.321844204988324e-05
TAS2R4,2.318252239938427e-05
POMT2,2.3177282966934137e-05
PHKG1,2.310442910873261e-05
CNOT4,2.3098492309593294e-05
CERS3,2.3079498491958887e-05
GID4,2.3065666015143247e-05
TRAFD1,2.3015497731063486e-05
DDI2,2.3009899362971536e-05
USP3,2.300896842470688e-05
GTPBP3,2.3001595072364108e-05
THUMPD3-AS1,2.299737255953031e-05
SRA1,2.2985700253047033e-05
TMEM147-AS1,2.297736226515176e-05
HIC1,2.2974435067570424e-05
LGALS9,2.29688314308307e-05
TTI1,2.296699703776575e-05
C10orf95,2.295914964636926e-05
GUCA1B,2.2957909343311443e-05
UNC5CL,2.2946962032793577e-05
EPHA3,2.2929089970854057e-05
CNKSR3,2.2921552407126376e-05
HIST1H2AD,2.2907474072915218e-05
ZFYVE27,2.289562656131482e-05
LIMD1-AS1,2.2885397762059677e-05
CORO7,2.28844366725387e-05
TTC30A,2.28738037949696e-05
ACAD10,2.286843040930096e-05
ZNF514,2.2814156387644963e-05
C22orf24,2.281388198228145e-05
MMUT,2.278821197731864e-05
TSPAN33,2.2782664299527116e-05
NCBP2-AS1,2.2779291086328784e-05
UBR4,2.2756780506381054e-05
MARCH9,2.2746879692589618e-05
BX004987.1,2.2744957732263333e-05
SEC23A-AS1,2.2743154885326795e-05
MOB2,2.272961673600735e-05
THUMPD3,2.272931628104618e-05
UQCRHL,2.2720506373821227e-05
TMEM177,2.27135922148291e-05
ZNF670,2.2692128148396458e-05
MYLK4,2.2686495084955656e-05
UBE2E1,2.2685737492289725e-05
ZRANB2-AS1,2.267756857996173e-05
FCHO1,2.2674312629011407e-05
NUFIP1,2.267277786047229e-05
MDGA1,2.266378511781293e-05
CDAN1,2.2651050201052656e-05
MARVELD3,2.263581830152834e-05
ZNF649,2.2628271172226134e-05
FUT1,2.2615236133472384e-05
LRRC61,2.2610334126352215e-05
SLC52A3,2.259946847930366e-05
ZBTB8B,2.259847797528994e-05
ALMS1-IT1,2.25894758985834e-05
SIKE1,2.258620313669536e-05
SYT14,2.257635299079006e-05
POLR1D,2.2565533589581487e-05
UBXN7,2.2543045747262218e-05
ZSCAN32,2.2533883118970932e-05
ZNF609,2.252753225586549e-05
EPS15L1,2.2505126749821443e-05
SRGAP2B,2.2500472466300076e-05
AP001107.1,2.249736969099314e-05
ABHD13,2.2441297175408336e-05
COIL,2.243933697304597e-05
PMM1,2.2431576377198525e-05
CPNE7,2.2431173033772253e-05
DM1-AS,2.2426955399200666e-05
FAM186A,2.2402835022289832e-05
PSMB8-AS1,2.2401029298843263e-05
CRTC3-AS1,2.239360388069602e-05
S100A9,2.2392152715714113e-05
TUBD1,2.238197705603523e-05
CCL5,2.236877804118743e-05
ZNF264,2.236713447000902e-05
RPP21,2.236274518844702e-05
TUBG2,2.2351184245762388e-05
CCDC144NL,2.235064548602617e-05
LUADT1,2.2347220165679695e-05
HOMER3,2.2339928348760093e-05
NEMF,2.2336379963245442e-05
SLC25A5-AS1,2.232499553994435e-05
CPAMD8,2.2323640384948865e-05
CFAP74,2.2321452632723134e-05
KANSL2,2.2307574602462272e-05
NDUFAF6,2.2303994527030553e-05
GALNT16,2.230079931414245e-05
CYP2W1,2.2274416072502336e-05
LRRC31,2.2244836329313135e-05
PPM1A,2.2227415409107038e-05
SNX30,2.221873283301279e-05
ZNF107,2.2205268629919763e-05
MTAP,2.220206237210914e-05
LHPP,2.2195901086845212e-05
SPTBN5,2.2190676419864483e-05
RINT1,2.2187628365354632e-05
PSMA3-AS1,2.217450960538336e-05
ITGAM,2.2158424831719293e-05
PAIP1,2.2139336962081324e-05
TAPBPL,2.2109663675454828e-05
KCNG1,2.2101955648714345e-05
ZDHHC18,2.2078155132320463e-05
CRPPA-AS1,2.207016893775712e-05
DLEC1,2.206373739891043e-05
FAM171B,2.2049919110859312e-05
INTS5,2.204217412770726e-05
SLC22A5,2.2036836432336564e-05
ZFYVE1,2.2019174560030846e-05
CCN2,2.2011254719469275e-05
C2orf74,2.1998789315896066e-05
MYOZ2,2.1985183841544154e-05
NADK2,2.198071232218799e-05
L3HYPDH,2.1954276430772305e-05
CLGN,2.194902649764083e-05
SERF1A,2.1948419718938557e-05
MRPL24,2.1946762049886277e-05
TUT7,2.1944768606713267e-05
RMDN1,2.1942092015011168e-05
ARMC4,2.193942960557046e-05
BICRA-AS1,2.1926867304634036e-05
CEP120,2.1909670738894774e-05
STAT1,2.190555178290259e-05
EXOC6,2.1904493946727513e-05
SH3BP5L,2.1878894058291596e-05
GTF3C2,2.1860448713173176e-05
FBXW2,2.184319875990277e-05
SMIM7,2.183136854524831e-05
HLA-DQB2,2.1809505352304376e-05
ANO8,2.1789740726818628e-05
FCF1,2.178189022539262e-05
ARHGEF37,2.176649283208438e-05
LETMD1,2.1766249070863395e-05
TMEM273,2.175144087016896e-05
WWOX-AS1,2.1739272806670764e-05
MIR155HG,2.1732706196563288e-05
SYDE2,2.1721828109450835e-05
CLDND1,2.1702820838781406e-05
CEP57L1,2.1702064642381332e-05
TMEM117,2.168219389816941e-05
RUBCNL,2.167812169628596e-05
KIAA0040,2.16752982668284e-05
AP000866.5,2.1663587816213272e-05
ZNF442,2.1649330967127442e-05
POFUT2,2.1647096028995426e-05
SMTNL1,2.1645497749067566e-05
FAM200B,2.1630089246543466e-05
AGK,2.1628061818814774e-05
FASLG,2.1590110151458672e-05
AASDHPPT,2.1560579853608035e-05
AP000487.1,2.15575006702029e-05
FAM227A,2.1543890182991055e-05
SAP130,2.1517030781478777e-05
FKBP15,2.1494406795471695e-05
DPP9-AS1,2.1493933288395404e-05
GALNS,2.14784043802813e-05
PTPN5,2.1473913998548344e-05
NAALADL2-AS2,2.147115428183243e-05
EGFL8,2.1468858118185496e-05
RAB3GAP2,2.1468344355491487e-05
CLK4,2.1459720987835517e-05
ZMYND12,2.1456726306071004e-05
HNRNPL,2.1450923723509453e-05
CADM4,2.144171976040934e-05
ABHD1,2.1437870995804362e-05
HOMEZ,2.1425339062996395e-05
GPR158,2.1407815635487403e-05
SYNGAP1,2.1407730446526622e-05
C12orf40,2.139389433787141e-05
BEND6,2.1370930125676424e-05
F10,2.1334614011573474e-05
ATXN7L3B,2.128773231870864e-05
SDHD,2.1260847766549998e-05
WDR37,2.1257400731082306e-05
TLK1,2.1232715730359995e-05
DYRK1B,2.122822150495839e-05
ZNF57,2.1221519129298643e-05
NOTCH2NLC,2.122117086483549e-05
SH3BP1,2.119504631153777e-05
DLL1,2.116273520604365e-05
ZNF784,2.1161482242424788e-05
PLCG1,2.1159577977005962e-05
C8orf58,2.1150406871039318e-05
AKTIP,2.1138472027885718e-05
LRRC27,2.1127938307371464e-05
DRP2,2.1122185749005653e-05
TRMT10B,2.1113771498632672e-05
BCL2L11,2.111037621627365e-05
PHTF2,2.1067088201706633e-05
ZBED1,2.106123522522865e-05
BRF2,2.1060069397831447e-05
LHX6,2.1057583877236706e-05
MIS12,2.1045581859542914e-05
RELL1,2.1034562029562747e-05
ST7-AS1,2.101330408894811e-05
PEG3,2.101316141254026e-05
PDZK1,2.1003747226360995e-05
HIST1H3E,2.0994086222909264e-05
ATN1,2.0979456901669775e-05
TSGA10,2.09775996058808e-05
ADK,2.0959152873645113e-05
PPARA,2.0956035794855592e-05
AJ003147.2,2.095209916331848e-05
PRRC1,2.0942198518299683e-05
TSPAN16,2.0923484263872427e-05
PDE11A,2.0921208646761034e-05
RNASE6,2.091583787495327e-05
NBPF11,2.090889499909521e-05
LRRC38,2.0901688410916158e-05
VPS11,2.0899832622469633e-05
TMEM132B,2.089813603532185e-05
C8orf31,2.0894721555867258e-05
POLR3F,2.0894534481762204e-05
NOMO2,2.085054624676992e-05
RNF207,2.0829362994186582e-05
TNRC6C-AS1,2.082935633630012e-05
RBM48,2.0814244441094083e-05
CREB3L4,2.0812596380799457e-05
METTL1,2.0806651754737843e-05
ZNF81,2.0803388520069344e-05
NFX1,2.080169618949088e-05
KPNA3,2.080078766977795e-05
WNK3,2.0772859281327384e-05
SLC26A4,2.0772770972652633e-05
GNGT2,2.0757696656168366e-05
DCUN1D1,2.0703757502884395e-05
POLR3B,2.0698719992659782e-05
MSH6,2.06868495603316e-05
ZNF234,2.0665423228174935e-05
KCNK3,2.066538336066401e-05
LOXL3,2.0661315814756163e-05
SLC33A1,2.065988884781215e-05
CPSF4,2.0639362806158668e-05
ZNF561,2.0624333718335204e-05
CHRNE,2.0620016644186218e-05
PRUNE1,2.0602119127844725e-05
C1QTNF4,2.059454685918539e-05
FBXO6,2.05760175065062e-05
MOB3A,2.056805171334487e-05
WDR74,2.0534471376882463e-05
JRKL-AS1,2.052871372799608e-05
ZNF586,2.0527565267059504e-05
TCTN1,2.050512406393405e-05
TM7SF3,2.0491965812229113e-05
ZFP90,2.0453808613218595e-05
ETNK2,2.044813269962459e-05
MAP1LC3B2,2.0437036096188356e-05
HS1BP3,2.0436070246469e-05
RNF146,2.0435671636832566e-05
CYP1B1,2.0412547872335207e-05
GPATCH2L,2.039116833950989e-05
MAP4K2,2.0390317399351298e-05
CFAP70,2.038815648234951e-05
ABCB9,2.0377613545716004e-05
PYY,2.0369676603631986e-05
BLVRA,2.0362450973496203e-05
KAT7,2.034469636695025e-05
STK31,2.0323360963620032e-05
CETN3,2.0306510385531437e-05
OMA1,2.030099770432744e-05
PPT2,2.0293192592532397e-05
RHBDD3,2.0257330204410198e-05
MED26,2.0239815835909033e-05
Z97055.2,2.0222849639484088e-05
BBS10,2.0207732023789656e-05
ZNF212,2.0206079358065017e-05
ZSCAN21,2.018865368265412e-05
SYCE2,2.0183063949610286e-05
RSAD1,2.017948431253821e-05
ZSCAN9,2.016150810394481e-05
RAD51C,2.015683028390783e-05
ATP2A1-AS1,2.0156767961057785e-05
SATB1-AS1,2.0124543279072983e-05
PVALEF,2.010488204501987e-05
FAN1,2.009814150578441e-05
GMPR2,2.0086039316746775e-05
TKFC,2.008579872290317e-05
HMGCL,2.0082119162588175e-05
KCNH2,2.006700480999085e-05
RAB28,2.0065717675822333e-05
MARCH4,2.0010092097710128e-05
GSDME,2.0004162300836453e-05
FOXRED1,1.998534002946113e-05
AP002954.1,1.9983376480748227e-05
RAB18,1.996289576071339e-05
ZNF197,1.9951586544722913e-05
TMCC2,1.9931666676477704e-05
WDR75,1.9920834034046334e-05
UMAD1,1.9904597128499625e-05
PPAT,1.9900015597879412e-05
DEF8,1.989923558136701e-05
SLC46A3,1.9898590544418998e-05
SNAP91,1.9888898107385227e-05
KCNV2,1.9885260878515645e-05
CHCHD3,1.9884225835859658e-05
CCDC122,1.986434457585115e-05
TEKT3,1.984910078833754e-05
USF2,1.9847125355652136e-05
ATPSCKMT,1.984223155433203e-05
C1QA,1.9839200878154288e-05
ZNF675,1.9834715115833723e-05
DENND6B,1.982860240279512e-05
NDUFAF2,1.982718494831564e-05
ARMCX1,1.9824853132425536e-05
BDNF,1.9818170931913744e-05
ATAD2B,1.9815932237866247e-05
ZNF155,1.981044617062358e-05
SMPD3,1.9810416820424146e-05
TYK2,1.9808106424701636e-05
NUP42,1.9774127423901574e-05
JPH3,1.976775682265827e-05
DCAF13,1.9761433614750323e-05
UEVLD,1.974557459841819e-05
ZNF385A,1.9735271126767752e-05
RELL2,1.972529698648234e-05
TCTA,1.9723252714150805e-05
MEIS1-AS3,1.9722500552712355e-05
COQ6,1.971496412395269e-05
ZNF333,1.9712041315554632e-05
QTRT1,1.9707359546359915e-05
OBI1-AS1,1.970123056599409e-05
PMM2,1.9687718636366072e-05
PAUPAR,1.9666540548398947e-05
DUSP14,1.9666384820364083e-05
PDIK1L,1.9661503487905048e-05
TIE1,1.964512381948828e-05
ZNF777,1.964403127269057e-05
KMT5B,1.9638863911992268e-05
CTC1,1.963802773917099e-05
ZNF772,1.962803079696198e-05
CTDSPL,1.957797558031743e-05
BRICD5,1.9559382636872416e-05
DIPK1C,1.9555225366603626e-05
TINCR,1.9530259913171465e-05
HLX,1.9523344972663665e-05
USP27X,1.9522208807254585e-05
PARS2,1.9520656306719277e-05
TUBE1,1.9515436927289747e-05
RENBP,1.949454722116963e-05
RSBN1,1.9471020388811723e-05
AP001437.1,1.9460085582011845e-05
AGTR1,1.945607020867626e-05
BACE1-AS,1.944225347009833e-05
MED9,1.944159196858783e-05
AMZ2,1.9434695217848724e-05
PPCDC,1.9430983582551684e-05
SLC15A4,1.9424702129446437e-05
AP000842.2,1.9424322194442535e-05
ERP27,1.941455752046802e-05
CAHM,1.941238767200884e-05
LPAR3,1.939654435641713e-05
LCORL,1.938226790278726e-05
HMCN1,1.9360542399300307e-05
TMEM213,1.9333975389946135e-05
AP000282.1,1.9291623281158417e-05
CGGBP1,1.9288403751772574e-05
MOSMO,1.9288068228720537e-05
RSPH9,1.928355261182376e-05
ZBP1,1.9276394759185474e-05
KCNMB3,1.9254801669952036e-05
IGSF23,1.924727731137355e-05
GALNTL6,1.923408339918768e-05
TMEM74B,1.923180709564914e-05
PCDHGA12,1.9227864405619183e-05
GPM6B,1.921617281387748e-05
NKD2,1.9206070202857205e-05
NPEPL1,1.920361319483078e-05
FAM209B,1.919767403615503e-05
SLC51A,1.9192953806230735e-05
DYRK4,1.918809488435168e-05
PDE6A,1.9178163855270652e-05
MAPKAPK5-AS1,1.9170289969349026e-05
ALPK1,1.9164201822406347e-05
C11orf53,1.9140904818482356e-05
CSNK2A2,1.9129092960448146e-05
COX10,1.910788345934047e-05
IREB2,1.90984872259491e-05
PRDM15,1.9079870905091545e-05
SLC5A4-AS1,1.906811225394802e-05
DEPDC4,1.9060056395064956e-05
C9orf64,1.9037682716213272e-05
CBLB,1.9031927748496792e-05
SUCO,1.9012805438550596e-05
NSD3,1.9002635456707835e-05
FO393418.1,1.899114671668707e-05
ASMTL,1.898255438744699e-05
XRN2,1.8970571080736163e-05
VASN,1.8952687997498325e-05
SGMS1-AS1,1.8946505705957485e-05
MYNN,1.8940152096713762e-05
ZNF839,1.8937293658091488e-05
FKBP11,1.8918293025291562e-05
CA5B,1.8905379287727032e-05
TMEM138,1.8890136110017548e-05
TNN,1.887246253402445e-05
CWF19L1,1.886976062587095e-05
UBXN8,1.8857056358572207e-05
ACOX3,1.8848031341324884e-05
IFT20,1.881730165318027e-05
MANSC4,1.881444606750814e-05
LPAR2,1.8807420735453856e-05
DSCAS,1.880721007068488e-05
SMARCA5,1.8790912423309045e-05
SIRT1,1.878804239835145e-05
TMEM129,1.8782175935363823e-05
SERPINI2,1.8777255705862944e-05
ZNF417,1.877033377405444e-05
COMMD8,1.8769779599705222e-05
HLA-DOA,1.8755301668940956e-05
PIGG,1.8745492539634618e-05
ALOX5,1.8736192444489674e-05
CMC2,1.8723644514214158e-05
PRICKLE2-AS3,1.872110518867867e-05
HIST3H2BB,1.8720524045674507e-05
FOXH1,1.8715828783739906e-05
WWC2-AS2,1.8708613419040956e-05
SULF2,1.8707849673450002e-05
TNFRSF9,1.8679411338605242e-05
AP000442.1,1.8655668003197282e-05
ZNF672,1.8635175563965892e-05
MEX3D,1.863285145634119e-05
FAM76B,1.8632488590654972e-05
ENDOV,1.862851029882208e-05
ARHGEF11,1.8613036234504227e-05
LYRM1,1.8608655952296632e-05
HAND2-AS1,1.859878029275207e-05
AGAP2,1.859170654018098e-05
DLGAP1-AS1,1.8588406771096575e-05
FAM186B,1.8587170617677145e-05
AD000090.1,1.854703923518646e-05
PLCH2,1.853900004518535e-05
VNN2,1.853103027522746e-05
FREM2,1.852940066417049e-05
SDCBP2-AS1,1.8523381503950757e-05
PSMD8,1.8522706353982632e-05
SLC24A2,1.8513449708528456e-05
XPNPEP2,1.8498024127758884e-05
CCM2,1.849391171633821e-05
SRPK2,1.8490283300469178e-05
DTD2,1.8485207670895268e-05
PEMT,1.8480217397752557e-05
GRAMD2A,1.8467451935445994e-05
ZNF771,1.8437468372536546e-05
NIPSNAP1,1.8436098032803962e-05
MTRF1,1.8431426858376845e-05
ZNF112,1.8417013491915474e-05
PYM1,1.839030277599895e-05
NIM1K,1.8378939110297274e-05
LNP1,1.833981143426598e-05
TMEM106B,1.833888816588477e-05
AP002433.2,1.833499159001983e-05
DCAF11,1.8318262823992723e-05
PGAP1,1.8291692475478175e-05
RPARP-AS1,1.8260447241952523e-05
ARIH2OS,1.8221755342113374e-05
SEPTIN3,1.8180325723935344e-05
TESC-AS1,1.81748079737748e-05
ZNF200,1.817390083522597e-05
PHF21B,1.8171731164615357e-05
NAV2-AS3,1.816746798390333e-05
NECAB3,1.8167445540696246e-05
C13orf46,1.815395755306371e-05
RAB20,1.81520137985169e-05
MTSS2,1.8149016465740835e-05
SEC14L5,1.8138318741933036e-05
PDCD1,1.8137620914018212e-05
SMTN,1.813375457604501e-05
GOLGA1,1.8126126861197148e-05
ATL2,1.8109710282376666e-05
TCP11L1,1.8109013588904997e-05
BX004807.1,1.8093462263663553e-05
SRCIN1,1.8091487079764275e-05
SCYL2,1.808968446845133e-05
TAS2R30,1.808659002500962e-05
EMC1-AS1,1.808073444992059e-05
CCR4,1.8073966178722065e-05
NSMCE1,1.8068960415432455e-05
FAM98B,1.8054405295734796e-05
FBXO42,1.8048760884859073e-05
S1PR2,1.803071759951738e-05
ZNF124,1.7987391546417406e-05
LRIT3,1.798216778310855e-05
PTPN22,1.798077465605764e-05
RBM18,1.797461822479135e-05
PAOX,1.7969333247377952e-05
SEMA6A,1.795581974674519e-05
CNPY2,1.7952758329614422e-05
LSM6,1.795252924618343e-05
ABCD2,1.794912324316012e-05
DNLZ,1.7941772750723646e-05
INPP5K,1.792729056539011e-05
ZNF579,1.7889351504863784e-05
SLC29A4,1.788651158227737e-05
CCDC74A,1.7885349127691034e-05
CLINT1,1.788036295968431e-05
TSSC4,1.7874173026905553e-05
SLC25A48,1.7865749565042433e-05
MTRNR2L1,1.7858678960979653e-05
DACH1,1.7853232816611882e-05
RING1,1.7851833351860838e-05
PCAT7,1.784804212835988e-05
STAM2,1.7844897885899584e-05
UNC13C,1.782695989558788e-05
TM7SF2,1.7804877558754133e-05
PDZD11,1.7795305940720855e-05
DDX52,1.7789942980239604e-05
LRRC37A,1.7756188921846626e-05
HSD17B12,1.7746820681659707e-05
ADCY8,1.7744617118725348e-05
ENY2,1.7738041920815498e-05
LRRC9,1.7734306130618075e-05
ASB2,1.7734058381843037e-05
AP000317.1,1.7722543843767228e-05
AP001029.1,1.7706913742585925e-05
IAH1,1.7700348918201288e-05
DGKQ,1.7685727994588492e-05
PLCD4,1.7684021647674452e-05
KLHL26,1.7678175487897033e-05
XPNPEP3,1.7669870084257033e-05
SKP1,1.765050466911488e-05
KLK14,1.7649133811890628e-05
IL27RA,1.764450069347967e-05
MRM3,1.76398177819811e-05
MRPL33,1.7617568840367426e-05
HSDL1,1.7608213857056133e-05
FBXO48,1.7597578049652562e-05
GPR63,1.7591803364176335e-05
EIF2D,1.75868969611268e-05
EEF1AKMT2,1.7572592054936863e-05
FAM3B,1.7568283265361764e-05
ARGLU1,1.7567012710834924e-05
PIGV,1.756137161140309e-05
PRXL2A,1.7554899250639632e-05
KLF11,1.7553578985923698e-05
TTPAL,1.755156406657695e-05
SCML1,1.7547183070272774e-05
PRAF2,1.7541278642381677e-05
WAC,1.7511623597113735e-05
ZNF416,1.7510725779285704e-05
AP001631.2,1.750516716802076e-05
CACUL1,1.7499501014637424e-05
ZNF79,1.748485060222483e-05
ABI3,1.7477247489036923e-05
ELAVL1,1.746969158991156e-05
IKBIP,1.7453616213273215e-05
ABCA9,1.7444559847915715e-05
DYRK1A,1.742825242033411e-05
ADCK1,1.7420550189940027e-05
KTI12,1.7406576311513895e-05
SPESP1,1.7398485813657506e-05
ZNF630,1.7381237405057e-05
TMEM63C,1.737927324815685e-05
PPP5D1,1.7379044013761183e-05
AP003419.3,1.7370696028061997e-05
FZD2,1.7369413148360327e-05
CEACAM4,1.7369022310412275e-05
TMEM170A,1.7367296775651056e-05
TMEM252-DT,1.7359154073184015e-05
EIF5A2,1.7347740418160413e-05
GRM7-AS3,1.734667557611511e-05
PPP1R18,1.7345943572738766e-05
LYSMD2,1.7339665284750807e-05
MSRB2,1.7329064479612953e-05
SLC6A4,1.732303322098581e-05
SAMD4A,1.731575633635e-05
PLEKHM2,1.7299300652680525e-05
STIMATE,1.7284298519223154e-05
PCSK2,1.7271492381239166e-05
PPP4R3B,1.7259917018887263e-05
PARD3B,1.725111159188627e-05
DENND5B,1.7246867866014565e-05
NAA25,1.724195030024654e-05
ARL6,1.7238381105064397e-05
HSD17B1,1.722888316786568e-05
CPOX,1.7228441153238755e-05
BEST1,1.721733205576961e-05
BTG3-AS1,1.7211519033455557e-05
COG8,1.7206111067315875e-05
WDR86,1.720388564536796e-05
NRIP2,1.7202895796312493e-05
SMIM25,1.7193338920984806e-05
ZNF710-AS1,1.7187919593747488e-05
C2CD5,1.7183474870801462e-05
ZC3H13,1.7179652513353038e-05
RABGAP1L-IT1,1.7150807693215065e-05
CRY2,1.7142549893163708e-05
S100B,1.713861187341986e-05
FOXC2,1.71162963119754e-05
LSM3,1.7102473727317123e-05
ADPGK-AS1,1.7096660903182442e-05
C12orf66,1.7076039499049096e-05
AKAP3,1.7065681338692436e-05
MATN3,1.7061060052567412e-05
FHL3,1.7054199417679953e-05
CABP4,1.7047478522356307e-05
SELENBP1,1.7046467174726383e-05
WDR60,1.7046367809167874e-05
IPO5,1.7037051903171536e-05
LPA,1.703511303104258e-05
SOX7,1.7031793743791987e-05
OVGP1,1.7009599033260827e-05
IMMT,1.6986393938057142e-05
SFPQ,1.6981555540726982e-05
PODNL1,1.6979989488469935e-05
NBEAL1,1.6976851975131647e-05
FAM89A,1.6961532071461182e-05
SGSM2,1.6960295178134407e-05
GDF9,1.6948679971952992e-05
QPCT,1.6927419570018162e-05
GAPDHS,1.691798785770348e-05
ATP2B2,1.6903415463640735e-05
ASMTL-AS1,1.6902529636069907e-05
MMP21,1.689896690260359e-05
EMILIN2,1.6897080293318812e-05
TM4SF1-AS1,1.686973215800767e-05
AP000525.1,1.686735103968102e-05
AURKC,1.6854953493952086e-05
CAVIN4,1.6854934315229017e-05
SNRNP40,1.6851452037495565e-05
ARHGEF1,1.6850517096717153e-05
KDM8,1.684020804682691e-05
YBEY,1.682632763692903e-05
TLR1,1.6825859041470684e-05
ENTPD7,1.6819223976877812e-05
HNRNPA2B1,1.680956114521104e-05
SNCA,1.6778379556271264e-05
SPAG5-AS1,1.6770690022755626e-05
MXRA5,1.6769802847681492e-05
SNX19,1.6756954075496104e-05
ZHX1,1.6745352730933607e-05
DUSP16,1.672786735897924e-05
IBA57-DT,1.672353748252561e-05
PRDX6,1.672067820734644e-05
FALEC,1.6716880587114573e-05
MKRN2,1.6707793477348294e-05
CEP63,1.669525023707001e-05
NT5C1B,1.668399730187463e-05
MAGEF1,1.6683687198795873e-05
SSPO,1.6670892952615927e-05
KANK2,1.666461443600424e-05
GAREM2,1.6621733254541397e-05
ZBTB33,1.661398165922056e-05
GET3,1.6611574794398002e-05
RXRB,1.6602591737640348e-05
TMCC3,1.6592837190573102e-05
RHOT2,1.6584371997814957e-05
USPL1,1.657057450369241e-05
PEX11G,1.6558519247689042e-05
FSD1L,1.6542305047839797e-05
TMEM140,1.6538605805144483e-05
SLC38A7,1.6524304731695908e-05
OPRM1,1.652359909576002e-05
TGDS,1.6487743533238966e-05
NDRG3,1.648287869493899e-05
TRPV1,1.64778848119964e-05
MAP3K14,1.6455456232894563e-05
SIGLEC5,1.644419357027076e-05
IPO13,1.6442185643037912e-05
WIZ,1.64309649011024e-05
RAB33B,1.6429973547766408e-05
TMEM158,1.6409474162281492e-05
POLN,1.640914779403761e-05
INHBA-AS1,1.6375302382970373e-05
TIMM23B-AGAP6,1.6372631200390785e-05
DNAJC16,1.6372243180775184e-05
KMO,1.637068674049852e-05
STAT6,1.6364832366751202e-05
RBMS2,1.6352495375695412e-05
CCDC130,1.6347465254494813e-05
ZNF418,1.634453216266819e-05
HYKK,1.6342680082654506e-05
CACNA2D4,1.633705944189975e-05
RNF11,1.6318082473679794e-05
UBE2D4,1.6316160056275102e-05
CNTN4,1.631157126739696e-05
TRIM52-AS1,1.6304250584967163e-05
CDKL2,1.629749764516123e-05
SDHB,1.6265016295825655e-05
CDK3,1.6257910168341276e-05
LAMB2,1.625624162607314e-05
TYW5,1.6242899886210183e-05
CNTF,1.6240907447786456e-05
AF064858.1,1.6236849449275922e-05
AP000866.1,1.62294519305092e-05
PRKCD,1.6228965739311066e-05
ZFYVE9,1.6228137580270508e-05
JAG2,1.6217145180754833e-05
LYVE1,1.6210606387112258e-05
NUP210L,1.6202521501963946e-05
CNOT8,1.6191336048143114e-05
APOL3,1.618801128289041e-05
SNHG26,1.617548935158388e-05
STK17A,1.617346711272922e-05
USP46,1.61587440539125e-05
KDM3A,1.6152072376340768e-05
AP003469.2,1.6129928845309634e-05
TMEM191C,1.612565775053439e-05
HDAC6,1.6121126221732926e-05
NMUR1,1.6109294247800504e-05
OCIAD1-AS1,1.6105041519601196e-05
SH2D3C,1.610225826104687e-05
CEPT1,1.6085003399368534e-05
AP005432.1,1.6053169169835143e-05
HNRNPM,1.6047650228138223e-05
CDH22,1.6046113572595005e-05
AP002748.6,1.6045984316476505e-05
THAP7,1.6039961475882655e-05
CPEB1-AS1,1.6028755236815672e-05
TRIM33,1.6025277523556626e-05
MPP4,1.601607679726762e-05
TMED2-DT,1.60131079839275e-05
AP3M1,1.6010054682356615e-05
AK8,1.5993397418164432e-05
ZFX,1.598348673609502e-05
DUOXA1,1.5976250648097622e-05
GOLGA6L10,1.595098692821169e-05
FAM3D,1.5946239705631852e-05
ALG1,1.594293086212747e-05
ZNF813,1.593981420158157e-05
ZFP69,1.592423596604662e-05
HECW1,1.5906459090254114e-05
EIF2B4,1.5895474250029285e-05
SLC35C2,1.5858948946681338e-05
OSBP2,1.5855923813519087e-05
LIX1L-AS1,1.585050644350829e-05
ZNF319,1.5847504551493243e-05
TBC1D2B,1.5846585009763448e-05
C7orf31,1.580880309464826e-05
KCNAB3,1.5803769019102044e-05
PPIC,1.578599474014554e-05
ICK,1.5756194997566833e-05
SYBU,1.5746825605141698e-05
FBXL16,1.57425766434193e-05
MPLKIP,1.574225288165958e-05
CCDC112,1.5726719658992675e-05
AF123462.1,1.5718072742636592e-05
SF1,1.5708648642331584e-05
EXOC6B,1.5707500346850002e-05
RANGRF,1.567982213585665e-05
SLC25A30,1.5676489957189326e-05
SPAG6,1.566835131642841e-05
GRIPAP1,1.5656778912084155e-05
PIGN,1.5628772228214805e-05
ZSWIM9,1.5628501937571707e-05
ZNF397,1.5607545974205338e-05
BABAM1,1.5606124540372108e-05
BEAN1,1.5592766252267362e-05
ZBTB17,1.559215436977604e-05
GIN1,1.5586763654048854e-05
CCNDBP1,1.5569236484326878e-05
EDRF1,1.5540987300561913e-05
POLR3C,1.5530258678643822e-05
FBXL3,1.5527726675065802e-05
HPS4,1.5527615221933072e-05
PDP2,1.5525737424575157e-05
EP300,1.5514075889890232e-05
PDE1C,1.5490273963179544e-05
PCNT,1.5489910108437998e-05
CDKL5,1.5478600429222316e-05
PHC2,1.5470682946611833e-05
PRR5,1.5438543195592412e-05
TAC4,1.54352655761108e-05
L1TD1,1.542662316717889e-05
CCR2,1.5424057141371323e-05
ZNF283,1.542285723272104e-05
LZTS3,1.5386582732830494e-05
NINJ1,1.5384750650752247e-05
KDM4A-AS1,1.538343161849711e-05
RNF40,1.537626051277709e-05
MRPL52,1.5351331750436132e-05
SAG,1.5339673669069364e-05
BX255925.1,1.532580695633032e-05
C20orf96,1.5309345392450377e-05
RGS19,1.530187009682183e-05
SPG21,1.5299187740260218e-05
MKLN1-AS,1.52877192383963e-05
TSTD2,1.526836426765274e-05
RETREG1,1.5248808311389026e-05
FUS,1.523851295268074e-05
NELFA,1.5237708920668012e-05
RNF34,1.5234874091349797e-05
E2F5,1.5233509216802603e-05
HCN1,1.5232520154223075e-05
MRPS33,1.5227833566345358e-05
TMEM44-AS1,1.5223581543998371e-05
SPAG7,1.5220946612320547e-05
TRIM46,1.520566392420759e-05
ZNF786,1.5204227070671126e-05
GLT8D1,1.5203826295931216e-05
MYLK3,1.5195217971440342e-05
RXYLT1,1.518811512789372e-05
JMJD4,1.5185939890454488e-05
ZNF22,1.5166670738347063e-05
MIR3681HG,1.5160892586465954e-05
C1orf122,1.5135654887073125e-05
TEAD4,1.51307825551726e-05
RUSC1,1.5120331933859174e-05
CCDC71,1.5119907015705651e-05
XIAP-AS1,1.5110453227518694e-05
ERICH6B,1.5110419479837999e-05
MRGPRF,1.5076931301056903e-05
LSMEM2,1.5073910905444236e-05
TRGC2,1.5050735504772663e-05
EGFR-AS1,1.5035555249523471e-05
VPS26C,1.5033567361891924e-05
STT3B,1.5027584192901645e-05
YPEL5,1.5010917654802976e-05
MYL6B,1.4993040567305595e-05
AMOTL2,1.498447555379996e-05
NBR1,1.4978512522519546e-05
OOEP-AS1,1.4972256983786229e-05
LARP7,1.4969260572052954e-05
CKB,1.4968445458323631e-05
PCDHGB7,1.4956621858424815e-05
TNFAIP8L2,1.4946711281620392e-05
NUCB1-AS1,1.49286121054957e-05
GABRD,1.4927942561698249e-05
TIFA,1.4916739131360033e-05
EIF4EBP2,1.4911334994994242e-05
TRPV6,1.4896724006737066e-05
TMEM30A,1.4894371130895105e-05
GABRG2,1.4890503183852452e-05
SLC7A9,1.48828673979859e-05
SCN7A,1.4866932244632466e-05
ZC3H7B,1.486410066931684e-05
TTC38,1.4859247448615874e-05
WSCD2,1.4849638069408128e-05
ZNF789,1.484862925841379e-05
ZNF852,1.4847416466320435e-05
CDH18,1.4847369937084955e-05
SLC10A6,1.4846628480288392e-05
FAM98C,1.4835317893324573e-05
WNT3A,1.4826187700368833e-05
AP000253.1,1.481944773864959e-05
HNRNPH3,1.481362980183202e-05
RBM15-AS1,1.4785574818948127e-05
FAM53A,1.4785201154354446e-05
CEBPB-AS1,1.478246474084524e-05
PCGF1,1.4778009612564847e-05
MRRF,1.4775493911891353e-05
C1orf52,1.4722216603790411e-05
NCOA5,1.46967338386275e-05
IGSF6,1.4691397069014691e-05
EXOSC10-AS1,1.4683030529512972e-05
DNAJC17,1.4667508540978842e-05
CSMD1,1.4664730292447743e-05
PPP1R3C,1.4647930679649706e-05
GABBR2,1.4629330152025295e-05
SELENOT,1.4622030741279253e-05
C2CD4D-AS1,1.4617778573821719e-05
PP2D1,1.4614594324075843e-05
VIPR1-AS1,1.4606724275727296e-05
CTDSP1,1.4602992093843075e-05
NSFL1C,1.460038717246805e-05
FAM234A,1.4596923071572075e-05
MTRES1,1.456842957802622e-05
DRD3,1.4536421728384915e-05
TMEM41A,1.4517893672974358e-05
C10orf88,1.4511813465556353e-05
C14orf28,1.4495982515660139e-05
ZNF518B,1.4491106224197089e-05
BAZ2A,1.4479333153477273e-05
ZNF639,1.4470815976803841e-05
RAB9A,1.443669504256184e-05
IGFBP7,1.4429284339741517e-05
STK36,1.4396704039289882e-05
STAMBP,1.4393563169125069e-05
KLHL7-DT,1.4392071173855208e-05
DISP2,1.4391373511833304e-05
ARMCX5-GPRASP2.1,1.4370765569104308e-05
SPAG8,1.4365810722711134e-05
CISD1,1.4364675416350233e-05
NSUN5,1.4350784529014621e-05
CECR2,1.4350585028278187e-05
LRRC8B,1.4334147615027801e-05
SYNE4,1.432391901288032e-05
COPG1,1.4323116224251387e-05
TNFRSF14-AS1,1.4308514916844287e-05
VSIG2,1.4291371018375686e-05
NALCN-AS1,1.4277251816225016e-05
C3orf70,1.4275764109013155e-05
RABIF,1.427167809153862e-05
MAMDC4,1.4267569269552046e-05
LAMTOR3,1.4258582052830712e-05
TMEM65,1.4257341450242074e-05
TAB1,1.4257038203727134e-05
PEX3,1.4235869720808066e-05
CPA6,1.4211861267583497e-05
IPO11,1.421138884989438e-05
TF,1.42095221552923e-05
ELMOD2,1.4199100379111853e-05
MTO1,1.419413930072243e-05
GABARAPL2,1.4184190982103762e-05
SLC25A21-AS1,1.4172283797689666e-05
AGPAT1,1.4150235644302751e-05
ZFAND5,1.413496359463549e-05
IMMP1L,1.4124971222438297e-05
CDK8,1.411557007200406e-05
VSIG8,1.4104408171101821e-05
RIOK1,1.4092403911971124e-05
WWC2,1.4090079929954263e-05
GTF2H2C,1.4076425717707884e-05
SERTAD4-AS1,1.4074356836382736e-05
NDUFAF7,1.4067904340086841e-05
NMD3,1.4048263529272685e-05
PPP1R3D,1.4043542957103515e-05
C14orf178,1.4001497427831208e-05
COPS2,1.399573243248557e-05
TRIM13,1.3993419819861368e-05
WASHC2C,1.3987884510421785e-05
UCHL5,1.3973700585551442e-05
SGCZ,1.396914790344075e-05
IL23A,1.3964337544353105e-05
RAC2,1.3950359849296633e-05
TACO1,1.3947423761005954e-05
FLAD1,1.3938443011052257e-05
H1FX-AS1,1.3936142955341219e-05
ISY1,1.3921819171432846e-05
MAPK1,1.3918633952532494e-05
SH2D2A,1.3915866358597111e-05
SMU1,1.3914136603854252e-05
SIAE,1.3900101247103633e-05
LRR1,1.3894873836851138e-05
TCEAL4,1.3878191747906654e-05
CEP70,1.3837824159157307e-05
C1orf54,1.382610889796219e-05
KCNJ6,1.38106710834345e-05
GPRASP1,1.3800099860525358e-05
COX15,1.3794347646118272e-05
MRPL49,1.3788613719340028e-05
INTS9,1.3780352833705842e-05
VPS52,1.3769821296409318e-05
EXOC3L4,1.3762838692684056e-05
C17orf113,1.376101821929377e-05
TULP3,1.374252194284304e-05
SLC7A7,1.374077366694218e-05
FAM110C,1.3731384544324871e-05
MDFIC2,1.3715659599630686e-05
HINFP,1.3711042364517474e-05
LANCL2,1.3702179886065127e-05
TEPSIN,1.3676979043663016e-05
RNF8,1.3669222293679226e-05
MNAT1,1.3668799691405626e-05
MIR548A1HG,1.363018782111868e-05
TM2D3,1.362037119113437e-05
KCNH1,1.3609532873567257e-05
TSSK6,1.3607602021421904e-05
PIGBOS1,1.3605126398639311e-05
KHDC4,1.358155689455475e-05
CPLX2,1.3578083199149826e-05
GBP4,1.355217003301672e-05
SCTR,1.3545420243332819e-05
OTX2-AS1,1.3543580519074084e-05
LEMD3,1.3527711165211716e-05
PCDHB9,1.3525135001744516e-05
FAM184B,1.3519626940555108e-05
RPP14,1.3504105195908257e-05
MAPK4,1.3452161917276375e-05
NUTM2A-AS1,1.3448667544830936e-05
RBBP6,1.3404426442843419e-05
SPA17,1.3394682730436964e-05
CBX2,1.338370603540334e-05
VWDE,1.3371191764563015e-05
PINX1,1.3361999078955115e-05
DCK,1.3359038217184119e-05
LUZP1,1.3348676878012338e-05
MANEAL,1.3339850823692337e-05
ZNF425,1.3291200473521381e-05
PRKAB1,1.3288272664949676e-05
UROS,1.3285299125687789e-05
FRMD3,1.3281637271177372e-05
SHMT2,1.3258685448926423e-05
ANKRD13B,1.3258249696054348e-05
MORN3,1.324807064933084e-05
TXNDC12,1.324597729522444e-05
EMC8,1.3241860076922289e-05
ZNF703,1.3239616508680325e-05
ELP6,1.3233730311301946e-05
ADGRL1,1.3232369285519778e-05
LINS1,1.3231589786616513e-05
GCNA,1.3231202149035429e-05
TESK1,1.3222940401549661e-05
CYGB,1.3218874134142763e-05
SLC25A44,1.3207889940776356e-05
SFT2D1,1.3188850637760144e-05
ZNF346,1.3177881739142369e-05
HERPUD2,1.3175139302870554e-05
SLC12A8,1.3172737161267051e-05
ATR,1.3161526278044042e-05
CCDC153,1.3160956272830025e-05
NPIPB8,1.315896077765654e-05
SCD,1.3139792321773258e-05
LCA5,1.3116132854124889e-05
PTPRU,1.3116121920548582e-05
PPIP5K1,1.3113926202697716e-05
IFT80,1.3073269821218879e-05
HMGN3-AS1,1.3068572774529874e-05
C1orf131,1.3058628180599903e-05
WWP2,1.3041108817125726e-05
TMC8,1.3035495879072194e-05
AOPEP,1.3023574471550002e-05
MEGF10,1.3018006175144815e-05
SLC5A1,1.300398238760924e-05
EGF,1.3001330991669402e-05
WDR11,1.2994312301609328e-05
NTM,1.299213596951245e-05
MAP3K15,1.298878920027472e-05
ATP6V1FNB,1.298119914924876e-05
C17orf58,1.297798490727723e-05
TMC1,1.2972647507640911e-05
DLGAP1-AS4,1.2970307272943695e-05
CYREN,1.2964771341163959e-05
EAF1-AS1,1.2961641704785661e-05
RNF208,1.2959526513094624e-05
EAF1,1.2958878540501727e-05
UBIAD1,1.2958217930772353e-05
EBI3,1.2949374169433538e-05
LARS2-AS1,1.2946678071046448e-05
ARMH3,1.2939640078472358e-05
HORMAD2-AS1,1.2911811285504433e-05
FAM160A2,1.29116953076326e-05
CYB5R3,1.2908181640047598e-05
DOCK3,1.290596696849355e-05
PRORP,1.2899782756770469e-05
CLIC4,1.2891462560478946e-05
PSTK,1.2891443246145566e-05
MST1,1.2891260941754989e-05
CZIB,1.2887675024382647e-05
SLAIN2,1.2880221476513152e-05
ZNF438,1.2876370483078198e-05
SMN1,1.2861613614952103e-05
MAU2,1.2854668445996574e-05
ZBTB21,1.2849013269863217e-05
NPIPA5,1.2846970741962097e-05
DENND2A,1.2819958464650007e-05
PPP2R3B,1.2817373148714232e-05
MYO9A,1.2796782478540201e-05
ING3,1.2796050056519792e-05
ZNF512,1.279305113152541e-05
FDX2,1.276446924602545e-05
PEF1,1.2763634180722676e-05
SMYD4,1.2763376762014676e-05
ASIC4,1.2762993576853212e-05
USP20,1.2720962232576669e-05
TMED3,1.2716157049895275e-05
CADPS,1.2714888839790876e-05
DEPDC5,1.2713497941710334e-05
DDX23,1.2700348639654408e-05
DNM1,1.2699561969201844e-05
ISM1,1.2693281661421602e-05
INCA1,1.2686331308557107e-05
COL6A3,1.268417814555552e-05
SOX12,1.2680448860922168e-05
NHEJ1,1.267302733953035e-05
AP001767.3,1.2672029925335305e-05
ARL2BP,1.2671847337847458e-05
NUPR1,1.2670651142841805e-05
ZNF132,1.2646341578394224e-05
DUSP27,1.2636845948101163e-05
FAM177A1,1.263174451449099e-05
TTLL7,1.2626626663233228e-05
UBE2B,1.2622062903350459e-05
CACNA1B,1.2619122123717845e-05
SUSD5,1.2610473303613785e-05
NCKIPSD,1.2607525756443325e-05
PEX5,1.2574848994757058e-05
SYDE1,1.2550089155027792e-05
MCM9,1.2548120923601108e-05
SEC62,1.25387034904022e-05
ZNF282,1.253093276323619e-05
SYN1,1.2522119531218216e-05
NAT10,1.2490308732713955e-05
PGRMC2,1.2478705397338897e-05
ARL1,1.2478074478413637e-05
ZBED6,1.247706264047791e-05
USP22,1.246022879822814e-05
FAM114A1,1.2459763313247186e-05
CINP,1.2448506917983338e-05
MYPOP,1.243693352291813e-05
PTPN2,1.2418396406380572e-05
XYLB,1.2417087916176638e-05
COPB1,1.2411597635465843e-05
VOPP1,1.2410096966332612e-05
ZC3H12B,1.2409635162942435e-05
NOC4L,1.2400488889992403e-05
DDAH1,1.2397535843591688e-05
GAS5-AS1,1.2392372793608941e-05
CHMP4A,1.2375746234961563e-05
RNPEP,1.2365839747015793e-05
PRPS2,1.2344706962377376e-05
HPD,1.2339427791682007e-05
C4orf50,1.2338630846065249e-05
USP40,1.2335821395150598e-05
NKPD1,1.2333316926126881e-05
CA5A,1.2319390186542917e-05
UBR1,1.23100704989019e-05
MAP6D1,1.2283652705002738e-05
C9orf40,1.2260941288336541e-05
CNPY4,1.2257429477529713e-05
ISM2,1.2255173816383675e-05
FGF2,1.2247437906591558e-05
CHD3,1.2239115217897102e-05
AK6,1.2237619925642187e-05
EXOC3-AS1,1.2220942826072929e-05
PPP1R12A-AS1,1.2192771656576388e-05
ZNF326,1.2187607464534999e-05
FGFBP3,1.2172188349596783e-05
STRIP1,1.2132557124755255e-05
KIAA0930,1.2131011479351406e-05
HTR2B,1.2122699285125524e-05
CD14,1.2119646058653729e-05
ZBED5-AS1,1.2114614797579927e-05
SOS1-IT1,1.2091962953835738e-05
CFAP58,1.2084914519889783e-05
SENP1,1.2082824900799153e-05
CYB5A,1.2075036144490686e-05
DYNC2LI1,1.2063517534435992e-05
EXTL3-AS1,1.205459424781422e-05
ZNF28,1.2053111473486391e-05
USP33,1.2051809760405673e-05
SOX17,1.202165028232018e-05
EDNRB,1.2010194797752885e-05
SV2A,1.2009027326370413e-05
CRTC2,1.200533870917131e-05
CCDC77,1.1998196151530586e-05
TBC1D9B,1.1996899720218106e-05
SNHG31,1.1990532337623517e-05
ATP2C2-AS1,1.1987343795481831e-05
TMEM18,1.1956322088459785e-05
THYN1,1.1954434128160437e-05
FAM43A,1.1947307936763764e-05
AF305872.2,1.1943183673379746e-05
CLU,1.1940068480723043e-05
MOAP1,1.1923899122293878e-05
KIAA0586,1.1914000653001255e-05
KLHL35,1.1912804036772751e-05
NRAD1,1.1905959533829171e-05
OR9Q1,1.1888416200714946e-05
NMRAL1,1.1881112965178434e-05
COPS7B,1.1869904764986587e-05
CACNB1,1.1864135013680625e-05
AGBL4,1.1831721917692637e-05
ZNF232,1.1829789227837046e-05
SIRPA,1.1827690543720157e-05
TP53BP2,1.1813303454753388e-05
NFU1,1.1804321830673806e-05
TOM1L1,1.1798632695502626e-05
ZNF330,1.1786461714600552e-05
ID2-AS1,1.1786212124009762e-05
ZNF18,1.1776758170269415e-05
RDH5,1.1773833115862465e-05
SF3A1,1.1767002780452888e-05
C1QTNF2,1.174749635679472e-05
NECAB2,1.1733184006994662e-05
ITGA2B,1.173067414725243e-05
FNIP2,1.1723392108427971e-05
TVP23B,1.172156641610751e-05
AMER1,1.1717824760048949e-05
KMT2C,1.1717762515675143e-05
MINCR,1.1716280872736118e-05
CELA2B,1.1712807295140218e-05
KAT6A,1.170668134958004e-05
MEX3A,1.1704249267115983e-05
GPM6A,1.1701288553343995e-05
FBXL15,1.1695270578637415e-05
MIR193BHG,1.1681958107343252e-05
FBXO4,1.1678009067867341e-05
SMC5,1.1662141737288828e-05
IZUMO4,1.1661690215512766e-05
TMEM255A,1.165969365893578e-05
ATXN7L2,1.16577558257813e-05
SBNO1-AS1,1.165664540849874e-05
SLC51B,1.1648337903693905e-05
RGSL1,1.1630715150062239e-05
ERICH6-AS1,1.1626934013200841e-05
UVSSA,1.1615889058181434e-05
CHM,1.1615431212847457e-05
IKBKB,1.1609144091617907e-05
GNA14,1.1605778332901153e-05
APPL2,1.1604931741692399e-05
SHISA5,1.159174441002437e-05
GUCY2C,1.1579478479717096e-05
IDUA,1.1561360884303649e-05
DENND4B,1.1528832800082546e-05
ASPHD1,1.1523093538743211e-05
ASPRV1,1.1522612194760163e-05
CFAP36,1.149649078834662e-05
RC3H1-IT1,1.1494361203730065e-05
FAM215B,1.14784626234111e-05
ANKRD52,1.147068375718195e-05
PCP4,1.1468171882538875e-05
CEP97,1.1458564528913289e-05
BIRC2,1.1451405820839748e-05
CDC37L1-DT,1.1451200138118957e-05
ZBTB40,1.1449470396000125e-05
CR381670.2,1.1424553449956767e-05
NEURL2,1.1412204950093321e-05
HCP5,1.1405968526984133e-05
C9orf106,1.1397091635595456e-05
PPP2R3C,1.1392900593766044e-05
HEXIM2,1.1382727157658714e-05
SPDYE1,1.1377638767388799e-05
ARIH2,1.1375567385128886e-05
OGA,1.1374501645541268e-05
CNTNAP5,1.1373320029906571e-05
REXO1,1.1353132310373283e-05
LRFN1,1.134986381378983e-05
DUSP11,1.1327743428176503e-05
BORCS7,1.1313365494640919e-05
SSUH2,1.1305614107931055e-05
JMJD1C,1.13038717274728e-05
P4HA1,1.1303279758909108e-05
EPB41L4A-AS1,1.1296337553568927e-05
GDNF,1.1279735869728965e-05
ELOVL2,1.1279610627635876e-05
OLFM4,1.1246634721293591e-05
ADGRL3,1.1246164944356344e-05
DLG1,1.1244316180054512e-05
STAG2,1.123649010125421e-05
DHFR2,1.1226484685057449e-05
TREH,1.1225490433616742e-05
NFYA,1.1215191100481344e-05
ZKSCAN5,1.1204482699683975e-05
SLC34A2,1.1198852382550995e-05
SCCPDH,1.1184773009270604e-05
TMEM53,1.1166905670631783e-05
EOGT,1.1166188935399797e-05
CLCN2,1.115466614555982e-05
USP19,1.1151147379687832e-05
PARP10,1.1134609386267009e-05
DECR1,1.1130723237140399e-05
FEM1A,1.1129416575840122e-05
RCC2,1.112423348919683e-05
TMEM71,1.1123709828844237e-05
VDR,1.1114788646560887e-05
DEFB131B,1.1112860272401412e-05
NPTX2,1.1103553615955435e-05
ORC5,1.1093109948331683e-05
ZNRF1,1.1077686819005998e-05
LLPH-DT,1.1055209550399468e-05
EGLN1,1.1051912240718623e-05
IGFBP6,1.1050829906951208e-05
HTR3B,1.1044734964240409e-05
CHAC2,1.104275971126204e-05
MPG,1.1036803283397196e-05
C5orf64,1.1027634903676443e-05
PCCB,1.1026317635555064e-05
ZNF665,1.1009842125520328e-05
TNFSF11,1.1005931038117622e-05
LIPK,1.1002548528633321e-05
KIF25,1.099602931262221e-05
Z93020.1,1.099585580849352e-05
MAFTRR,1.097950436445704e-05
RSRC2,1.0976143268274563e-05
PHF20L1,1.0975685655938617e-05
KLHL10,1.0972049969244675e-05
KLF7-IT1,1.0971329762689717e-05
EHHADH,1.0958621357588167e-05
LRCH1,1.0948286171970158e-05
PIK3R4,1.0935921149888864e-05
YEATS2-AS1,1.092520486968268e-05
PPTC7,1.0914941813422112e-05
MTREX,1.091490891603532e-05
SNHG11,1.0907349575690502e-05
NSMCE1-DT,1.090535147790973e-05
TPRKB,1.0891902821162649e-05
MTG1,1.0879158390129856e-05
CCDC113,1.0831172848265349e-05
HCG11,1.0797479090801302e-05
ZBTB39,1.0790823675332948e-05
MARCH2,1.0789187231826117e-05
FBXO30,1.0770355954472227e-05
ATP13A4,1.0769649951853685e-05
WDR35,1.076695898290687e-05
NUDT3,1.0754087973879855e-05
PLGRKT,1.075276758621265e-05
TPRX1,1.0751260997047282e-05
LEAP2,1.0743336666645448e-05
SPATA24,1.0734710423151756e-05
C2CD4B,1.0719845848602362e-05
HYAL3,1.0718849562848003e-05
SMIM15-AS1,1.0716300840691233e-05
NECTIN1-AS1,1.0703574541941725e-05
RBIS,1.0687226331254548e-05
SPARCL1,1.0668701727600766e-05
BTAF1,1.065324050464405e-05
RGL4,1.0622112400500233e-05
TBC1D7,1.0610421944317665e-05
VPS51,1.0596355236420595e-05
MCF2,1.0596212713652183e-05
MIR4458HG,1.0586230857575444e-05
HDGFL2,1.0582699217957881e-05
DONSON,1.0574155879233286e-05
DKKL1,1.0573115182034993e-05
NECAP2,1.0567970146284976e-05
TARBP2,1.0561481637764162e-05
RNF214,1.0559147756454502e-05
PEX2,1.0547877487019992e-05
AP002813.1,1.0543812915062146e-05
PIGS,1.0542393181366585e-05
TUBGCP4,1.0541672766135925e-05
ADD2,1.0524874542687152e-05
MDM1,1.051969784366366e-05
PPP6C,1.0511067716456132e-05
ATXN2,1.051031020599159e-05
CASTOR1,1.0498681606751258e-05
CFD,1.0489355058463585e-05
FH,1.048332980624329e-05
KLHL9,1.0472955599251168e-05
IL17RD,1.0456391246018731e-05
ATP6V1C2,1.0438226636626066e-05
INSIG2,1.0433625603296536e-05
LYPLAL1-AS1,1.0408669752465638e-05
MARCH7,1.0406916147097938e-05
PBXIP1,1.0400884601623305e-05
C20orf203,1.03969408962984e-05
KRBOX4,1.0360485660590918e-05
SOX13,1.0348238742101843e-05
CARNMT1,1.0322215925594787e-05
TMEM242,1.0320950409498361e-05
RBFADN,1.0317862689918618e-05
SLC31A2,1.031752570027797e-05
RBM23,1.0316589561610378e-05
MYH13,1.0287371809310589e-05
AP002449.1,1.0270186398946772e-05
RAB11B,1.0264708300684738e-05
FBP1,1.0262002657436582e-05
ANKRD7,1.0254650327335793e-05
TM4SF19,1.0220412023773212e-05
PNKP,1.0217940136929874e-05
GAB1,1.0211383594926678e-05
ACSBG2,1.0191076154986012e-05
WASHC5-AS1,1.0185839112586915e-05
EIF3J-DT,1.0177314336487948e-05
NPIPB11,1.0169211527353906e-05
SHISAL1,1.0169169635975555e-05
AIDA,1.0169006008126876e-05
KCNQ4,1.0163926335268135e-05
PRELID2,1.0161766097400127e-05
ADAM23,1.0151769427675607e-05
TMEM14A,1.015060672249483e-05
AKIRIN2,1.0141765640755738e-05
Z99127.1,1.0135564105991384e-05
PSPH,1.013506453111355e-05
ARAP1,1.0124120362206374e-05
ALMS1,1.0113685744450617e-05
CALCRL,1.0096997441319341e-05
PRICKLE3,1.0071636177575066e-05
RTP4,1.0055330515719805e-05
CYB5RL,1.0047510745173062e-05
FLNC,1.004379188085414e-05
DCTN1-AS1,1.0042737025510976e-05
KLHL1,1.002907739512974e-05
GRIK2,1.000297562443814e-05
TLE6,9.982077038524752e-06
GDPD5,9.980848508490298e-06
PFDN1,9.975428913973872e-06
CSF2RB,9.960463371501969e-06
MBD6,9.949771494912652e-06
TSNAX,9.94706293010536e-06
AP001020.2,9.939918633048876e-06
ARSI,9.93866194772176e-06
ZBTB41,9.933550115092768e-06
SLC43A2,9.926050034672141e-06
MYO15A,9.917123396528367e-06
POLE4,9.905380395694772e-06
UFL1-AS1,9.879926037453894e-06
DNALI1,9.871776372734846e-06
EPB41,9.869095428088676e-06
ELAC1,9.853081041131913e-06
DNAJC3,9.847989892225006e-06
RMC1,9.829180813070554e-06
COQ3,9.808252271788964e-06
BX842242.1,9.797530092064873e-06
ADM5,9.779638230799447e-06
LATS2,9.773877536119186e-06
SLC41A2,9.773697338793088e-06
LCT,9.772291761357694e-06
TTC3-AS1,9.770250602174337e-06
NRG4,9.7676403885709e-06
RGPD3,9.75579102488005e-06
ATAD3C,9.754250729537521e-06
CAVIN3,9.752074141087296e-06
PCED1A,9.750424188249227e-06
ZBTB26,9.748340346827699e-06
LRRC40,9.740762283325749e-06
NCR3LG1,9.723070696215031e-06
PHF8,9.718291316621876e-06
TMEM237,9.717490296648874e-06
ATP6V1C1,9.688832104129716e-06
TRIM45,9.68841173970564e-06
LRRC74A,9.681996943305827e-06
WDR19,9.677843357055878e-06
RIMBP2,9.674480061631405e-06
MAMSTR,9.668736876903167e-06
CFLAR-AS1,9.660146532307578e-06
DRAXIN,9.647538579555683e-06
RAB40B,9.63981635468086e-06
TRAPPC3L,9.623976235461328e-06
ARMH1,9.623071764349415e-06
TMEM35B,9.597605417423188e-06
FAXC,9.592845568677913e-06
LRATD2,9.590607759953896e-06
CAMTA2,9.570171293918973e-06
VASH1-AS1,9.54732157632238e-06
IL1RL2,9.529260980263699e-06
NTSR1,9.524825024812655e-06
BCAS4,9.524387312580703e-06
MRPL30,9.519389035661514e-06
TMEM47,9.51861163416817e-06
TMEM240,9.508029721148758e-06
LCMT1-AS2,9.50664871600562e-06
AGO1,9.501148486043457e-06
PSME2,9.486318270203639e-06
GNA12,9.480293063389988e-06
DNTTIP2,9.47947639571402e-06
NOP53-AS1,9.463451288028471e-06
PRAM1,9.459487226901335e-06
GGT6,9.454301080403249e-06
INO80D,9.452434936073194e-06
PAICS,9.446214768053608e-06
YPEL4,9.437747297843648e-06
TIGD4,9.419237702855337e-06
DHRS3,9.415041284304882e-06
CDH24,9.409388038916831e-06
BX088651.4,9.408850642348691e-06
DCUN1D5,9.392387358101064e-06
CALB2,9.390090100832074e-06
CHCHD4,9.387610134432486e-06
CEP83,9.37716445230543e-06
GDE1,9.370377285617665e-06
FCRL3,9.35810177704375e-06
RPA3,9.34053220930382e-06
MREG,9.327771350210334e-06
MED10,9.32223277283995e-06
GGT1,9.309586797721977e-06
AP003327.2,9.305844094020435e-06
C11orf1,9.30557163078198e-06
ZNF322,9.300476778873695e-06
HSD17B6,9.283497814538822e-06
CCDC175,9.276803748881782e-06
PRKAB2,9.266201787283838e-06
WIPI2,9.261330583452282e-06
AP002954.2,9.251462723840166e-06
SCN8A,9.244302068422953e-06
CLK1,9.235884475598214e-06
CERK,9.232348675340337e-06
HOXB-AS1,9.217639925366793e-06
NEK9,9.216178741137859e-06
SENP2,9.179211661875669e-06
TCTE3,9.176211216934467e-06
SLC9A7,9.17469824312307e-06
CTNS,9.165562774376096e-06
TGFBI,9.159195434206258e-06
YTHDC1,9.1551675652863e-06
TRPT1,9.142534366031138e-06
C2orf68,9.141199424042282e-06
ZNF836,9.11890051218716e-06
P4HA2-AS1,9.113240466360426e-06
LERFS,9.098756221288357e-06
PHF13,9.07474564187831e-06
ZEB1-AS1,9.066130044253602e-06
CFAP57,9.050532524120894e-06
NRXN2,9.050474758381632e-06
HSPA6,9.045183614521405e-06
SERPINE1,9.030213058976088e-06
RNFT1,9.016689185821696e-06
FBXO7,9.016517988323854e-06
LCMT2,9.011726323034212e-06
GDPD3,9.007401248340323e-06
YIF1B,8.989942555152856e-06
TNFSF10,8.978662210551612e-06
KLHL31,8.977119322115962e-06
ZNF614,8.95870344470747e-06
C5orf38,8.948073259244228e-06
POFUT1,8.937107256168596e-06
MTBP,8.936389810346888e-06
NSMCE3,8.932913785920888e-06
IGBP1,8.921709495001251e-06
FBXO3,8.91860732612604e-06
PRPS1,8.90728439938454e-06
AKAP5,8.882943536700516e-06
PRDX2,8.870663806626799e-06
PRIMPOL,8.860859447748888e-06
TIGD2,8.85346018403438e-06
C6orf99,8.845054133756902e-06
PSG9,8.831825360900218e-06
ALOX5AP,8.831487341046828e-06
RASA4B,8.816846859222205e-06
AKAP11,8.814132849766548e-06
SPIN1,8.796125067726756e-06
HSPB6,8.790687041055404e-06
LRP4-AS1,8.787997024179209e-06
AP005136.4,8.762669686744793e-06
HMG20B,8.753889903596031e-06
FAM149B1,8.748114714734194e-06
Z84485.1,8.742722395664345e-06
AP3B1,8.727095011368205e-06
SPATA1,8.720870971072858e-06
ARG2,8.718161955470333e-06
TBP,8.684899294174422e-06
KMT2D,8.657579742396032e-06
PTPDC1,8.646672858788123e-06
TSR1,8.64010639766532e-06
VSTM2L,8.625986453956544e-06
DPH2,8.617810655651646e-06
Z93930.3,8.607915079811434e-06
KLHL33,8.603761983957958e-06
HMGXB4,8.594675341147232e-06
SEPTIN14,8.593031688211065e-06
GRID2IP,8.588369773886081e-06
LIG3,8.583634405994276e-06
SULT1C4,8.581698093217149e-06
ALKBH6,8.555401887202487e-06
KCTD14,8.550355971094074e-06
CDC23,8.533284313822778e-06
CCDC59,8.523424464842772e-06
TMEM238L,8.516881169394076e-06
OSBPL11,8.513880794614413e-06
AP005329.2,8.511288291578832e-06
POLL,8.50467950311379e-06
PRKG1-AS1,8.48882781145378e-06
PWRN4,8.477213839191528e-06
CYP20A1,8.470041847381751e-06
INTS3,8.467518919505875e-06
SEC24A,8.460396937542033e-06
TCHH,8.453037587970432e-06
ARMCX5,8.445058193068341e-06
TM4SF20,8.435616486671392e-06
ERAP1,8.431480463111372e-06
FGF22,8.412078964149845e-06
ACSF3,8.406876160449194e-06
ZNF317,8.397078149279592e-06
MBLAC2,8.391155724688303e-06
FRG1-DT,8.388424378385935e-06
DELE1,8.376889793135923e-06
UQCRFS1,8.361276047632462e-06
SORCS2,8.352244797879439e-06
EFNA4,8.32158565362402e-06
STAT5A,8.315339509988426e-06
ZNF565,8.31345890453196e-06
SC5D,8.295954877255968e-06
ZNF501,8.29293383059287e-06
AP3S2,8.274624158787757e-06
C6orf226,8.270270681961612e-06
FKBP9,8.25367934311107e-06
RIT2,8.231510283868083e-06
BLNK,8.22809877920999e-06
TRMT2A,8.209651785651242e-06
REV1,8.198950189189719e-06
CITED4,8.198581672267385e-06
TMEM81,8.167711118465044e-06
PHYHIP,8.164505970789387e-06
ITPRIPL1,8.13632107840675e-06
IDH2-DT,8.123969017105821e-06
TTC31,8.121682885154629e-06
RNASE1,8.11903581156078e-06
VAC14-AS1,8.106336328027899e-06
ZDHHC20,8.099914654551485e-06
POU6F2,8.098114380835603e-06
UBE2E3,8.093214871257961e-06
PROX1,8.092467267481188e-06
HYI-AS1,8.088448113058092e-06
NEPRO,8.083452375299078e-06
C6orf52,8.074805054958065e-06
SBF2-AS1,8.070770851106158e-06
ZNF184,8.06797888299854e-06
NRL,8.056629075695261e-06
B3GLCT,8.049521150511228e-06
PELI1,8.047742793562667e-06
GEMIN7,8.03768504252408e-06
SDHAF4,8.034958976163776e-06
SEC16A,8.016350131504011e-06
ENTPD2,8.013453981757807e-06
TTC9C,8.01026035349762e-06
C3orf62,7.992869043937208e-06
PNPLA4,7.988116225296237e-06
PCDHGA5,7.986153777479814e-06
DNAJC13,7.972079554088764e-06
MTMR9,7.967185576388241e-06
C1orf50,7.960999440509772e-06
CHKB-DT,7.956353166725817e-06
LMF1-AS1,7.954959962825176e-06
SPSB3,7.932982135225338e-06
ZNF668,7.921399420019168e-06
PEX6,7.884168516517006e-06
IGF2BP2,7.870001629149998e-06
ANKRD12,7.869256589887926e-06
PSPC1,7.862512669528507e-06
TULP2,7.856433903077762e-06
POT1,7.850962269810498e-06
NDRG2,7.844379054851346e-06
SRSF8,7.840138564626235e-06
LPL,7.820261245900116e-06
SIX5,7.80832255583761e-06
C9orf153,7.800204040371137e-06
TIMD4,7.79930213487108e-06
IQCH,7.782579642045985e-06
ASB16,7.779395812226781e-06
GRIN2B,7.752703092608503e-06
DNAL4,7.750050095336478e-06
SFXN1,7.738211832408239e-06
CAPN13,7.736585888734894e-06
PKD1,7.729800518932443e-06
ISYNA1,7.727500837942166e-06
ZCCHC8,7.715151128235977e-06
ANKS1A,7.701227781940716e-06
PPP6R2,7.696769432279835e-06
NCBP2AS2,7.69640406559119e-06
ARHGAP28,7.667795755285167e-06
ZNF552,7.666498688171477e-06
NMRK1,7.649458964638651e-06
NPR1,7.64630947126495e-06
SNX15,7.641540241016546e-06
AIF1,7.63437838494207e-06
EVA1A,7.627362272121061e-06
MAATS1,7.62099209065e-06
DPF1,7.595580476668173e-06
RGS10,7.593836150326806e-06
MAP2K7,7.592994727025334e-06
TRIM69,7.575038044678008e-06
CCL4,7.569603979454688e-06
SMIM19,7.5624326665033836e-06
TAF3,7.555361739937095e-06
NIT2,7.55222404471172e-06
MBD3L1,7.540421880153156e-06
FBRSL1,7.53495220018426e-06
COL5A3,7.525259151961704e-06
HOXD3,7.523106595584211e-06
TUBA1A,7.5186801104260234e-06
ESCO1,7.516164583080109e-06
GNAL,7.511055875499309e-06
SLA2,7.509821832234505e-06
ST7L,7.5080218199144496e-06
LIMK2,7.498782800707795e-06
SPDYE5,7.4940154429564786e-06
RNF175,7.49275767446863e-06
ALDH6A1,7.479173767439991e-06
ZNF268,7.4732714779861215e-06
OPLAH,7.449590805643465e-06
ESM1,7.443523343248467e-06
ST8SIA6-AS1,7.432982424986506e-06
GMFG,7.428723211024414e-06
PINK1-AS,7.4279023941515804e-06
HNRNPR,7.426316566050381e-06
DNM1P35,7.41791797835223e-06
CLPB,7.410327134235571e-06
PGM2L1,7.401965027500001e-06
TXLNG,7.375188435525684e-06
GPATCH8,7.369689208965188e-06
FOXO6,7.365920820413505e-06
GTF3C2-AS1,7.363828573748885e-06
AP001453.1,7.343049060056738e-06
PKNOX2,7.34209519000279e-06
WWC3,7.34186696273702e-06
PLPP6,7.319690481995079e-06
GSG1L2,7.319606313286694e-06
PIGA,7.316473808350646e-06
TLR7,7.3126165182182415e-06
FABP6,7.304417536861014e-06
C1S,7.3037228562921315e-06
FP565260.3,7.300553683431972e-06
MTMR12,7.297189613687383e-06
FLNC-AS1,7.28672385430924e-06
SH2D1A,7.284698118973165e-06
ONECUT2,7.261094957647888e-06
SLC35G1,7.2521516472475744e-06
HOMER2,7.23651096692431e-06
PAX5,7.234301067070787e-06
KIAA1211L,7.2302675587635006e-06
FAM161A,7.21943407822878e-06
PADI2,7.219243133845234e-06
MTMR7,7.216297142815295e-06
Z93022.1,7.1974251085449504e-06
ATXN2L,7.188144609762776e-06
ROBO4,7.164179639404812e-06
LRP4,7.1516860080696826e-06
PTGR2,7.150184663814968e-06
ZNF555,7.147356589226408e-06
THRAP3,7.142713862291945e-06
CC2D1B,7.131235840738818e-06
GNRHR,7.130583273293291e-06
SLC25A10,7.1179560219290925e-06
RFX3,7.117581982961345e-06
ZNF837,7.109247561146795e-06
ADSL,7.099433527522258e-06
NFE2L3,7.098329136855086e-06
SCN1A-AS1,7.091658631900602e-06
BBS5,7.090065248056264e-06
FKBP2,7.07777768757277e-06
ORAI1,7.068609073720541e-06
BVES,7.065630056652653e-06
FAM120B,7.049749256995376e-06
MTMR1,7.034969220443861e-06
AP002495.1,7.028527890240765e-06
ATCAY,7.025020950388472e-06
ZBED6CL,7.020893795066929e-06
AMFR,7.019344756153921e-06
HS6ST2,7.003645225728109e-06
RNF135,7.000076822059194e-06
KCNS3,6.980320434965782e-06
CLMAT3,6.979364136628845e-06
WT1-AS,6.972024202816712e-06
CRIM1-DT,6.948052622462396e-06
DHTKD1,6.943809320791898e-06
KIAA2012-AS1,6.943236886523745e-06
KAT8,6.936888577524357e-06
MAPK7,6.929877390561535e-06
ECHDC1,6.928482383963144e-06
PER3,6.920479154007451e-06
POLM,6.914786135361664e-06
ZFX-AS1,6.905578116398209e-06
ANKRD42,6.900693096638661e-06
MTFR1L,6.900664852093181e-06
TRMT5,6.8580004407270526e-06
GDF11,6.856136957931898e-06
EBLN2,6.854641047871811e-06
ZNF484,6.852867862655436e-06
AP001042.1,6.850246694498519e-06
USP35,6.848610555260219e-06
CCDC157,6.8451689850436745e-06
SFTPD-AS1,6.842079224466244e-06
ERCC6L2,6.835742228087044e-06
NCK2,6.834746140463987e-06
RFC4,6.825021048671487e-06
C2orf16,6.814016372319052e-06
UCKL1,6.808884865111193e-06
KCTD18,6.787745120991708e-06
FAM71E1,6.7822073850686e-06
LRRC75B,6.7689694612567695e-06
EXO5,6.763586967113398e-06
ABHD14B,6.756048829450538e-06
ZNF134,6.7499771673803005e-06
TRDN,6.7412645937971155e-06
MUSTN1,6.737952318401519e-06
METTL14,6.735778352795427e-06
CYP4B1,6.733835614233889e-06
OTOA,6.731276033153144e-06
PTOV1,6.713286300642739e-06
FAT2,6.7066685198204864e-06
SH2B2,6.698854762507172e-06
LVRN,6.696922738192857e-06
CYSLTR1,6.6862250573727286e-06
ASB6,6.684429598375839e-06
DGCR11,6.683352970364583e-06
SETD1B,6.673511222505776e-06
PPP1R42,6.6727354150295215e-06
PLA2G12B,6.671536027092131e-06
DHX35,6.6694883443653e-06
SLC4A10,6.641143426247883e-06
MZF1,6.640623791991261e-06
C16orf70,6.6398869872579775e-06
LRMP,6.6337925188948624e-06
DGUOK,6.6214576042576445e-06
IDE,6.6212836242233706e-06
RNASEH1-AS1,6.615133103549934e-06
IGSF11,6.613310037679831e-06
IGFBP3,6.605999331945713e-06
WARS2-IT1,6.600902884162112e-06
ODF3B,6.599824758475124e-06
RNFT1-DT,6.597781275121517e-06
PLEKHA8,6.579012215728074e-06
COA4,6.578945666215042e-06
COLGALT1,6.564846108452521e-06
PIGO,6.559797881298425e-06
FOPNL,6.546986859663716e-06
UBE2V2,6.543821894244105e-06
SHANK2-AS1,6.538857111768877e-06
ADAMTS16,6.529992094666867e-06
ATG4A,6.515511686622588e-06
ZNF551,6.515396533997921e-06
NAB2,6.5058367322428506e-06
LZIC,6.501814997946705e-06
PPFIA3,6.499140345644296e-06
SULT1B1,6.4970517618756074e-06
PCSK4,6.477257181783576e-06
CPNE2,6.469815017963612e-06
MIS18BP1,6.4662893575825914e-06
DMBT1,6.458793938937968e-06
CUZD1,6.449687464814394e-06
PSD,6.44091747016759e-06
ZNF419,6.438669279661382e-06
N6AMT1,6.430465533101382e-06
SLC16A6,6.415758328516327e-06
LENG8,6.4110294850106246e-06
C12orf10,6.401867065177317e-06
SPTB,6.386468948864817e-06
Z99758.1,6.369080729648189e-06
LNCTAM34A,6.367064640768997e-06
ABCD1,6.358727058440992e-06
CBX8,6.345919410811718e-06
GTF2B,6.324077253734398e-06
POLG2,6.322929909287148e-06
ALOX12-AS1,6.315000911271844e-06
GEMIN7-AS1,6.314456539842857e-06
MIP,6.310693980129909e-06
ARSG,6.297592466402467e-06
CCDC151,6.294909923761035e-06
PCYT1A,6.291761424762642e-06
ZNF182,6.286310255410473e-06
SRD5A3-AS1,6.281018798865727e-06
CDK9,6.279000047510412e-06
LUM,6.278428512450001e-06
ZNF697,6.27449521373353e-06
DPYSL3,6.265234546738932e-06
ANKZF1,6.253718956339546e-06
PRRG3,6.241515750360988e-06
EXOSC6,6.202847240495879e-06
SEL1L2,6.196290098526168e-06
SLC3A1,6.18048227366335e-06
HAGHL,6.174612922180494e-06
ZNF780A,6.170736856585753e-06
TIMM50,6.165841270536606e-06
PROCA1,6.139036255543179e-06
PCDHGB6,6.127312304896209e-06
LGALS8-AS1,6.096685578138887e-06
ZNF365,6.093313409966558e-06
IL11,6.080798979019599e-06
RNF167,6.0805020910841795e-06
SLC22A1,6.075711764340214e-06
LMX1A,6.070417484508003e-06
MOGS,6.052307506346243e-06
CFAP99,6.037072114459596e-06
SUOX,6.035731832655524e-06
PPOX,6.000580926008945e-06
KITLG,5.999143010447358e-06
ZNF563,5.99400958522009e-06
XG,5.9871242162876435e-06
BAHD1,5.9856328681275845e-06
CYP2D6,5.971260390098915e-06
DCAF1,5.9580046960299516e-06
REST,5.954597746260157e-06
PDE8A,5.934139429837953e-06
AF129075.3,5.931234556524187e-06
SEC13,5.925963798730097e-06
WAC-AS1,5.920793018592202e-06
TMEM67,5.918923459876183e-06
GORAB-AS1,5.9111787621463665e-06
RUNX2-AS1,5.909856173266841e-06
SIGLEC14,5.903932265316767e-06
PTER,5.901745569324184e-06
TGS1,5.900652839840619e-06
CLDND2,5.898530538958205e-06
LBP,5.889311782261952e-06
ZNF396,5.876829865497187e-06
FOXO4,5.874204684310672e-06
ADGRL3-AS1,5.862781293695922e-06
MSANTD1,5.8469354602653426e-06
CCDC84-DT,5.845432802949318e-06
LARS2,5.824753940971942e-06
TANGO6,5.819753664388472e-06
TOX2,5.812911424198477e-06
AP002762.3,5.809897405920294e-06
DMAC1,5.809633502253354e-06
RRP1B,5.8089868749546165e-06
BEGAIN,5.804103238283904e-06
C16orf95,5.803936297577042e-06
SKIV2L,5.8026244088515194e-06
EGOT,5.796490914555419e-06
NUP160,5.790180596556219e-06
STARD3NL,5.789097356734318e-06
RAD54L2,5.774613056043193e-06
CRYAB,5.769156452282468e-06
COQ10A,5.758178566119375e-06
ELOVL2-AS1,5.750186664300864e-06
TIPRL,5.745567585422274e-06
NPIPB4,5.736464180998533e-06
MEF2A,5.7317249215321686e-06
NAE1,5.7292590637710445e-06
MVK,5.722684508850157e-06
FCAR,5.678219300443731e-06
GIMAP2,5.6718958758034195e-06
ZNF646,5.661961721074186e-06
AP003469.4,5.635121292317907e-06
CDON,5.629904104036559e-06
ARPIN,5.605399795061909e-06
AP005329.1,5.60458893355229e-06
FHOD3,5.6030632584170884e-06
CPSF4L,5.5864234015498956e-06
DLGAP4-AS1,5.572847559640173e-06
MED29,5.5009096262613886e-06
HOOK1,5.478045992187771e-06
NOL4L,5.456754105997475e-06
POM121C,5.45290264266664e-06
ASAH1,5.449841772718624e-06
CCDC83,5.445852316205669e-06
VDAC3,5.440451769134852e-06
PCDHGA7,5.427639035781571e-06
SEMA3B,5.405063704438737e-06
ZNF441,5.398678210042556e-06
MEAF6,5.3873002210918615e-06
TSPAN11,5.374545168020133e-06
SPINK9,5.364827664696168e-06
ARHGEF2,5.35545652333891e-06
SVIP,5.345056223431093e-06
RLF,5.340857825337038e-06
SLC10A5,5.315596843264673e-06
EXOC1,5.314688544010111e-06
CDKN2AIPNL,5.309536728252774e-06
RICTOR,5.3040535786466086e-06
HDAC2,5.292407826034817e-06
DLAT,5.269782775966774e-06
DYSF,5.266791171720378e-06
NPIPA7,5.264066720273833e-06
ATG13,5.261649192745337e-06
ZNF260,5.2615642263532045e-06
EP400,5.260073523388921e-06
PPP1CC,5.25224032011085e-06
COPS5,5.240770303969012e-06
CFAP161,5.240367579055223e-06
FXYD6,5.23794087822424e-06
RIC1,5.236847161819216e-06
LRRC34,5.2134297359164e-06
GOLGA8R,5.212342086442181e-06
ZDHHC8,5.205453231992462e-06
HERPUD1,5.19048665608515e-06
ZNF449,5.166182137641987e-06
COMMD5,5.131537259170921e-06
MUC19,5.114727194753312e-06
GIT1,5.114562633181066e-06
SMG7-AS1,5.1105957022825496e-06
TYSND1,5.109955532391436e-06
ZNF90,5.098034017581e-06
PAX7,5.085410811764075e-06
FAM167A,5.0741164427103595e-06
ATMIN,5.060059247048161e-06
IRGQ,5.0592590517516755e-06
FGD1,5.022437990288659e-06
AGBL5,5.0167177837090746e-06
CRYBG3,5.016522926410389e-06
UPB1,5.007688267750462e-06
TOB1-AS1,4.98648807890646e-06
SETD7,4.983050935254396e-06
PRRT3,4.982561460387694e-06
GLOD4,4.9734981939605985e-06
USP11,4.968654022511939e-06
AS3MT,4.9682371768147876e-06
COL18A1-AS1,4.9661573517486195e-06
PLD5,4.939665238935396e-06
RETSAT,4.934274420100969e-06
MPHOSPH10,4.921342361524978e-06
NOC3L,4.913391919881803e-06
C6orf58,4.899553830795398e-06
GPN1,4.893225157713295e-06
AOC2,4.890499937085991e-06
SMIM10L1,4.8758668117198765e-06
LEMD1,4.873824462107379e-06
HCN3,4.873156117408869e-06
ETFBKMT,4.869541677914088e-06
GHRHR,4.864914232430528e-06
BRINP3,4.859819243513485e-06
IKZF4,4.856116547206653e-06
NHLRC2,4.8393661779067295e-06
GTF2H1,4.839232008303149e-06
PLPP4,4.83467130971631e-06
TMEM39B,4.826949323667217e-06
RAPGEF3,4.814773085101398e-06
ARL5C,4.806456737222114e-06
ADPRH,4.804131447946989e-06
HSD11B1L,4.777737857194191e-06
ACAD9,4.759023663152966e-06
PTPN23,4.757955094979619e-06
CASP5,4.75769989862849e-06
SLC38A8,4.7550219165310605e-06
NFRKB,4.744753491802155e-06
NDUFA8,4.737231281280754e-06
BBS12,4.737077942882457e-06
CNR2,4.7150810961397604e-06
INO80E,4.71334305746415e-06
HDAC4-AS1,4.708588827881009e-06
TRADD,4.7035154286953035e-06
COG2,4.688767316275299e-06
NR2C2AP,4.685635989593106e-06
GRPEL2,4.676700388814207e-06
EEF1AKNMT,4.675433833841937e-06
NUP210,4.669634714400849e-06
RAPGEF6,4.668648108019138e-06
ZSCAN2,4.651560606518293e-06
POU2F1,4.637928022663427e-06
TFAP2A-AS2,4.635744137025637e-06
SMIM41,4.635518735841021e-06
LMBRD2,4.630889639191909e-06
TM6SF2,4.628984446501291e-06
UBAC2-AS1,4.615975857878012e-06
MIOS,4.614845595504549e-06
TMCO1,4.606886701534076e-06
PSMC3IP,4.606030496763956e-06
CDK20,4.592900222840225e-06
ABR,4.5621615354795604e-06
MRPL46,4.55212944318451e-06
MEF2C-AS2,4.538663334052671e-06
HIF1AN,4.537792939539966e-06
PCDH12,4.536270823846424e-06
FAM27C,4.534518751652451e-06
TERF2,4.5341387574452185e-06
ZNF671,4.532943161849689e-06
ADAMTS20,4.528884688032741e-06
ARSE,4.520203584890368e-06
MED19,4.4820840442916664e-06
CACNA2D3-AS1,4.472682253017966e-06
TUG1,4.462054350676229e-06
BCKDHA,4.45788660169853e-06
MED6,4.4531991304723335e-06
LRRC25,4.4446316654903946e-06
PELI3,4.43988839492243e-06
TM2D1,4.420046263653234e-06
ZNF436,4.416321484548942e-06
MUSK,4.413892548951035e-06
LNX1-AS1,4.401627296952774e-06
CXXC4-AS1,4.3846798704852615e-06
DGCR6,4.377437488278094e-06
CDK2AP1,4.356349076220058e-06
ICOS,4.3553305879343245e-06
LARS,4.355062762675763e-06
RANBP3,4.350268559465347e-06
IFITM10,4.341189160254345e-06
C19orf18,4.340567153188524e-06
STAR,4.335611186938968e-06
XKRX,4.333960597316623e-06
AGBL3,4.297933178543163e-06
ITIH5,4.294237529276992e-06
TEX41,4.2916591723499945e-06
NPTXR,4.282549990653608e-06
DMXL2,4.280427928816143e-06
NGB,4.276906802200653e-06
NANOS1,4.247623361717082e-06
SCRN1,4.242644026485696e-06
CFAP221,4.238809751780408e-06
CADM2,4.234737941875622e-06
USF1,4.234088396775592e-06
CATIP-AS2,4.232902127631616e-06
MILR1,4.221590090150657e-06
AP000695.1,4.217692435769259e-06
CORT,4.2120931130075045e-06
DNAH12,4.204065428016788e-06
TDRD5,4.202671111116953e-06
ATP13A1,4.1983764902902904e-06
LRP3,4.1959425685746985e-06
PLEKHA3,4.192229700398187e-06
GPN3,4.153015668042531e-06
EHD3,4.152949291489103e-06
TRNT1,4.134668331253921e-06
ABCA6,4.131944195502179e-06
DDX56,4.125959819506887e-06
EYA2,4.112287280920499e-06
HSPA2,4.111458908495956e-06
WDR25,4.108747731510117e-06
CCDC17,4.096484951498733e-06
MYBPC1,4.089962263039691e-06
BYSL,4.085386431212389e-06
ABCB4,4.078710522596241e-06
CAMK1G,4.061436977826521e-06
UMODL1,4.04672496765719e-06
SCAMP3,4.026045721323881e-06
KCND1,4.021642077665786e-06
MUS81,4.020975601666979e-06
PCED1B,4.012584345872776e-06
CIART,4.009296220084311e-06
WDR31,4.004615183942681e-06
PSMG2,4.00255082766486e-06
FAM53B,3.999554621730817e-06
GRSF1,3.9904195031286525e-06
TEX261,3.990265623584716e-06
AP006248.4,3.981758495099191e-06
DUSP12,3.973409511620449e-06
MED28,3.972551972528613e-06
STAM-AS1,3.9715072089024246e-06
FKBP14,3.96684922024649e-06
CTXND2,3.954219573188696e-06
ZNF280C,3.950808321670929e-06
PEX11A,3.946509479450219e-06
ZDHHC4,3.935542172466211e-06
CRIM1,3.901125463557799e-06
PRKAA1,3.893868816075752e-06
LUC7L3,3.8824541176509414e-06
LMO7-AS1,3.876011156531136e-06
LHX1-DT,3.869388831818263e-06
ADGRG3,3.865173676758795e-06
SPRYD7,3.863164644441615e-06
NDUFV1,3.8493627072441186e-06
E2F6,3.822859644351193e-06
DHODH,3.820295310248666e-06
KAT14,3.8158709161203085e-06
FITM2,3.801583000932083e-06
PPP2R5A,3.7994931751090056e-06
KREMEN2,3.7838949657219073e-06
NRAV,3.7652957663595607e-06
PTPRD-AS1,3.744999986157005e-06
MUC20,3.734485067129591e-06
NFIX,3.705291697594979e-06
TMEM184B,3.7037107367469947e-06
AP002851.1,3.7011998931561113e-06
NECTIN3-AS1,3.6978609054431682e-06
MTRNR2L12,3.6848528515556268e-06
ZFR2,3.6831917938934266e-06
EID3,3.660434572210732e-06
SNAP25-AS1,3.6565771108418297e-06
MOB3C,3.6513570324886155e-06
DCTN1,3.640025290299424e-06
EEF1A2,3.6394341396629944e-06
PLPBP,3.6376508634502997e-06
RGS9,3.613118329467038e-06
UTP25,3.6114774250935436e-06
LMTK3,3.6053123896370196e-06
CCDC32,3.601311944782998e-06
ZNF766,3.5993436365195835e-06
SYNM,3.595956946172063e-06
ZBTB22,3.591283347492596e-06
DNAJB12,3.5760108954339837e-06
DDX59,3.5719009202163394e-06
AP000820.2,3.5300491140470473e-06
SMPD1,3.5060766015519583e-06
PLA2G4C,3.5002956403329886e-06
KCNU1,3.497939557471231e-06
SGTA,3.496554218047318e-06
NIPSNAP3A,3.496210543621625e-06
ZSCAN16,3.4834600328564973e-06
HEATR1,3.4832297859698035e-06
PAXIP1-AS1,3.4708256284780994e-06
ZNF236-DT,3.440707459682058e-06
TRPM7,3.427263334568621e-06
ADH5,3.426177634661084e-06
KIAA1614-AS1,3.402784919037632e-06
GPR157,3.3877646403147173e-06
U91328.2,3.3777938779504567e-06
TSC1,3.3770581095640594e-06
JKAMP,3.364938837374794e-06
MCPH1-AS1,3.3440072173814718e-06
BTBD6,3.3420225040833055e-06
MDH1,3.3262288168521363e-06
TWISTNB,3.310988529300087e-06
BX322562.1,3.298407867234981e-06
TRMT12,3.2972060599014036e-06
SHLD1,3.2827390698875246e-06
CYHR1,3.2783142982145276e-06
KIAA2012,3.2669434205182816e-06
RNF31,3.2563110562015218e-06
INTS8,3.241525061751445e-06
NAA50,3.2219160927029738e-06
MAN1B1,3.2013013007605647e-06
TMPPE,3.1943515235339347e-06
ANKRD10-IT1,3.1931683995233025e-06
PIN1,3.1762126438060954e-06
PSMD5,3.168782281761052e-06
FNDC4,3.165488712333173e-06
NBPF20,3.1652744448422396e-06
USP12-AS1,3.1648692971281322e-06
NCBP3,3.1588179692048477e-06
FANCE,3.1487414417569467e-06
MIR4453HG,3.129413402258047e-06
UBE2J1,3.1282629215696337e-06
ENPP1,3.1281495005278165e-06
TICAM2,3.126333923684136e-06
MMGT1,3.12379257456032e-06
H2AFY,3.0908725397095645e-06
EBAG9,3.0749615345322185e-06
PPP1R12A,3.047267640269762e-06
RHOG,3.04342275733504e-06
RAI1-AS1,3.034593568232639e-06
ACIN1,3.0243811497347404e-06
NUP88,3.023641988675903e-06
C1orf61,3.0145806553381636e-06
GDI1,3.0046893632160797e-06
TSPEAR-AS2,2.9979151782567784e-06
DHX38,2.9853434260981082e-06
RBM4B,2.9717554441615214e-06
CREB3L3,2.9683829900657507e-06
PPCS,2.9678291285136217e-06
PGGT1B,2.9583387367366036e-06
PLAGL2,2.9542471517407914e-06
BCDIN3D,2.9525363404423937e-06
EXOSC9,2.9520641627549887e-06
GCSAM,2.950322680712417e-06
ARF4,2.9445924504507376e-06
USP38,2.942498989596709e-06
AP2A1,2.929315565214071e-06
CD93,2.918915898029997e-06
SDHAF3,2.9072467024573682e-06
AP4S1,2.8998341268587136e-06
NBPF10,2.8957066925228626e-06
RSPH14,2.890558846721528e-06
C9orf50,2.884156137883256e-06
PCBP2-OT1,2.8778465625198207e-06
MAPK8IP1,2.874523158334267e-06
KYAT1,2.8596135780832257e-06
MAN1B1-DT,2.8582789247746587e-06
USP2,2.8467920059019123e-06
GTPBP6,2.843776724162192e-06
GIHCG,2.8426798917215077e-06
NFXL1,2.8424127272094808e-06
TMEM139,2.832644528623742e-06
KCNIP4,2.82116868079562e-06
RNF144B,2.8066640258458513e-06
RBM17,2.803741522450922e-06
SLC39A10,2.7855518723929174e-06
UBR7,2.7843527220911545e-06
DHX36,2.78007106057883e-06
PPFIBP1,2.7771894875365902e-06
GATAD2B,2.7686291271978114e-06
CNTRL,2.7388730033431845e-06
ATPAF2,2.7348488265063473e-06
FAM209A,2.7176994225119197e-06
PHETA2,2.692693959980917e-06
SDHA,2.682110337768955e-06
ZC3H11A,2.679733192355165e-06
STX5,2.6777400221315064e-06
TSR3,2.677161732452153e-06
SNHG10,2.6616099132879174e-06
DDX19A,2.644791193334424e-06
C5orf22,2.605563543356881e-06
BCL2L2-PABPN1,2.599534199996736e-06
IL12RB2,2.5686414738096113e-06
DARS,2.5188935940131315e-06
ATOH8,2.510844767855113e-06
LTB4R2,2.5035834705775422e-06
MTFR1,2.50105144166729e-06
NTN4,2.4948973675618504e-06
PCAT19,2.4911026149784367e-06
ABHD14A,2.482632872351053e-06
ERF,2.471736520024928e-06
WDR88,2.4644506989017864e-06
ATP1B2,2.451857765363008e-06
ERVK3-1,2.4509971967520178e-06
PLA2G4D,2.450484050297839e-06
TCP11L2,2.441075462910548e-06
CHRNB1,2.4257989186806594e-06
ZNF696,2.4240304944034154e-06
SEMA3D,2.4141833029087854e-06
ZNF154,2.4084792107432643e-06
PURG,2.399822449207932e-06
BTBD19,2.3813029758736915e-06
ZCCHC9,2.3751168569150917e-06
PDCD4-AS1,2.3719211842315033e-06
UNG,2.347555869027963e-06
MRPS11,2.339680641317426e-06
UIMC1,2.3391970364677157e-06
RRP12,2.334512527614076e-06
MORN5,2.319843278563037e-06
KBTBD8,2.3187759852472974e-06
MYSM1,2.3169304682227813e-06
DDX49,2.305417617972968e-06
IL10RB-DT,2.3036429568313372e-06
ARL10,2.2945158505823397e-06
ELP5,2.291195784224152e-06
TNFRSF13C,2.2825080417613086e-06
POLG,2.2796724082521416e-06
BCLAF3,2.2686158779127988e-06
ZXDA,2.2466290222126504e-06
CLN3,2.2431095306948366e-06
PSMF1,2.2414231324879044e-06
BX649632.1,2.233084231304264e-06
PACRGL,2.227442534106863e-06
SDHC,2.2143018563235802e-06
LUZP2,2.2110357282340353e-06
TLCD3A,2.2065409379008184e-06
ENPP4,2.2008282504325128e-06
MYH15,2.188344674172792e-06
ARFIP1,2.186352653405592e-06
ISL2,2.152778587374597e-06
ARMC5,2.139916633495223e-06
ZNF354A,2.134285097357064e-06
FP565260.6,2.1258163911499938e-06
FLACC1,2.1181964832807228e-06
COPS7A,2.1112844849678415e-06
SLC6A7,2.10060967025709e-06
Z95331.1,2.0980078122776744e-06
TCAF2,2.0936433518349237e-06
TUBA8,2.091760113369118e-06
NTRK3,2.0907861577628955e-06
MAST4-AS1,2.082065827989154e-06
SMIM30,2.0801060883600566e-06
RBFA,2.0736740150944954e-06
CDH5,2.0595441367691122e-06
NICN1,2.047578035872293e-06
PACERR,2.045083985465717e-06
NUP54,2.0353498324349355e-06
EID2B,2.030936204232965e-06
XAB2,2.028491820280044e-06
OTUD6B,2.0188221253094395e-06
SRFBP1,2.0164789522128433e-06
PTGFRN,2.0031534172337994e-06
LPP-AS1,2.00108483028269e-06
PLEKHA4,1.996468119277468e-06
MOCS2,1.992061274917147e-06
IQCG,1.9831135832417842e-06
MYRFL,1.980613359562208e-06
PET100,1.96525170564826e-06
GPI,1.9474143745569835e-06
ZNF623,1.935004859492658e-06
SERGEF,1.931071526757606e-06
NAGS,1.93099276402379e-06
RGS14,1.9261339384598408e-06
BIN1,1.9166727861930955e-06
COMMD2,1.9141908334110527e-06
LY6G5B,1.9120559344218223e-06
PRPF6,1.9114801987537896e-06
THNSL1,1.90514909795611e-06
SOX9-AS1,1.8966700644470367e-06
LRRTM3,1.8916455925943012e-06
PMPCB,1.890863125534304e-06
TMA16,1.8797404417838719e-06
BLOC1S5,1.87957751135199e-06
ADCY1,1.8683674779492116e-06
SLC30A8,1.8436061616446e-06
ASTE1,1.8180918319867207e-06
SLC66A1,1.8038635172109098e-06
WDR45,1.7963874211361447e-06
ADAMTSL4-AS1,1.791270580032242e-06
TP53I3,1.7912027169275532e-06
ADCY10,1.7907844626577334e-06
ZMYM6,1.7853999090908924e-06
KCNQ3,1.7840768953989721e-06
DLGAP1-AS2,1.7783245434164914e-06
COG4,1.7775918745863565e-06
CCZ1,1.7666111491492775e-06
RN7SL832P,1.7626287788153953e-06
NOXRED1,1.7542032713362003e-06
SSBP1,1.7528783705298876e-06
NPIPB7,1.726469331712216e-06
R3HCC1,1.7263964865471353e-06
GXYLT1,1.7154124329708504e-06
OFD1,1.7005040107519654e-06
HAS2-AS1,1.6899901616999e-06
ZC3H8,1.6893719926901145e-06
FDXR,1.6849365626702106e-06
NIF3L1,1.6814271311575367e-06
THAP9-AS1,1.6721300574395412e-06
ULK3,1.6567019586871312e-06
MYO1A,1.6512736301116076e-06
SLC22A10,1.649042479081861e-06
NAPSA,1.6466077584384463e-06
DHPS,1.6259646227412758e-06
C1QTNF3,1.610200410754635e-06
PHAX,1.6087002058753528e-06
HPS6,1.6022193605771196e-06
WT1,1.5904007975487667e-06
MYL5,1.587936443521441e-06
AP3M2,1.583122038961766e-06
BBOF1,1.5725143134159172e-06
PTP4A1,1.5703365871204598e-06
KLHL12,1.5579010527123496e-06
FAM71D,1.5567404589939007e-06
VHL,1.5559318137369287e-06
DRICH1,1.5516063991354979e-06
LMO4,1.5439461120993344e-06
BRWD3,1.5353174308659161e-06
BRF1,1.5316680683177185e-06
ZBTB46-AS1,1.5314116612788357e-06
TM9SF2,1.5266202037281218e-06
CDC14B,1.5255096251459297e-06
SLC2A12,1.5192359368500032e-06
PRXL2C,1.5168411715727929e-06
GLB1,1.515275906808018e-06
CYP27C1,1.5100003401239822e-06
ASH1L-AS1,1.5085201367901346e-06
TEFM,1.5061972633113007e-06
CCDC61,1.485668040434097e-06
SMIM12,1.483975707913552e-06
NHLH1,1.4818591872661755e-06
BCL2A1,1.4740106856363304e-06
SHC4,1.4627540098242894e-06
CIAPIN1,1.4613284381300449e-06
EGFLAM,1.450260303019126e-06
NME6,1.407714133336823e-06
CHST7,1.3965839715435473e-06
FUT6,1.3855337734658344e-06
SNX17,1.3798340964599397e-06
ZNF519,1.3676578206187545e-06
UBR2,1.363832750908741e-06
KDM5C,1.3534820420094903e-06
ZMYND15,1.3517461819835364e-06
ARHGAP29,1.339798408453895e-06
REM2,1.339783446028194e-06
RAD51D,1.3071450232992408e-06
TMEM269,1.3055258776444152e-06
NR2F1,1.3003781997357138e-06
BST1,1.2987679465273277e-06
EFCAB9,1.2987339273585947e-06
C1orf147,1.2939428529728186e-06
PCOLCE2,1.2882603585294799e-06
TMEM164,1.2791218462768214e-06
AP000936.1,1.2751461039302903e-06
PPP4R1-AS1,1.274656728115973e-06
CABP1,1.270435071304485e-06
Z93943.1,1.2502168209829995e-06
LIPT2,1.2468889991630277e-06
HUWE1,1.2186294707615538e-06
SHLD3,1.2140179656490377e-06
TIMM23B,1.2005513647699934e-06
STN1,1.1996725580616753e-06
INIP,1.1908389016440424e-06
TRIM8,1.1866434560081075e-06
CREB5,1.1845455635487245e-06
LRRC32,1.1830276901495731e-06
KIF3B,1.1803479523011632e-06
CACNA1I,1.169832742430329e-06
SYT9,1.1687493666074879e-06
SDE2,1.1659572310062993e-06
EIF4ENIF1,1.165480852271351e-06
LRRC37A2,1.161923243323501e-06
SYNPO2L,1.1468110891525926e-06
LRRC58,1.1149146597342937e-06
RNF17,1.1133996403164106e-06
SAMD5,1.108333692378405e-06
DNAH10,1.1060458612363068e-06
AP000829.1,1.1038767788754881e-06
AF111167.1,1.0938601750610277e-06
KLHL7,1.087829613609785e-06
SMIM14,1.0781146803490172e-06
CCDC12,1.0775785109210236e-06
FAM111A-DT,1.0566256331480371e-06
TLCD3B,1.0520392218457583e-06
STK10,1.0502535840399682e-06
SMIM2-AS1,1.0422839758635333e-06
CFAP410,1.0373978686006555e-06
FAM160B2,1.031435393520378e-06
MGP,1.0292234654923397e-06
DDX41,1.0249571640107154e-06
NRN1L,1.024797189412353e-06
ZNF77,1.0223630327525001e-06
STON1,1.0124718220953424e-06
POP4,1.0113364561010333e-06
MRFAP1L1,1.0098680739942858e-06
NAGLU,9.974089668069908e-07
GPR108,9.91163359200184e-07
LAMP2,9.633305433435143e-07
MARCOL,9.582559639052413e-07
NEB,9.454232243644764e-07
FICD,9.410544586566015e-07
NDUFA10,9.346064987537661e-07
Z93403.1,9.303152716946469e-07
SNTA1,9.287708680385985e-07
SCUBE3,9.177235952870873e-07
TRIM32,9.040213755310379e-07
TMEM126A,9.016890532761905e-07
ZBTB47,8.994755128995258e-07
APTR,8.668641262404352e-07
HYI,8.643166740607302e-07
MYORG,8.617331887183554e-07
SEC61B,8.594373331811943e-07
HHIP,8.411416452444068e-07
CCSAP,8.2870450073597e-07
SERPINF1,8.149785338591588e-07
ATP1A3,7.691807141684345e-07
PRMT6,7.683120403919014e-07
SLC35E4,7.656340379822885e-07
CSMD2,7.651663213696748e-07
SIPA1L3,7.628108646499988e-07
IDH3B,7.595251527185362e-07
LGI4,7.4567278902007e-07
DMAP1,7.433398985783133e-07
USP39,7.306464806699017e-07
NPSR1-AS1,7.253820980521568e-07
COL6A6,7.219211431532528e-07
LHX4,7.17387998667124e-07
CCDC121,6.941600106642776e-07
MAS1,6.93766503718739e-07
LMLN,6.896191782464163e-07
TLN1,6.829243494878122e-07
ERCC5,6.82890364410656e-07
DNASE1L1,6.78871684219139e-07
ACTR3C,6.780039852639055e-07
PPIH,6.679108364846188e-07
HLA-G,6.669692490448033e-07
ZNF724,6.611802662425812e-07
KANSL1-AS1,6.563771883837246e-07
ABHD17B,6.222210751003768e-07
P2RX4,6.05110643224795e-07
ECD,6.041929817877253e-07
IFNGR2,5.997404766775809e-07
TRPM2-AS,5.929877649560073e-07
COQ2,5.772319949067953e-07
CKM,5.721854141797133e-07
C9orf43,5.698690917277157e-07
GLP2R,5.529374479267932e-07
MKX,5.47428881633891e-07
MOCS3,5.42822352873653e-07
TIMM23,5.316108928109411e-07
U47924.2,5.052615408467694e-07
MAPK14,4.9877049417559e-07
GMCL1,4.905749486165364e-07
AHRR,4.88938520538892e-07
RBM4,4.86740239106297e-07
TEX35,4.77451818299275e-07
FBXO24,4.761660887605259e-07
RPP30,4.75171514489485e-07
ZSWIM1,4.499678302181452e-07
TSPAN10,4.469908298251649e-07
MYCN,4.408372809156941e-07
AP004147.1,4.276381156497431e-07
MSL1,4.165385405087443e-07
PRKACA,4.146514565442209e-07
HYPK,4.0489967995399154e-07
NEMP1,4.0395244163605697e-07
TAOK3,4.0099345733295715e-07
TRMU,3.6571446844440274e-07
PHF11,3.5317485609977256e-07
SYK,3.455052552122559e-07
PRR34,3.412402903243912e-07
SND1-IT1,3.2361073947366956e-07
USP12-AS2,3.1366899166581525e-07
PTCD1,3.077851391862086e-07
MRTFB,3.0113319163661385e-07
PLAU,2.978883299523264e-07
TCEANC,2.9776650429679904e-07
PET117,2.915727264723668e-07
OCA2,2.8877588859360777e-07
RHBDF2,2.7458446142675653e-07
AP000688.1,2.74481534137447e-07
ZNRF2,2.723507769133263e-07
ZNF808,2.6037299270152915e-07
RBSN,2.518291411121222e-07
NSF,2.421443707024643e-07
PLOD1,2.386917160979678e-07
ABCF3,2.3826625639662858e-07
ITCH-AS1,2.2683079345050833e-07
AGBL1,2.264210751081013e-07
PMS2,2.2203782333165515e-07
SPTY2D1OS,2.1555945100526227e-07
RFX5,1.9502253483416444e-07
EMG1,1.6537276806604447e-07
PODXL2,1.591689393349769e-07
SOX15,1.577356623691219e-07
NPM2,1.4962623780935396e-07
AP003307.1,1.4408033952651818e-07
DEPDC7,1.2785384369576857e-07
KRR1,1.1824089617454988e-07
MIIP,1.1637089580723452e-07
HAL,1.1607618121366379e-07
ACTN2,1.1342444329144232e-07
ZNF222,1.0620573360827795e-07
GSK3A,1.0028379481305252e-07
ZNF250,8.666378042894665e-08
CCDC51,8.396184174443388e-08
HSPA4L,7.846798714767786e-08
CSNK1G3,6.217836664656025e-08
UCK1,4.291193015741638e-08
CYSRT1,4.195413653576639e-08
RAMP3,3.812844455966088e-08
DXO,3.5629455809289097e-08
RBPMS2,1.0658334063731192e-08
NAA60,8.913575701241467e-09
ZCCHC18,7.508966497855527e-09
VIPAS39,5.387258036644687e-09
IFI27L2,-1.0860417435792585e-08
ODF3L2,-1.8331834191675048e-08
PEX10,-2.479176515068615e-08
ZNF564,-4.021380681477661e-08
PHETA1,-4.4628085280601354e-08
ATP1B3,-5.25880235744624e-08
VIT,-5.262033152018272e-08
RSPH3,-6.783319236719612e-08
ZNF239,-7.471370820626318e-08
GPR82,-7.503459971261725e-08
ADTRP,-7.977391675750527e-08
ATP9B,-9.365744794762061e-08
CSDE1,-1.0705803022928738e-07
OLFM3,-1.0803023314674882e-07
DMAC2L,-1.1492261169384992e-07
RHD,-1.1666791787380158e-07
SNX6,-1.2935766778559325e-07
ENSA,-1.299970943250729e-07
PGLYRP1,-1.4037084199457215e-07
ALS2,-1.4047066149485015e-07
RNF10,-1.5366812560407616e-07
POLH,-1.655993467433126e-07
MIR133A1HG,-1.84424770865988e-07
STK19,-1.854477431361987e-07
CYP2C8,-1.903512259773857e-07
AVPI1,-2.0202415215206558e-07
ST7-AS2,-2.050845608801594e-07
DISP1,-2.197564100585368e-07
P4HA3,-2.2998264489039474e-07
FRY-AS1,-2.3453854636029298e-07
BBS7,-2.395138964847955e-07
TNFAIP6,-2.4162036077921917e-07
EMC9,-2.446935880971407e-07
RHNO1,-2.4636613943637525e-07
PSRC1,-2.562196289986957e-07
B3GAT3,-2.602206563137385e-07
HEY2,-2.680839572817682e-07
CASC16,-2.7607637071275814e-07
CDCA7L,-2.901321189828096e-07
DDTL,-2.950540415432255e-07
N4BP3,-2.9941318856192635e-07
RARS,-3.049432592620082e-07
SEM1,-3.158161031567901e-07
SPRY2,-3.180273764319101e-07
PLTP,-3.341722610082401e-07
CCDC39,-3.417002737206015e-07
AP001885.2,-3.454116838467376e-07
INPPL1,-3.502186802909673e-07
ARL17B,-3.52344223880329e-07
SYT11,-3.667078865837957e-07
KDM5B,-3.8303737617598425e-07
SELENOO,-4.064939036937537e-07
PORCN,-4.0911060572031117e-07
APOLD1,-4.2665904053066037e-07
ZC3H12D,-4.285386256993333e-07
DAPL1,-4.653448719994644e-07
RSRC1,-4.816666318750974e-07
FOXP4,-4.842072401065512e-07
SIPA1,-4.977512227937664e-07
GZF1,-5.06064619927608e-07
CFAP43,-5.142934970955283e-07
P3H4,-5.185316238975138e-07
CEP290,-5.214361357587765e-07
WDR83,-5.472281040397181e-07
NFYB,-5.636925472926316e-07
RPF2,-5.691206475887169e-07
C10orf90,-5.827953803950108e-07
MARF1,-6.016142752362575e-07
ECPAS,-6.060711902175823e-07
RAB4A,-6.071791012434857e-07
ZNF44,-6.088766680129942e-07
AP000812.1,-6.121574295893709e-07
C1orf174,-6.33226133494109e-07
UFSP2,-6.344738667667947e-07
FAT3,-6.432105856044493e-07
MALINC1,-6.530110230329049e-07
PMVK,-6.778045655205814e-07
MTA1,-6.989038625851524e-07
GDPD4,-7.220371778896502e-07
TP53TG1,-7.3735853142866e-07
ADGRA3,-7.394409642319219e-07
FAIM2,-7.403299448829659e-07
CCDC152,-7.405603132858098e-07
FAM200A,-7.594535591193367e-07
TPGS2,-7.614814455059834e-07
SLC18A2,-7.698533935329191e-07
OSBPL9,-7.784539827895656e-07
AMPD2,-7.814730058699988e-07
ZNF513,-7.866311354981657e-07
TCF3,-7.981876535140849e-07
TNIK,-8.053985790500037e-07
OTOF,-8.160662683201655e-07
AP001604.1,-8.252404122158416e-07
NMI,-8.307485617006553e-07
AF230666.1,-8.493924128455818e-07
NSMCE4A,-8.555096029234578e-07
CXCL14,-8.666381315193411e-07
C11orf16,-8.697704486151882e-07
CPEB2,-8.723142125094738e-07
SPG7,-8.780452256331223e-07
TTC39A-AS1,-8.884577751037419e-07
HBEGF,-9.16546632110657e-07
REXO4,-9.178639272985963e-07
TMEM109,-9.201066727341653e-07
CCDC28B,-9.262747627938e-07
NUP35,-9.389687827660162e-07
KLHL15,-9.452076343069175e-07
ABCB6,-9.503832001636578e-07
AFAP1L2,-9.62215942976969e-07
DACT3-AS1,-9.762100246365093e-07
ABCC10,-1.0018845034111141e-06
ZNF576,-1.00301654565453e-06
GPC4,-1.0044029528823235e-06
PRMT5-AS1,-1.0074342177097406e-06
RPA4,-1.0124068805585024e-06
SH3GL3,-1.0124196911088583e-06
SNRNP200,-1.0186726441026227e-06
IL15,-1.0196528363090651e-06
AP001992.2,-1.0205292655558158e-06
TOP3B,-1.022869236698841e-06
ZNF157,-1.0367142776910135e-06
CYB5R1,-1.0472604425145043e-06
BRCC3,-1.0562028203368436e-06
DNAJB14,-1.0562221543001392e-06
RAB6B,-1.0671185105319138e-06
RHEBL1,-1.068898679627045e-06
RNF5,-1.0815313777849267e-06
GRAMD1C,-1.1104811555846045e-06
LIN7B,-1.1221751000124555e-06
NELFE,-1.1577651238595936e-06
FNBP4,-1.1579897855178188e-06
TMPRSS15,-1.1791966514427648e-06
KLK11,-1.1864949115355038e-06
TMEM38B,-1.2156863891715823e-06
SNRPA1,-1.2264340760635708e-06
CDS2,-1.2323957270402185e-06
UBE3B,-1.2506731784075254e-06
CEL,-1.2521777605758364e-06
PKIA-AS1,-1.2527726733933583e-06
ANKS3,-1.260114615482095e-06
AKT1,-1.2744758262461516e-06
ZC2HC1C,-1.2942909512523162e-06
VEZT,-1.300039415350491e-06
DMWD,-1.3002601077300978e-06
ITFG1-AS1,-1.3077746760135272e-06
NRK,-1.3232833841532888e-06
PRDM4,-1.3423687274542873e-06
NOSIP,-1.3472494050571764e-06
MLEC,-1.353290777404117e-06
IK,-1.357957713984096e-06
GLI4,-1.3592116693727863e-06
MED21,-1.367196292721273e-06
KBTBD11-OT1,-1.3795600673373855e-06
RCBTB1,-1.3875822440728919e-06
OSBPL6,-1.3891472187325318e-06
VAMP2,-1.4010093396242132e-06
C19orf44,-1.4037966556824556e-06
CASP6,-1.4103490286816534e-06
SHOC1,-1.4266790701194504e-06
NAA15,-1.4406338422536588e-06
ZNF775,-1.4695797713331345e-06
IMPAD1,-1.4764794204595294e-06
PGLS,-1.479923318578948e-06
RC3H2,-1.4819403174509254e-06
SNRK,-1.5002139037989094e-06
TBCE,-1.519731897471083e-06
LRRC43,-1.5260964023285268e-06
FGF10,-1.5335588017734478e-06
RBFOX3,-1.5341653823904204e-06
KNDC1,-1.5395082851263597e-06
UGGT1,-1.550950270661351e-06
SNX22,-1.5570847116965965e-06
MBLAC1,-1.5649974560950277e-06
ABHD5,-1.5735052391758613e-06
AP003119.3,-1.5943013021587975e-06
ACOT8,-1.6417992862145834e-06
MRPL35,-1.641832294703392e-06
BMPR1B,-1.659660072156532e-06
LTBP3,-1.6619035664457923e-06
ALX4,-1.6814016136896118e-06
CCNG1,-1.684792847928506e-06
POLR1B,-1.6848122185503067e-06
MORC4,-1.6850151391187777e-06
CACNA1D,-1.6893583883499929e-06
SMG6,-1.6915447798592562e-06
C10orf25,-1.6941082625971033e-06
INPP5J,-1.6965206072658842e-06
CXCL13,-1.7268044159391e-06
VWA2,-1.7307139893643987e-06
PHF20,-1.7312622786746639e-06
FBXO36,-1.7430842456113331e-06
UBE2K,-1.7435221839017877e-06
NLRP12,-1.7448115494425375e-06
PEX5L,-1.7521588393679492e-06
C18orf32,-1.7610670050741522e-06
PDGFB,-1.7723977584440035e-06
CD81,-1.7782196685246013e-06
C14orf93,-1.7791642375644912e-06
PIK3C2A,-1.7798968966499913e-06
BSPRY,-1.7878357984560016e-06
RSPRY1,-1.79322494941359e-06
KATNBL1,-1.796486212512217e-06
MAGED2,-1.8037329515408093e-06
ACD,-1.8121418382175125e-06
RWDD2B,-1.8386644874257513e-06
LIG4,-1.84373137295797e-06
HCN2,-1.850668390770416e-06
TM2D2,-1.8558229934636904e-06
DGCR6L,-1.8621631617414963e-06
TPST2,-1.8643154391285337e-06
TXNRD2,-1.864774706058745e-06
ABCA9-AS1,-1.8699008131510336e-06
ADAMTSL4,-1.8706358623413731e-06
AP003119.2,-1.9016215290823487e-06
NAA16,-1.9080008527654098e-06
TCTN3,-1.921024218932065e-06
PTGDS,-1.9416526194475516e-06
OR2F1,-1.954873595980039e-06
ADRA2A,-1.9570992044863324e-06
OXLD1,-1.9668874407137328e-06
USP32,-1.9674570315315164e-06
THAP1,-1.974748891392379e-06
ZNF480,-1.9798281762927005e-06
NAGA,-1.9947753413790262e-06
TMEM167B,-2.001899697784213e-06
PDK1,-2.0053945456480873e-06
DAB2,-2.006858455278594e-06
CU638689.5,-2.021095033034156e-06
SLC22A13,-2.0226852424266617e-06
TBPL2,-2.0308636055517483e-06
CACNB3,-2.031900370520407e-06
AP1G2,-2.034573982140778e-06
TIPIN,-2.036426762230178e-06
ATP6V0D2,-2.0414507416292114e-06
PTRHD1,-2.0489021476806234e-06
ST3GAL6-AS1,-2.0644392572130894e-06
NALT1,-2.074653321819408e-06
TBPL1,-2.0751209397945335e-06
PCP2,-2.089230674365512e-06
DUS3L,-2.0951774896319796e-06
DBR1,-2.1018714236815993e-06
BCDIN3D-AS1,-2.114169640296785e-06
PEX16,-2.1165624249010163e-06
MLIP-AS1,-2.117056329808168e-06
SFTA3,-2.119158808009229e-06
CHRNA6,-2.1197902861555908e-06
PGGHG,-2.1321246070865925e-06
BACH1-IT1,-2.1451802535549773e-06
SDHAF2,-2.15172315438985e-06
CMTM2,-2.15191142425825e-06
DRD4,-2.163186371370242e-06
PPM1E,-2.1671607976079708e-06
RUNX1,-2.169088793950002e-06
CBWD2,-2.1715516453216924e-06
RAB11FIP2,-2.1740677787157465e-06
STK4,-2.177050629559824e-06
C18orf63,-2.1772687592932997e-06
SNHG20,-2.1851950351635465e-06
PTCSC2,-2.1884567842647438e-06
NEXN-AS1,-2.190698889920512e-06
TGFBRAP1,-2.1923856447933154e-06
SLC13A5,-2.20550181412069e-06
ASIP,-2.206669486317469e-06
REEP6,-2.2097807745835103e-06
DPY19L4,-2.212990048484443e-06
MZF1-AS1,-2.226385281833287e-06
COA1,-2.2614429449516296e-06
DDX6,-2.2641310552127473e-06
EIF1B,-2.2730018817128863e-06
ANXA2R,-2.2793613509897516e-06
AP000254.2,-2.2902573838861023e-06
VCPKMT,-2.290907879848594e-06
XKR4,-2.3069362415058417e-06
ZNF710,-2.336971285272147e-06
CEACAM21,-2.342211455883709e-06
TM4SF18,-2.3459465774614684e-06
MIRLET7BHG,-2.3619048845495945e-06
SLC14A2,-2.3664822108046946e-06
SCAP,-2.383509393165948e-06
SLC27A3,-2.384703180683572e-06
NBPF14,-2.4083601477504547e-06
CDC40,-2.4085923957143518e-06
STOM,-2.4123367142000096e-06
ASPHD2,-2.417053536729941e-06
PLAC8L1,-2.422580587750524e-06
EIF3E,-2.425241262183254e-06
DNM3,-2.4313947280000056e-06
NEK11,-2.4465439277186685e-06
AARS2,-2.4632056288184584e-06
SLC12A9-AS1,-2.4755756633798477e-06
TOMM6,-2.4759481557842388e-06
DIS3L2,-2.48523840138447e-06
MCRIP1,-2.493454993428362e-06
TAC3,-2.50222407741437e-06
C14orf132,-2.5071656889795567e-06
PFKFB3,-2.5262788502628453e-06
DNAAF3,-2.532442719035801e-06
CXorf40A,-2.5398705199207235e-06
ZNF572,-2.540965481603326e-06
ANKRD37,-2.552498121575085e-06
FAM107A,-2.5601900239515708e-06
GAU1,-2.5642748504884286e-06
TXNDC9,-2.565327628379926e-06
CISH,-2.5675271442979428e-06
RRN3,-2.5858826518335007e-06
IATPR,-2.591178099841053e-06
CATIP,-2.591820198244373e-06
ZNF544,-2.624248518321972e-06
FAM102B,-2.6681614262941277e-06
MRPL10,-2.682014258010546e-06
HSD3B7,-2.6868588283966865e-06
PUSL1,-2.710322417375457e-06
Z93241.1,-2.71975990124707e-06
ZNF701,-2.727512123277177e-06
SENP5,-2.7344655261371816e-06
MMP2,-2.742562172299999e-06
SLC7A14,-2.7472759302966653e-06
RASGEF1C,-2.750321710401219e-06
OOEP,-2.7532395681150056e-06
ZNF443,-2.765419232323163e-06
PSEN2,-2.7660130660378933e-06
C8orf33,-2.776927747487395e-06
IFT22,-2.7829318010568932e-06
RAB32,-2.8082550373603567e-06
PDS5A,-2.81470640541058e-06
IGSF8,-2.824448582767422e-06
UBE3A,-2.8288785422233935e-06
ARHGEF26,-2.8338668970455134e-06
TPH2,-2.8649299994309318e-06
ZNF624,-2.8697702834796476e-06
INE1,-2.8887658127643467e-06
GJB7,-2.8975880570889836e-06
STRADA,-2.9026497698985855e-06
NOL12,-2.9057199971388325e-06
LPGAT1-AS1,-2.9067239193263877e-06
ITGB5-AS1,-2.9136753472314473e-06
SLC28A2,-2.918928521229332e-06
ARG1,-2.925284503919022e-06
ZNHIT3,-2.936467098559764e-06
FUT10,-2.95230790677137e-06
SERPINB9P1,-2.9666285200559645e-06
ZNF213-AS1,-2.9885123008036246e-06
ZBTB24,-2.991895923731378e-06
NT5C3B,-2.998101932502012e-06
DIS3,-3.008488769794103e-06
ACTR1B,-3.0125260952841582e-06
WNK4,-3.017240815658459e-06
TP53BP1,-3.023597402247225e-06
GYPC,-3.038753479418697e-06
GJA4,-3.046557332266178e-06
GFM2,-3.0523434373099907e-06
LRIG2,-3.0571992318089033e-06
ACSBG1,-3.0657963870477312e-06
NDUFB1,-3.0731137378832678e-06
DIO3OS,-3.078304392027202e-06
SATL1,-3.0803266041555207e-06
TIRAP,-3.0985632264766514e-06
RHBDL1,-3.107014402362197e-06
HSD11B1-AS1,-3.145062074182374e-06
NOS1,-3.14890859236653e-06
TDP2,-3.154337988927533e-06
C17orf97,-3.170377833517717e-06
FAM245A,-3.1771544366368283e-06
STOX1,-3.18045523745178e-06
RNF168,-3.1831823070446502e-06
MTRF1L,-3.1845113711454767e-06
HACD3,-3.1970468913730918e-06
LGI2,-3.2102786835994023e-06
ZFYVE26,-3.215170031755939e-06
GIPC2,-3.226688288460523e-06
TULP4,-3.229835818347111e-06
FUT11,-3.230107342236016e-06
TEX29,-3.2356222411120113e-06
ADORA1,-3.241266195304733e-06
NAA80,-3.2585419027253562e-06
HMGCR,-3.2693716395446275e-06
PLXNB1,-3.2910775239440797e-06
CAGE1,-3.2934935965007345e-06
LZTS2,-3.2982505766901647e-06
CCDC183,-3.3021166090502232e-06
ZNF497,-3.308682614567255e-06
LTB4R,-3.311209439967652e-06
ADGRB2,-3.315436117619848e-06
NOX5,-3.3347847445237547e-06
HENMT1,-3.336669962841505e-06
GPR19,-3.3473478089335115e-06
FAM86B1,-3.3592895899071515e-06
BOLA3-AS1,-3.367817014577393e-06
EXD2,-3.3803019979089883e-06
HEATR5B,-3.4023567370306413e-06
OXER1,-3.4310687390978724e-06
SLF2,-3.4398970064793455e-06
MAPKAPK5,-3.445205215521887e-06
VPS45,-3.446694170749996e-06
DHRSX-IT1,-3.452370099545554e-06
RAB2B,-3.452906170135209e-06
IL17RC,-3.4552155883547804e-06
LDHAL6A,-3.4615004496275143e-06
PIGF,-3.472523302214558e-06
ZFP3,-3.4845589582787264e-06
FAM53B-AS1,-3.484950219839847e-06
ARID1A,-3.5095605151169438e-06
ATP5F1A,-3.542168628145133e-06
HAS2,-3.5539739939675016e-06
CCDC28A,-3.566548603571886e-06
ASPG,-3.57222366937848e-06
AP005131.6,-3.5844146896624197e-06
GNA14-AS1,-3.58903327155203e-06
BASP1-AS1,-3.5961130364023153e-06
MRPL27,-3.5967252128460243e-06
B3GALT5-AS1,-3.604499919769671e-06
DDX39B,-3.6086315171656453e-06
QRICH1,-3.6187857148904125e-06
PFAS,-3.6323159444547535e-06
CASC3,-3.634212897929748e-06
MAP3K14-AS1,-3.640783045975606e-06
ZNF674,-3.6446904421851375e-06
DICER1,-3.6465184267603907e-06
CCN5,-3.6495749111846548e-06
CCAR1,-3.651840212958405e-06
FAM41C,-3.6711514751098415e-06
AP001059.2,-3.6835875596496786e-06
BTG1,-3.6882713472648226e-06
HMGXB3,-3.691604745200432e-06
GMEB1,-3.6965187645364437e-06
PAN3-AS1,-3.7008700006108556e-06
HSH2D,-3.722118361823912e-06
PSMD7,-3.7273220351908554e-06
EEFSEC,-3.7386195154557273e-06
MED18,-3.7516352010202474e-06
PRR14,-3.7609676506841848e-06
SZT2-AS1,-3.769173734634631e-06
RPP40,-3.7788529283983806e-06
AP002892.1,-3.7823123825591684e-06
RASA3,-3.804692219750798e-06
PXDNL,-3.8048180499391886e-06
POMC,-3.810333491500396e-06
NUDT19,-3.813161329700232e-06
TRIM21,-3.8138981595609423e-06
FMO5,-3.821823814426528e-06
MRPL53,-3.827129786465364e-06
POC1B,-3.8276964017964445e-06
MATN4,-3.8375413173586955e-06
DGCR9,-3.841449296544311e-06
MARVELD2,-3.8431104947961846e-06
DYNLT3,-3.876575026945014e-06
PNLIPRP3,-3.881363832426848e-06
Z98200.1,-3.9017937291277e-06
TMPRSS6,-3.909871533206724e-06
AP001574.1,-3.910476844543706e-06
IFIT3,-3.925966074798679e-06
TBXA2R,-3.93237636426868e-06
TAF9,-3.9331459321937205e-06
MAP3K1,-3.935172994326833e-06
CARS-AS1,-3.93634518068826e-06
SHISA9,-3.945795862521586e-06
PRR7-AS1,-3.959406587575105e-06
RHOA-IT1,-3.96515700727269e-06
DDX54,-3.970825427751548e-06
ZNF114,-3.974294113573957e-06
ERGIC2,-3.981763188866635e-06
PHYHD1,-3.9961651664302775e-06
MED14,-4.000369550909715e-06
NUP37,-4.012523817610781e-06
AP001432.1,-4.015342953561235e-06
GCSH,-4.027139739662115e-06
GNE,-4.038957878011174e-06
NPIPB6,-4.0459191520939644e-06
MYBL1,-4.050076532424216e-06
STXBP5L,-4.0664024534655065e-06
OTUD6B-AS1,-4.069327958018535e-06
DNAH17-AS1,-4.077266109265671e-06
NEK3,-4.086819445341462e-06
NGDN,-4.089280976335768e-06
ZNF587,-4.098265699892333e-06
ARL17A,-4.124818669700353e-06
EDC4,-4.144794509094254e-06
SPECC1,-4.162370902609687e-06
FN1,-4.162490163033875e-06
GPR18,-4.163451105814504e-06
NOL4,-4.166231383627416e-06
MEP1B,-4.166856356435017e-06
HSD17B8,-4.16756987815788e-06
HPS5,-4.175027511826606e-06
SYMPK,-4.175252742323867e-06
APAF1,-4.180389219293572e-06
OR3A2,-4.209718678534473e-06
PPP4R3A,-4.211274747273124e-06
R3HDML,-4.21801069646868e-06
GPATCH11,-4.219040728887895e-06
FAAP20,-4.228556334144068e-06
CUL3,-4.236841557302855e-06
FBXO39,-4.242848238120721e-06
SF3A3,-4.2534286133132795e-06
SNRPD3,-4.253448564015354e-06
TERB1,-4.254933208995526e-06
ZNF221,-4.261812840752078e-06
FNTA,-4.265203646748015e-06
TCTN2,-4.274191054465905e-06
CCNY,-4.279961084356599e-06
TRAPPC8,-4.296052085121847e-06
DNAJC9-AS1,-4.296167393265406e-06
PTPMT1,-4.296494723664864e-06
GDPD1,-4.3036105695704406e-06
SMPDL3A,-4.304549073239238e-06
MOSPD1,-4.306947374852308e-06
EGR3,-4.310059468555532e-06
IFIT2,-4.313108186152248e-06
NTNG1,-4.347416544400322e-06
CFDP1,-4.367061890296461e-06
RFX1,-4.370582755602374e-06
AADAT,-4.375858610176523e-06
NOM1,-4.378972356274787e-06
ADORA2A-AS1,-4.383849699196448e-06
FRG1,-4.396411356390118e-06
NOL11,-4.399174601344548e-06
ROCK1,-4.403885094909607e-06
ABALON,-4.417040015328129e-06
FZD8,-4.420556675283171e-06
TRPM8,-4.421855261571844e-06
PSMA8,-4.4268834958664265e-06
NELFCD,-4.437714306216818e-06
FBXL22,-4.438825961031148e-06
LSMEM1,-4.440845938407612e-06
SCYL3,-4.446380813136941e-06
PSMD6,-4.453853253298267e-06
CCDC127,-4.456399726832373e-06
RNF169,-4.461022605228162e-06
PARP14,-4.464092842844337e-06
DAGLA,-4.473704893310987e-06
AF228727.1,-4.4796473116344925e-06
PLSCR2,-4.480794237502945e-06
PPIL6,-4.484433272836856e-06
AMACR,-4.486920440345938e-06
ZNF764,-4.492451878169967e-06
ISLR,-4.500932607998957e-06
G6PC3,-4.51383710161721e-06
C2orf69,-4.5156361376308055e-06
GAR1,-4.519604725796872e-06
MMACHC,-4.523998330963879e-06
MMD2,-4.5307013018326385e-06
CD99,-4.538121746296458e-06
NPR3,-4.551588331972005e-06
ESF1,-4.557994284311296e-06
TGM4,-4.5581670125465396e-06
CCDC73,-4.56572392625887e-06
SOD1,-4.5707322473617524e-06
OGFOD3,-4.577418248862583e-06
PAFAH2,-4.5788026490979025e-06
GTPBP8,-4.587340311739821e-06
TIPARP-AS1,-4.590806200315723e-06
PPP1R36,-4.612098810044437e-06
C19orf73,-4.638921807915133e-06
DDX43,-4.644653386370191e-06
IAPP,-4.646729073445729e-06
SPNS3,-4.649269061045339e-06
KCNT1,-4.6563238134972995e-06
HIPK4,-4.667408902577827e-06
ATP2B1-AS1,-4.6702734751211355e-06
MKKS,-4.675795307038479e-06
LACTB2-AS1,-4.693421153703799e-06
DCST1,-4.7395207598830544e-06
LLGL1,-4.742795619762746e-06
FBXO31,-4.754891678099146e-06
LRSAM1,-4.755328893140345e-06
PACSIN1,-4.758385848224327e-06
SSBP4,-4.773289079391572e-06
SPATA25,-4.798150255039815e-06
SCN5A,-4.799745667251452e-06
C5,-4.805046564235161e-06
HAUS3,-4.8067217260491935e-06
ECSCR,-4.8130970710150405e-06
CPNE3,-4.824659246491563e-06
ZNF879,-4.844917694573249e-06
HNRNPC,-4.848920980639701e-06
THY1,-4.859016094287726e-06
AP000708.1,-4.85915725973046e-06
PCDH19,-4.875455660143038e-06
KCNJ16,-4.8860774612777014e-06
AKAP17A,-4.889211710747217e-06
LYNX1,-4.897872490155384e-06
SMC1B,-4.904657040125163e-06
MTMR10,-4.9052280260625245e-06
MTG2,-4.905877243175158e-06
EHBP1,-4.911901875450007e-06
UNK,-4.919857363490617e-06
IFI6,-4.9255514516380675e-06
MAPK9,-4.926788078615476e-06
NENF,-4.929773175771955e-06
PPP2R5C,-4.940630083951308e-06
IGLON5,-4.942599396301859e-06
SPATA12,-4.943933907336157e-06
MIR4422HG,-4.944008347746672e-06
PRDM8,-4.955759843858678e-06
LGMN,-4.964095503328331e-06
DDC,-4.9709687980664735e-06
CA6,-4.977128973651158e-06
SIN3A,-4.97738874247407e-06
IRF2BP2,-4.9904206563566086e-06
USHBP1,-4.99221770974384e-06
AP2A2,-5.008695150621574e-06
TMEM187,-5.014219839212543e-06
VWA8-AS1,-5.022999594234841e-06
SH3BP4,-5.024436324108991e-06
ANKRD62,-5.0428489471128765e-06
C2orf15,-5.044183088784361e-06
VPS26B,-5.066714728423727e-06
CDKL1,-5.068227670480069e-06
SH2D4B,-5.076718855619728e-06
ING1,-5.083423470539161e-06
C2orf81,-5.085841320419619e-06
WAPL,-5.114748557798818e-06
POP5,-5.11771679650831e-06
ANKRD40,-5.119090555335311e-06
PPM1J,-5.133479109352168e-06
KLKB1,-5.1406763191663555e-06
AMDHD2,-5.141875691509564e-06
ODAPH,-5.157536865488848e-06
STK35,-5.1608393276665885e-06
DMAC2,-5.1657526900875805e-06
MTF2,-5.166812709137647e-06
ENTPD3,-5.179218087027201e-06
SLC4A1AP,-5.181628104639745e-06
ZSWIM8,-5.19514679792489e-06
IPP,-5.200620328275593e-06
SYNJ1,-5.217921036761068e-06
PGM3,-5.225121029362378e-06
TEX49,-5.225843558116993e-06
ZNF620,-5.23570627384472e-06
C6orf120,-5.249487804810746e-06
BICD2,-5.2745558210506695e-06
SHKBP1,-5.279635858234752e-06
ZBTB45,-5.301451343073844e-06
FBXL19,-5.302877555582439e-06
ANKRD30B,-5.315708471433918e-06
DCAF15,-5.31595526800653e-06
BRPF1,-5.32084531150569e-06
SNAP23,-5.327126949983722e-06
FOXF1,-5.352911639202327e-06
ATP2C1,-5.376090872963177e-06
HNRNPA1L2,-5.381064120758669e-06
SLC7A6OS,-5.386298397134014e-06
PANK3,-5.392831521404092e-06
PPP1R3F,-5.396591456034523e-06
AKNAD1,-5.399239820455053e-06
DDX11-AS1,-5.399321970594751e-06
CCDC78,-5.405719394743007e-06
PKNOX1,-5.414487280661404e-06
KLF7,-5.41596138717274e-06
CCDC9,-5.4247826231072355e-06
PYGM,-5.4254801166188315e-06
AP001972.4,-5.426469705318005e-06
ELL2,-5.44753457125136e-06
SINHCAF,-5.451618874606652e-06
TLE3,-5.4578379183077594e-06
PMS1,-5.462446224649307e-06
ARMCX6,-5.463942462061706e-06
ZNF143,-5.464083081351795e-06
ADCK2,-5.4666239615230575e-06
DCAF8L2,-5.4821570367249935e-06
RCAN3AS,-5.497414390932197e-06
USP31,-5.504117034800876e-06
ASGR2,-5.504844331725642e-06
UBE2G1,-5.505806008506847e-06
AP000593.4,-5.51752342453404e-06
UBE3C,-5.52463612959456e-06
ZNF205,-5.538952851030622e-06
PTMS,-5.559167775969311e-06
OSGIN1,-5.563816161895223e-06
MRPL54,-5.565937748879091e-06
NAALADL2-AS3,-5.584804408405449e-06
MDP1,-5.590575317718309e-06
ARSA,-5.606369854109525e-06
AP006621.1,-5.6130951183031505e-06
TCERG1L,-5.613852316970875e-06
PCDHGA9,-5.625545404329447e-06
LMAN2L,-5.628148791250962e-06
SRPK3,-5.633444268405475e-06
CUL7,-5.644884945281429e-06
CLEC18B,-5.645013524776606e-06
GRID2,-5.661885875406118e-06
GRXCR1,-5.663060489760151e-06
NIP7,-5.6687783735375865e-06
CCDC117,-5.695672500990333e-06
AARSD1,-5.711845779971736e-06
HPRT1,-5.711854843105602e-06
COPS8,-5.7248043277526954e-06
DUS2,-5.733869663902774e-06
HPSE2,-5.747330174668176e-06
FRS3,-5.749831833269987e-06
RPP25L,-5.751694417877428e-06
MASP1,-5.76937536245165e-06
TBL2,-5.772816981718898e-06
ZNF318,-5.776603263272249e-06
POLR3E,-5.800840570244833e-06
GFI1,-5.832782608045088e-06
AP001825.1,-5.837752675409348e-06
C17orf75,-5.847824327471266e-06
SRPRA,-5.8666212503568775e-06
GTF2F1,-5.8674554369870296e-06
HORMAD2,-5.896927703404095e-06
HEATR9,-5.9042207437380856e-06
HEPHL1,-5.9073384000850156e-06
XKR8,-5.916951408827178e-06
RFC1,-5.9314998200750535e-06
AP003467.1,-5.932638309169289e-06
GOLPH3L,-5.936518615396496e-06
AJ011931.2,-5.9438261447073e-06
WNT4,-5.967431065616488e-06
CRYL1,-5.975935654172004e-06
AP001160.1,-5.98368941521355e-06
GASAL1,-5.9910401503060915e-06
MBD3,-5.994698210657712e-06
MRM2,-6.002751412360701e-06
AP001599.1,-6.004262755883565e-06
ATF5,-6.004814826917262e-06
MRPS18C,-6.010344080014923e-06
TCFL5,-6.015501818768108e-06
PHF1,-6.05748559317336e-06
GTF2E1,-6.0622837670133345e-06
GPR20,-6.075749610806442e-06
KBTBD7,-6.079960414515925e-06
HDAC4,-6.105349847170424e-06
SPATA20,-6.110300207787165e-06
SEC23B,-6.1189092972723365e-06
AP001626.1,-6.121294748007708e-06
UXT-AS1,-6.1236376117813e-06
ROPN1L,-6.143035020908498e-06
AP003352.1,-6.149677006719541e-06
SUMO1,-6.1518818424097966e-06
CCDC163,-6.15476388542458e-06
PJA1,-6.1589751125132615e-06
IBA57,-6.188612601771149e-06
GOLT1B,-6.197449523910654e-06
NUS1,-6.204978052576626e-06
TMEM114,-6.204990500741802e-06
FSCN2,-6.2153708519567306e-06
MYO3B,-6.243963615875979e-06
ETV6,-6.252910899233443e-06
FAM157C,-6.257774330969528e-06
ZNF532,-6.2718145162551614e-06
FAM151B,-6.273298423923437e-06
MICOS10,-6.275655646876516e-06
C2orf42,-6.279720360147235e-06
RSPH10B,-6.296177433445366e-06
KDM4B,-6.297113648467799e-06
PIAS4,-6.306913938764058e-06
YES1,-6.32126162821279e-06
SIAH3,-6.336672776692048e-06
INTS1,-6.3545686163897865e-06
ZNF550,-6.398269229215411e-06
ODR4,-6.4107028999029565e-06
WDR72,-6.416949643187159e-06
ZNF692,-6.423224753563453e-06
PRR26,-6.428141660710413e-06
CDPF1,-6.4367487669232894e-06
TADA3,-6.440270999998549e-06
ZNF860,-6.443870279656562e-06
PSMD6-AS1,-6.458294608922395e-06
ABCA2,-6.464532068930186e-06
DPCD,-6.464623255204371e-06
COPS3,-6.472506663703185e-06
RBM12B,-6.478575549468558e-06
LNCOC1,-6.480217734967075e-06
VWA5B1,-6.4989207680668975e-06
TRPM6,-6.5009804096910125e-06
TMEM184C,-6.501719231570393e-06
LSM8,-6.5080396490229626e-06
ACO2,-6.521480798130759e-06
CYB561D1,-6.547719562914015e-06
SPIN2B,-6.556859224888475e-06
CSTA,-6.562880536797188e-06
TESMIN,-6.568287358649617e-06
MRPS22,-6.5873399913728405e-06
LYRM4,-6.612240228374829e-06
VPS33B,-6.615100026377504e-06
NUAK2,-6.616589772605358e-06
IFT43,-6.629831895582633e-06
KIAA1257,-6.631184174848859e-06
KIF27,-6.644249951330952e-06
ARL6IP6,-6.652697216727325e-06
TMEM128,-6.6586013957423144e-06
SUPT7L,-6.672836841815378e-06
TMEM101,-6.673886448797109e-06
IL6ST,-6.698243129521347e-06
MARS2,-6.708092347000769e-06
MRPL4,-6.708116506011182e-06
ENDOD1,-6.709295322838012e-06
ELOA-AS1,-6.717795960916952e-06
GPR156,-6.720952585404765e-06
TMEM183A,-6.727225513585487e-06
SREK1,-6.75015210870272e-06
SCUBE1,-6.750965930554491e-06
ISOC2,-6.752647965258354e-06
RABEPK,-6.7543992601848975e-06
ELK4,-6.761943355345176e-06
CLSTN3,-6.76424828399605e-06
MTMR4,-6.772556975482166e-06
C9orf92,-6.775500274612011e-06
CAMKK2,-6.784079046929445e-06
AP001462.1,-6.790636052324821e-06
RMRP,-6.806372717423931e-06
INE2,-6.8335521268391575e-06
AP002852.1,-6.842699735218061e-06
COQ4,-6.844002265541633e-06
ZNF567,-6.8450504301308e-06
MRPS7,-6.853609452490631e-06
BTF3L4,-6.855702907485603e-06
PXMP4,-6.859613799816512e-06
HMSD,-6.8606651933399334e-06
AP005203.1,-6.873670729653192e-06
ZNF883,-6.883057150567068e-06
CMTR2,-6.889038304858766e-06
ERV3-1,-6.917895915554553e-06
C1orf189,-6.9182366447599e-06
GALK1,-6.923583003024878e-06
MSL3,-6.9258387221208795e-06
GET4,-6.933526188643664e-06
UBN1,-6.941729537501573e-06
FLT3LG,-6.953257511481614e-06
CELSR3,-6.956014459160463e-06
DHRS4L2,-6.959720923775569e-06
CRYBB3,-6.980738357901637e-06
POC5,-6.9854191369270784e-06
OSCP1,-6.990616813685668e-06
VPS9D1,-6.99245239848403e-06
UBQLN4,-7.003749827456345e-06
FAM216A,-7.016561103018275e-06
CHRM5,-7.023664292976932e-06
SCML2,-7.053211229502031e-06
SRSF2,-7.064009279218678e-06
TASP1,-7.0695593562062606e-06
ZNF629,-7.075618477293271e-06
LRRC7,-7.090615443357957e-06
TMEM106A,-7.099163326652364e-06
SETD1A,-7.105599582232464e-06
TMEM52,-7.107818472183045e-06
CDK11A,-7.1155249490418736e-06
CWC22,-7.121497834592013e-06
C3orf20,-7.122742323702423e-06
MIER2,-7.125182905767477e-06
ANKRD20A4,-7.12893631847383e-06
ZNF749,-7.13447787345512e-06
FAM86C1,-7.13731032593631e-06
DLX4,-7.139382060026408e-06
BTBD2,-7.1463877431944135e-06
GLYCTK,-7.170352572832902e-06
PTPRE,-7.196057628375864e-06
CRYGS,-7.2156329993120494e-06
TMPRSS12,-7.225760591604229e-06
PLA2G4E,-7.23962423069715e-06
HSD11B1,-7.256106323015267e-06
SLC5A6,-7.26906107995705e-06
SPACA9,-7.272631880924013e-06
ANAPC16,-7.2822412170061895e-06
ZNF384,-7.292031661809036e-06
LARGE1,-7.293257922623422e-06
GABPA,-7.293705759045668e-06
U2AF2,-7.300567697934004e-06
LURAP1,-7.303694014502135e-06
PYCARD,-7.304384861789744e-06
IGSF9B,-7.3043934459964095e-06
KCNH7,-7.318846706455693e-06
MESD,-7.321363410209665e-06
CYB561D2,-7.343442491066307e-06
C5orf51,-7.371627020832668e-06
ADD1,-7.378644847875904e-06
ALG8,-7.378802975384605e-06
C5AR2,-7.38072374114403e-06
COL7A1,-7.381936181014522e-06
PCA3,-7.387193989295089e-06
GGACT,-7.396448172581093e-06
NPAT,-7.410455632525111e-06
LTBP4,-7.410631815588107e-06
ANKIB1,-7.4230421776626075e-06
GNA15,-7.429865241269375e-06
ZNF791,-7.438072234301029e-06
HPS3,-7.4455059688707395e-06
PEX19,-7.453642449592396e-06
PPP1R3B,-7.45463525396428e-06
NRG2,-7.464723548997756e-06
SART1,-7.481535203822435e-06
ITGB1BP2,-7.485211319586994e-06
ZYG11A,-7.494648536926869e-06
SLC8A2,-7.496142260000368e-06
AP001505.1,-7.523585762445226e-06
TSPAN17,-7.524342769589907e-06
NDUFA6,-7.538074887449176e-06
AP000866.6,-7.551340330794152e-06
FAM135B,-7.579078892918856e-06
TRIM35,-7.5841861776538e-06
ZFHX2-AS1,-7.585047212275609e-06
ANKRD34A,-7.588396782736091e-06
TBC1D20,-7.589458956482241e-06
SLC25A17,-7.592991972191093e-06
EGLN3-AS1,-7.614196496536496e-06
CRLF2,-7.618491440600623e-06
FAM210B,-7.619788510181292e-06
ASPSCR1,-7.623553207248622e-06
PLSCR1,-7.6256308720906915e-06
SLC30A1,-7.6291324099447955e-06
ZAN,-7.632448224720842e-06
CALHM6,-7.643167741297897e-06
COL11A1,-7.656511859068518e-06
AKT1S1,-7.658865707885732e-06
SAP30,-7.680238413875564e-06
PCDHGA6,-7.703292176371227e-06
SLC7A13,-7.723710595037926e-06
MISP3,-7.724255774487286e-06
SIAH2,-7.738106081555787e-06
BCL2L2,-7.739089626581586e-06
RTL8A,-7.74609724108837e-06
RAPGEF4-AS1,-7.751514625863922e-06
GRIK1,-7.76865335130741e-06
LIN54,-7.781849534914697e-06
TRAPPC2B,-7.785850767737754e-06
C8orf88,-7.798889781497435e-06
PPP3CA,-7.801878569596837e-06
TMEM230,-7.818533481647159e-06
NOMO1,-7.820633745313462e-06
PCNX2,-7.839649881060578e-06
TBL1XR1,-7.841014527168573e-06
AQR,-7.848005315845815e-06
ALKBH2,-7.871660286652148e-06
KDM3B,-7.894621437819341e-06
BOLA2B,-7.895536674967946e-06
DNAI2,-7.901642000668305e-06
ALG2,-7.907193428076572e-06
MRPL11,-7.910169012959414e-06
TRUB2,-7.912562180879182e-06
DOCK1,-7.942311991060326e-06
IL23R,-7.949788716307466e-06
STAU2-AS1,-7.956138244421908e-06
AP4B1,-7.957530289909613e-06
SOCS3,-7.958639728710094e-06
CNOT1,-7.974024195650492e-06
SOCS2,-7.981045355827201e-06
ZNF512B,-7.983205109356989e-06
TSEN34,-7.986899717947991e-06
PDZD7,-7.992606487549327e-06
UGT8,-7.995019413003044e-06
ATP7A,-8.028992178366055e-06
FAM204A,-8.035882635487932e-06
CHD1L,-8.059266669509432e-06
ALDH3A2,-8.060986649297158e-06
RBM5-AS1,-8.061500857146255e-06
RBM47,-8.063067513834455e-06
AREL1,-8.067832673355669e-06
MIS18A,-8.069415362935704e-06
APOD,-8.079785183384624e-06
FAM98A,-8.087983843089815e-06
AKR7A3,-8.118996278727698e-06
STX18,-8.119957963280783e-06
ZFR,-8.122178843888383e-06
MAPKAPK3,-8.132288971947424e-06
TMEM191B,-8.134438973673223e-06
MLF1,-8.161401383148082e-06
BVES-AS1,-8.164561408994647e-06
GEMIN2,-8.172378141443589e-06
PHF2,-8.175300833170688e-06
BLOC1S4,-8.17585714574555e-06
MSTO1,-8.194997910705614e-06
GCNT7,-8.208979457294663e-06
LYPD5,-8.23713097419811e-06
THG1L,-8.24836201098846e-06
TMEM87A,-8.261390990747126e-06
ATP6V0E1,-8.271892056262325e-06
RAET1E,-8.271998006571772e-06
TMEM80,-8.280162364083592e-06
CD3E,-8.281275108891842e-06
ALG10,-8.282524866566211e-06
IRS1,-8.311590727829444e-06
NOX1,-8.312346472956907e-06
AP001033.1,-8.329142322719827e-06
TRAPPC12,-8.341150385673045e-06
NCOA4,-8.351811522334672e-06
CARMIL3,-8.364229654200431e-06
SERINC3,-8.364782240722932e-06
SNRNP48,-8.365705528779039e-06
GOLGA7,-8.3723013689841e-06
SLC30A9,-8.376777703250082e-06
MEOX1,-8.378097546005033e-06
RABL2B,-8.386383528807275e-06
EPHA1-AS1,-8.391618424225534e-06
CNBD2,-8.398899269757848e-06
SENP8,-8.399490567696568e-06
NTHL1,-8.408186229249652e-06
CYP4X1,-8.417885710870743e-06
PLEKHH2,-8.420658630590126e-06
TTLL1,-8.435630288672037e-06
CTF1,-8.472967743338904e-06
UBOX5,-8.478608838637769e-06
ARF4-AS1,-8.482853367256807e-06
PLEKHB1,-8.500966320117141e-06
TEAD3,-8.512439560309703e-06
PMPCA,-8.512728689624978e-06
UBE2F,-8.516423443202634e-06
NKAPD1,-8.517677780555628e-06
NRF1,-8.526030208744647e-06
CCP110,-8.532399749305502e-06
BACH1-AS1,-8.538825846884866e-06
BAG4,-8.556513139873465e-06
EFCAB3,-8.556981268520536e-06
SMIM20,-8.571710698519129e-06
MFAP3L,-8.572523394936897e-06
ANGPT1,-8.575993045465555e-06
CTRC,-8.576900436271546e-06
ARHGAP26,-8.583316113451752e-06
ADGRE3,-8.58783498609704e-06
SMCR5,-8.591028015701964e-06
ABHD15,-8.602068829819292e-06
RPF1,-8.602360565575088e-06
TMEM212-AS1,-8.606881759315694e-06
NBR2,-8.616554407699992e-06
AF038458.3,-8.620300863264399e-06
CDC42SE1,-8.629556832542791e-06
SLC16A13,-8.652356911358747e-06
SLC66A3,-8.67547735190766e-06
POM121,-8.675860529290475e-06
GNRH1,-8.677624341069795e-06
TTLL9,-8.681481799018535e-06
ING5,-8.686702641485778e-06
MYT1,-8.701513326518735e-06
ALDH2,-8.707686926057114e-06
SFT2D3,-8.710326692151182e-06
PDXK,-8.711319294988298e-06
TACR2,-8.713214998625529e-06
SLIRP,-8.713247581428228e-06
RNF20,-8.717573631339635e-06
IGFL4,-8.718363483334704e-06
PDGFA,-8.721031796861713e-06
STX4,-8.722245562383265e-06
LAMTOR4,-8.726234962178895e-06
HAUS5,-8.73111923184439e-06
LIPT1,-8.73593924351789e-06
ZBTB9,-8.749875194386401e-06
ELL,-8.75311172842955e-06
ALDH16A1,-8.76660206343809e-06
LPIN3,-8.768032260515914e-06
STBD1,-8.768277958452416e-06
BICRA,-8.78931252342936e-06
DLG5-AS1,-8.795306028304087e-06
CKMT1A,-8.80317369443432e-06
TINF2,-8.803201860888111e-06
ZNF395,-8.820326124803546e-06
VAV3-AS1,-8.840102368803389e-06
POGLUT2,-8.844996886304739e-06
DDX4,-8.860168199946389e-06
ZBTB2,-8.867270829018363e-06
PIGU,-8.881711300034025e-06
SLC2A13,-8.896768027304597e-06
AEN,-8.896789880420688e-06
ZNF691,-8.897317150599041e-06
TMEM178A,-8.906325704463961e-06
ERCC3,-8.908645164802965e-06
FBXL5,-8.921063859179099e-06
SPIRE1,-8.926490225685602e-06
NLRX1,-8.927694883974947e-06
ZNF595,-8.9329108748366e-06
IGDCC3,-8.937269869003427e-06
SHOC2,-8.964743704638798e-06
DYNC1LI2,-8.969139887872797e-06
CDHR3,-8.983731925054173e-06
NWD2,-8.992356873126934e-06
IGFN1,-9.001532293067898e-06
AP000704.1,-9.00505827558998e-06
B4GAT1,-9.023073558076439e-06
KCTD11,-9.035149075857326e-06
ZNF35,-9.0383406131166e-06
ACBD5,-9.059457263122599e-06
DNAJC24,-9.06122441973217e-06
KLHL17,-9.063992652538026e-06
CCDC15-DT,-9.066285535695275e-06
ARHGAP19,-9.11905952701703e-06
PHLDB3,-9.124771813594128e-06
UNC45A,-9.127829007958017e-06
TBCC,-9.132852726445919e-06
KAZN,-9.133051635573091e-06
KHK,-9.137290307391283e-06
RELB,-9.14074589386071e-06
ZNF48,-9.150969194376758e-06
BX890604.2,-9.153508133257236e-06
RXRA,-9.15744278731724e-06
AP003066.1,-9.162786743018573e-06
NABP1,-9.17451767287194e-06
BTNL8,-9.177045271120996e-06
SERPINH1,-9.181870984228663e-06
WDR54,-9.186430290196542e-06
ADAT1,-9.190345772309797e-06
NRSN2,-9.191122180665064e-06
EMSY,-9.204773502724947e-06
FXYD1,-9.207772915047396e-06
PHEX,-9.208604477301534e-06
SPRYD3,-9.210939429434666e-06
CLVS1,-9.210991865814025e-06
LACC1,-9.211984994964716e-06
KLHL36,-9.214723614669067e-06
Z69666.1,-9.227002368775925e-06
FAM47E,-9.232852500744536e-06
CEP76,-9.237504406230978e-06
COMP,-9.249008128240943e-06
RAB26,-9.253187539652564e-06
PLEKHG5,-9.260120967852318e-06
SUPT4H1,-9.29192669397551e-06
UBE2D3,-9.301837768452887e-06
SULT1A2,-9.304106813303239e-06
RTL6,-9.305081925279738e-06
MCAT,-9.309403319358412e-06
NPIPB3,-9.320476585792448e-06
KCTD6,-9.32771614313392e-06
SLC9B1,-9.328619971344627e-06
RFLNB,-9.340085182808925e-06
AP000561.1,-9.349875985677772e-06
FEZ1,-9.35255783118928e-06
PABPC1L,-9.363788483817153e-06
NSRP1,-9.393879475658383e-06
BDH1,-9.409744603694598e-06
GABRA3,-9.416150269137886e-06
TRAF3IP1,-9.418948762325841e-06
CCDC174,-9.421611728377541e-06
ALKBH4,-9.427935598815123e-06
C17orf53,-9.44498734765356e-06
CFAP20,-9.452820075167262e-06
TRIM56,-9.470918140969432e-06
RIMKLA,-9.4722556578502e-06
NUDT14,-9.48190057388736e-06
NKAIN1,-9.491636692470896e-06
RGPD2,-9.497899964119789e-06
ARHGEF7,-9.503318755038756e-06
SSR3,-9.50858203204351e-06
KCNIP1,-9.514819659760018e-06
ARSF,-9.534871706341306e-06
KCNC4,-9.554940501421524e-06
BMP8B,-9.560838701154216e-06
NUCB2,-9.566671532004743e-06
MMEL1,-9.567661224384611e-06
BORCS6,-9.573808182655038e-06
EIF4EBP3,-9.576230406026362e-06
C20orf144,-9.586317144979958e-06
ATP6V1G1,-9.622341057078611e-06
SGK1,-9.656667490450704e-06
AP2S1,-9.670830731226807e-06
TBC1D10A,-9.700079403598026e-06
OR7C1,-9.706551559121645e-06
ZNF410,-9.718031542295945e-06
TAF2,-9.72396669420427e-06
DDX5,-9.725602958800001e-06
JRKL,-9.75131461000057e-06
TTC25,-9.760793754320775e-06
C1orf100,-9.76135582961022e-06
CARNS1,-9.766091317169034e-06
PRMT8,-9.766181658873112e-06
DDX55,-9.768617799814843e-06
RTL8C,-9.78381041562234e-06
POLH-AS1,-9.805514677263168e-06
TYMSOS,-9.809438684288433e-06
C17orf67,-9.817306398823535e-06
SAV1,-9.826003658695292e-06
GRTP1-AS1,-9.83115461690408e-06
NF2,-9.83175938170051e-06
GSTZ1,-9.845026011542365e-06
CCDC200,-9.85475277533094e-06
IDI2-AS1,-9.857020616094746e-06
RC3H1,-9.858328328737703e-06
SMARCE1,-9.864765968608659e-06
SLC2A8,-9.865124408700535e-06
B3GNT10,-9.873844982153638e-06
TMEM229B,-9.875296332860695e-06
FAM219A,-9.875419190370227e-06
PLB1,-9.88752602749231e-06
CTDSPL2,-9.893834101965997e-06
NFKBIL1,-9.896916304628658e-06
EFCAB6,-9.905037690098595e-06
SRRD,-9.91700057432506e-06
USP4,-9.921423163752844e-06
MMP17,-9.938851619863949e-06
PKN2-AS1,-9.945299259453285e-06
ATP11B,-9.946409510665381e-06
FXR2,-9.971968451676924e-06
POLR1C,-9.977013491271213e-06
SMARCB1,-9.99138163484729e-06
PTHLH,-9.99981403923896e-06
CARHSP1,-1.0002417122406036e-05
CCAR2,-1.0032399845353055e-05
RNF227,-1.0032443008945645e-05
AFG3L2,-1.0037620002795952e-05
DDX19B,-1.0039632702596696e-05
CNTN4-AS2,-1.0046281665313921e-05
GPT,-1.0062289822566128e-05
TMED1,-1.0066903993662521e-05
SH3GLB1,-1.0079860288967413e-05
SUN2,-1.0087636547660111e-05
SPPL2A,-1.0096753495384772e-05
MORC1,-1.0103014836248781e-05
LRRC66,-1.0105207531676772e-05
ASCC2,-1.0106828275305806e-05
OPA1-AS1,-1.0111213039096542e-05
USP30-AS1,-1.0122769469960951e-05
SCAF4,-1.0134960144147036e-05
TNFRSF14,-1.0144273464985846e-05
MMP26,-1.01488845060717e-05
POMZP3,-1.0149704849180999e-05
ZFP91,-1.0157572014312603e-05
ATXN1,-1.0197019290964047e-05
PRPF38B,-1.0199058742429044e-05
SLC22A2,-1.0199555317633549e-05
CLCC1,-1.0200548500380692e-05
EXOSC3,-1.020078120599204e-05
FNBP1L,-1.0200995388700003e-05
SLC26A7,-1.0203714772626331e-05
CD80,-1.0218123750483073e-05
CDO1,-1.0224781673659161e-05
ATAT1,-1.023005156896118e-05
SLC38A5,-1.0232564770900409e-05
ST8SIA6,-1.0233533069973114e-05
Z96074.1,-1.0242696925899463e-05
VAX2,-1.0247045190033497e-05
KNG1,-1.0249769066406278e-05
TUBB1,-1.0266928883127382e-05
SLC48A1,-1.0296769546022703e-05
SYCP2,-1.030606883852206e-05
ASB5,-1.0311418242234992e-05
RECQL,-1.0312653087236818e-05
NDN,-1.0318926876956668e-05
RANBP6,-1.0320030204167502e-05
C11orf52,-1.0342881954921306e-05
RAI1,-1.0346179796692926e-05
GALNT10,-1.0355335955549992e-05
ADPRHL1,-1.0358755096873505e-05
ABRAXAS1,-1.0385542517136815e-05
ZNF174,-1.038605095257844e-05
ZNF324B,-1.0392251553920709e-05
LRRK1,-1.0397034587893407e-05
POLR2G,-1.0406746346956451e-05
CFAP53,-1.0415281490894441e-05
ANTXR2,-1.0419897553407587e-05
XPO6,-1.0431256464965217e-05
ORMDL3,-1.0454963419086042e-05
SVOP,-1.0455404997022735e-05
CCR3,-1.046372877377059e-05
WFIKKN1,-1.0473357041433868e-05
ADAMTS18,-1.0474035463435177e-05
CELA3B,-1.0476630204758773e-05
ANKRD22,-1.047693490919631e-05
C12orf29,-1.047896652819033e-05
TCEA1,-1.048674401497876e-05
EDEM1,-1.0499441568829955e-05
LUCAT1,-1.0499443853198064e-05
YJU2,-1.0514805973240562e-05
RABEP2,-1.052585993943704e-05
PAQR6,-1.0529173822147789e-05
EBF3,-1.0582637849555713e-05
C4orf47,-1.0591785450383125e-05
SYVN1,-1.0606584314829542e-05
DNAJB9,-1.0607408098282749e-05
CYP19A1,-1.0620668627428682e-05
NSDHL,-1.0644606901615269e-05
SLC6A17,-1.0650421184790745e-05
PWWP3A,-1.0654318900172362e-05
RIBC1,-1.0671783972148413e-05
ATP5ME,-1.0675697634356383e-05
FUNDC1,-1.0678934927302082e-05
GTSF1,-1.0683942078074445e-05
KCNA7,-1.0702281498236476e-05
NUB1,-1.070317562886145e-05
FAM131A,-1.0703934899342653e-05
RIOX2,-1.0709866108894169e-05
ZNF536,-1.0719815517914633e-05
MED22,-1.0740025844266477e-05
THEM6,-1.074990612347979e-05
BHLHE40,-1.0752044850021969e-05
WDR73,-1.0760299032710332e-05
ZFPL1,-1.077475275868758e-05
RELT,-1.0774812720923474e-05
LRRFIP2,-1.0794600226074991e-05
L3MBTL2,-1.080377780548384e-05
TTLL2,-1.0809972295819464e-05
TSLP,-1.0815020875433339e-05
GRID1,-1.0815906529407504e-05
FOXP1-AS1,-1.0847216156384807e-05
ADSS,-1.0862535728265696e-05
EIF3CL,-1.0866516219859982e-05
AP001330.4,-1.0874422952381336e-05
CHRM2,-1.088290413229997e-05
CSTF3-DT,-1.088316686308812e-05
LY6E-DT,-1.0910599265582794e-05
DYNC1LI1,-1.0910817533198743e-05
GET1,-1.0918077449164274e-05
URB1,-1.0933976731953796e-05
AP002518.1,-1.0941037428198574e-05
GPR180,-1.095481904002892e-05
ATG2A,-1.0958428858408528e-05
TRIB3,-1.0982932881331373e-05
HSF2BP,-1.0986903215500775e-05
LCA5L,-1.0994458660003324e-05
CAMK2B,-1.1008727189431835e-05
PABPC4-AS1,-1.1023687085247888e-05
MACO1,-1.104430752739352e-05
TAF9B,-1.104462489151319e-05
NFKBIA,-1.1050024218012e-05
SMC5-AS1,-1.1055109333296633e-05
SUB1,-1.1062972556999185e-05
SLC2A1-AS1,-1.107390775393656e-05
ACVR1,-1.1074357776477255e-05
MCUR1,-1.1080683669565376e-05
CNRIP1,-1.1085810702475359e-05
AP003472.1,-1.1088911489335169e-05
ADAMTSL5,-1.1090612619706915e-05
SOCS4,-1.1098269797570469e-05
CALR3,-1.1106923686848317e-05
HARBI1,-1.1121088173137082e-05
P4HTM,-1.113542372678373e-05
CNOT6,-1.1135813513430239e-05
DPY30,-1.1135816746612824e-05
TIMM44,-1.114566110616693e-05
PDCL,-1.1146300746481719e-05
MIR3936HG,-1.115508917603068e-05
BHMG1,-1.116388671319965e-05
GTF2A1,-1.1165913329415136e-05
CCDC65,-1.117369787684464e-05
NKRF,-1.1184961791180313e-05
CENPH,-1.1196006365139318e-05
HEBP1,-1.123947754008526e-05
PITHD1,-1.1259579181301492e-05
NABP2,-1.1266522432433902e-05
CXCR5,-1.1268177351935849e-05
RNF157-AS1,-1.1282862325724476e-05
AP005328.1,-1.1309699526993912e-05
NOP14-AS1,-1.1313211634313904e-05
DAPP1,-1.13212684500015e-05
CASP9,-1.1326796129585162e-05
TMBIM4,-1.1326823041291893e-05
ICE1,-1.134383388039432e-05
RCE1,-1.1346594578231716e-05
ZNF592,-1.134947800019355e-05
ALG10B,-1.1352160427049956e-05
PAK1IP1,-1.1356081061272526e-05
MAN2B1,-1.1364540977649841e-05
CLDN16,-1.1380357838790774e-05
ANAPC2,-1.1394391218828403e-05
STEAP1,-1.1395157507802762e-05
FAM3C,-1.1397496844259253e-05
EEF2KMT,-1.1406427077816607e-05
MKS1,-1.141409692570799e-05
WDR82,-1.1420926729515842e-05
ASB7,-1.1422614778709392e-05
CTSC,-1.1423142489835647e-05
CAMLG,-1.1424932313845103e-05
GRM5,-1.1431291413029656e-05
ZXDC,-1.1434860794985099e-05
C22orf39,-1.1437727470872103e-05
SPARC,-1.1447977772100611e-05
OSR1,-1.1451166527273214e-05
TMED4,-1.1452309208231908e-05
MAF1,-1.1456660109343223e-05
VIM,-1.146803964085954e-05
EPHB6,-1.1469866183274467e-05
PSMA4,-1.1471731960100105e-05
ITGB3,-1.1502399127946506e-05
CTBP1,-1.1510278853850953e-05
NR4A2,-1.1513930931929776e-05
MYBBP1A,-1.1546641385529156e-05
PURB,-1.1565763859751346e-05
ARL8A,-1.1622831021895986e-05
ZHX3,-1.1626220430449996e-05
HDHD3,-1.1632599349806662e-05
PIP5K1A,-1.163394934486424e-05
ZNF92,-1.163749043956223e-05
AMDHD1,-1.164711547891876e-05
PREB,-1.1649812810939826e-05
EEA1,-1.1656145960115249e-05
NDEL1,-1.1666777300138546e-05
PARP1,-1.168695874352581e-05
AP000845.1,-1.1693199409612573e-05
TMEM40,-1.1709489570782918e-05
ATP6V0A4,-1.1730979975280076e-05
ZNF770,-1.173789927275913e-05
C12orf65,-1.174252973121234e-05
DRD2,-1.175641860005977e-05
PIP5K1C,-1.1761599060790738e-05
ISCA2,-1.1765863719625406e-05
GFOD1,-1.1767306063972409e-05
JCHAIN,-1.179788746286631e-05
DHDDS,-1.1803074405882204e-05
NFE4,-1.1812179128798542e-05
SMPD2,-1.1813436676152388e-05
MMS19,-1.1813689697977576e-05
PPP2R5B,-1.1814732598385932e-05
NHS-AS1,-1.1815489019047095e-05
FOXN3-AS1,-1.1828047386749614e-05
NDUFA12,-1.1840646844248014e-05
NRDC,-1.184511811229634e-05
RIT1,-1.1845270376580194e-05
OSTF1,-1.185369780376478e-05
NCOR2,-1.18717507636045e-05
PTN,-1.1875397893184015e-05
AK2,-1.1883874363580126e-05
MAP2K2,-1.1887489021688235e-05
TTL,-1.1896120137698471e-05
FRMD6-AS1,-1.1898918531041336e-05
SHROOM1,-1.1920905722457022e-05
NIPBL,-1.192163834045485e-05
STMN3,-1.1923812173377384e-05
TCEAL8,-1.1927495680852656e-05
GTF2H4,-1.1946017527048218e-05
ARHGEF18,-1.1975337576068783e-05
PPIAL4G,-1.1989737196738953e-05
HMBS,-1.2006967324594083e-05
TM4SF19-AS1,-1.2008557363496291e-05
GON7,-1.2018192463961502e-05
GABRB3,-1.2028590953410388e-05
CFAP299,-1.2031034235644241e-05
PAQR7,-1.2049378567412626e-05
CRYM,-1.205084222009765e-05
GP1BB,-1.2051269159712515e-05
RRP9,-1.2062830763422628e-05
FRAT2,-1.2087453304332625e-05
PCBP4,-1.2092475558704536e-05
SZRD1,-1.2106368955868465e-05
BAIAP2-DT,-1.2111155649781217e-05
PNLDC1,-1.2127591178259982e-05
BICDL2,-1.2128364577274679e-05
ACSM6,-1.2151878089010265e-05
FRMD6-AS2,-1.2178430290924966e-05
RRAD,-1.2204551651830365e-05
ENOPH1,-1.2218192050607883e-05
MICA,-1.2225720295488838e-05
MIR17HG,-1.222689931578439e-05
C3orf85,-1.2229679608660012e-05
HCG27,-1.2236210216606928e-05
TYMP,-1.2240773565867986e-05
CBLN3,-1.2244451651762451e-05
SLF1,-1.2247402742203456e-05
PPP1R26-AS1,-1.2247683912488609e-05
SSC4D,-1.2253653235650459e-05
CTDSP2,-1.225373474201595e-05
C1QTNF7,-1.2263221981588558e-05
IGF2R,-1.2266760035829488e-05
THAP7-AS1,-1.2286712809592361e-05
SNRNP35,-1.2292766946745258e-05
AGA,-1.230905164125134e-05
SERAC1,-1.2311277595881728e-05
IRAK4,-1.2311663057572231e-05
SKP2,-1.2313736241755665e-05
MSH4,-1.231926555276898e-05
UXT,-1.2342352502064842e-05
EXOC3,-1.2348732652956721e-05
CNGB1,-1.2367315388643757e-05
RBM44,-1.2386968825724481e-05
MRPL2,-1.24107405188332e-05
MFSD13A,-1.2415463898287469e-05
ZFP41,-1.2416672436647637e-05
ZBTB34,-1.2438915360070421e-05
CHFR,-1.2463605136080153e-05
SLX4IP,-1.2467853541407642e-05
AD001527.1,-1.248645300393143e-05
EXT1,-1.2486671289357714e-05
KCNH3,-1.2493685744358491e-05
MGME1,-1.2505537890874143e-05
RIOX1,-1.2512543853170228e-05
SLC17A5,-1.2517015851488817e-05
DPF2,-1.2537520403387628e-05
CMTM3,-1.255430272912316e-05
BNIP2,-1.2560022572652841e-05
SLC1A7,-1.2577038186891266e-05
FAM168B,-1.2577488641158906e-05
NDUFS2,-1.2591475645499556e-05
SEH1L,-1.259367202551934e-05
MIF4GD,-1.2603122307229512e-05
SNX31,-1.2640358889589167e-05
PIH1D2,-1.2664673578402454e-05
TNC,-1.2671010392778558e-05
ABCG1,-1.2681004389350004e-05
AP5S1,-1.2682278574778837e-05
GINS3,-1.2683251724550947e-05
FBXO38,-1.2716782872609331e-05
GLA,-1.2736713295555025e-05
GCAT,-1.2755264417852369e-05
GLCE,-1.2762039197371962e-05
OPN1SW,-1.2779612801473572e-05
HLA-F-AS1,-1.2786019901888217e-05
NR1H2,-1.2803600769464035e-05
LTF,-1.2807015487283627e-05
TIGD6,-1.282677908444543e-05
FMR1-IT1,-1.282774341393091e-05
POLR2H,-1.2844170408611258e-05
HRH4,-1.2851425803488597e-05
ARL6IP4,-1.2908295640245541e-05
TBX6,-1.2911018514825441e-05
ABT1,-1.292551452751764e-05
PRSS36,-1.2926984356402932e-05
NT5DC3,-1.2930227637093586e-05
TMEM200C,-1.2954567323078088e-05
PINK1,-1.2955818739701469e-05
GPS2,-1.2968314626577592e-05
DANT2,-1.298992059624803e-05
PTPN21,-1.2991955634762325e-05
OBI1,-1.3005317991924193e-05
SULT2A1,-1.3008672725176056e-05
LSG1,-1.3016594012596315e-05
CFAP47,-1.30369489583598e-05
MORN2,-1.3040743154568867e-05
MRPL32,-1.3043834364232487e-05
HES2,-1.3054534240646805e-05
IGHA1,-1.3060332140850334e-05
SLC25A34-AS1,-1.3121037332126653e-05
C1orf35,-1.3121092861706311e-05
ASB13,-1.312849853840494e-05
RAD50,-1.3132895813853309e-05
CALCR,-1.3134389440602203e-05
FAM153A,-1.3135001999905745e-05
MRPL36,-1.3135362885163696e-05
ADNP2,-1.3139501936725647e-05
MFSD3,-1.3139585956197303e-05
MIR5689HG,-1.3140885625118667e-05
PRDX3,-1.3166674921997604e-05
CCDC84,-1.3168398911732743e-05
PRIM1,-1.3171911065004934e-05
HTR2C,-1.3175574950000787e-05
TRMT1,-1.3190265199746695e-05
PAPOLG,-1.3194868349804896e-05
CLDN10,-1.3198899778996007e-05
LSM14B,-1.3209792014855325e-05
DOK1,-1.3210453103553091e-05
KIAA0753,-1.3217066189109155e-05
SAFB,-1.3218640711250046e-05
TINAG,-1.3229890236318285e-05
PPP2R1A,-1.3234749400481983e-05
PLA2G5,-1.3243543028127529e-05
GRIA1,-1.3246088883335596e-05
SUDS3,-1.3246360094651005e-05
PWP1,-1.3253845368338987e-05
RAB24,-1.3274372238085833e-05
MAP4K3-DT,-1.3280043137299917e-05
AP002784.1,-1.328725337221745e-05
PEX12,-1.3287817476489655e-05
WHAMM,-1.3309840334942515e-05
TOM1L2,-1.3319033994955575e-05
ANKRD54,-1.333022209528068e-05
VSIR,-1.3335532609821237e-05
C19orf38,-1.3340616951377885e-05
PPP1R2,-1.3348247961286993e-05
SDHAF1,-1.3357902795655432e-05
NEDD4L,-1.3360890494912517e-05
NUDT17,-1.3362980207032968e-05
ZNF574,-1.336863133961286e-05
RGS6,-1.3372973439559949e-05
PHYH,-1.3391098897226774e-05
PID1,-1.3412195452844059e-05
NFKBIE,-1.3418872173575873e-05
MAP3K20,-1.3425838399929608e-05
ALDH3B2,-1.3427205883934638e-05
RYBP,-1.3434769441363735e-05
AP000240.1,-1.3439496558513857e-05
OMD,-1.3465943692550337e-05
AIFM2,-1.346596667175198e-05
TTI2,-1.3469179752655651e-05
NUDT16L1,-1.349920925513078e-05
MRPL13,-1.3500625431048012e-05
CIAO3,-1.3505856677519102e-05
APOO,-1.350987187406577e-05
ALDH8A1,-1.35177192121087e-05
C1QBP,-1.352338956974008e-05
NRN1,-1.3530936978959768e-05
OR2A7,-1.3539555644220099e-05
TEX38,-1.3559578016410465e-05
C1GALT1C1,-1.3579986586024576e-05
C4orf36,-1.3589037351391856e-05
SEPTIN8,-1.3590624388879864e-05
ZNF830,-1.359277281355971e-05
DDX51,-1.3605477915688409e-05
PCDHGA10,-1.3626108770175261e-05
SPN,-1.3629906731709125e-05
CNGB3,-1.3643744119476952e-05
SLC39A12,-1.3644861103456539e-05
ADO,-1.3654846479459192e-05
TOMM34,-1.365831109155195e-05
RCOR2,-1.3669751161911637e-05
MAEL,-1.3671022847410655e-05
AP005136.3,-1.3678635697434105e-05
C10orf55,-1.369144923363053e-05
PWRN1,-1.3693260941525289e-05
NPFFR2,-1.3695962905176169e-05
TSEN2,-1.3706179643734737e-05
MYCBP,-1.3707631013205144e-05
AP1M1,-1.370868184473639e-05
UBLCP1,-1.37114315685212e-05
COP1,-1.372130738214597e-05
KCTD21,-1.3721641710134247e-05
IMP3,-1.372435386877644e-05
DAND5,-1.3762428116665031e-05
ZNF510,-1.3770393875712016e-05
ITPRIPL2,-1.378144876740954e-05
AP5Z1,-1.3784306774764851e-05
ZBTB18,-1.3812630174711016e-05
TOP3A,-1.3815712491799164e-05
EPHX4,-1.3816565622992748e-05
CRTAP,-1.3829988875701454e-05
WDR33,-1.3831393049772102e-05
WDR5,-1.3834379080420224e-05
RPTOR,-1.3837043825029732e-05
LIN28A,-1.3845173747257542e-05
PCOTH,-1.3851590140182022e-05
EXOSC5,-1.3855977939439713e-05
REEP5,-1.3880598593027224e-05
NSUN2,-1.3886755806529388e-05
TOR3A,-1.3887667208149923e-05
BOLA2,-1.3890953902105826e-05
RHCG,-1.3892941826336272e-05
NPHP1,-1.39165631684776e-05
GAS2L3,-1.3926791935980554e-05
ARRDC3-AS1,-1.3933673600181866e-05
TRRAP,-1.3939759183923114e-05
THEGL,-1.3941885308201271e-05
SCYL1,-1.3947244064232761e-05
THOC7,-1.3949376146201624e-05
SLC15A1,-1.3973348174032921e-05
SNAPIN,-1.3974045719474886e-05
ZNF300,-1.3982242196479661e-05
NAT9,-1.3983927661479754e-05
NAXD,-1.398828893357864e-05
RNF6,-1.3988947850663616e-05
ITM2C,-1.3992728964897684e-05
AMH,-1.3998751210026503e-05
VPS35,-1.4059749083103142e-05
CDC34,-1.4061959527084056e-05
IPPK,-1.4069232507290987e-05
PSMB2,-1.4071037559283987e-05
NOD1,-1.409226942215247e-05
C5orf30,-1.4098147693570301e-05
HEXB,-1.4136512912894874e-05
ZNF281,-1.4154238627748495e-05
FBXL8,-1.4156228204829689e-05
AP002762.2,-1.4187876468144608e-05
SSC5D,-1.4197925494403052e-05
EPHA7,-1.4206833412087663e-05
TLE5,-1.4207000994759025e-05
C11orf42,-1.421340461552454e-05
NDUFAB1,-1.421867138345844e-05
CSKMT,-1.4220102011927156e-05
HMGA1P4,-1.422093950921241e-05
DUXAP8,-1.4228665860714046e-05
DDB2,-1.4233684885484359e-05
C12orf76,-1.4242491958410255e-05
LDHC,-1.4245376234106234e-05
HCG9,-1.4262471260424684e-05
GORASP2,-1.4264992429306738e-05
ZBTB7B,-1.4273368898251163e-05
AP002360.1,-1.4286601253908472e-05
AKIP1,-1.4296941927679443e-05
CBWD1,-1.430023256668578e-05
TRAPPC10,-1.4310047728470116e-05
ERH,-1.4315930284484162e-05
DNAJC14,-1.4325059753802691e-05
SERINC1,-1.432944664352903e-05
ATG101,-1.4353146780234681e-05
SLC12A6,-1.4358817722941823e-05
WDR93,-1.4385325935615442e-05
SYP,-1.4402765057047247e-05
APOB,-1.4428418285293571e-05
TLR5,-1.442926514164427e-05
SLC5A3,-1.4430698964754262e-05
AP001372.1,-1.4440487564582931e-05
SYN2,-1.4456764382135745e-05
SLCO1B1,-1.4460585920032792e-05
AP004609.3,-1.4468014323710889e-05
DCTD,-1.446954461403153e-05
PFDN5,-1.447203710635705e-05
MZT2A,-1.4475406868460872e-05
PEX14,-1.4482835805591137e-05
MYO9B,-1.4491680358600005e-05
DDX25,-1.4501080547172152e-05
TRAF6,-1.4537742143166045e-05
GDF7,-1.454016696635601e-05
ACTR10,-1.457195399055772e-05
MIR600HG,-1.4587541171806475e-05
MAP4K3,-1.4596967273100003e-05
PRRT1,-1.4610107066990145e-05
TRNAU1AP,-1.4655082017087188e-05
ADAT2,-1.466307021752704e-05
LRRC3,-1.4667346959493444e-05
ACP2,-1.4669427573876466e-05
CEP152,-1.4675632210633534e-05
PAX3,-1.467653175083142e-05
PITPNM3,-1.4686607444796913e-05
PPP6R3,-1.471051369660509e-05
C3orf67-AS1,-1.4711010627295812e-05
SMIM10L2B-AS1,-1.4733842325917473e-05
ATP5MGL,-1.4737200660229296e-05
MFNG,-1.4743624062171278e-05
AP000757.1,-1.4747396870586937e-05
CPT2,-1.4752177196440601e-05
RNF187,-1.4752410293073263e-05
MYO1H,-1.4757818838755865e-05
SETD4,-1.475829706257277e-05
RAB3GAP1,-1.4767027634808492e-05
PLD2,-1.4775473797969117e-05
AP001318.2,-1.4777126925973964e-05
TNFAIP8,-1.479126970014999e-05
GATC,-1.4793464207764674e-05
GCKR,-1.4796542936251003e-05
UBP1,-1.4800062104646538e-05
C7orf26,-1.4801104675053228e-05
CNBP,-1.4801161054062643e-05
POGK,-1.4804067064226039e-05
HSF5,-1.4807798145275687e-05
DGKZ,-1.4814714437358837e-05
TMEM251,-1.481500995522829e-05
TWF2,-1.4817027279014802e-05
PDLIM1,-1.482592073964901e-05
CBR1,-1.4834025028164163e-05
TAB3,-1.4841661128538489e-05
CSK,-1.4849124539531146e-05
BTNL9,-1.48517877977587e-05
ERBB3,-1.4852276443745241e-05
NXPE2,-1.4867843177156407e-05
PMEL,-1.490428225522346e-05
MIR762HG,-1.4906459520488856e-05
TFIP11,-1.4918059779982788e-05
PELO,-1.4929972671225685e-05
DDX31,-1.4954272618750641e-05
ABCA4,-1.4955010430542885e-05
MIEF2,-1.500308599800868e-05
PLA2G15,-1.5011486162927213e-05
AMZ1,-1.5037649340876626e-05
MPHOSPH9,-1.5049466065519448e-05
ALKAL2,-1.5059515812458016e-05
TSG101,-1.5064836721692802e-05
NUP93,-1.5073766267229772e-05
AGTRAP,-1.5074606921030799e-05
ESD,-1.5080123092623196e-05
ATP6V0A2,-1.5111965422426276e-05
PLEKHH3,-1.5112906405124717e-05
CHST6,-1.5122679285228564e-05
OPHN1,-1.5129718154575803e-05
SLC5A12,-1.5140172293040436e-05
ZNF431,-1.5141187084607811e-05
SND1,-1.5153383341961131e-05
PHACTR3,-1.5163915967094951e-05
TMEM150B,-1.5164502255359257e-05
AP5M1,-1.516667173186703e-05
TOPORS,-1.5184649522934233e-05
MDH1B,-1.5185271054512842e-05
DNAH3,-1.5204300055414636e-05
CYBC1,-1.521783377112738e-05
AP006545.1,-1.5244908357398073e-05
C1D,-1.5253004717631541e-05
AP001437.2,-1.5269897325253468e-05
SIVA1,-1.5274397867440027e-05
CACTIN,-1.528907882215354e-05
NPHP4,-1.5290468836261024e-05
CCDC195,-1.529211372220325e-05
ZNF776,-1.5293026355154137e-05
DNAJA2,-1.5316990756314416e-05
CNOT10,-1.532085957979476e-05
OLFML1,-1.532966059738276e-05
KIAA1217,-1.533087054526421e-05
NEK8,-1.5352018717149668e-05
RAB40C,-1.535642796928079e-05
IL5,-1.537506374382103e-05
ALAS1,-1.540254418396429e-05
ATRNL1,-1.540697760318618e-05
SCOC-AS1,-1.543205866444472e-05
GLOD5,-1.5493521460710335e-05
SMAD5,-1.5496650451872023e-05
DPEP1,-1.5515560035938735e-05
WWC3-AS1,-1.554487918882885e-05
BRD8,-1.555108712312366e-05
S1PR1,-1.5559943251790224e-05
SLC41A3,-1.5570013934714387e-05
DHX33,-1.5570819069805017e-05
SZT2,-1.557221838815135e-05
CORO2B,-1.557293526998034e-05
RDH12,-1.55772136666936e-05
DIMT1,-1.558381107340878e-05
PDYN-AS1,-1.5603287746041356e-05
CLK2,-1.5608715597703012e-05
PACS2,-1.5609451021483967e-05
DNAH8,-1.561499977271335e-05
RNF112,-1.5645642621607783e-05
MEGF9,-1.5648124347413866e-05
TMED5,-1.5661687789023426e-05
MVD,-1.566488960006747e-05
USP21,-1.567040201966027e-05
MED31,-1.567341744814701e-05
ITGA5,-1.567468866549203e-05
BEST4,-1.5674888266089595e-05
MRPL47,-1.5677881873405497e-05
RPGR,-1.567900538319018e-05
PDCD7,-1.568165232944966e-05
HAP1,-1.568195350274049e-05
DEXI,-1.571861576758229e-05
NDUFA3,-1.5730814698649723e-05
PCNP,-1.5733108590973385e-05
CNTN2,-1.5739370275687484e-05
PDHA1,-1.574119497633576e-05
FAF2,-1.57527484570784e-05
WDR13,-1.577252807319721e-05
FAM3A,-1.5775484341392883e-05
IRF9,-1.5789633847962683e-05
ZNF468,-1.579157974624637e-05
NDUFS3,-1.5796773900549062e-05
Z69720.1,-1.5812602574454523e-05
NDUFB2,-1.581689264771219e-05
POLR3G,-1.5835501728483684e-05
DARS2,-1.583953019020406e-05
SARNP,-1.5844118731185358e-05
CCDC15,-1.5848754185654823e-05
PANK4,-1.5862273126786323e-05
HFE,-1.586965591258347e-05
NR1H4,-1.5881022094128294e-05
FP325332.1,-1.5895303003202193e-05
ARHGAP33,-1.5901419485974276e-05
TM4SF4,-1.590869853459223e-05
NYNRIN,-1.591499949192918e-05
GHITM,-1.5933433351237935e-05
TAF5,-1.5948351646605976e-05
RAVER1,-1.5956053398440056e-05
DNASE1L3,-1.595746860364364e-05
LARGE-AS1,-1.5959071006135475e-05
RASAL1,-1.5973034158008064e-05
HNRNPUL2,-1.5974808438016024e-05
CSRNP1,-1.5997160142382817e-05
ZFAT,-1.5999968437218314e-05
FBRS,-1.6009754241281243e-05
NUP205,-1.6034376484748507e-05
XKR3,-1.604201785700841e-05
GNL1,-1.6049826681992353e-05
CHST5,-1.606508352277128e-05
SALL4,-1.6066109602769648e-05
RPRD1B,-1.6069352066670984e-05
C11orf68,-1.6071429576729344e-05
GBF1,-1.610048256722655e-05
ENKD1,-1.6103064133954127e-05
AOC3,-1.6120413742233767e-05
USP9X,-1.612557862869687e-05
TGM6,-1.614444346885985e-05
CRX,-1.6144821194789784e-05
BAX,-1.614707403738685e-05
ZNF407,-1.6148779046350544e-05
DHDH,-1.6168171622932495e-05
SDR42E2,-1.6178092270344367e-05
SNAPC2,-1.6178361122291392e-05
HSPA14.1,-1.6202023666492633e-05
GLB1L,-1.6203912854535215e-05
POLDIP2,-1.6205865471686774e-05
UPK2,-1.6206240930090718e-05
CD81-AS1,-1.6207179261903176e-05
TNFRSF1A,-1.62134674135715e-05
SLCO1C1,-1.6220632736275017e-05
IL17RA,-1.6222658903299728e-05
FAAP24,-1.6235111315060776e-05
PLSCR3,-1.623554316930257e-05
OSTC,-1.6235720510079045e-05
BMS1P14,-1.625013758616368e-05
SNW1,-1.625187030253731e-05
MACROD1,-1.625747796602811e-05
CHORDC1,-1.62577909851287e-05
RIPK1,-1.62689561483448e-05
ASTN2-AS1,-1.6271579772525582e-05
IPO4,-1.6279505787212488e-05
RAE1,-1.628372309533531e-05
TRAK2,-1.6285896076392904e-05
BIRC6,-1.6291282944628532e-05
CALHM2,-1.6292579883785805e-05
CCDC24,-1.6297625865781472e-05
UACA,-1.6301654823419343e-05
MRPS18B,-1.630833517256511e-05
BAZ1A,-1.631395392746852e-05
MRPL45,-1.6314384107055607e-05
EIF2B2,-1.6317063407965002e-05
CCDC60,-1.633684210963881e-05
DOT1L,-1.633787578244727e-05
SEPTIN7,-1.6356311536683834e-05
ING2,-1.6359065835986138e-05
OSBPL8,-1.636669872086125e-05
MED27,-1.638304628415186e-05
ARHGEF15,-1.6397452214460904e-05
PARK7,-1.6401495712003734e-05
PROSER3,-1.640515047414571e-05
TREM1,-1.6416508555367035e-05
VMO1,-1.641961823890765e-05
CD3EAP,-1.642730840181433e-05
NPR2,-1.642960728789575e-05
ST8SIA1,-1.6441141626806823e-05
TAF7,-1.6447506981588665e-05
TTLL5,-1.6448394033279708e-05
ZMAT2,-1.6456415074881905e-05
C15orf62,-1.6472047219361228e-05
ADCY3,-1.6477153666900004e-05
PCDHGA11,-1.648258342623136e-05
DCP2,-1.6496750324925946e-05
OR6J1,-1.6500637229214824e-05
PLEKHJ1,-1.650154280771973e-05
SFI1,-1.6508698388945723e-05
CENPA,-1.6539565610483653e-05
HIST1H3D,-1.6541031122041955e-05
GDPGP1,-1.6549673617260323e-05
MTA2,-1.6557463105435088e-05
FRMPD3,-1.656727949528591e-05
NRBF2,-1.6575820229869952e-05
SURF1,-1.6580882402754954e-05
SLC35F1,-1.6583184809202728e-05
ARHGAP39,-1.6595354184941548e-05
RAB35,-1.6602041749580733e-05
MRPL55,-1.6610273689446993e-05
IRX5,-1.6618134456813612e-05
RMI1,-1.664352987960822e-05
OIT3,-1.665356183791931e-05
CCDC181,-1.6661826779838455e-05
SMIM18,-1.666542139820722e-05
GTF2F2,-1.667383606219675e-05
PNO1,-1.6676931184872474e-05
NDUFA2,-1.6684023279169253e-05
IFITM2,-1.6686725110362124e-05
CIC,-1.6691491507369296e-05
EEF1AKMT1,-1.6698795772933756e-05
THORLNC,-1.670490703375427e-05
USP46-AS1,-1.6705069659105426e-05
PSMA3,-1.670778122925612e-05
SARS2,-1.6728752384433262e-05
MPP5,-1.6740492240722062e-05
HIC2,-1.675061350823954e-05
MTLN,-1.675256859282009e-05
GHET1,-1.6755286149082542e-05
ITGB7,-1.67620726135368e-05
TMEM143,-1.6768343937040587e-05
MFSD11,-1.6778460758036218e-05
RAB8A,-1.678097903060115e-05
ITPRID1,-1.6791028846258263e-05
IPMK,-1.6809867193219572e-05
ELSPBP1,-1.6818690593563123e-05
RNASEH2A,-1.6824176774432254e-05
AZI2,-1.6830709740885237e-05
ZSCAN20,-1.6830823563255762e-05
ZNF554,-1.6843626184581937e-05
PKHD1L1,-1.6851694814783093e-05
HTRA2,-1.686584126947774e-05
ZNF460,-1.6870281948954763e-05
CNTNAP4,-1.6873870879030934e-05
EAPP,-1.6899903728273492e-05
ARMC1,-1.6908972760524192e-05
PPP1R14D,-1.6909755739546295e-05
NANOG,-1.6914081657840945e-05
DDN-AS1,-1.6921106731186846e-05
PPP2R5E,-1.69343464426094e-05
CTU1,-1.6940591971079656e-05
B3GALT4,-1.694242936749451e-05
GPR137,-1.6946331383883408e-05
ZBTB14,-1.6947169885231932e-05
TMEM223,-1.6964774576818066e-05
GEMIN5,-1.6974549543241605e-05
RHBG,-1.6984024117273214e-05
WRAP53,-1.7007260807708846e-05
B9D2,-1.7012986157188556e-05
MFAP2,-1.7016043401627643e-05
ARV1,-1.702143798208975e-05
ADCY7,-1.702331634026347e-05
RFT1,-1.7026087801516277e-05
ATXN1L,-1.70288838029321e-05
ZC3H15,-1.7042435990395795e-05
HOMER1,-1.704266985568341e-05
VAV3,-1.7053117425789172e-05
DHX29,-1.7064874508707523e-05
TBL1Y,-1.7070148959717243e-05
BRWD1-AS2,-1.7083036322357257e-05
TMEM60,-1.7104424359626863e-05
SVBP,-1.711921683773775e-05
SLC25A15,-1.7126442458013135e-05
KCNH6,-1.7132018900008943e-05
ST6GALNAC4,-1.7134865597420295e-05
ATE1,-1.7137629191730854e-05
BBIP1,-1.715762023246228e-05
ZFP64,-1.7166174018266937e-05
PTPRT,-1.7182643525554567e-05
URGCP,-1.72171137351317e-05
PRNP,-1.7225810960228517e-05
ARMT1,-1.7276869494027697e-05
NDFIP2,-1.728533792686161e-05
CBY1,-1.73006146995778e-05
DOLPP1,-1.730435741757589e-05
ACAP3,-1.7307122628493496e-05
A1CF,-1.7331444302106744e-05
PLPPR5,-1.7335203466738638e-05
LMO2,-1.733578584881136e-05
LPP-AS2,-1.7341330347684255e-05
CABLES2,-1.734364626023666e-05
SPHK2,-1.7349687765056528e-05
DPP3,-1.7354421193534325e-05
WDR49,-1.735735746480374e-05
SNAP29,-1.7358500837639575e-05
STRA6,-1.7395236764608304e-05
HIST1H2BF,-1.740255475229443e-05
B4GALT7,-1.7417283554431735e-05
TMEM250,-1.7419541085205535e-05
CXCL17,-1.742173814291895e-05
RUBCN,-1.7422221662197776e-05
SNTG1,-1.7425376880693683e-05
GPR65,-1.7450851548187044e-05
INTU,-1.7453736013652725e-05
SMIM27,-1.7467543857509165e-05
SELE,-1.7477394108394793e-05
MPV17L2,-1.7487538567825686e-05
MIR31HG,-1.748805771704861e-05
TOMM40,-1.7490658988599492e-05
LPCAT3,-1.7494614484348833e-05
FASTK,-1.7497930263267157e-05
MAP1LC3A,-1.7507002158558536e-05
LYG2,-1.7516026577055674e-05
ZNF343,-1.7518673630404615e-05
TMEM234,-1.7520197330260952e-05
MAPK13,-1.7522639988469076e-05
CDC26,-1.752739245940184e-05
PPIL1,-1.7530434124497462e-05
NKAIN4,-1.753051713794975e-05
ETFA,-1.753214092902554e-05
NDUFS1,-1.754405993336435e-05
RSF1-IT1,-1.7546795200974327e-05
MKNK1,-1.7554529346478517e-05
RFNG,-1.7559448287205194e-05
CHRDL2,-1.758848563404584e-05
ZXDB,-1.7599771311155433e-05
TTLL6,-1.763399326690499e-05
MPST,-1.7638285029872327e-05
SLC30A10,-1.7656551872939778e-05
NEU1,-1.7659724524696486e-05
MTX1,-1.7663828455957034e-05
LRCH4,-1.7664619261556377e-05
CATSPER2,-1.7685682911100544e-05
U91319.1,-1.7692538125900075e-05
STAT3,-1.7700648283544634e-05
URB1-AS1,-1.772186403636931e-05
CFAP206,-1.772244254187771e-05
DIPK2A,-1.7729604327710835e-05
MYO18B,-1.773923996515148e-05
PRCC,-1.77422450594741e-05
PSAP,-1.776187292832615e-05
SELENOP,-1.7778554517957788e-05
PDS5B,-1.7787987748567418e-05
AGPAT3,-1.7804460409413012e-05
MAL,-1.781941677586243e-05
TRIM27,-1.7828398902269075e-05
CU633906.2,-1.783034492568812e-05
KCNJ14,-1.7832629874058938e-05
ZNF236,-1.7854639312547626e-05
CCDC97,-1.785821796851697e-05
DAPK1-IT1,-1.7881062651033897e-05
GRINA,-1.788628830834855e-05
ZBTB3,-1.7913501472497333e-05
PEAR1,-1.7928119008155956e-05
STX2,-1.7930409031557383e-05
BOP1,-1.7932630564532098e-05
KLRC3,-1.7949992073976446e-05
SEC22C,-1.7950328489298587e-05
TMED2,-1.795509494520214e-05
AP001412.1,-1.7971477910559486e-05
RBM15B,-1.7977542761072768e-05
RDH14,-1.7982004586654703e-05
PAH,-1.799462827108892e-05
CBWD3,-1.8010151421140653e-05
YIPF2,-1.8012425848969944e-05
TPT1-AS1,-1.8046014224443366e-05
SSB,-1.8046288869539813e-05
APOBEC3C,-1.805481303964726e-05
UNC119B,-1.8059951078900325e-05
NLRC5,-1.8091976934515455e-05
RINL,-1.8101664485588e-05
FASTKD5,-1.8113466207255307e-05
JMJD7,-1.812884378269393e-05
USP25,-1.8132068573524522e-05
LMX1B,-1.815661831890227e-05
MRPS18A,-1.816596810313981e-05
DCAF4,-1.816952532352897e-05
TPRN,-1.8173816218903653e-05
KCNK15-AS1,-1.8176627452835976e-05
DPT,-1.8177239477029785e-05
LPCAT1,-1.8177689163064854e-05
NANP,-1.8202592948882173e-05
PCGF2,-1.8203985478990565e-05
GPX7,-1.8239682906667148e-05
SEC61A2,-1.8240856873223724e-05
SPOUT1,-1.824714561939187e-05
ALDH18A1,-1.825160642142228e-05
POMK,-1.8255215671110457e-05
NAV2-AS2,-1.8263499875212764e-05
RIPPLY3,-1.8270546523266614e-05
PTGES3L,-1.8272859951175676e-05
TUBB2B,-1.827561953427659e-05
TARID,-1.8288781180477163e-05
NOL9,-1.829263023056933e-05
BCL2L14,-1.8296029861652273e-05
CELSR1,-1.830158111964005e-05
SHTN1,-1.8306966933495536e-05
SCHLAP1,-1.830823378982199e-05
KDR,-1.831467004983323e-05
ADGRB1,-1.832345329037263e-05
LOX,-1.8354416122264942e-05
ARNTL,-1.835542632056386e-05
ESYT3,-1.8363648082801427e-05
SYNE2,-1.8371325110354847e-05
PRSS35,-1.8371969121830187e-05
JDP2,-1.8372301390324644e-05
C9orf24,-1.8392262237564074e-05
VAPB,-1.8404836663461906e-05
MAML1,-1.841475825649633e-05
ZNF335,-1.8415304677560666e-05
CEP19,-1.8421736764153374e-05
CCNO,-1.8442735555201428e-05
EMC1,-1.8476907594144093e-05
DRG2,-1.850062554160207e-05
GSPT2,-1.8504030944946175e-05
LIN52,-1.8521563719353086e-05
ZFP36L2,-1.8522130010317683e-05
ATP6V1E2,-1.853288652624213e-05
LAMP3,-1.853296760227383e-05
SLC27A5,-1.8550965773325146e-05
RAB8B,-1.8571254357977493e-05
KDM4A,-1.8572927369179598e-05
RASAL2-AS1,-1.8576740542050448e-05
C1orf43,-1.8576850143689136e-05
SAMD8,-1.8606643801399074e-05
LONP1,-1.8607638587152714e-05
IFI35,-1.8619688670611808e-05
ZNF628,-1.8634966533343268e-05
C15orf61,-1.8636686928871555e-05
HIST1H2BE,-1.8659640462424088e-05
NAA20,-1.866151420633638e-05
MORC3,-1.866636939047396e-05
GNG10,-1.867215392797423e-05
RASGRF1,-1.8672394081551053e-05
RAB23,-1.8673690107527515e-05
PSG8,-1.867592248686692e-05
PCDH9-AS2,-1.870491331994137e-05
LARP1B,-1.8711658369942613e-05
MEIS3,-1.871482435323244e-05
MAPK15,-1.8718040069088434e-05
IRF3,-1.8727316624177406e-05
PARTICL,-1.8741103357765132e-05
NOXO1,-1.8758616342502513e-05
ENO3,-1.875895294399758e-05
DENND10,-1.8768251804019917e-05
SLC39A6,-1.877894856203683e-05
MPND,-1.87936396246771e-05
SLC28A1,-1.8809184739754116e-05
DEDD2,-1.8811023776992372e-05
TMEM254,-1.8817248101041278e-05
TRIM72,-1.8820508319816394e-05
ZNF408,-1.8821405545129398e-05
NDOR1,-1.882239690813637e-05
RNF19B,-1.883750313295122e-05
NCS1,-1.8843804498017323e-05
PRIM2,-1.8852319756265474e-05
ACADS,-1.8858440193550283e-05
GPN2,-1.8859357037142103e-05
SCO1,-1.8860707734846564e-05
SMARCC2,-1.887390058758313e-05
ACRBP,-1.8879915120692982e-05
SMIM13,-1.8889735777304848e-05
FABP3,-1.889336077149667e-05
TAGLN,-1.8898566661384192e-05
USP16,-1.8902944158560826e-05
DENND2D,-1.8914119320829817e-05
NAT1,-1.8943284620569983e-05
CCNB2,-1.8946332989424708e-05
SAPCD1,-1.8954484882735568e-05
GORAB,-1.895459286584854e-05
ZNF492,-1.895983980593639e-05
ABCB10,-1.896519638324704e-05
DBNL,-1.8974892468276183e-05
NECAB1,-1.897497412892793e-05
C12orf49,-1.8977708106331273e-05
USP5,-1.8985718488637125e-05
NLN,-1.8986937024944033e-05
OXTR,-1.8991894803958412e-05
ACP7,-1.8993073907540935e-05
RBAK,-1.899715734158553e-05
SLFN5,-1.900151052269669e-05
LRFN3,-1.901101694174959e-05
ZSWIM8-AS1,-1.901143101633956e-05
NUDT13,-1.9055017638295697e-05
CR382287.2,-1.906065100669528e-05
AFDN-DT,-1.908018976919209e-05
CDK5R1,-1.9108213976903285e-05
OXA1L,-1.9110269587220953e-05
EFTUD2,-1.911704903197311e-05
STAU1,-1.912066747711824e-05
SAP30L-AS1,-1.916542250799508e-05
GINM1,-1.9168259599416298e-05
SLC7A14-AS1,-1.9170571125625282e-05
DDX24,-1.917319271557104e-05
SNHG4,-1.9177760867959413e-05
LARP4,-1.9180020425337975e-05
QARS,-1.9188151747876946e-05
KMT2E-AS1,-1.9190788912354644e-05
SPHK1,-1.9191657258492104e-05
TRPM1,-1.922177427882208e-05
PCDHGC3,-1.9223127020549896e-05
GGCX,-1.9231148331509787e-05
TP53I11,-1.9234342127813238e-05
TBCB,-1.924373285184365e-05
AP000721.2,-1.9251098537025418e-05
SNHG21,-1.9254011339730203e-05
CHRNA3,-1.9259469317167366e-05
ZSCAN22,-1.926431785152886e-05
PIGC,-1.926970697325744e-05
TMEM179B,-1.9275533118600424e-05
MGAT5B,-1.9276149853321978e-05
C12orf57,-1.927631225021179e-05
DACT3,-1.92909802878481e-05
EPHA5,-1.9311446785234272e-05
USP18,-1.9333476455668775e-05
AP003559.1,-1.9349170819177373e-05
RAB27A,-1.9358958760817428e-05
WASHC2A,-1.9360104004489422e-05
SEZ6L,-1.9379437479822122e-05
PYURF,-1.9381725036906648e-05
HOXC6,-1.9400663780213036e-05
USP7,-1.940702805931266e-05
CCDC80,-1.9418404683348117e-05
CLCA1,-1.9433253738293e-05
ZC3H11B,-1.9434713208578436e-05
COPB2,-1.943991391244422e-05
NUTM2G,-1.94405774580034e-05
CPNE1,-1.9459129898807678e-05
MLH1,-1.948463332440364e-05
GDF5,-1.9504307387033363e-05
MYH11,-1.9504841865729365e-05
ZNF486,-1.9523881007886245e-05
EBNA1BP2,-1.953422378854836e-05
CDIPT,-1.9537309410303036e-05
GYG1,-1.9538366889321246e-05
SRPX,-1.9538567723856684e-05
SLC35A4,-1.9541506842575113e-05
SLC25A29,-1.9543168042079677e-05
SLC2A14,-1.957610057459094e-05
RCN2,-1.959766163149282e-05
MPDU1,-1.960162647859407e-05
RHCE,-1.9604343358950163e-05
COA8,-1.9634228795037676e-05
PLK1,-1.96484966853174e-05
CIP2A,-1.965572531029015e-05
DNAJC9,-1.9659529801844447e-05
ZNF225,-1.9665895850010235e-05
CRABP2,-1.9671772453151314e-05
GM2A,-1.968262515959406e-05
ATF6,-1.9688498736138856e-05
RNF183,-1.9689716378851338e-05
SLC44A2,-1.9706571491936857e-05
FTSJ1,-1.9711685195578093e-05
NCBP2,-1.9714949818909303e-05
CROCC2,-1.9716115015639142e-05
FTSJ3,-1.9729113397140335e-05
SH3KBP1,-1.9737785365238308e-05
CCNQ,-1.9740750001184683e-05
AP001527.2,-1.9742750830319686e-05
COX16,-1.9750197213441533e-05
TMEM185B,-1.9751850614418472e-05
PROS1,-1.9759000322110846e-05
VAPA,-1.9763182945020763e-05
STAP2,-1.979242252216181e-05
DDX3X,-1.9792567877930114e-05
NCSTN,-1.9797150651294472e-05
PSMC6,-1.9803955535237537e-05
RABGEF1,-1.9805482581094037e-05
UFL1,-1.981238314483966e-05
RBFOX1,-1.9818892410777964e-05
CXCL12,-1.9821283130048725e-05
RNF123,-1.9833019075682526e-05
GADD45B,-1.9835625855031417e-05
OASL,-1.984448753419815e-05
DSN1,-1.985444158503355e-05
EMC10,-1.9859683948611428e-05
UVRAG-DT,-1.9873864751485226e-05
BRSK2,-1.9877182192555286e-05
MED1,-1.9881719021240556e-05
FO704657.1,-1.9895771991889365e-05
COA6-AS1,-1.990229820836169e-05
ESS2,-1.9909966216492807e-05
ATP7B,-1.9914780663183145e-05
ZNF774,-1.991966603652403e-05
SLC22A14,-1.9921989504020972e-05
TRIM54,-1.992731030485227e-05
KLHL25,-1.9937642394248177e-05
ZBTB5,-1.9955024048334736e-05
XXYLT1,-1.996226968515531e-05
NPSR1,-1.9968329600872246e-05
C4orf33,-1.9973141221704225e-05
MOB1A,-1.9983776717355545e-05
IMPACT,-1.9995120462220237e-05
CLDN11,-2.000374999949813e-05
SNF8,-2.0017649483007382e-05
PPFIA4,-2.0034844481082548e-05
NGRN,-2.0042049188984417e-05
SLC6A13,-2.0045472289482386e-05
CEACAM1,-2.004990424995139e-05
STX10,-2.005035997540158e-05
CELF2-DT,-2.0069493718563158e-05
FAM167A-AS1,-2.0070141588916704e-05
NEDD8,-2.008227481716384e-05
MIR2052HG,-2.0110315389543287e-05
BLOC1S2,-2.011116893757064e-05
CYB561A3,-2.0116020660671408e-05
RUSC1-AS1,-2.0131631274904272e-05
SPSB4,-2.013994982774193e-05
ATF7IP2,-2.0146113712003396e-05
ABHD15-AS1,-2.0146560453316626e-05
CNGA1,-2.015336402548093e-05
CSE1L-AS1,-2.015884009049514e-05
QRICH2,-2.015966825129938e-05
SMIM1,-2.016959558459697e-05
PLRG1,-2.0179537416437176e-05
MALT1,-2.0190498417802437e-05
SUGT1,-2.0193791891890018e-05
SEPHS2,-2.0209791429813923e-05
ERP44,-2.0229190103882288e-05
PCDHB7,-2.0231164354663996e-05
PUS7L,-2.023544322074153e-05
RBM19,-2.0240168366291747e-05
ERI2,-2.0244437082557425e-05
CENPJ,-2.0249630116187027e-05
PRSS51,-2.025417834997962e-05
RBM20,-2.0260621098212052e-05
DNPEP,-2.0270570496846413e-05
MPV17L,-2.0273496289217798e-05
JSRP1,-2.0297900895281354e-05
ACP6,-2.0307342314112806e-05
ZNF800,-2.0309418446965596e-05
CFAP298,-2.0315989370765216e-05
DUSP2,-2.0316409495860533e-05
B4GALT1-AS1,-2.032769292809112e-05
AIF1L,-2.033062976955782e-05
LRRC47,-2.03307654641182e-05
MNT,-2.033589589666736e-05
WDR46,-2.0341878680880844e-05
NTMT1,-2.0347825519384317e-05
N4BP1,-2.0349188938934727e-05
EFHC1,-2.0355091705462682e-05
SMOC1,-2.0366038977534793e-05
RNH1,-2.039413296957209e-05
FO393419.2,-2.040956560954073e-05
SLC6A9,-2.0419465144849066e-05
ZNF570,-2.042853867888097e-05
CPSF3,-2.044309096668773e-05
MICOS13,-2.0445690298324332e-05
CHCHD10,-2.045129573192741e-05
MRPL28,-2.0452080700431967e-05
NEURL1B,-2.0463404887790115e-05
SLFNL1-AS1,-2.046536795013059e-05
TBC1D13,-2.046885339386125e-05
BRD3OS,-2.0483942269884738e-05
TNPO3,-2.050566609091165e-05
C4orf3,-2.0509144388136033e-05
USP15,-2.0517939578607944e-05
INPP5A,-2.0526240258401515e-05
L3MBTL1,-2.052791722671693e-05
SMARCA4,-2.0552717771127767e-05
FASTKD3,-2.0564876652048366e-05
MCTP2,-2.056872616998805e-05
LPO,-2.0581849815861244e-05
DDX20,-2.058250535459302e-05
TIMM13,-2.0586490363610424e-05
PTDSS1,-2.059673390438397e-05
C19orf71,-2.060826094570629e-05
RPP38,-2.0612577725604466e-05
TCF24,-2.061786740233328e-05
OMG,-2.062539924675706e-05
B9D1,-2.0632580350482814e-05
SLC35B2,-2.063513534466827e-05
OGFRP1,-2.0651356800916408e-05
TPO,-2.0652328602341248e-05
TMEM231,-2.0657187156881087e-05
SYNCRIP,-2.067377753879522e-05
MUTYH,-2.0697112690151354e-05
SLCO1A2,-2.0698956624494318e-05
CCDC189,-2.0705867128280342e-05
LEMD2,-2.0712472999993984e-05
CDHR4,-2.0714734508963124e-05
PPT1,-2.0721178199663905e-05
SLC25A23,-2.0738864077589682e-05
Z95115.1,-2.0749459742013116e-05
DCUN1D2,-2.0756914015681883e-05
TBC1D24,-2.077028851901346e-05
ZNF578,-2.0772882866998096e-05
CXorf40B,-2.0775975060586516e-05
TAS2R31,-2.0777860262105076e-05
CCHCR1,-2.077948750520531e-05
ADAM19,-2.0784188278242534e-05
PFDN6,-2.0786367697678394e-05
SNX25,-2.0790612366053257e-05
EFNA3,-2.0794769970904456e-05
AGGF1,-2.0799269884083847e-05
SLC30A4,-2.080978082040641e-05
ATG4D,-2.083004895494353e-05
ZNF131,-2.0833593391229493e-05
SFR1,-2.084315665884197e-05
NRM,-2.0846390953246786e-05
TYRO3,-2.0862556977830137e-05
HELLPAR,-2.087115374950104e-05
VRK2,-2.0879212614370643e-05
MRPL40,-2.0882101534576334e-05
TMEM79,-2.0882348298394372e-05
PTPN20,-2.0889288720151976e-05
S100A3,-2.0906977938515675e-05
PTPN9,-2.0907504655184742e-05
PIP4K2B,-2.0915709286634582e-05
CTU2,-2.092323969670737e-05
TNFRSF10D,-2.092392983035169e-05
PGBD4,-2.0942658651050107e-05
IRF2BPL,-2.0975277068874688e-05
ZNRD1,-2.0975281274494227e-05
SERTAD1,-2.0979839990792482e-05
SIAH1,-2.09799038025472e-05
TIGD5,-2.0986650865174296e-05
PITRM1,-2.1015837460469422e-05
DHCR24,-2.1016731383447847e-05
TRIM68,-2.101862422407527e-05
AMIGO2,-2.1022641672068043e-05
PRELID3A,-2.102785521758325e-05
DHX30,-2.1029040097388227e-05
MED13,-2.1037863989304924e-05
AF107885.2,-2.106619055160823e-05
HIF1A-AS1,-2.1081458235626487e-05
SETD3,-2.1092322648462175e-05
AQP1,-2.110519291993635e-05
SMAD5-AS1,-2.1112270824262136e-05
ENPP5,-2.112885476732189e-05
HM13-IT1,-2.1138206803005432e-05
MBNL3,-2.1155558604015803e-05
MAP3K6,-2.115714968040517e-05
MRGBP,-2.115835369720829e-05
ZNF430,-2.116314689960186e-05
MB21D2,-2.1168600321943646e-05
EIF3F,-2.117589895540852e-05
MAP7D1,-2.1177925344254435e-05
COPZ1,-2.119521049306744e-05
LINGO1,-2.1197229867203634e-05
MRPL50,-2.1199715877414566e-05
ENOX2,-2.1200828410454828e-05
EIF2AK2,-2.1203418775162016e-05
PQBP1,-2.1218366555120955e-05
TMEM17,-2.1223496667672762e-05
TSKS,-2.1235268700191572e-05
EXD3,-2.1273547938477402e-05
B3GNT4,-2.1282580210185768e-05
HSPA13,-2.1288514910789957e-05
APCDD1L-DT,-2.129271225897318e-05
RAD54L,-2.1295869641407455e-05
EML3,-2.1299414938919237e-05
CRIP3,-2.132735325351424e-05
SEPHS1,-2.1336570144021933e-05
PPP1R15B,-2.134258645561265e-05
PTH2R,-2.1346887298011163e-05
NAP1L1,-2.1374100147548402e-05
AHCYL1,-2.137574468212783e-05
PPID,-2.1382615096720895e-05
AIMP2,-2.1383654968378587e-05
CA2,-2.138600963044999e-05
KCNA2,-2.139659050176289e-05
PUM3,-2.1411551660783368e-05
OCRL,-2.1413567430114665e-05
PDLIM2,-2.1427929369727796e-05
VPS13C,-2.1464111424321155e-05
UBE2A,-2.14654362971097e-05
MKRN1,-2.1465499347215428e-05
HNRNPUL1,-2.1498608974705362e-05
DNAL1,-2.150227122907763e-05
DNAH17,-2.1506823031425947e-05
KCTD2,-2.151017169066257e-05
SELENOM,-2.1516120866936206e-05
SLC39A13,-2.1522088420797514e-05
ZBTB8OS,-2.152711033017236e-05
GOLGB1,-2.1530175139102906e-05
KLC3,-2.1561351103173423e-05
ZBED5,-2.1566232279570825e-05
WDCP,-2.1571220948851263e-05
TRAPPC2,-2.1571580091692706e-05
KARS,-2.1577785072071046e-05
INO80-AS1,-2.160234378777753e-05
AD000671.3,-2.1614576229583587e-05
FLRT3,-2.163565203306212e-05
PDCD5,-2.165670780811895e-05
TEC,-2.1658208555319832e-05
METTL18,-2.1667784599779885e-05
U52111.1,-2.166895357298485e-05
ZC3H4,-2.1687890331725396e-05
HCG20,-2.1718029534246154e-05
GAPLINC,-2.171877788630342e-05
CAVIN2,-2.172654432395621e-05
INTS12,-2.1754294055978178e-05
MPZL1,-2.177432343948258e-05
C16orf54,-2.1774422306516605e-05
SERPINB6,-2.1776555384912135e-05
ZNF3,-2.17833250050857e-05
RELA,-2.179431117629992e-05
GLTP,-2.1813968864274747e-05
SLC39A9,-2.1842930718694353e-05
PUS1,-2.18493066629506e-05
PISD,-2.185254657183617e-05
RNF185,-2.1858118051455865e-05
NPB,-2.1863532240156676e-05
MTMR6,-2.18661730709538e-05
HLCS,-2.1870983003543177e-05
PPIF,-2.1879853799040926e-05
NME7,-2.1880761808153876e-05
TMEM82,-2.188874461128652e-05
SP2-AS1,-2.1890462751602135e-05
STRN3,-2.189322549568667e-05
ARTN,-2.1894888912849677e-05
NIT1,-2.1903327646667878e-05
FAM24B,-2.1911264363329998e-05
MBD2,-2.1914562868052403e-05
BCHE,-2.1917131876749792e-05
NDUFAF5,-2.192387068218261e-05
BX255925.3,-2.192726391198101e-05
UBQLN2,-2.192791132635039e-05
SCLY,-2.194065666657362e-05
LATS2-AS1,-2.1946243813342145e-05
AP005230.1,-2.1955054147130463e-05
FRS2,-2.1963900410797252e-05
GPAT4,-2.1974427081903307e-05
TP73,-2.1981740908767964e-05
ATG3,-2.1983213462381895e-05
WDR36,-2.1992047589555356e-05
AP003486.1,-2.2011252851736944e-05
FMR1-AS1,-2.2015443833649e-05
NAPEPLD,-2.202084991087302e-05
PIP4K2C,-2.2035820963432308e-05
PIAS3,-2.20469365042993e-05
SRSF9,-2.206922911294372e-05
UBL7,-2.2074872880495788e-05
SPAG4,-2.2078839510441803e-05
EMP3,-2.2085359039669682e-05
TEKT1,-2.2085681566374996e-05
CLEC4C,-2.2096130647102626e-05
STK25,-2.2110881653067183e-05
PRR34-AS1,-2.211320657508091e-05
HEG1,-2.211706676867042e-05
GLDC,-2.2120595559147393e-05
WRNIP1,-2.2121349235414195e-05
YY2,-2.2124798008407727e-05
DAZL,-2.2130036922791776e-05
TRIM65,-2.2149267760459273e-05
SURF4,-2.2171512033857698e-05
TFEB,-2.2178196118802706e-05
NUDCD1,-2.2182269668108924e-05
STRN4,-2.2187890719841966e-05
PLK3,-2.2189082204084435e-05
ARFIP2,-2.219624775382104e-05
CCNG2,-2.219941550204428e-05
PRR12,-2.22098604715432e-05
FRAT1,-2.2211450617175953e-05
NRTN,-2.221258905570717e-05
IL5RA,-2.22252180164197e-05
RBBP5,-2.2228688908598012e-05
ACP1,-2.2238219267640577e-05
NR1H3,-2.22741018162174e-05
CAV3,-2.2289288987844325e-05
VMA21,-2.2334825968571804e-05
C8G,-2.234112605169816e-05
PHF23,-2.2370748610331017e-05
ZDHHC11,-2.237488596595535e-05
SMIM36,-2.2379505438870554e-05
AP000350.7,-2.2384274359928088e-05
RHOBTB2,-2.2403328896519332e-05
SLC26A4-AS1,-2.2405055552711573e-05
ELOC,-2.2409478965374146e-05
SLC46A2,-2.246403312061869e-05
KCTD13,-2.2468015443673957e-05
LENG8-AS1,-2.24771644433806e-05
SYT12,-2.248809640572361e-05
RGS20,-2.2506125429241894e-05
GPR1,-2.250650007210657e-05
U2AF1L5,-2.2531813543914284e-05
FLOT1,-2.253451837289334e-05
RNF139-AS1,-2.253814571576008e-05
FAM104A,-2.253986415697186e-05
SMIM26,-2.2562622129374667e-05
FKBP8,-2.2566124260206068e-05
AP005059.2,-2.25686795294444e-05
ZNF296,-2.257030076869775e-05
THRB-AS1,-2.259344325616112e-05
RBMX2,-2.260076638635542e-05
SLC20A2,-2.2603560969565613e-05
ADNP-AS1,-2.2615661988825383e-05
PARD3,-2.262408048205e-05
SPC24,-2.2634824095572558e-05
LSM5,-2.2668113621425108e-05
POLR2M,-2.2676651800183086e-05
SLFNL1,-2.2677606729101496e-05
VAC14,-2.26800728830427e-05
RTF1,-2.2685734152461924e-05
RP1L1,-2.269043264582196e-05
ERCC6L,-2.2700767799414606e-05
HAUS8,-2.270316984566339e-05
TEX10,-2.2710081888432644e-05
CDKN2C,-2.2728776607144695e-05
PGS1,-2.2732591326520226e-05
MRPS21,-2.2741987500515825e-05
TBX18,-2.274511555682983e-05
CTBP1-AS,-2.2751113686329e-05
MAGOHB,-2.275970904749627e-05
TMEM14C,-2.277809145447958e-05
SLC37A3,-2.2783736858141732e-05
VTI1B,-2.2787164221036316e-05
PAXIP1,-2.279621738455734e-05
CDKN1B,-2.280635248876257e-05
ALG13-AS1,-2.2823396241990027e-05
TAF1A-AS1,-2.2829668736638196e-05
HES6,-2.2835684229992232e-05
ANKRD49,-2.2841903028939545e-05
MAN2C1,-2.2843667040692492e-05
CBX5,-2.2854748468042222e-05
NDUFC1,-2.2855265592808147e-05
ADGB,-2.288308464694926e-05
PTGER1,-2.2892038831805153e-05
HIGD1B,-2.2895100986694315e-05
CBWD6,-2.2899468242066264e-05
TMF1,-2.2905442243912774e-05
FAAH,-2.293855782403287e-05
AHDC1,-2.294075761048692e-05
CCL18,-2.2941022728714275e-05
TRIP12,-2.2943773209022847e-05
ANKRD18B,-2.295625780784329e-05
TMEM216,-2.295841385100769e-05
SOAT2,-2.2959147060040796e-05
CDC5L,-2.2962435171460015e-05
MARS,-2.2964185742890455e-05
HOXA-AS3,-2.2970791574029304e-05
USP28,-2.2971178172197103e-05
Z98885.3,-2.2989907765123554e-05
DNAJA3,-2.2992732487075487e-05
ZNF101,-2.3001718059542902e-05
UQCC1,-2.300571561067318e-05
METTL23,-2.301135127966852e-05
C9orf129,-2.3026440433575677e-05
CD320,-2.3031133040865044e-05
Z99572.1,-2.3032315474514255e-05
ZNF337-AS1,-2.3055025192192176e-05
MFN2,-2.3058413743456964e-05
RSPO2,-2.3059227110156386e-05
CTCF,-2.306554037804918e-05
POLR1A,-2.3065633106366144e-05
TTYH3,-2.3069594922505718e-05
RAD17,-2.3074317726191497e-05
JCAD,-2.3084890424073705e-05
ZDHHC24,-2.308639055527655e-05
GJC2,-2.3087733554404778e-05
DOK7,-2.3117629045180463e-05
CARD8-AS1,-2.3123264901514256e-05
APEH,-2.3133663252926095e-05
EXOSC10,-2.3150571904769148e-05
MCF2L-AS1,-2.3166739660300017e-05
DDIT3,-2.3168654827588288e-05
UQCRC1,-2.3180695208495445e-05
CHPF2,-2.3186080221523805e-05
PHOSPHO2,-2.3188225060651487e-05
C17orf82,-2.3222336893377536e-05
NADSYN1,-2.3255981698955017e-05
MYT1L,-2.3263723807461264e-05
TRMT6,-2.327355136005536e-05
HNRNPA3,-2.3287647780980727e-05
RNF121,-2.3297880895903304e-05
NADK,-2.333051358183752e-05
FOSB,-2.3332277108416264e-05
CTHRC1,-2.3334101850496682e-05
PSMD3,-2.334054220465164e-05
FAR1,-2.3344349975473873e-05
WNT6,-2.335424000702488e-05
YY1AP1,-2.3363425662367495e-05
PAFAH1B1,-2.3370637813325316e-05
ERGIC1,-2.337857337515734e-05
NTRK2,-2.3383430543297807e-05
ZNF782,-2.3394345810010584e-05
MED11,-2.3396517439416307e-05
BMX,-2.340374175747189e-05
NDUFS8,-2.3407124996749972e-05
ABCA13,-2.3408832404987865e-05
ST7-OT4,-2.3410885826099133e-05
NEK4,-2.3413412950910074e-05
SF3B3,-2.341947253363341e-05
AP005262.2,-2.3435392979375293e-05
PDC,-2.344077475948143e-05
C16orf46,-2.3453798912167586e-05
RBM12,-2.3470451137074784e-05
SPDYE2,-2.347231887956822e-05
HTR4,-2.3477151223087416e-05
EGR1,-2.3487922121046086e-05
MRPS30,-2.3497147427205415e-05
EFL1,-2.3497348209455697e-05
TRMT2B-AS1,-2.3505026806765388e-05
RASL11A,-2.3509313106855067e-05
CENPBD1,-2.351469438854101e-05
ASCC3,-2.3517258044926337e-05
THAP11,-2.3537522797127077e-05
F8A1,-2.3550716044759374e-05
KL,-2.3576054361816043e-05
MRTO4,-2.3588148063296306e-05
TBC1D10B,-2.359179455198209e-05
SNAPC5,-2.3594572630590594e-05
METAP1,-2.3598023292309626e-05
TANGO2,-2.36176531582926e-05
NAA40,-2.362089000808161e-05
VPS72,-2.3628583038717113e-05
TUBGCP6,-2.3631055333874928e-05
CNBD1,-2.3631429448172737e-05
TRIM28,-2.3650933508544237e-05
CNP,-2.365467407482583e-05
PANX1,-2.365733245957288e-05
LRIF1,-2.3661574530248052e-05
NOA1,-2.366557355415692e-05
OIP5,-2.3679273811848918e-05
NONO,-2.3687501030853916e-05
EPN2-AS1,-2.3698220082550826e-05
ANO7,-2.3719511632583055e-05
SNUPN,-2.3733271184972655e-05
SELENOI,-2.3733696517416573e-05
DAZAP1,-2.375535417535863e-05
API5,-2.3770588956583658e-05
ARPP21,-2.3775087952027807e-05
NUDT1,-2.377741146089861e-05
AP000697.1,-2.3780250740621895e-05
NR1D2,-2.3780948380643765e-05
FOXK1,-2.3790421091338266e-05
C1QTNF12,-2.3805993810534375e-05
PRMT3,-2.3809177803074817e-05
TNNT1,-2.3811019008929216e-05
ACRV1,-2.3819708002319637e-05
LNX2,-2.3829563081391906e-05
TIMM17B,-2.3845224612936164e-05
ZNF12,-2.387198028672447e-05
SNHG17,-2.387598532130353e-05
ACVRL1,-2.3882462691264452e-05
PKN2,-2.3891274257892162e-05
NLRP7,-2.3894947444812294e-05
VPS25,-2.3895370808724405e-05
EMC4,-2.3897993250351133e-05
BCL7B,-2.3904437275047643e-05
DDX50,-2.3908890770004188e-05
CHERP,-2.3914692165717207e-05
CYP4A22-AS1,-2.3932815702327248e-05
KIAA2013,-2.3953072018705072e-05
AATK,-2.3964390753292217e-05
SPICE1,-2.3976841411319192e-05
C9orf116,-2.3977021153064547e-05
RANBP2,-2.3985009782196288e-05
ZNF674-AS1,-2.399788080062272e-05
LRTOMT,-2.4007255307716993e-05
NACC2,-2.4016854805888994e-05
ANKRD61,-2.4016905610932716e-05
PKP2,-2.4022569989378445e-05
ANGPTL8,-2.4023673438983645e-05
LARP1,-2.4046032677069634e-05
RPAP3,-2.4048068327248503e-05
NPIPB13,-2.4051376065578815e-05
MALSU1,-2.4057685344120288e-05
INPP5E,-2.4066510190740068e-05
RIPK3,-2.407066461919981e-05
ERAP2,-2.407383427481618e-05
ZNF778,-2.4073847876869603e-05
KIF21A,-2.410070452747591e-05
CHRDL1,-2.410392217182644e-05
CTNNA3,-2.4109690209902482e-05
AP000692.1,-2.411902411872009e-05
POP1,-2.4120069167910067e-05
FANCC,-2.4133125572126537e-05
FBN3,-2.4141611317744413e-05
BDP1,-2.4145909823396056e-05
POU2F3,-2.4186020205545796e-05
EDNRB-AS1,-2.4195398422985086e-05
PAQR8,-2.421345084127458e-05
PSMG4,-2.423402943792003e-05
SQLE,-2.425892965955465e-05
CRTAC1,-2.4265540283264476e-05
AF233439.1,-2.4278296913921906e-05
E4F1,-2.427935800953395e-05
CCDC144NL-AS1,-2.4286481749220727e-05
TMEM222,-2.4289832400981047e-05
TTC4,-2.429465996437655e-05
CDH19,-2.430869206340264e-05
AGMAT,-2.4325186404861705e-05
CCDC81,-2.432770464345927e-05
CMPK2,-2.433099545079714e-05
TRAPPC2L,-2.433291833079306e-05
CCDC183-AS1,-2.4341133065857835e-05
FITM1,-2.434187122287142e-05
FAM110D,-2.434306051714365e-05
BPIFC,-2.4345965163474494e-05
IWS1,-2.4353731146517423e-05
SAAL1,-2.4357566480780447e-05
SLC10A1,-2.435980203217747e-05
THOC6,-2.436045236091769e-05
C2orf92,-2.4373736734549698e-05
CNN2,-2.4380766610446978e-05
ATG12,-2.4390776255554182e-05
FSIP2-AS1,-2.441615127739045e-05
KMT2B,-2.4431713013937047e-05
ACADVL,-2.4432607536037116e-05
ZNF594,-2.445147431006531e-05
TRDN-AS1,-2.4451992276325794e-05
BANP,-2.445479953218298e-05
INSYN2A,-2.4461778281627305e-05
SCHIP1,-2.446655989760633e-05
MRPS2,-2.4475052103967542e-05
TMEFF1,-2.4479918310147712e-05
TMEM209,-2.4501268222332228e-05
ABHD18,-2.4513044879691937e-05
STK24-AS1,-2.4514732691740504e-05
TWSG1,-2.45200397312805e-05
KDM1B,-2.4524233750883664e-05
LRRC56,-2.4568103974786018e-05
THAP9,-2.4571248619009795e-05
M6PR,-2.4572852993638764e-05
MPZL2,-2.4589235076776856e-05
STEAP2-AS1,-2.4593456809215065e-05
C8orf34,-2.4597565462070887e-05
TRAK1,-2.4600320453884818e-05
RDH16,-2.460211497845492e-05
ARHGAP26-AS1,-2.4615339151219628e-05
ARL6IP5,-2.462115711863567e-05
AQP7,-2.4635852567247002e-05
DRC3,-2.4641194251176007e-05
AP001059.3,-2.465638252913723e-05
C17orf99,-2.4673467326609264e-05
ELK1,-2.4676357665502503e-05
ZSCAN29,-2.4678012118992004e-05
KLF2,-2.4682117594170822e-05
CAMK2D,-2.4682866256054598e-05
PKN3,-2.46983769083213e-05
CCDC43,-2.4702627192878526e-05
POLR2E,-2.4721940683470716e-05
WDR20,-2.4724491540112563e-05
C1orf167,-2.472819311475693e-05
MPRIP-AS1,-2.4741894905935027e-05
NDUFA9,-2.4756567252285757e-05
TMEM63A,-2.4802590293707575e-05
ASB1,-2.4829530314431534e-05
RBM41,-2.483211539106239e-05
ANKRD36B,-2.4832166231128467e-05
PIH1D1,-2.483291606079241e-05
SOCS5,-2.4834203304346458e-05
PGM2,-2.4834210918803053e-05
NCMAP,-2.4840158873678762e-05
GCSAML,-2.48427369949553e-05
METAP2,-2.4884348286457042e-05
TMEM51-AS1,-2.4898140090958766e-05
MANBAL,-2.491798988131872e-05
FLII,-2.4925903645743502e-05
TRIM37,-2.4926703828831566e-05
CLK3,-2.4932455537733102e-05
AP000944.7,-2.4932762892645213e-05
NUDCD2,-2.493491201094642e-05
C22orf23,-2.494057858524614e-05
USP3-AS1,-2.495439004837921e-05
SCARNA9,-2.4958209327912023e-05
MUL1,-2.497422462199179e-05
LIN7C,-2.4988406625500288e-05
RGPD4,-2.4994279514222536e-05
AP003168.2,-2.499432924065897e-05
TMC6,-2.501057156455294e-05
SDR42E1,-2.5015684126717228e-05
TLK2,-2.5016167801869712e-05
GSK3B,-2.501648671007013e-05
KCTD9,-2.5018815182057077e-05
FLJ45513,-2.5019575437350038e-05
CLIP1-AS1,-2.5019679380520955e-05
PCDH11Y,-2.505740872764496e-05
UGDH,-2.506231116176117e-05
RNF141,-2.5068936283143617e-05
SART3,-2.5077785358313973e-05
DOCK9-DT,-2.5078005502710395e-05
GRHL3,-2.50807420321514e-05
RBMS1,-2.5084948385365858e-05
MPPE1,-2.5087143866278247e-05
CU633967.1,-2.510762944955493e-05
PLAT,-2.5118740809157547e-05
ADI1,-2.5119342303178842e-05
MAJIN,-2.5121715259389472e-05
PKP4-AS1,-2.5124213557679846e-05
C4orf46,-2.5124825332666412e-05
BEND3,-2.515336432314146e-05
B3GAT2,-2.5155439329565554e-05
C19orf54,-2.5158211547403234e-05
DDX58,-2.5166026522490936e-05
WDR53,-2.51719961741755e-05
THAP4,-2.5173974066965448e-05
TMTC3,-2.5176932324959054e-05
RAMP1,-2.520700249105048e-05
HINT2,-2.521831359753709e-05
CCNL2,-2.522974053999517e-05
MATR3,-2.523853864815533e-05
APOBEC3A,-2.5273369732870263e-05
VCPIP1,-2.5277931036688977e-05
BOD1L1,-2.5281795048166168e-05
FSTL4,-2.529253981146929e-05
SOCS1,-2.531349778355949e-05
FAM90A1,-2.5344797207534792e-05
COMMD7,-2.5387429940010893e-05
INO80,-2.5432021930096522e-05
ZNF385C,-2.5445149247862114e-05
MRPL48,-2.545472617839652e-05
COX7A1,-2.5455676739069157e-05
GLIS2-AS1,-2.5479766445231247e-05
TM9SF1,-2.548385241622168e-05
TIMM9,-2.5489230524397717e-05
CD8B2,-2.5505578647637023e-05
COQ8B,-2.5508277730081067e-05
SLC24A4,-2.5522113252960264e-05
RND1,-2.5530141124309038e-05
MAPT,-2.555354825693887e-05
CHCHD6,-2.557216046064695e-05
UBE2L6,-2.5578812916534822e-05
C2orf49,-2.558211599224619e-05
ZNF169,-2.5602514261546148e-05
RMDN3,-2.5720488571978408e-05
CHN2,-2.5741756115325068e-05
ITGB3BP,-2.5774257873028782e-05
NOC2L,-2.578816578817608e-05
TPP1,-2.5788312788917733e-05
GABPB2,-2.5793308402049597e-05
NOL7,-2.5798083802816706e-05
GLRX5,-2.580265052600687e-05
CAPZA2,-2.5805726778031174e-05
CEMIP,-2.5812753212108417e-05
ZMYM5,-2.5845231214968694e-05
F2RL3,-2.5881046370099277e-05
CDHR5,-2.5906163906320793e-05
GCLM,-2.594331719703969e-05
C1orf74,-2.5964670208114115e-05
GRPEL2-AS1,-2.5969492243757946e-05
KLHL11,-2.5978677826077098e-05
TMEM212,-2.5982280327262515e-05
STAB2,-2.5985835803337018e-05
MOV10,-2.598832598806387e-05
AKAP8,-2.5995447830105753e-05
KLHL18,-2.6000409232078934e-05
TMEM199,-2.6014584965773017e-05
GSDMA,-2.6022381242119934e-05
MGST3,-2.60263792640294e-05
LRCH3,-2.6033124844847018e-05
BATF2,-2.60378175881431e-05
MFSD9,-2.6065849921742213e-05
G3BP2,-2.610076343238833e-05
CU634019.5,-2.611058580240422e-05
CDK5RAP2,-2.614360191311488e-05
CASC6,-2.614535238866452e-05
ERAL1,-2.6153512380855946e-05
SPATA17,-2.6159654836455966e-05
HM13-AS1,-2.6160966345120257e-05
ZNF664,-2.6173490849357553e-05
BOLA3,-2.6197215585023734e-05
EPN3,-2.62122002008361e-05
MCMBP,-2.6227511361532055e-05
FJX1,-2.6230536623072422e-05
NDUFAF8,-2.623161684203882e-05
KMT5C,-2.6235908637055867e-05
TRABD2B,-2.625210878497274e-05
TMPRSS11A,-2.6254627712816225e-05
TADA1,-2.6254645398603945e-05
TTC30B,-2.6270246475636858e-05
SPON1-AS1,-2.6273305634659234e-05
ANO9,-2.6277306019121436e-05
DCTN6,-2.628799594946505e-05
BCAS2,-2.629640123365369e-05
ZNF316,-2.630569177668816e-05
IQCB1,-2.6309455447474133e-05
NAIF1,-2.6336820239304778e-05
LRRC6,-2.635547012062045e-05
LENG1,-2.6357182385038284e-05
MCM6,-2.635972302599021e-05
MPC1,-2.63635739015916e-05
TPCN1,-2.6400474327336677e-05
CNDP2,-2.640273442701073e-05
SUV39H1,-2.6414098794790692e-05
RNF220,-2.6432207927349784e-05
MTIF3,-2.643939982779606e-05
SMG5,-2.644187121581696e-05
WDR4,-2.6441992119155103e-05
GPAM,-2.644809926399253e-05
CA10,-2.6449933950589538e-05
MTFP1,-2.645036354942872e-05
PRTFDC1,-2.6482687670629707e-05
ODC1-DT,-2.6493109809360693e-05
STK16,-2.6494462817725754e-05
FAM217B,-2.650995256669785e-05
SNAI1,-2.651368511203222e-05
Z82217.1,-2.6520274997699966e-05
CHD7,-2.6523720753478876e-05
PLCE1-AS2,-2.653457866814253e-05
TMEM115,-2.65421223090763e-05
ANXA7,-2.6558274967148177e-05
MFGE8,-2.6566700135823093e-05
CSPG5,-2.6578572113226777e-05
RRAGA,-2.6584351082338336e-05
NDUFB8,-2.6585092627544405e-05
RSPH4A,-2.6587342006021056e-05
CBWD5,-2.6590317489348232e-05
DCUN1D2-AS,-2.6596812132603098e-05
STARD7,-2.6601920669428073e-05
RRP8,-2.662625325455307e-05
OTOGL,-2.6646924619548734e-05
PRMT5,-2.6657910309418407e-05
SH3GL1,-2.6662829125721388e-05
ETAA1,-2.6670781715180665e-05
GABRG3-AS1,-2.6741124508982328e-05
AP001363.2,-2.6742429695015354e-05
TRAPPC3,-2.6768134587569732e-05
PSMC4,-2.6773359810207758e-05
CDK5RAP1,-2.678042311558246e-05
TBC1D30,-2.678473521362641e-05
TXN2,-2.6787580061893957e-05
TRIAP1,-2.679889199358215e-05
ARCN1,-2.680342425908273e-05
XRCC1,-2.6815989103276066e-05
SNHG30,-2.682973409808783e-05
TADA2B,-2.683060888758871e-05
PNPLA8,-2.6836197588254235e-05
MYPN,-2.6841223719230786e-05
GADD45G,-2.685832555460236e-05
OR10H1,-2.686902837528269e-05
KLC4,-2.6884301861405926e-05
MRPS14,-2.6893860317926845e-05
TTC21A,-2.6898925300626192e-05
KEAP1,-2.690088213896537e-05
IGFBP2,-2.692003385322747e-05
DCPS,-2.692708394975897e-05
UQCC3,-2.6930851810967405e-05
GLYR1,-2.6938196944663504e-05
LSM1,-2.6943022098040523e-05
KLC1,-2.6952983993956963e-05
SLC14A2-AS1,-2.695322960557822e-05
ADAMTS17,-2.6955542658449476e-05
OSBPL5,-2.6967770837933205e-05
TIMM21,-2.6973052155913144e-05
FBXW9,-2.69735835292695e-05
CTDP1,-2.698234854223627e-05
PEAK3,-2.699543844524952e-05
SPEGNB,-2.7007859515516677e-05
MIB1,-2.7021221488379077e-05
DPH3,-2.7021714986712716e-05
LSM2,-2.707664039183497e-05
SNHG9,-2.7082848636673706e-05
SNRNP27,-2.7096747568671015e-05
NAPA,-2.7112233839070876e-05
CYP2B6,-2.7117405477930256e-05
GPR107,-2.711910175389921e-05
KIF17,-2.712788455077852e-05
ADRA1B,-2.7150913866642885e-05
PACSIN3,-2.7163296996360855e-05
ZSCAN25,-2.7176593557144755e-05
CCDC167,-2.7177167396800225e-05
EID2,-2.7185178878481907e-05
RFXANK,-2.7187034389703415e-05
NGEF,-2.7237325847276628e-05
HIST1H3H,-2.7242852954880396e-05
GMPPA,-2.7258683219485146e-05
REPIN1,-2.7261546000071912e-05
CUL9,-2.726222593343348e-05
TXLNB,-2.72797471441989e-05
ABTB1,-2.7292847379143927e-05
JHY,-2.729437360150195e-05
IP6K3,-2.7297278919083542e-05
CYP4F12,-2.729777602320913e-05
GFER,-2.7325419280317883e-05
PKP1,-2.7326248815502536e-05
CCNK,-2.736490915354643e-05
GPRC5D,-2.736544892028191e-05
CCNB1IP1,-2.7396806684937944e-05
DNAJC22,-2.7398146109781633e-05
ARRDC2,-2.7440033166832414e-05
PSD4,-2.7441779762648013e-05
MED4,-2.744386361378733e-05
PARD6G-AS1,-2.744762423097657e-05
SLC4A11,-2.744791975041527e-05
TUBA4B,-2.744943847678671e-05
SRSF10,-2.7468762169382798e-05
OR2L2,-2.7471593723088243e-05
SMNDC1,-2.7498046243872646e-05
DENR,-2.754792188153895e-05
SAYSD1,-2.7553554063582224e-05
ECH1,-2.7563348942869445e-05
TUBGCP2,-2.7578670288381385e-05
LGALS1,-2.7587197365041985e-05
TMEM205,-2.7588201563860072e-05
SRP19,-2.7596931701389804e-05
MADCAM1,-2.7600089577542893e-05
OGFR,-2.7621703050006733e-05
PIGR,-2.7655154386048866e-05
TP53RK,-2.767420986136793e-05
PPM1B,-2.768911993105976e-05
FUT8,-2.7696134484722536e-05
MED16,-2.771226722444479e-05
TIAF1,-2.771914706853518e-05
GPS1,-2.773667911472047e-05
UTP3,-2.773943932022272e-05
ANAPC13,-2.77769479374939e-05
RRP1,-2.7785797118720747e-05
TSC2,-2.7797680099871935e-05
ABHD17A,-2.7798950978837497e-05
CERS5,-2.780054767653754e-05
WASHC1,-2.7807461078238727e-05
MCHR2,-2.7819205653445143e-05
COA6,-2.7821299608120645e-05
UBXN10,-2.78230434673423e-05
HIST2H3PS2,-2.7828269023980547e-05
NAT14,-2.7851725349452517e-05
FAM219B,-2.785487251377704e-05
ICAM1,-2.785918667276819e-05
SRC,-2.7870520320170002e-05
Z97989.1,-2.7877554270194613e-05
DMRT1,-2.7884397469143982e-05
TSKU,-2.78857160992097e-05
LRRC42,-2.7897510955322683e-05
TBX19,-2.7906084595403064e-05
VEZF1,-2.791511268676071e-05
ASNSD1,-2.7921976971633793e-05
BOK-AS1,-2.7942771290880903e-05
RPUSD4,-2.7973939934783487e-05
TBL1XR1-AS1,-2.7990855298749242e-05
EIF3C,-2.8023853969728227e-05
NAA11,-2.8029578376133057e-05
E2F4,-2.8050144260573733e-05
PRDM10,-2.8057706940789212e-05
ENO2,-2.806584672616095e-05
MAT2A,-2.8072074479079515e-05
SSSCA1-AS1,-2.8085543484908932e-05
MYO15B,-2.812216678671646e-05
PRCD,-2.8124528646448804e-05
ST8SIA2,-2.812726169167229e-05
CPSF7,-2.8127922775288202e-05
PALLD,-2.8138890801415715e-05
GID8,-2.818042126431278e-05
SPOPL,-2.818338787633676e-05
DENND1A,-2.818413285916837e-05
OSER1,-2.819704669074943e-05
PRPF38A,-2.820007190361262e-05
WDR83OS,-2.8205377112892094e-05
POLR1E,-2.820551821676388e-05
MED8,-2.8208922038380642e-05
F2R,-2.822063919019313e-05
CDH12,-2.822159469314125e-05
FAM81B,-2.8226209978402494e-05
DOHH,-2.8226806309582047e-05
FUBP3,-2.823793412889478e-05
ZNRD2,-2.8247174742161864e-05
CHTF8,-2.825221907509774e-05
HILPDA,-2.8253920496226485e-05
IFI16,-2.826054787735212e-05
CFAP45,-2.8266806718890857e-05
ANKRD33B,-2.8268592709218322e-05
ZNF207,-2.8272199785366517e-05
RAD1,-2.828072764661021e-05
NECTIN1,-2.8286225618683394e-05
EIF2AK3-DT,-2.829999286098934e-05
ATP5F1C,-2.8303885465000486e-05
PRKAR2A-AS1,-2.8308576606283462e-05
COL6A1,-2.830938982097625e-05
MRPL21,-2.83296768151662e-05
SFXN5,-2.833323303810261e-05
YRDC,-2.833580303114549e-05
DYRK2,-2.8342418454241538e-05
TCAP,-2.8352124856705252e-05
NEMP2,-2.8354301556996554e-05
MX1,-2.836423789905001e-05
LRRC4,-2.84150999328399e-05
KLHDC9,-2.8452554497076278e-05
B4GALNT4,-2.847283734700427e-05
SERP1,-2.84925481986635e-05
DOLK,-2.849885868758476e-05
STEAP2,-2.849961859737686e-05
ERLIN1,-2.8522319937293854e-05
TMEM126B,-2.8568673481639884e-05
DYNLT1,-2.8599010388204652e-05
CHAMP1,-2.8601475958152515e-05
HERC2,-2.860581068095912e-05
ELOA,-2.8613212394175115e-05
GMPPB,-2.861325868170399e-05
TTLL13P,-2.8613469989293887e-05
PXMP2,-2.8635595671639624e-05
MRPS6,-2.864285038128279e-05
YAP1,-2.8649845352700007e-05
MARVELD1,-2.8675555680714678e-05
HOXA-AS2,-2.8694344516633924e-05
EVA1C,-2.8700785315385556e-05
POLRMT,-2.8709600663785904e-05
CD36,-2.8728546844971368e-05
TMEM203,-2.8729952501422376e-05
DNAJB6,-2.8748873516336426e-05
RTN2,-2.875087091317777e-05
UBE2N,-2.875327110632347e-05
DQX1,-2.875791382535814e-05
RBM7,-2.8791883034893683e-05
SHPK,-2.8795665462888988e-05
TBX1,-2.881824201330951e-05
NSMF,-2.8827545656141527e-05
ZDHHC7,-2.8837800210292846e-05
SPC25,-2.885329853786232e-05
C12orf73,-2.886614051331598e-05
ARRB1,-2.8883090432446604e-05
ZNF7,-2.889299516290419e-05
PPP1R8,-2.889301933081055e-05
CRCP,-2.889481290121306e-05
ZZEF1,-2.8902246967375406e-05
MPP2,-2.8917597984965826e-05
ITGB1BP1,-2.891772621432466e-05
ANKRD18A,-2.8919095668731382e-05
TMEM214,-2.892549313145706e-05
AJUBA,-2.8926287608718112e-05
ACVR1B,-2.893692577010065e-05
NKILA,-2.894500352902786e-05
NPW,-2.8945734891331702e-05
ANKFY1,-2.897471708717726e-05
MTPN,-2.8980248489196088e-05
NUP188,-2.8981479427948146e-05
CLUAP1,-2.8984635011676054e-05
BTBD18,-2.8990077015755344e-05
CCDC186,-2.899016975479722e-05
UBE2D3-AS1,-2.9011505763963676e-05
METTL9,-2.9044859499629595e-05
THAP12,-2.904513039135415e-05
CNTNAP2,-2.9045832612418692e-05
SERTAD2,-2.9055138804218335e-05
LIG1,-2.9066437542579536e-05
CDKN2D,-2.9068384049605682e-05
PAX2,-2.907054985603132e-05
MAK16,-2.907908802664118e-05
TNFRSF11B,-2.9093696850642705e-05
SPATA41,-2.9102159558367617e-05
CEP164,-2.9121648722892104e-05
POLE3,-2.913152012482624e-05
PRPF19,-2.9147653088221853e-05
NXT2,-2.915038773035757e-05
SLC25A45,-2.91544635962596e-05
TMEM176A,-2.9159348011488262e-05
WRAP73,-2.9173992189703407e-05
C7orf69,-2.9177251098576707e-05
DBF4B,-2.9178263581826413e-05
TBL3,-2.918371623687925e-05
FXYD7,-2.9187620654103785e-05
PRPSAP2,-2.9188252996236468e-05
TMEM248,-2.9196724460247756e-05
SLC6A11,-2.923343471921924e-05
LFNG,-2.9248119419946488e-05
C16orf91,-2.9253351923829135e-05
MLC1,-2.9263841396421958e-05
THSD7B,-2.926757315061126e-05
CES5A,-2.9271263745257325e-05
PRDM7,-2.9275749582833233e-05
ZNF66,-2.9313556810829976e-05
AP005482.3,-2.9314894836501132e-05
SS18L2,-2.9316592846291236e-05
INO80B,-2.932006088470419e-05
F11,-2.9330135641293396e-05
PSME1,-2.9336237246846468e-05
GLMP,-2.9337886973231435e-05
CTH,-2.936394861018201e-05
UBTD2,-2.940242729218536e-05
PCDHB4,-2.940320091343157e-05
CLCN7,-2.9407728868928152e-05
ATP13A3,-2.9413598527223444e-05
MEN1,-2.941592471526929e-05
NARF,-2.9417164200728613e-05
ARHGAP8,-2.9419014770390952e-05
APEX2,-2.9423770089675594e-05
CMTM6,-2.9425856388856975e-05
GOLT1A,-2.9429153369800237e-05
MAB21L3,-2.942936792727211e-05
SPRED3,-2.944321939453078e-05
UCKL1-AS1,-2.9455465441231667e-05
BECN1,-2.9464932230740568e-05
FER,-2.9465564676282838e-05
CSNK2B,-2.946745423122203e-05
MRPL19,-2.9470394253872046e-05
VSIG10L,-2.947745999104118e-05
CA4,-2.948761202412494e-05
AHI1,-2.950960054859448e-05
MLLT1,-2.9514832541708878e-05
NT5E,-2.9541612163111334e-05
BHLHE40-AS1,-2.954903671647195e-05
TMCO6,-2.954939742109534e-05
PAM16,-2.955810208590163e-05
CFAP300,-2.9576929688593873e-05
CD46,-2.9581695694008823e-05
NFKB2,-2.9582991602130006e-05
NUP50-DT,-2.9587972542741804e-05
UTP23,-2.9590288714158127e-05
SNHG22,-2.961012890649752e-05
SMIM31,-2.9611966276102387e-05
GRIN2A,-2.9616046576636444e-05
SCAF11,-2.962827958731947e-05
EIF4E2,-2.9642932162646807e-05
ZNF841,-2.9643842633849897e-05
RILP,-2.964663082423114e-05
METTL27,-2.9648567175150847e-05
C8orf76,-2.96716695019561e-05
BBOX1-AS1,-2.9676298480364114e-05
CALHM5,-2.9676872167977872e-05
IFIT5,-2.968405246132044e-05
SMARCD1,-2.9700059669429452e-05
SLC6A8,-2.97025631264784e-05
ELL3,-2.972035567613547e-05
GOLGA2,-2.9728919497590323e-05
CHCHD7,-2.9729763758108403e-05
ARHGAP17,-2.9760641620806923e-05
ZNF524,-2.9770924466864078e-05
ANAPC7,-2.977999910191135e-05
CREG2,-2.9785726745518504e-05
POLR2B,-2.9822540909260095e-05
TRIP10,-2.9822607391055522e-05
ARHGAP45,-2.9825626618419093e-05
MEOX2,-2.9832111404725968e-05
UBL4A,-2.987907366452417e-05
DNAJC11,-2.9914883918075336e-05
EIF1AD,-2.991564159896335e-05
BDKRB2,-2.9921157460613308e-05
ZNF20,-2.9927985674117413e-05
OVOL1,-2.9928899596170284e-05
SARS,-2.9930679043718525e-05
PPP1R12B,-2.993249355554006e-05
MRTFA-AS1,-2.9934380551825873e-05
RBM34,-2.9942754747744506e-05
LAMTOR2,-2.9960363569623583e-05
AAMP,-2.997287417399753e-05
ACHE,-2.9988784433501037e-05
EFCAB8,-2.999320995164609e-05
PRICKLE4,-3.0020577783236037e-05
TNK2,-3.0046277833753667e-05
KDM6B,-3.0063842985656557e-05
MATN1-AS1,-3.006554334919805e-05
TIMP2,-3.0084808390820886e-05
ZNF276,-3.0107109192711244e-05
NIPA2,-3.0107657784643897e-05
C18orf54,-3.0110607952369526e-05
REL,-3.01211997085643e-05
CAPRIN2,-3.012617283433782e-05
NPFFR1,-3.0166259759993526e-05
AF241728.2,-3.017705211977911e-05
MRPL37,-3.0196156209807707e-05
C7orf61,-3.0213151010688936e-05
ZDHHC11B,-3.0216177762846693e-05
NYAP1,-3.021668596999705e-05
EIF3M,-3.0233199826437163e-05
UBE2D2,-3.0248195132790635e-05
IFI27L1,-3.0255964043278015e-05
CD2BP2,-3.027009287236732e-05
EYA1,-3.0271231416486457e-05
MAPK8IP3,-3.027972444270123e-05
PNKD,-3.0293020421981566e-05
PTGS2,-3.0293733289597764e-05
CNOT11,-3.0316606356886155e-05
NSMCE2,-3.0327325842676062e-05
CHUK,-3.036720437725249e-05
ENTHD1,-3.0371379064809684e-05
C19orf57,-3.037525792439964e-05
CYP3A7,-3.038465328146156e-05
SPATA5,-3.0388076337929482e-05
ELMO1-AS1,-3.0388394121163298e-05
CD44-AS1,-3.0402805660268386e-05
ARHGAP1,-3.0408118188559455e-05
IL18BP,-3.0410922219089335e-05
ZNF460-AS1,-3.042412825913954e-05
MTHFR,-3.042594586116532e-05
HEATR4,-3.0430071475324772e-05
ZP3,-3.0453753612342477e-05
UBA1,-3.0455188800934717e-05
GCC1,-3.046915107828767e-05
KLC2,-3.0473501363190626e-05
MFSD5,-3.047389256211673e-05
PHLDA3,-3.047691030175194e-05
SRSF1,-3.0485133528786597e-05
GABRR1,-3.048820312046587e-05
ACMSD,-3.0517096981227864e-05
ATF6B,-3.053314230379918e-05
GRAPL,-3.055674047233552e-05
TULP1,-3.057441816734043e-05
ATP8B3,-3.057983334353642e-05
HHIPL2,-3.0581946468018906e-05
NRAS,-3.059179381843109e-05
NUCB1,-3.060159583876105e-05
GEMIN6,-3.0621388426338054e-05
MICALL1,-3.0627196447063765e-05
UBALD1,-3.0629130134699025e-05
SLC1A6,-3.063691939379292e-05
AGPAT5,-3.065531147212189e-05
SAMD4B,-3.066812102381262e-05
SPCS3,-3.067179100702188e-05
TATDN1,-3.0687139805998124e-05
PRSS48,-3.073284015879262e-05
MRPL43,-3.073581575540027e-05
CEP131,-3.0748357664419245e-05
IL12A-AS1,-3.074886174313238e-05
RSKR,-3.075593067491948e-05
TRIM26,-3.076602312052792e-05
WDR66,-3.0770257819274974e-05
ST6GALNAC1,-3.077052128463261e-05
PTRH1,-3.0773375174507724e-05
BRK1,-3.077487132607797e-05
IDO2,-3.078182014356139e-05
DERL2,-3.080259518362646e-05
DOC2B,-3.080996069878339e-05
SPOCD1,-3.0823602717845786e-05
SPINDOC,-3.083133787224292e-05
PLAAT5,-3.0835079982682016e-05
PTK2,-3.0836085107849995e-05
NMNAT1,-3.0855328583727605e-05
SPATA6,-3.0859973762330044e-05
TAF6L,-3.0861023763494985e-05
ETV3,-3.0870602519610655e-05
PLAG1,-3.088543134714731e-05
ADAMTS13,-3.0906243776102486e-05
RBX1,-3.0930848018522717e-05
RHBDF1,-3.09329176148431e-05
PSMC2,-3.093329831980338e-05
PAF1,-3.093607414543843e-05
TPGS1,-3.0938295041513635e-05
PPFIA2-AS1,-3.0958978772404235e-05
COL1A1,-3.0986560244417364e-05
COG3,-3.099711006309277e-05
NPIPB15,-3.0999892079258424e-05
FBXO43,-3.101519998821619e-05
UHMK1,-3.10171440693022e-05
NNAT,-3.1017722302270775e-05
ADCY6,-3.1034193075107254e-05
BLACAT1,-3.1047759311918005e-05
SNN,-3.104985721688814e-05
NUTF2,-3.105138062191168e-05
ELDR,-3.1064028787484237e-05
FOXC1,-3.107072541457026e-05
EXOSC2,-3.108626399146338e-05
LRRC4B,-3.109099371450566e-05
DERA,-3.110527391367149e-05
SMIM29,-3.111417953463358e-05
PHGDH,-3.1129525886126224e-05
NOL6,-3.1139869820147286e-05
RBM22,-3.114480090953109e-05
GFM1,-3.1160269869139764e-05
RNF4,-3.1165553946286564e-05
HRK,-3.116655414028711e-05
CALCOCO2,-3.1170130190498256e-05
ZNF750,-3.1207935451201765e-05
RTKN2,-3.121454595144547e-05
CACNG8,-3.1215371916495944e-05
TBILA,-3.121797596639367e-05
BTN2A1,-3.122846827677389e-05
ZNF93,-3.123211537481037e-05
MAPK3,-3.1254494632791346e-05
PTCHD1-AS,-3.126578135286457e-05
NRBP1,-3.127093117520685e-05
UBL7-AS1,-3.127474187973782e-05
FKRP,-3.127718500667611e-05
SOX5-AS1,-3.127746961095015e-05
RAB3IP,-3.127778597309319e-05
SERPIND1,-3.128690765367089e-05
ATP11A-AS1,-3.12909656453925e-05
DERL1,-3.129626087353661e-05
FRMPD4,-3.1310194674909334e-05
RBM27,-3.131128903387493e-05
MCM2,-3.1311542871674594e-05
UNC93A,-3.131445190043482e-05
PPAN,-3.1326953680855395e-05
RWDD1,-3.1329408597004224e-05
AMMECR1,-3.1335726734387564e-05
SYAP1,-3.134915210620221e-05
MEF2D,-3.136395770140586e-05
ZFP1,-3.137377364660504e-05
PXT1,-3.138068709154721e-05
PIK3R2,-3.13836310288591e-05
SNX12,-3.138947934700703e-05
CDK12,-3.140553998809723e-05
POLR2F,-3.142055042079816e-05
POLR2I,-3.1421039580857834e-05
ZC3H10,-3.142709341755349e-05
TRPV3,-3.1457277557541404e-05
TRA2B,-3.1460405322005e-05
FANCD2OS,-3.14730537456797e-05
DDIT4-AS1,-3.148512449816297e-05
DUSP5,-3.149058432181996e-05
PATL1,-3.1496681608291596e-05
UBE2R2,-3.150093657144408e-05
HMGN2,-3.150384145159987e-05
RBM25,-3.153174426457105e-05
GLRX2,-3.156076049589543e-05
TNFRSF10B,-3.156586536035968e-05
GRK6,-3.157322966926413e-05
HOXA5,-3.159161250420558e-05
MAP1S,-3.1594011595434813e-05
TCTEX1D2,-3.160982520075403e-05
KCNMB4,-3.1614635843145455e-05
LATS1,-3.161772255257374e-05
ACBD4,-3.161951823519041e-05
ZNF865,-3.162138889608747e-05
SPATA2,-3.1634080893039645e-05
TMEM132D,-3.164143883674723e-05
HOXB2,-3.1652505256956236e-05
MRFAP1,-3.166316054617456e-05
MRPL41,-3.166383821025764e-05
UBE4A,-3.166992321808165e-05
SKIL,-3.1675690909957105e-05
GK,-3.167765831756279e-05
JOSD2,-3.168866148798242e-05
GMIP,-3.168917390697315e-05
ENO4,-3.1694808620339496e-05
FBXO41,-3.170601806518127e-05
NOCT,-3.1707002673479046e-05
GNAS-AS1,-3.170782436658297e-05
C1orf109,-3.17251038760896e-05
ABRAXAS2,-3.1727446183585165e-05
SERTAD4,-3.172749430384681e-05
IL20RB-AS1,-3.173073102243564e-05
RHBDD1,-3.173177319172916e-05
RNGTT,-3.173917543440244e-05
TBCA,-3.1741226672028024e-05
NMT1,-3.177728500270403e-05
ETV2,-3.1790495075959475e-05
NUDT2,-3.180485228310583e-05
CAD,-3.181803728016241e-05
RBM46,-3.18262882217927e-05
DSG2-AS1,-3.182973223779866e-05
MON1B,-3.183302641543315e-05
KDSR,-3.183942364542229e-05
KPNA1,-3.1840457783262124e-05
HMGN1,-3.186333631469448e-05
IL2RG,-3.1873534572318016e-05
HIRA,-3.189559881100402e-05
GPRIN2,-3.190293563621354e-05
CLBA1,-3.191671415423989e-05
DNAJC3-DT,-3.19171196397749e-05
UTP11,-3.195482694841174e-05
ARLNC1,-3.196730345192603e-05
COL28A1,-3.197641301996651e-05
GMNN,-3.198246305373127e-05
TSPAN6,-3.1984403658482315e-05
XRCC3,-3.200070239066475e-05
GTF3C1,-3.2002808033796384e-05
FCHSD1,-3.2004463118998094e-05
RBMXL1,-3.201894295305689e-05
OVCH1,-3.20190002673998e-05
KLHL41,-3.201983224069277e-05
COX14,-3.2025583033531365e-05
PSMD9,-3.203630140044768e-05
SYTL5,-3.204092493366543e-05
LSM14A,-3.2058888260822654e-05
GPC6-AS1,-3.2062974931906174e-05
TMEM219,-3.2070922997835005e-05
SRP72,-3.209591363619802e-05
TMEM99,-3.210199920407253e-05
ICAM2,-3.210583913597503e-05
HOXC8,-3.211849947894233e-05
TAF12,-3.2121979254585365e-05
COL3A1,-3.212287427693251e-05
RTCB,-3.21254842586822e-05
EXOC3L1,-3.21273140422142e-05
NCAN,-3.21532818732863e-05
RPAP1,-3.2156394354001265e-05
MLLT11,-3.222357070795326e-05
ITIH2,-3.224404047786051e-05
KXD1,-3.226805381298076e-05
CHMP1B,-3.2286094186181656e-05
WDR55,-3.228852977370649e-05
ATRIP,-3.229680281907377e-05
IL6R,-3.230613194162019e-05
INTS13,-3.230800774931995e-05
CHCHD5,-3.231206016443091e-05
SRRT,-3.232314343596423e-05
FAM83A,-3.2345211462363275e-05
GYS2,-3.234939774247912e-05
ARL4D,-3.2380514287104614e-05
AP000866.2,-3.239332895596398e-05
AAR2,-3.240301921599473e-05
IL1A,-3.2403769481657105e-05
DOCK8-AS1,-3.2419016368358663e-05
NDUFA7,-3.241924214412406e-05
GUSB,-3.242180886915433e-05
IDI2,-3.242921622884422e-05
CYFIP1,-3.2435953662999444e-05
SASS6,-3.2454645671058636e-05
FDXACB1,-3.246334431359517e-05
DENND6A-AS1,-3.249810471635805e-05
CASKIN1,-3.2505212323713605e-05
AF279873.3,-3.2522576863477205e-05
SPATA5L1,-3.2533903268435636e-05
TOPAZ1,-3.2544639137658155e-05
CXADR,-3.255259708371459e-05
ESYT1,-3.2571588011801194e-05
UTP4,-3.2572191648093024e-05
DFFA,-3.2573923031704165e-05
MRPL12,-3.2582319733164363e-05
GOLGA3,-3.259131453271241e-05
FAM169A,-3.2615448575625624e-05
GHDC,-3.262413262121381e-05
SOX21-AS1,-3.2624594904496736e-05
DNAJC7,-3.262507545275731e-05
GLYAT,-3.263323881845722e-05
DDX42,-3.263604191786493e-05
FGFR1OP,-3.265904543074346e-05
GSTK1,-3.2660359416796586e-05
Z94721.3,-3.2695748314924706e-05
ARL13B,-3.2698346995159004e-05
HEIH,-3.27607609153477e-05
PAGR1,-3.2790584426652834e-05
KTN1,-3.280364818284052e-05
SIGLEC15,-3.281222493981619e-05
AJM1,-3.281270646842166e-05
SUPT16H,-3.2828992651452625e-05
LAPTM4B,-3.283774497290324e-05
CERS2,-3.286248583847785e-05
NPIPB9,-3.2864975419758144e-05
KATNA1,-3.288789853579725e-05
HSPA9,-3.2911942989392176e-05
FKBP1A,-3.29166549660932e-05
GTF3C4,-3.293886250945564e-05
NT5C3A,-3.294500857902652e-05
AP000897.2,-3.2950512905785784e-05
IMPA2,-3.2957361575154545e-05
AFG1L,-3.298684580209035e-05
CUL4B,-3.299546476126367e-05
NF1,-3.3004902951644476e-05
CCDC82,-3.300658314663583e-05
REC114,-3.3011336525465155e-05
NFE2L1,-3.3031053893102853e-05
IQCD,-3.304158158190296e-05
SMOX,-3.3047656588850534e-05
SLC35E1,-3.304977551784272e-05
PLCE1,-3.305334522822497e-05
KNSTRN,-3.30547837288009e-05
ARMC3,-3.308267736254314e-05
NIFK,-3.314925155875881e-05
LOXL1-AS1,-3.315027684630003e-05
G6PD,-3.317999678945063e-05
B3GNT2,-3.318355667893251e-05
NEK7,-3.3184802337627516e-05
RPA1,-3.3192518319243486e-05
AP000919.4,-3.319389255704702e-05
C16orf72,-3.3205877206566044e-05
GRPEL1,-3.322413133289865e-05
CRY1,-3.324868240045239e-05
RPA2,-3.325091428233706e-05
C5orf15,-3.325694176096606e-05
ARHGEF5,-3.326439137441724e-05
DHRS1,-3.327222509134585e-05
PLAA,-3.328805292890826e-05
UTP14A,-3.330134733240102e-05
RTRAF,-3.3303270179494625e-05
FAM50A,-3.330764054843417e-05
BMP4,-3.331016175622639e-05
CPT1A,-3.332390542723345e-05
THOC5,-3.332400969874041e-05
TMEM186,-3.3325035989610404e-05
PSMG1,-3.333065818079857e-05
OS9,-3.3340539874301456e-05
MYOSLID,-3.334363757134854e-05
ZNF16,-3.334419561899823e-05
DCLRE1B,-3.336228629440793e-05
KAT5,-3.33660271740586e-05
THRB-IT1,-3.337241619855639e-05
PTDSS2,-3.3376343392534684e-05
PPRC1,-3.33807179400914e-05
SLC25A24,-3.339897063822804e-05
CLCN4,-3.340335811363119e-05
MTCL1,-3.340829551764886e-05
B4GALT4-AS1,-3.341854865647177e-05
M1AP,-3.343597302418963e-05
CRNKL1,-3.343707428112143e-05
PPIL2,-3.3443639786907004e-05
FADD,-3.346228671578472e-05
ST6GALNAC6,-3.3482944138284645e-05
KY,-3.350667026985535e-05
BTBD11,-3.350935607471775e-05
SECTM1,-3.353954245543256e-05
MRPL20-AS1,-3.354219080216547e-05
SIRT6,-3.354777637808446e-05
AP001160.4,-3.3547785378592905e-05
FSIP1,-3.3555108922248106e-05
CASKIN2,-3.3556561150307836e-05
PSMB5,-3.355809770228175e-05
HCCS,-3.358106146773074e-05
RAB7A,-3.358731342701238e-05
BUD13,-3.35949192418405e-05
KIAA1143,-3.3602661984595024e-05
SMG9,-3.361298441494793e-05
STXBP2,-3.3617325904420096e-05
OLAH,-3.3623878477818924e-05
ZNF267,-3.363223622938568e-05
PCDHB11,-3.3634791292695685e-05
NANOS3,-3.363624363574305e-05
ELOF1,-3.366150703090363e-05
PSMB7,-3.3669237902523994e-05
AGTPBP1,-3.3674361785268495e-05
SEC11C,-3.367477345092401e-05
TWNK,-3.367686450571034e-05
AP5B1,-3.369310933877365e-05
LGALSL,-3.3701906542453736e-05
ZBTB42,-3.37147977414366e-05
CEP44,-3.3729398424920153e-05
CSTF2,-3.3752033425828225e-05
ACKR1,-3.3773339796184344e-05
RRM1,-3.377648124923019e-05
PRKCI,-3.3781717173144467e-05
OLA1,-3.378605246473547e-05
TMX1,-3.378845663529327e-05
MYO3A,-3.3809264535365246e-05
CSNK1E,-3.382528868906866e-05
ETV7,-3.383617380390468e-05
APOL6,-3.386942503766736e-05
NCOR1,-3.387850461405932e-05
COPS9,-3.388539095248267e-05
CYSLTR2,-3.3889734194698134e-05
MIR200CHG,-3.3899851161687324e-05
FOXJ2,-3.393428635567267e-05
YTHDF2,-3.397897699574253e-05
DCAKD,-3.400154333316338e-05
ZDHHC9,-3.400308136814109e-05
ALG11,-3.4008143440885455e-05
KCNRG,-3.4015952497689166e-05
TXNDC5,-3.402813317710118e-05
WNT3,-3.403271663133524e-05
CNOT9,-3.4034340303134284e-05
CCDC85C,-3.404012423447084e-05
SNIP1,-3.404506264638068e-05
USP37,-3.404748066590408e-05
GTPBP1,-3.404984526534176e-05
FAM171A2,-3.4054571660604314e-05
CHEK2,-3.410007058975091e-05
KCNJ10,-3.410618266813214e-05
C1orf210,-3.411262592354874e-05
PHF5A,-3.411916151239283e-05
CNOT3,-3.414486398535921e-05
NOP14,-3.415897341270601e-05
DNAH7,-3.417279772841792e-05
DUSP7,-3.4180421523930325e-05
TRIP4,-3.418796712383213e-05
NUDT21,-3.420114246992841e-05
CDC37L1,-3.420336033395628e-05
TTLL4,-3.423011274782908e-05
MXD3,-3.4246331893570275e-05
AP000553.2,-3.4261566833422216e-05
SMDT1,-3.432844121353636e-05
MRPL39,-3.43376537516297e-05
ZNF526,-3.434583313644759e-05
B3GALT6,-3.4347976213268596e-05
GRHPR,-3.4349271241670115e-05
FAM161B,-3.437885428640354e-05
DCAF7,-3.4383622402381376e-05
CDK2,-3.439634433464954e-05
HNRNPD,-3.439872906808869e-05
XRCC5,-3.440690148908624e-05
GPKOW,-3.442447051552004e-05
CAP1,-3.4433097043383245e-05
SCP2,-3.444886730276054e-05
EIF2B5,-3.445971514299092e-05
EMC6,-3.447444777228269e-05
SP1,-3.449887931444927e-05
ZNF473,-3.450379480946763e-05
CNOT10-AS1,-3.4507848546256684e-05
VWC2,-3.454029759215824e-05
CPN1,-3.4541335467108275e-05
C8orf82,-3.454348045797762e-05
KRT17,-3.454601885975222e-05
ACACA,-3.4546859186549995e-05
CCDC13,-3.455349265833048e-05
REC8,-3.455907568189255e-05
DESI1,-3.460032681083145e-05
TTC39B,-3.461493877053306e-05
TPRG1L,-3.462708628148976e-05
ZFAND1,-3.4629012993144094e-05
MTHFD1,-3.46384290431591e-05
PLEKHG2,-3.46506186316937e-05
YEATS2,-3.4652225556337144e-05
SLC39A1,-3.465377387243657e-05
UBL3,-3.465509406561454e-05
RBBP4,-3.466573185553706e-05
CCT8,-3.472006531336486e-05
INSC,-3.4734684487255324e-05
RNASEH1,-3.474640842036583e-05
ALDH1B1,-3.4755517979317704e-05
EIF4G3,-3.476989743391651e-05
ZCCHC3,-3.477241699056146e-05
EPN2,-3.478450530733291e-05
RBP5,-3.478698420247073e-05
DHX37,-3.4795141409852125e-05
ZBTB48,-3.482347803290395e-05
BROX,-3.486024820707044e-05
RAP1GAP2,-3.4865676678696636e-05
SPR,-3.487386817424697e-05
TBRG4,-3.4900708126822704e-05
PRR7,-3.490166538778696e-05
SHCBP1L,-3.4927158011244666e-05
OSBPL10-AS1,-3.4931779607015685e-05
ATF4,-3.4936131640442774e-05
NEK6,-3.494156586898853e-05
TNK1,-3.495595172571835e-05
SNX14,-3.4961694604437586e-05
ARHGEF3-AS1,-3.4964437194092404e-05
ZSWIM4,-3.496546783321005e-05
HEXIM1,-3.499345866081639e-05
ZDHHC6,-3.5001587772401835e-05
PSKH1,-3.500918720421426e-05
CYP2E1,-3.501659229225491e-05
CLCN5,-3.505998058500622e-05
ARFRP1,-3.506873274952132e-05
SLC25A43,-3.508015322973512e-05
G2E3-AS1,-3.508172687994233e-05
EXOC5,-3.5109901668205966e-05
UTP15,-3.511621409642907e-05
SULT1A4,-3.512431982256276e-05
TAF1A,-3.5133040176346385e-05
LSM11,-3.513432829748744e-05
CFAP44,-3.513722942634512e-05
APP,-3.51410691905578e-05
CBX4,-3.5141201723912335e-05
MAST3,-3.514336257818928e-05
REEP4,-3.515032831592458e-05
ZBTB8A,-3.515558749408696e-05
HGD,-3.519046785620966e-05
HNRNPA0,-3.52077483066025e-05
ECT2L,-3.5212155085429e-05
TMEM106C,-3.522136170091021e-05
MCRIP2,-3.5221689994712876e-05
PAWR,-3.5238028882656985e-05
SLC23A3,-3.524661563101339e-05
TSPAN2,-3.5283649325097326e-05
GP6,-3.531803437738305e-05
LDLRAP1,-3.533344811874282e-05
PITRM1-AS1,-3.533735118429107e-05
FBXO28,-3.533965004040759e-05
DCTN2,-3.533978248183663e-05
DPM1,-3.536318283903997e-05
MEA1,-3.537672661459448e-05
SNORC,-3.539495982888826e-05
NCBP1,-3.539616597751897e-05
BRAT1,-3.540087877715685e-05
PAK6,-3.541723778527904e-05
DOCK6,-3.5433905807348397e-05
LSS,-3.5441707356079846e-05
MYD88,-3.544607618691671e-05
PDE6D,-3.544736055847429e-05
CHID1,-3.545197016195372e-05
FGD5-AS1,-3.5483200004112066e-05
GAPVD1,-3.5499515018486266e-05
URM1,-3.550047750377863e-05
ELAC2,-3.550801830862007e-05
GREM1,-3.5516400988065015e-05
UMPS,-3.552174053582201e-05
PCDHB2,-3.554741869116253e-05
HDAC9,-3.555739888122674e-05
GALNT2,-3.556668268906313e-05
POLR2D,-3.5584497097994675e-05
IL19,-3.559047829693345e-05
ITPRID2,-3.5612915341693464e-05
CCDC114,-3.563054181969289e-05
CDC42EP2,-3.5668156976159e-05
LRP5L,-3.567581828894134e-05
TERC,-3.5681130015200415e-05
B4GALT4,-3.568125034806307e-05
MIR663AHG,-3.570668545980137e-05
RCC1L,-3.57087114962164e-05
TMEM256,-3.570878324869554e-05
ATP6AP1,-3.571576291227077e-05
WBP4,-3.573010826400564e-05
ZNF341,-3.574709142135678e-05
CLN8,-3.57776455723978e-05
ACKR2,-3.582605444591836e-05
TMEM63B,-3.58269813141752e-05
MKNK2,-3.5858528618359793e-05
CSTF1,-3.5861720884956954e-05
BORA,-3.5862818757246554e-05
GALNT4,-3.586612496028062e-05
MIR4300HG,-3.587221019617517e-05
TMEM74,-3.5923652928004376e-05
DHX16,-3.595432572265946e-05
HGH1,-3.596096630185862e-05
RAB40AL,-3.597982358311191e-05
PSMC1,-3.598043468308433e-05
CHDH,-3.600103486661595e-05
DDX46,-3.6010211640905026e-05
METTL2A,-3.601492036433268e-05
RAB11FIP5,-3.6023931718596776e-05
AP001816.1,-3.6032417335118906e-05
RNF213-AS1,-3.603817610365044e-05
RELN,-3.6039376844178826e-05
SOX30,-3.605619086845408e-05
PI4KB,-3.605711533137666e-05
SRPRB,-3.606055847796847e-05
PRG4,-3.6092130071272505e-05
ANK1,-3.6113783681326726e-05
EVA1B,-3.611434085343895e-05
ITPA,-3.6129184880684884e-05
ZNF8,-3.613378633434002e-05
DCST1-AS1,-3.6146617294363794e-05
GOLPH3,-3.6147040693338115e-05
C10orf67,-3.6158967090092485e-05
ZNHIT2,-3.616117897770581e-05
TPM1-AS,-3.618200404264852e-05
TMEM125,-3.618753825949722e-05
KIAA0895,-3.619577682954433e-05
SPTBN2,-3.621152684295822e-05
HRCT1,-3.623429619736333e-05
CPXM2,-3.62572536265073e-05
PAX9,-3.626006308719586e-05
LIPC,-3.6293118575060184e-05
KPNA6,-3.630538640937601e-05
TNFSF9,-3.6312381055094956e-05
MFSD14C,-3.6321317220603525e-05
UHRF1BP1,-3.63301382606943e-05
ALDH4A1,-3.633644593503317e-05
MYO1D,-3.6343651219002755e-05
GOT2,-3.637402906070225e-05
RNASEH2C,-3.639123206366092e-05
TMEM208,-3.6425259426981746e-05
NPTN-IT1,-3.6450521701910464e-05
HAUS7,-3.649534317670916e-05
NUMA1,-3.651564429224518e-05
NNT-AS1,-3.6522028167689996e-05
MYLK,-3.6528159643116394e-05
CEP162,-3.65479601116804e-05
B3GNT9,-3.6556403698016944e-05
SFRP1,-3.6561995272391985e-05
PPP1R7,-3.6564117839365155e-05
CAPN11,-3.656563784792073e-05
LMNTD1,-3.656597634657666e-05
SULT6B1,-3.656600482880614e-05
BRD4,-3.6581697811177766e-05
PLEKHF2,-3.6589808836466796e-05
THSD4-AS1,-3.659084517882597e-05
PRRG2,-3.660146546026306e-05
EIF3K,-3.6624630474116254e-05
GSS,-3.664897783669861e-05
MRPS16,-3.6659233315476506e-05
RECQL5,-3.6682088642230314e-05
UNC5A,-3.669304393335047e-05
PHB2,-3.6751119906502005e-05
HMCES,-3.675775231338418e-05
MTURN,-3.67671251946012e-05
EIF4EBP1,-3.676917492536564e-05
RFC2,-3.677914800629978e-05
IGSF1,-3.679359080841972e-05
APMAP,-3.6811425767829966e-05
TSTD1,-3.682931225947715e-05
PLAC1,-3.6841038672934926e-05
ZFP62,-3.6841076261436715e-05
EI24,-3.686030670746152e-05
OSBPL7,-3.686535383170771e-05
PGBD2,-3.686668263964021e-05
SERPINB8,-3.68699417809641e-05
ABITRAM,-3.687469649165749e-05
MRPL15,-3.6875388357569114e-05
ZNF185,-3.688375390042614e-05
RETREG2,-3.6890088605342634e-05
PPM1N,-3.692294489918912e-05
PPME1,-3.694755400998814e-05
RBM3,-3.6980752494956885e-05
PCOLCE,-3.699335442820152e-05
DCLRE1A,-3.7005206637592246e-05
CCT4,-3.701359484628121e-05
FKBP1B,-3.702255645791073e-05
DCDC1,-3.70434363649749e-05
ACTG2,-3.7049302920514224e-05
HNRNPU,-3.705140376006131e-05
CLDN12,-3.708932609500289e-05
CES2,-3.7089814005089127e-05
OPA3,-3.709575905574011e-05
FAM162B,-3.711871165821893e-05
MRPL38,-3.712486907225478e-05
TGOLN2,-3.713754565703718e-05
DUSP1,-3.7152839616002774e-05
USP8,-3.715431643353778e-05
NXNL2,-3.717280793534304e-05
IQUB,-3.720820405340552e-05
VPS37C,-3.723802070923126e-05
RPUSD1,-3.728266023901698e-05
COX7A2L,-3.731091496779688e-05
ABCC11,-3.732876390875734e-05
NUDT16,-3.7334964055389344e-05
EIF5,-3.735412130736127e-05
Z84484.1,-3.7374698439047894e-05
PSMA5,-3.74206075017935e-05
EMD,-3.745483022258248e-05
AMOT,-3.7467460784277364e-05
RAP2C,-3.747677391336791e-05
DNMT3B,-3.751063293304026e-05
TOB2,-3.7513744801055226e-05
EZH1,-3.752669955174286e-05
MLF2,-3.7527654557586174e-05
COX17,-3.7533112193591136e-05
QSER1,-3.754756361527676e-05
MLST8,-3.756591360939522e-05
SPCS2,-3.7607403564683916e-05
SOX2,-3.7625668497136695e-05
INTS2,-3.763229082371691e-05
CASC20,-3.7638228770431595e-05
NCAPH2,-3.764219392461566e-05
VAMP5,-3.764659060743762e-05
ZNF600,-3.765122259867159e-05
CSNK1D,-3.767909169646494e-05
ARR3,-3.7694190596613885e-05
CYP4F22,-3.770338603125418e-05
SAC3D1,-3.771053553349288e-05
FAM207A,-3.771703755737633e-05
YY1,-3.772816239924664e-05
TRIP6,-3.772877779826269e-05
PDE4C,-3.773779429888241e-05
GBA,-3.774165873189819e-05
GSTCD,-3.7744819203574886e-05
CITED2,-3.774629481323966e-05
TARS2,-3.775556094446427e-05
TNFAIP8L1,-3.777323947787235e-05
SDF2,-3.779251540428785e-05
TIMM17A,-3.779854966875388e-05
GPBAR1,-3.7803354683592274e-05
FANK1,-3.781394939530589e-05
CDC42SE2,-3.781552451088991e-05
HSPBP1,-3.7819816408126505e-05
SMCR8,-3.782836116014464e-05
IMPDH1,-3.783097332016119e-05
PHKG2,-3.7835658688241604e-05
USP2-AS1,-3.7854421537878416e-05
GINS2,-3.785964848000527e-05
BTBD7,-3.786696639113829e-05
LBX2-AS1,-3.787414465059307e-05
PHB,-3.787723194658017e-05
KRTCAP3,-3.788194093913103e-05
SSNA1,-3.7890423974937946e-05
PLD1,-3.7895824411406365e-05
PABPC5,-3.790281594824677e-05
PCK1,-3.7904233340821696e-05
ANXA5,-3.79308697200404e-05
ZNF678,-3.794077656884366e-05
EIF3L,-3.79605946104764e-05
PIGH,-3.7973166600195726e-05
ESPL1,-3.798225241414895e-05
MEX3C,-3.799904629909353e-05
AP001116.1,-3.803570348593701e-05
DEAF1,-3.804868794491277e-05
ZNF598,-3.80613124394093e-05
PPP1R10,-3.808375640273836e-05
ZHX2,-3.809766247943334e-05
ANKRD9,-3.810458410942245e-05
CPSF1,-3.812350305126647e-05
HIST2H4B,-3.813900396049187e-05
PHKA1,-3.814915417474835e-05
STRC,-3.8155519899402e-05
C12orf50,-3.817691933227847e-05
BAK1,-3.8190518116864406e-05
SYNE3,-3.820934817222995e-05
MTERF3,-3.820996287431126e-05
TCN1,-3.821521803395339e-05
RAB38,-3.82261010896314e-05
CASC11,-3.825375182052237e-05
BAG5,-3.8261583283893324e-05
IQCJ-SCHIP1,-3.8262684286366774e-05
PRKD2,-3.827145748855213e-05
IARS,-3.827737474415677e-05
SRRM1,-3.828673700204261e-05
ALDOC,-3.831197881403294e-05
BIN3,-3.8316261575671405e-05
ATG5,-3.8316664658059985e-05
RMND5A,-3.8316882438224763e-05
MGRN1,-3.8332386455757896e-05
BACH1-IT2,-3.8354362589968e-05
PATJ,-3.835605126815e-05
PDCD10,-3.835726988953346e-05
AIMP1,-3.836889361824262e-05
CLEC4E,-3.83704949825616e-05
DZANK1,-3.83754649446084e-05
SLC29A3,-3.83971530082369e-05
TMCO1-AS1,-3.840444776978977e-05
SMURF2,-3.844915263179143e-05
GRWD1,-3.845178947657189e-05
KDM5C-IT1,-3.8452915007478495e-05
HTATIP2,-3.845340971097427e-05
URB2,-3.8454591923337224e-05
HSD11B2,-3.846063009062428e-05
NFKBIB,-3.8464263478002575e-05
WDR89,-3.84673698893823e-05
MTHFD2,-3.847031798373288e-05
PDCD2,-3.848277961789874e-05
GLE1,-3.850048678117315e-05
RADX,-3.8503094216250436e-05
SULT1A3,-3.85195568554547e-05
DTX1,-3.852262484212953e-05
SLC9A8,-3.852927610865711e-05
ACTL6A,-3.8532306839698537e-05
FAHD1,-3.853550055789653e-05
TIMM22,-3.854478023451932e-05
CNPPD1,-3.8553005577367515e-05
RHAG,-3.8555223103380225e-05
MAN2B2,-3.858651071220644e-05
DGKA,-3.860844362310533e-05
ZNF428,-3.863647927818943e-05
VSTM5,-3.8636665721781806e-05
SERPINA3,-3.863961712588423e-05
TBC1D23,-3.864100841716546e-05
ESPN,-3.865440922027019e-05
TTC29,-3.866222824414366e-05
MRPS15,-3.8663029326786394e-05
UPK1B,-3.866505682324843e-05
AP4M1,-3.866788518125863e-05
MAGOH,-3.867314846791518e-05
SNRPB2,-3.8674276583279e-05
EFCAB10,-3.8680191357746925e-05
Z82243.1,-3.870026480899417e-05
PTPRK,-3.8708577383e-05
UBXN4,-3.87102052360523e-05
PSME3,-3.871093227280744e-05
POGLUT3,-3.871844210424712e-05
ZNF398,-3.87258681831125e-05
FEZ2,-3.873938114036873e-05
UTP18,-3.877241519566946e-05
NKIRAS2,-3.88008490439852e-05
FZR1,-3.8832726782335754e-05
LAMA5,-3.883773316389178e-05
MON1A,-3.883955006533784e-05
CNGA4,-3.8846485459041036e-05
LURAP1L-AS1,-3.884779478125698e-05
CASP3,-3.8851254788226946e-05
RIC8A,-3.88600246945975e-05
SLC25A22,-3.8879623604228455e-05
PRRT2,-3.8885869881030764e-05
ACOT1,-3.89216854154446e-05
SPTLC1,-3.8932392003921266e-05
GALR1,-3.8935964094764545e-05
REP15,-3.893762079597195e-05
VWA1,-3.894259665804128e-05
ERI1,-3.89666894140398e-05
EPHB4,-3.901910633713362e-05
HIST4H4,-3.9038343802073454e-05
CEACAM7,-3.9060971867081165e-05
HNRNPA1P48,-3.90637235687048e-05
HIST1H1E,-3.907444962940027e-05
RFC5,-3.910198534633574e-05
FGFRL1,-3.910633349792049e-05
FAM110A,-3.9111312104265025e-05
FARSA,-3.911626650194859e-05
HIST2H2BE,-3.913828839013132e-05
SCAT2,-3.9143201428639625e-05
FEM1B,-3.914519399251424e-05
ATL3,-3.915740844733008e-05
IGFBP7-AS1,-3.917190119537955e-05
METTL8,-3.918699755107838e-05
ZFYVE19,-3.9201133533595795e-05
KCNH4,-3.920420221099071e-05
SYF2,-3.920872136509744e-05
CLPP,-3.9228170276717684e-05
SLC25A32,-3.9233749276297605e-05
MDC1-AS1,-3.923399857823176e-05
KLF16,-3.924527724311474e-05
OTUD1,-3.924846778305723e-05
C6orf89,-3.9252970552132446e-05
NUDT18,-3.9270419545726267e-05
TECPR1,-3.9299178917891046e-05
TMEM44,-3.93247447790075e-05
PPP1R26,-3.9342840530008934e-05
COMMD4,-3.936097175344056e-05
PDE6G,-3.9362346886028244e-05
RPP25,-3.9382965877993855e-05
TIMELESS,-3.938723915995042e-05
SUCLA2,-3.938739321521129e-05
KBTBD4,-3.9398929334249534e-05
RUVBL1,-3.940375207913339e-05
MKNK1-AS1,-3.9412348120580575e-05
TPRA1,-3.942010372638466e-05
FAM126A,-3.942250698039747e-05
H2AFV,-3.9434002376915995e-05
TNNC2,-3.943882174589182e-05
BGLAP,-3.944076027339184e-05
SHARPIN,-3.944096394206665e-05
STAG1,-3.944876101557073e-05
HAVCR1,-3.944982185689125e-05
DHRS7,-3.945371190372292e-05
ADAMTS9-AS1,-3.9472002249670994e-05
EDEM2,-3.948954261930634e-05
IQCC,-3.9498127823920075e-05
MRPL9,-3.9507209076000436e-05
CFAP52,-3.954348706417832e-05
AFF4,-3.954700051979367e-05
CTDNEP1,-3.9549548080361474e-05
TNFRSF6B,-3.959138051378298e-05
KCNK10,-3.959528853108036e-05
ZFPM1,-3.9600247418876836e-05
UPF1,-3.961983469576151e-05
ZNF581,-3.964525496889243e-05
PSMD13,-3.9646615764454494e-05
DRC7,-3.965198203051412e-05
SNX8,-3.967878355614127e-05
CD58,-3.968944738348771e-05
CCDC8,-3.968967669538869e-05
PLCB3,-3.970253870670261e-05
PLCG1-AS1,-3.970448674691091e-05
PPP1R12C,-3.971784507745936e-05
ST13,-3.972773771327516e-05
HCAR1,-3.973708539219575e-05
SEC14L2,-3.9770552383746797e-05
CMAS,-3.977506296931867e-05
TTLL8,-3.979762039011958e-05
PHF12,-3.980756156251225e-05
RARA,-3.9811188229591936e-05
CFAP77,-3.981206793925823e-05
MRPS12,-3.982469807145633e-05
IYD,-3.982938352228942e-05
ANKRD36,-3.9853110616937315e-05
CMC4,-3.986685794177608e-05
FSCN3,-3.9872956019269216e-05
TMEM267,-3.988421374817365e-05
MED20,-3.989136056875239e-05
CCDC33,-3.991513436711475e-05
SLC25A39,-3.9939580975071076e-05
ABHD12B,-3.9948318694713446e-05
AP005329.3,-3.9985891501653916e-05
COA3,-3.998727935732865e-05
MAPKAPK2,-3.999145601573491e-05
PCIF1,-3.999600281207807e-05
SPDYE21P,-4.0015565384174674e-05
EIF3G,-4.0016760950265545e-05
NOL8,-4.002947973782873e-05
LAPTM4A,-4.0030988754025346e-05
TIMM10B,-4.0045178009168285e-05
CYSTM1,-4.005800669954788e-05
PRPF3,-4.007713404960953e-05
SPCS1,-4.008094787382956e-05
CCNB3,-4.00878629884951e-05
LRRIQ4,-4.00902816567425e-05
MOK,-4.011595799856698e-05
ILRUN,-4.011834346064741e-05
CDC27,-4.012217600409767e-05
MIB2,-4.013425316393539e-05
SLC4A2,-4.014716714159465e-05
USP42,-4.015324594970526e-05
ENTR1,-4.015366965443735e-05
CP,-4.017454072626239e-05
DDT,-4.019138037576986e-05
CASP8AP2,-4.021780416607959e-05
C9,-4.023998975215885e-05
KCTD5,-4.0248028264387783e-05
DUSP3,-4.029635488292538e-05
DAAM1,-4.030249950941107e-05
PYCR2,-4.031339454672269e-05
NUP155,-4.033699030981639e-05
P3H2-AS1,-4.034358506620765e-05
PGLYRP2,-4.034795790616647e-05
AP000753.2,-4.034806436989982e-05
SEC61A1,-4.036893656042484e-05
WASHC5,-4.039266823765544e-05
MRPL22,-4.043641023191578e-05
IMPA1,-4.043906326908113e-05
KLF10,-4.044638605812938e-05
AGPS,-4.045782919538653e-05
LYRM2,-4.04605095975181e-05
STK11,-4.0466483241570534e-05
XXYLT1-AS2,-4.0467282561133566e-05
WTAP,-4.050388334854461e-05
KDF1,-4.050564903895418e-05
STK32C,-4.05355754668978e-05
CNPY3,-4.054225158931646e-05
DUSP18,-4.054930077648414e-05
CARD6,-4.058277263030847e-05
ZNF622,-4.059541751372524e-05
PPP2CB,-4.059822534599338e-05
MICAL1,-4.061719743197037e-05
IRF2BP1,-4.071337242874415e-05
NLGN1,-4.071488521717977e-05
DNAJC12,-4.0743053372506636e-05
GSR,-4.0752130017559075e-05
GPA33,-4.0793314483783674e-05
TSN,-4.0798573010527195e-05
MTMR8,-4.081942477393505e-05
ZNF669,-4.0827243436364986e-05
Z92544.2,-4.0875536537317604e-05
PEG13,-4.088643276552112e-05
DAP,-4.093069799296912e-05
CRKL,-4.095480602896551e-05
RAB44,-4.097033223546456e-05
PNPT1,-4.097097589221999e-05
EXOSC4,-4.099415066632474e-05
CNEP1R1,-4.100346435999706e-05
DCTPP1,-4.101326795631851e-05
DEPP1,-4.102028741410732e-05
DUS1L,-4.1031102024402816e-05
HUS1,-4.110151006420685e-05
CCDC22,-4.111392027005853e-05
ADCK5,-4.1130939265640974e-05
PCMT1,-4.113836546289392e-05
UGT2B15,-4.1152286279337375e-05
IL13RA1,-4.117063758166587e-05
SMC3,-4.1182171927177545e-05
PCDHB10,-4.1188592333400034e-05
PARL,-4.120377881074752e-05
STOML1,-4.12051625790915e-05
AIP,-4.121924036405813e-05
SLC35A1,-4.1235311182367235e-05
MRPL57,-4.124284541907812e-05
UBR5,-4.124548743562463e-05
AP001267.1,-4.129218861111269e-05
NDUFC2,-4.1296859467003086e-05
CDK5,-4.1306329155151425e-05
C9orf78,-4.131670622903426e-05
HIST1H2AH,-4.133320570826011e-05
NANS,-4.13482071394617e-05
SLC39A14,-4.1354134982839695e-05
TADA2A,-4.1375522476878225e-05
IGF2BP2-AS1,-4.1416679882066184e-05
GFOD2,-4.1459926435749524e-05
NUDC,-4.1491777557438466e-05
RNASEL,-4.151244617893483e-05
RAD51B,-4.152062493978617e-05
CDK7,-4.154271690227166e-05
SNX3,-4.154591154645768e-05
CAMTA1-DT,-4.155084249181569e-05
MAF,-4.15682425864162e-05
STX3,-4.159530484551719e-05
NOP16,-4.161116195911641e-05
RABGAP1L,-4.161373457548212e-05
ZSCAN31,-4.161707342929643e-05
CCDC57,-4.1623689990753726e-05
MRPL58,-4.164080695716187e-05
KCTD10,-4.1656445971483994e-05
DOP1B,-4.16569303954101e-05
FP700111.1,-4.165982161463046e-05
RPUSD2,-4.1668357585356306e-05
HPSE,-4.168309659291551e-05
IBTK,-4.1695331028640005e-05
SYS1,-4.1710021270995435e-05
BBC3,-4.1730159152670164e-05
LYPLA1,-4.1736263477007595e-05
HCFC1,-4.174669257975883e-05
SREBF2-AS1,-4.175596453809544e-05
ZNF525,-4.175804301546553e-05
AKR1D1,-4.176167692427722e-05
HYDIN,-4.176556182816787e-05
MIGA2,-4.176971186398989e-05
HPCAL1,-4.177038705378292e-05
ARFGAP2,-4.18616303605502e-05
CLIP3,-4.192860280660324e-05
ME1,-4.19437746020493e-05
HAT1,-4.1953281206530266e-05
CELSR2,-4.195484562284769e-05
CCR5AS,-4.198345826723204e-05
ZNF597,-4.1986463400228333e-05
TMEM11,-4.199851725095409e-05
TM9SF3,-4.2005806764541974e-05
SOX4,-4.205129254955441e-05
FAAP100,-4.205577271844808e-05
YIPF6,-4.208595974487617e-05
NPIPB12,-4.208603421941756e-05
PIGW,-4.2090991037000957e-05
EP300-AS1,-4.2095396459026086e-05
CCDC173,-4.210255025259235e-05
ZNF746,-4.2115654248479705e-05
ACBD3-AS1,-4.212412820723604e-05
IGF2BP1,-4.214560289006164e-05
EEF1E1,-4.216179825291774e-05
MINDY2,-4.217070734783558e-05
TMEM9,-4.217543649040945e-05
SMG1,-4.2179781832805084e-05
ASPN,-4.218871211333359e-05
FLNB-AS1,-4.221715999079846e-05
PIAS1,-4.227553352445e-05
DR1,-4.228858938258218e-05
HOXB-AS3,-4.230658114887987e-05
PANK2,-4.2307610964684586e-05
IGFL2-AS1,-4.231920472117036e-05
MARCKSL1,-4.232797176307933e-05
DHRS13,-4.234961489081127e-05
TMEM181,-4.237076233639719e-05
ATP5MC2,-4.238108658926596e-05
TRIM17,-4.238241337717928e-05
SGSM3,-4.2400692504383326e-05
HMGCS2,-4.240894376840731e-05
TUT1,-4.2422816495805356e-05
PYCR3,-4.2425952250102285e-05
VPS26A,-4.242662567798576e-05
INTS7,-4.2439675930735006e-05
PRKAG1,-4.244048715035813e-05
EFCAB14-AS1,-4.246456272828132e-05
ORC1,-4.246791097959906e-05
UNC5B-AS1,-4.248688477143457e-05
LPP,-4.249809849751693e-05
FAM120AOS,-4.251313940302587e-05
TLX1NB,-4.252414258899174e-05
EFCAB14,-4.252444354315647e-05
DHCR7,-4.253454089556709e-05
SNX29,-4.25733216951708e-05
SORT1,-4.2573324040708736e-05
ANKRD65,-4.2576396685726334e-05
TRAPPC1,-4.25826681796759e-05
GDNF-AS1,-4.261713186099668e-05
MAD2L1BP,-4.2620851988447005e-05
SNHG5,-4.2670780562920374e-05
ADAR,-4.2682033600145814e-05
CFAP61,-4.269020665373861e-05
FAM180A,-4.26922040861953e-05
R3HCC1L,-4.272540890132211e-05
HAPLN3,-4.2753160666523436e-05
SAMD9,-4.2808701129570025e-05
SMUG1,-4.2811187312899994e-05
LLPH,-4.2817572854015614e-05
PELP1,-4.282792887075412e-05
NEDD9,-4.286101635995081e-05
SMAD7,-4.287694514507538e-05
YKT6,-4.287813638826191e-05
MTCH2,-4.288510091413903e-05
STOML2,-4.289023824198227e-05
SLC35D2,-4.2897456868846716e-05
MAP1LC3B,-4.289977126563778e-05
CCNT1,-4.2917178879144965e-05
IST1,-4.293127438855394e-05
ANP32A,-4.295618249758159e-05
PDCL3,-4.297995570362201e-05
APLNR,-4.300125341346371e-05
FIGNL1,-4.300848723254883e-05
NUDCD3,-4.301050969021079e-05
CLCA4-AS1,-4.302219020984566e-05
MFSD14B,-4.3031388588456485e-05
MGAT3,-4.305939428176713e-05
MADD,-4.3064760963825637e-05
GCH1,-4.3065022967349616e-05
DYNLL2,-4.3070463850010525e-05
BTG3,-4.3080093780198906e-05
IQCM,-4.3108346842237495e-05
ADGRG1,-4.3127685814834924e-05
EIF2S1,-4.3140612101988734e-05
ZC3H12A,-4.316434596146374e-05
SPDL1,-4.3201279708451735e-05
USP10,-4.321008979511417e-05
SLC25A1,-4.321920620880784e-05
TRIM36,-4.3219866993460275e-05
TLNRD1,-4.322333471213739e-05
SLC22A18AS,-4.323803289369631e-05
MAN2A2,-4.3239419356944844e-05
FBXO11,-4.328720236622768e-05
LYPD1,-4.329155439344698e-05
FAM83G,-4.329961276280577e-05
TMEM104,-4.330488211876396e-05
LRRC8E,-4.331008467638677e-05
AP001160.2,-4.333432031019929e-05
AMMECR1L,-4.334195647958623e-05
SPRED1,-4.337906187271625e-05
TIMM8B,-4.340265484562298e-05
FAM217A,-4.340712842981016e-05
AP000331.1,-4.3432037064981564e-05
APOE,-4.343322719087574e-05
MIS18A-AS1,-4.345636089954115e-05
EDAR,-4.346378497395564e-05
C3orf80,-4.3468973673785795e-05
PIDD1,-4.3474422681392976e-05
JTB,-4.350937469833406e-05
WFDC10B,-4.350972558846487e-05
SYNJ2BP,-4.3529824323653536e-05
INAFM2,-4.3532475060903866e-05
YME1L1,-4.3546092345068e-05
E2F3,-4.354636924411779e-05
HIST1H1D,-4.355493203555293e-05
HES4,-4.356568715435015e-05
LRPPRC,-4.357707335224753e-05
ATP5MC3,-4.35874694619441e-05
ZNF511,-4.358903095104815e-05
TSPAN7,-4.3604605234682966e-05
RBM39,-4.362412017615191e-05
ESRP2,-4.363361113605489e-05
CHRNB4,-4.365035115830326e-05
RPH3AL,-4.366436716737045e-05
HTR3E,-4.367543766998093e-05
ZGRF1,-4.3678236366160176e-05
OGFOD2,-4.367846449064256e-05
PFN2,-4.3681939908904475e-05
AP005899.1,-4.368565698791516e-05
CNKSR1,-4.3700800461207434e-05
PSMA6,-4.370949165903627e-05
CXCL1,-4.370981103527589e-05
TAF6,-4.37118081559944e-05
HIST1H2AE,-4.377164494262323e-05
ATP5F1B,-4.3792583701956076e-05
SEC24C,-4.380434456301757e-05
PDCL2,-4.3822268988654675e-05
B4GALT1,-4.3827098840710883e-05
SNX7,-4.3831434801993334e-05
TLE1,-4.385973371283517e-05
TBC1D25,-4.387677768675821e-05
RRAGC,-4.387932161569329e-05
FAM126B,-4.394907348122377e-05
MYO10,-4.3984773268741645e-05
ZC3HAV1,-4.3999515143474614e-05
CEP250,-4.400133602346968e-05
STK11IP,-4.401207032126273e-05
SPIN4,-4.401563183143286e-05
ALKBH7,-4.401645245129451e-05
SPATS1,-4.4018604682562286e-05
TEP1,-4.402095004472766e-05
ARPP19,-4.402438733008016e-05
APOBEC1,-4.404020448640836e-05
SOD3,-4.407031203408274e-05
VLDLR,-4.4073076969872516e-05
GRAMD4,-4.40732825524119e-05
CCDC85B,-4.4088386392160376e-05
TEN1,-4.409566799953865e-05
SPTY2D1,-4.4108896927587843e-05
C3orf38,-4.411640055181895e-05
FBXO45,-4.412123410426861e-05
FAM27E3,-4.414001727951836e-05
CLDN10-AS1,-4.414310804116689e-05
TRAF3,-4.415958627189028e-05
ZNF106,-4.4165961907022914e-05
DPAGT1,-4.41884196587196e-05
CLTRN,-4.420200407263952e-05
BCCIP,-4.420927241591964e-05
DIP2A,-4.4216759140594955e-05
DNAJC10,-4.423394684986035e-05
NOP53,-4.427901404509693e-05
LSM7,-4.429776911435342e-05
ABCC1,-4.4303464240113785e-05
DNAJA1,-4.4310970402825215e-05
FOXD2,-4.431694521656661e-05
COPRS,-4.432172859292548e-05
DAD1,-4.4334927643734085e-05
KDM7A-DT,-4.43452602830731e-05
DDX47,-4.4349601544547455e-05
POLR3H,-4.435326688806555e-05
SLC66A2,-4.435446258382707e-05
PTPRB,-4.438662501928061e-05
COX7A2,-4.441857252033365e-05
ARF3,-4.443514379527552e-05
FAM136A,-4.444166396279875e-05
PDE12,-4.444442452461302e-05
CIPC,-4.444553404610364e-05
C2CD2L,-4.4447263240108026e-05
STX12,-4.445819216515457e-05
VARS2,-4.448841165936652e-05
PRPF4,-4.4489681523387625e-05
GAS2L1,-4.449506802268464e-05
DGCR8,-4.450275525037154e-05
FIS1,-4.4504022706410834e-05
KCNC1,-4.451218400047788e-05
KIN,-4.452391376534117e-05
CARM1,-4.454182060361489e-05
NUP98,-4.455716131160483e-05
HDDC3,-4.455767567506049e-05
MAPKAP1,-4.455867518064393e-05
DUSP23,-4.456248872486954e-05
CENPP,-4.462295808292008e-05
RAB19,-4.462799294550271e-05
DMTN,-4.4635886963942954e-05
NECAP1,-4.4675765817989876e-05
KRI1,-4.4682428569653104e-05
FCGBP,-4.4691071582017524e-05
TOB1,-4.4695000341416746e-05
ILK,-4.471690536637995e-05
TARDBP,-4.472861469650237e-05
MAP3K19,-4.473980938526781e-05
UGT2B7,-4.475479097295905e-05
PCSK5,-4.478493883971396e-05
PYROXD1,-4.47916696102285e-05
DDX18,-4.480633141430008e-05
CCL14,-4.481560361683134e-05
SMIM15,-4.481748334392258e-05
UBE2M,-4.482066031691273e-05
TCERG1,-4.484381399432016e-05
TP53I13,-4.485353167704908e-05
GDF15,-4.485889122184058e-05
LRRC41,-4.4863883421401496e-05
UCK2,-4.487561298649462e-05
FAM133B,-4.490003627766907e-05
NUDT8,-4.4959011127302544e-05
LTO1,-4.4964230476040554e-05
IL15RA,-4.496826890236808e-05
ZNF799,-4.499792264390479e-05
NUP107,-4.50384053315911e-05
PSMB10,-4.5039540676447434e-05
CAPN10,-4.508333750290115e-05
HAUS6,-4.5084634842859235e-05
UXS1,-4.510435409649737e-05
SH3TC2-DT,-4.511129129624592e-05
TMEM19,-4.511223112620752e-05
OTUB1,-4.514536283452767e-05
JMJD8,-4.515131282363859e-05
RITA1,-4.523585638403616e-05
CCM2L,-4.5248609935745856e-05
MOB4,-4.525338737137705e-05
ZNF706,-4.525703105584493e-05
KATNB1,-4.526325693533881e-05
POLR2J,-4.526726576442976e-05
ZNF121,-4.527808364157867e-05
ZBED4,-4.533824306873664e-05
PAFAH1B3,-4.5353435580656495e-05
ZNF34,-4.5368880377556626e-05
TOMM40L,-4.537885999441923e-05
MED7,-4.538062014895302e-05
PEA15,-4.5384884310493015e-05
DDX60,-4.540628666728159e-05
RAB36,-4.540658810147741e-05
C3orf67,-4.544398768527679e-05
PROSER2-AS1,-4.5453496248379114e-05
TFF3,-4.546463521964714e-05
HNRNPH2,-4.5467222603897883e-05
NDUFA11,-4.54821002319874e-05
KIAA0232,-4.548866101767149e-05
RHOU,-4.5492963651458954e-05
BMP5,-4.5496417781439726e-05
AUNIP,-4.5503043626072265e-05
TBC1D31,-4.5511514023880716e-05
TOR1A,-4.553871898891015e-05
FBXW7,-4.5540820999707415e-05
ABHD16A,-4.55502949074583e-05
HECTD1,-4.558866276135374e-05
PNPO,-4.559605126304119e-05
USP14,-4.5610289727424186e-05
IMP4,-4.562675801310309e-05
NSA2,-4.564124123800533e-05
SRL,-4.5671065749231536e-05
NPC1L1,-4.568979919346485e-05
KHNYN,-4.571406593832276e-05
HECTD3,-4.572875614028051e-05
LAMC1-AS1,-4.573797594712037e-05
EGLN2,-4.573996896907269e-05
MAST2,-4.5745987572353176e-05
ZNF142,-4.575167119379881e-05
NPAS1,-4.575412668056507e-05
ARFGAP1,-4.5754529620638736e-05
ZNF726,-4.576496284116874e-05
CCZ1B,-4.577226108834342e-05
ZCCHC17,-4.580948000513835e-05
MORF4L2,-4.580992687189402e-05
TPCN2,-4.583024500575218e-05
TBC1D22A,-4.585609172824407e-05
LYL1,-4.586861844165022e-05
NR2F6,-4.590054755267655e-05
VAMP3,-4.59140894517073e-05
TPM1,-4.5936262478545235e-05
DGKE,-4.594545888851553e-05
FAM160A1,-4.5975772735787866e-05
POLR2C,-4.598087786028766e-05
BRI3,-4.5991841441992635e-05
LMNB1-DT,-4.600352796639782e-05
PUS3,-4.6008578879554654e-05
ABCA7,-4.6022123503115166e-05
UST,-4.60784792832e-05
ACY1,-4.6090867336638845e-05
G2E3,-4.615855438763757e-05
SRM,-4.616333508608927e-05
PGPEP1,-4.6191537863279264e-05
RABGGTB,-4.621222861721212e-05
GSTO1,-4.6257579159999386e-05
ANKRD27,-4.6284876868127255e-05
C17orf49,-4.630334800131592e-05
TFPT,-4.6305886913541915e-05
TFAM,-4.632983510249046e-05
FAM122A,-4.6331338498022907e-05
RRS1,-4.6336214418858494e-05
CIZ1,-4.6366506996873164e-05
ATP6V0D1,-4.6399268596975276e-05
RLIM,-4.641901781099564e-05
MVB12A,-4.642779844750032e-05
USB1,-4.643108401845046e-05
CNIH1,-4.643370662772066e-05
MAP11,-4.6443546033916164e-05
IDS,-4.6449645939482914e-05
CPNE8,-4.6449718684232564e-05
Z99127.4,-4.6466895064894406e-05
FSCN1,-4.648342698265115e-05
AP002498.1,-4.648887316220271e-05
HOTAIRM1,-4.65112972337272e-05
ABCA5,-4.6519534680105685e-05
NKAP,-4.65212245643779e-05
LRWD1,-4.652427990574953e-05
NUDT12,-4.654120010028491e-05
ENTPD6,-4.655010097407767e-05
EBP,-4.655246437934094e-05
ARF5,-4.6570642186826634e-05
SEZ6L2,-4.660454501946388e-05
ZNF440,-4.6616718430677344e-05
Z98884.1,-4.6619752392431705e-05
L1CAM,-4.663193391680127e-05
ABHD11,-4.6633284747518166e-05
NEK5,-4.6636708318888235e-05
VIPR1,-4.664853419244304e-05
GTF3A,-4.66622327816059e-05
DIDO1,-4.670725604336103e-05
DAG1,-4.671786185078828e-05
CDC42EP1,-4.671973314314793e-05
GNB1L,-4.676753527309496e-05
RGS13,-4.6794265542903245e-05
ITPKC,-4.680630284074135e-05
IL31RA,-4.6831336603377725e-05
FAM20A,-4.684196764025e-05
NDUFV2,-4.699373677613277e-05
MDM2,-4.699989091877635e-05
UBE2I,-4.701551400851828e-05
GACAT2,-4.7021449711911355e-05
PCNX3,-4.702365604144139e-05
GIPR,-4.702387351774719e-05
ATG9B,-4.7034621762111006e-05
SP3,-4.707267669318816e-05
PIM3,-4.708356262923127e-05
ZNHIT1,-4.710374325805307e-05
TXLNA,-4.71282845124107e-05
CHCHD1,-4.713258843179448e-05
GSKIP,-4.715667644091823e-05
SYCE1L,-4.7168185935589536e-05
TOE1,-4.7181787114230105e-05
NFATC2IP,-4.7184961858958497e-05
SUSD2,-4.7198648145660736e-05
RSBN1L,-4.7199648215187845e-05
HSBP1L1,-4.7226235990586507e-05
HIBADH,-4.7265789205599474e-05
BAP1,-4.727083900138017e-05
UCHL3,-4.729900862363497e-05
PSMD10,-4.730047713191032e-05
HIVEP1,-4.732538122889472e-05
PALB2,-4.73797653749758e-05
ZNF251,-4.738027933609051e-05
SOSTDC1,-4.7381288164064184e-05
MRPL44,-4.738742430934752e-05
SMARCD2,-4.746223237886055e-05
NOP9,-4.746254948154084e-05
LRRC45,-4.74670370412928e-05
PSMD11,-4.746747306217511e-05
TRIM16,-4.7483113295520635e-05
KAZALD1,-4.75065019690879e-05
MID1IP1,-4.750799512288395e-05
HTATSF1,-4.753208230372703e-05
AXDND1,-4.7549611664987826e-05
PITPNA-AS1,-4.755738243330452e-05
MAB21L4,-4.755940129434542e-05
COPE,-4.7571380900227086e-05
NEK10,-4.757638588425322e-05
LRRC20,-4.761864141147e-05
PLCG2,-4.76197759708645e-05
RSPH1,-4.76208708728603e-05
GPRC5C,-4.762620774727207e-05
CWC15,-4.765498133901558e-05
MINK1,-4.766639967510088e-05
TRIM14,-4.7675943096266805e-05
WNT7B,-4.767631609724336e-05
ALDH1A3,-4.7703151893750094e-05
TCIRG1,-4.7743184694929476e-05
ZNF823,-4.775018353240574e-05
PTPN11,-4.775252329495701e-05
ICA1,-4.775336721293646e-05
CCT2,-4.776471882318397e-05
NCK1,-4.777551128680403e-05
PRADC1,-4.7787544797791124e-05
LIN9,-4.781666920982057e-05
TMEM120A,-4.782823202958404e-05
CDC42,-4.784895767915092e-05
CYTH2,-4.78573757332783e-05
ANKLE1,-4.786075132355839e-05
FYTTD1,-4.787425971704172e-05
EVI5L,-4.787697408002181e-05
TEX264,-4.7881136366553653e-05
C1orf220,-4.788940760547077e-05
ZMPSTE24,-4.789227512492688e-05
ID2,-4.791416659398639e-05
CATSPER4,-4.7917820266850654e-05
ENDOG,-4.792500043215251e-05
AP001160.3,-4.794211295951224e-05
DPH7,-4.796103118966113e-05
SH3TC1,-4.79699143384277e-05
GALNT15,-4.8001855427989406e-05
SLC9C1,-4.802128835258213e-05
LSM12,-4.802788128565046e-05
CELF1,-4.803344565239009e-05
SNX33,-4.803464044880643e-05
SPEG,-4.805367167076593e-05
MTTP,-4.806907726942454e-05
NUDT22,-4.806961004362212e-05
DCXR,-4.808257596094153e-05
ZMYM1,-4.810356598789674e-05
C14orf119,-4.8103810279120815e-05
SESN2,-4.810869579109855e-05
PHRF1,-4.810963153026647e-05
C2CD4C,-4.812859673630813e-05
DGAT1,-4.813349855846232e-05
RAMAC,-4.8176475894378796e-05
ZBTB11,-4.81915266146953e-05
TMEM59,-4.819845723322934e-05
MRPL17,-4.820834450044996e-05
RBM42,-4.8217330856071695e-05
BRMS1,-4.822439584910265e-05
IL7,-4.823158987145996e-05
CASP4,-4.824993560409061e-05
GRIA3,-4.8283837829897675e-05
SLC2A10,-4.829731769468591e-05
UBE2J2,-4.831210039059389e-05
BAG3,-4.8314259583743266e-05
CHMP3,-4.834861774410514e-05
LTBR,-4.834952211280526e-05
FOXJ3,-4.8356814433427514e-05
MYOM3,-4.8391844768307476e-05
GPATCH1,-4.8416569134391794e-05
SRRM5,-4.8432354269566e-05
DECR2,-4.844208567002041e-05
PRMT1,-4.845211976780467e-05
COA7,-4.845262106053405e-05
WDYHV1,-4.8474784377922745e-05
GCHFR,-4.8513528796229645e-05
LMF2,-4.85136410642185e-05
SKA2,-4.8529309396993196e-05
GABPB1,-4.853633858627498e-05
FANCD2,-4.85418487367159e-05
FRRS1,-4.854509571346816e-05
MCM7,-4.8548680630357884e-05
TPPP3,-4.8548986404928885e-05
PARP9,-4.858088286939502e-05
EIF4E,-4.8583745542361535e-05
LRPAP1,-4.8617595416472236e-05
FTL,-4.863260707794685e-05
DISC1FP1,-4.863631478888196e-05
BPNT1,-4.863856815821316e-05
CARS,-4.864332856910342e-05
TCF25,-4.864334674932823e-05
RMI2,-4.864444916790561e-05
RAI14,-4.866540500891812e-05
NT5C,-4.867354871970047e-05
LYAR,-4.867469658872682e-05
TOR1B,-4.8679430714758496e-05
RNF7,-4.869410196047103e-05
ZPLD1,-4.871866120045324e-05
OSGIN2,-4.872407497432322e-05
SP100,-4.874917362802149e-05
PSMB1,-4.8773756746847696e-05
RAN,-4.8804726637421744e-05
ARL4C,-4.882497623979023e-05
HMGB1,-4.885839656168446e-05
SNX11,-4.886065888940124e-05
ITPK1-AS1,-4.886873853353274e-05
ANKS6,-4.891075865175359e-05
MDC1,-4.8940990115979983e-05
EMC3,-4.894126272409234e-05
CSTF3,-4.895555206346852e-05
MRPL20,-4.8958901616017334e-05
JMJD6,-4.896019784740312e-05
EIF4A3,-4.8966986877854066e-05
OTULIN,-4.896928599837056e-05
AP003068.2,-4.899656737934008e-05
DTX3L,-4.901615617570894e-05
PTPA,-4.905846551591082e-05
ABCF2,-4.911359156161782e-05
RNPS1,-4.9134901307515866e-05
ASIC2,-4.9138041584709407e-05
NCMAP-DT,-4.914627496129816e-05
BAAT,-4.914685308426082e-05
PDCD2L,-4.9170659848790074e-05
BLVRB,-4.917197932628693e-05
PIEZO2,-4.923015413955e-05
PBDC1,-4.9237871595926675e-05
NUMB,-4.924126963251079e-05
SNHG12,-4.92438112493191e-05
RNF139,-4.928201807504745e-05
DNASE2,-4.928543964983616e-05
TMEM102,-4.93507023363343e-05
FBXO2,-4.9364768417111066e-05
IKBKG,-4.937478889330772e-05
FAM32A,-4.942629798294955e-05
SCNN1G,-4.942924967970191e-05
MPL,-4.942944774307853e-05
GGNBP2,-4.945646517201944e-05
UBE2G2,-4.946060391363096e-05
DKC1,-4.946185183665569e-05
SLC25A51,-4.9470949653575584e-05
TENT5B,-4.947490662076388e-05
SCNN1A,-4.9507214311502964e-05
POLR2L,-4.951409146863886e-05
SMC6,-4.951734741680503e-05
FANCG,-4.954372284488565e-05
KHSRP,-4.9549053906706e-05
TOMM7,-4.9563598196051436e-05
ADD3-AS1,-4.958283869544856e-05
FAM162A,-4.960849198624775e-05
MLX,-4.963132901666903e-05
AP4B1-AS1,-4.9644654056882033e-05
ADPRHL2,-4.96604676749661e-05
TBX15,-4.9728815216615095e-05
CHMP5,-4.9769867754706114e-05
CAPZA1,-4.980954562514738e-05
LURAP1L,-4.981096451548482e-05
PTRH2,-4.9832448794617734e-05
SNAPC4,-4.9859203904683555e-05
TDP1,-4.9874649940515595e-05
SLC9A6,-4.993043252940069e-05
LMNTD2,-4.994618619795545e-05
BRD7,-4.994925645458343e-05
DYNC1H1,-4.9950363947810685e-05
PLA2R1,-4.995485691637892e-05
ATG16L1,-4.996582582722659e-05
RHPN1,-4.999008652056899e-05
BTBD16,-4.999298185865394e-05
NOS3,-4.999874841590425e-05
SLC35F2,-5.000083807477948e-05
SUZ12,-5.004260433751196e-05
CCDC107,-5.004465138918711e-05
PLXNA3,-5.0066945550745264e-05
CHST3,-5.0067693051026e-05
NBN,-5.009293226677495e-05
SH3BP2,-5.0114976063423027e-05
EFCAB12,-5.015726630704556e-05
TNFAIP3,-5.0164879746760835e-05
PLA2G4F,-5.0169099538608245e-05
PSMD12,-5.017423027748345e-05
SPINT1-AS1,-5.018299611905844e-05
RREB1,-5.019921800566212e-05
CHD1,-5.020066685748426e-05
C12orf56,-5.020109063028343e-05
CETN2,-5.024316265397617e-05
TMEM9B,-5.0245971000916456e-05
OCLN,-5.0251710430419724e-05
HRAS,-5.025744779687639e-05
FBXO8,-5.0278226968101034e-05
NDUFB3,-5.035181187001919e-05
MMP14,-5.036878524683288e-05
TBC1D2,-5.0370913940248325e-05
METTL26,-5.044749134626993e-05
CCDC190,-5.0510909573928616e-05
PGD,-5.051822224650582e-05
CIAO2B,-5.0525882362453266e-05
CENPL,-5.053051089554833e-05
TMEM86B,-5.0542041032620517e-05
PLUT,-5.0555626069672836e-05
FCN3,-5.056843152456109e-05
TAF13,-5.06295512084747e-05
TFG,-5.064598597945337e-05
SKI,-5.066963682755281e-05
PRUNE2,-5.0682822799722514e-05
GPR22,-5.06864024606676e-05
MAP3K11,-5.0732499608201775e-05
DUSP10,-5.0741365937804616e-05
TMEM167A,-5.074154078743796e-05
C6orf47,-5.0747648747320005e-05
SF3A2,-5.075168539863402e-05
SNHG15,-5.076015388933746e-05
POLA1,-5.0777262577705556e-05
MEGF11,-5.0798445055165705e-05
TMEM59L,-5.08154287369196e-05
ARHGAP23,-5.0841903380786406e-05
SRP68,-5.084856446606525e-05
HAX1,-5.085873074736417e-05
CEBPZ,-5.086740703180854e-05
CAV2,-5.089224256569467e-05
TOLLIP,-5.0911719822203824e-05
DAP3,-5.091696685500956e-05
PNMA1,-5.094871273452067e-05
OR1L8,-5.096620484532473e-05
ATIC,-5.097322376185299e-05
TUBB2A,-5.09972817383445e-05
PSMA2,-5.101661400125156e-05
TMEM127,-5.106763495734711e-05
C12orf43,-5.1093227044468194e-05
C1orf226,-5.110371341052623e-05
MMP28,-5.1112638247813644e-05
SLC10A3,-5.112982262061103e-05
AP001269.4,-5.1140227699901904e-05
ARL16,-5.1175240737556704e-05
B3GNTL1,-5.1187390977935164e-05
DHRS11,-5.120250933663598e-05
RAB1B,-5.1207544146332376e-05
ZNF274,-5.120816555261799e-05
PFKFB2,-5.122434658767448e-05
MBOAT7,-5.1238549505532385e-05
UBE2V1,-5.1241538602606775e-05
ALDH3A1,-5.13361347043483e-05
ACAA1,-5.1353699755399154e-05
CCNI2,-5.135876238698481e-05
UPF3B,-5.145126157037801e-05
SPRTN,-5.1456422715045954e-05
EME1,-5.146239757641944e-05
LIMK1,-5.1497877478880645e-05
GGCT,-5.15052100687129e-05
ANG,-5.151014241163135e-05
BAMBI,-5.151942711154896e-05
CCDC124,-5.1549087038074905e-05
UBA2,-5.155957909584525e-05
TBC1D22B,-5.157018406414593e-05
NECTIN2,-5.1592148639760687e-05
PARPBP,-5.160073589117605e-05
DOCK9,-5.164770860820586e-05
NPTN,-5.165709253035107e-05
PGAM1,-5.166012866982653e-05
MTHFS,-5.16866234760454e-05
GRIN2D,-5.170949675547072e-05
CDC20,-5.171696459699987e-05
PICART1,-5.17244872235261e-05
MSANTD3,-5.1731425607547364e-05
KIF9,-5.176048443897238e-05
SMAP1,-5.178876151541488e-05
BMI1,-5.1807667115920706e-05
TMEM258,-5.18297305107859e-05
YBX3,-5.185606061409548e-05
PIGK,-5.187248024311637e-05
VPS16,-5.1877262817353714e-05
CENPT,-5.188833104625302e-05
MRPS26,-5.190954627034135e-05
ZMYND10,-5.1912651404608124e-05
SLC35B3,-5.194126135444581e-05
SCARB2,-5.194128260509777e-05
PRDX4,-5.194935596652386e-05
RBM15,-5.195267229845178e-05
TRIR,-5.195306392770071e-05
TRPC4AP,-5.1995687050105806e-05
CDC42BPG,-5.2016824686703846e-05
TMEM201,-5.203196526109558e-05
DBNDD1,-5.203910889227602e-05
ZC3H7A,-5.204775142597343e-05
GATAD2A,-5.2057932113894804e-05
PGAM5,-5.20684226842123e-05
PRELP,-5.208799547552966e-05
MFAP1,-5.211150052891369e-05
ZFAND2A,-5.212705820487193e-05
MED23,-5.213699403576472e-05
NVL,-5.2139934334698474e-05
CYP2S1,-5.214763696881568e-05
FUCA1,-5.215633631210445e-05
DNAJC8,-5.21939818313403e-05
NUP58,-5.219745840844689e-05
PITPNB,-5.220969625174375e-05
PPP4C,-5.2242000770248285e-05
P4HA2,-5.224208137776635e-05
SLC50A1,-5.225251706826314e-05
NLE1,-5.226287298063332e-05
ZFP36,-5.231456193253607e-05
XPOT,-5.232104134715828e-05
MRPL18,-5.232228427612836e-05
WNK1,-5.232886796584242e-05
HOXA10,-5.2331408844164914e-05
TNIP2,-5.2334765948045275e-05
ACSF2,-5.2362298569352406e-05
PDPK1,-5.23713374512007e-05
TDRD7,-5.237255962514632e-05
NMB,-5.237743502304691e-05
GIMAP4,-5.242039801997678e-05
NAPG,-5.245224146719173e-05
SPTSSA,-5.248059391865251e-05
GNPTG,-5.248270955179371e-05
THOC3,-5.248332710649923e-05
GPRC5D-AS1,-5.2493153070207565e-05
AP1AR,-5.2500528106826826e-05
YEATS4,-5.2519718396093376e-05
PRKCZ,-5.25394845081991e-05
EME2,-5.2547639774488856e-05
KIAA1549L,-5.259117716146281e-05
TENT4A,-5.259589195211184e-05
CNIH2,-5.2653303632010944e-05
TK2,-5.267136066602676e-05
CANT1,-5.2696365505771365e-05
SPPL2B,-5.27005677750633e-05
CBR3,-5.2704153601884374e-05
ADD3,-5.27183116414395e-05
PDLIM7,-5.273121681868485e-05
DANCR,-5.274468446002839e-05
RAMP2,-5.283195184663256e-05
FKBPL,-5.284243763033809e-05
AP001363.1,-5.2845276209401955e-05
PCDHGA1,-5.2846652131065296e-05
TMEM134,-5.2905865835102395e-05
ATP13A2,-5.292116111596649e-05
CARD10,-5.2933187358057674e-05
MEGF6,-5.295623802103074e-05
CREB3L1,-5.298219694853471e-05
CACYBP,-5.300570309327943e-05
TMEM33,-5.30465299893779e-05
PPIL4,-5.3066145401233625e-05
NUP43,-5.307771842563538e-05
ACYP1,-5.3083755082494306e-05
BIRC7,-5.309796021688651e-05
DCTN3,-5.31700104234475e-05
ZCCHC10,-5.317199359816995e-05
HABP2,-5.317296835217272e-05
RBFOX2,-5.3176262173500744e-05
POMGNT1,-5.3210536929594834e-05
COPS6,-5.321169627346834e-05
KLHL3,-5.3216943878492835e-05
CHAF1A,-5.3226925821661334e-05
RASSF1,-5.322750776650415e-05
DAGLB,-5.323189910908082e-05
PGRMC1,-5.323426694038988e-05
PAK4,-5.324897180439959e-05
ADM2,-5.3274894853798935e-05
FUOM,-5.328141963562186e-05
GANAB,-5.331675688997972e-05
CDR2L,-5.332920121465803e-05
SRF,-5.33409568605365e-05
FBXO46,-5.337494249359191e-05
C4BPA,-5.340693362049593e-05
NT5DC2,-5.340789631739129e-05
RIOK2,-5.3409439277375234e-05
FBXO5,-5.342191222158742e-05
FMN1,-5.344533010469773e-05
TMEM70,-5.345075824408223e-05
OSTM1-AS1,-5.3460402021948114e-05
MPP3,-5.348367719629653e-05
SP2,-5.348532223816755e-05
ACTR5,-5.3491328686822504e-05
BCAP29,-5.34950927058267e-05
CRELD2,-5.35112900765756e-05
MACC1-AS1,-5.352307027423363e-05
ERICH5,-5.353025014176018e-05
SBF1,-5.355391513995099e-05
TAOK2,-5.3583096686904995e-05
MIA2,-5.3594534334358026e-05
ELF4,-5.362459677906437e-05
CAPN12,-5.364723582533855e-05
TAX1BP1,-5.3663955799128575e-05
HIST1H2BD,-5.370025988860992e-05
PPIG,-5.370462160843906e-05
DMC1,-5.370742293785185e-05
FMR1,-5.3722557409547466e-05
SH3GLB2,-5.373063012768694e-05
LMTK2,-5.374265382693565e-05
FAM241A,-5.374462363016379e-05
SKA1,-5.379916999186519e-05
EIF3J,-5.381034121692756e-05
CDC123,-5.381307181913408e-05
FFAR4,-5.381935036707485e-05
EDEM3,-5.385213364135791e-05
SELENOH,-5.389938753263584e-05
BAG6,-5.391465957097378e-05
WBP11,-5.3972375577899216e-05
CPTP,-5.397237865745087e-05
MKRN2OS,-5.400095872565165e-05
LCOR,-5.400211414667504e-05
CKAP2,-5.402658110441582e-05
VPS4B,-5.403904608265957e-05
PIP5KL1,-5.4042862203320576e-05
MCRS1,-5.404611342730603e-05
DVL1,-5.406219958529571e-05
HPS1,-5.406423031787422e-05
GPX4,-5.4077053179889506e-05
LINP1,-5.408424173484585e-05
GCOM1,-5.408884513688833e-05
UBQLN1,-5.418166906405709e-05
TMUB2,-5.4185379532948604e-05
DCLRE1C,-5.4202476005047994e-05
RHBDD2,-5.4234407680932256e-05
PPP2R5D,-5.4279717092247236e-05
POLD1,-5.4322624689533736e-05
PGK1,-5.438493384484317e-05
UBE2L3,-5.4416301118652225e-05
LBH,-5.442318170213657e-05
TOR1AIP2,-5.443189566763365e-05
AP003120.1,-5.444723707495541e-05
TRIM39,-5.4450629872076584e-05
RRAS2,-5.445096561549565e-05
CGAS,-5.4460205134206636e-05
TLR3,-5.4463647036969275e-05
ATP5PO,-5.449134282065045e-05
FOSL2,-5.451101972405616e-05
XPO5,-5.4547205635611835e-05
SH2D4A,-5.454754515625029e-05
TSEN54,-5.458352959524283e-05
SH3PXD2A-AS1,-5.459188975339059e-05
SLC5A9,-5.4677509310025854e-05
AVL9,-5.4700966185261675e-05
LPAR5,-5.4724730460949363e-05
KRT86,-5.475288672937304e-05
ATG4B,-5.476540662537723e-05
ZPR1,-5.4773175073343e-05
TMEM62,-5.478734267456402e-05
H2AFJ,-5.479850272445816e-05
PARP2,-5.481668196478505e-05
NDUFA1,-5.482737301829928e-05
HOXA1,-5.483143963147242e-05
LNX1,-5.484379385398387e-05
DHCR24-DT,-5.4849653766642916e-05
BMP2,-5.486661489441876e-05
LRRC23,-5.4912786665303474e-05
CCDC71L,-5.492727469670053e-05
ISG20L2,-5.493982795639359e-05
CKAP5,-5.501053861236326e-05
TMPO-AS1,-5.501245541758352e-05
ADGRE5,-5.50146905059933e-05
UBE2R2-AS1,-5.501667874032219e-05
PPP1R14A,-5.502969539515786e-05
MYADM,-5.504545647991036e-05
TIMM8A,-5.51413104702162e-05
PDCD6,-5.516830919255797e-05
CEP78,-5.5185400051397887e-05
MYC,-5.5225735992425934e-05
IKBKE,-5.52645222354066e-05
JRK,-5.526473481345755e-05
GART,-5.526966091944504e-05
MPHOSPH6,-5.5273166198182804e-05
FAM76A,-5.5280578425158925e-05
TSEN15,-5.529386487138374e-05
SUV39H2,-5.5303945163282576e-05
CBX1,-5.5368449577946515e-05
AK4,-5.5374340649899526e-05
ADGRF4,-5.542662061220078e-05
ABO,-5.542778267782855e-05
MRPS10,-5.545212157528014e-05
C1RL-AS1,-5.546149023239902e-05
PCBD2,-5.54819461226973e-05
ARPC5L,-5.5518310698071416e-05
ACOT6,-5.556539621448687e-05
FAM72A,-5.5571745091577575e-05
DNAJC4,-5.5583873301528084e-05
PEX26,-5.562825169361898e-05
MMADHC,-5.5636804391832075e-05
CREB1,-5.564089679086459e-05
ASPH,-5.564750914520587e-05
GNL3,-5.566792329022281e-05
FIBP,-5.566950331457815e-05
BMS1,-5.5684502792318635e-05
ZC3H18,-5.57064857701566e-05
ATP5MF,-5.5718196733220735e-05
EML2,-5.5755265605439834e-05
SMC1A,-5.578310012068203e-05
CHIC2,-5.5819515693219615e-05
CTSS,-5.582210484087815e-05
ITGB1-DT,-5.586804094050322e-05
SRI,-5.5874287141920634e-05
HSD17B2,-5.5876095607724433e-05
VBP1,-5.588205044850603e-05
PKIB,-5.591433051515881e-05
TTC7A,-5.5957392391766086e-05
CLPX,-5.595924260417987e-05
GALNT1,-5.597658052012495e-05
KCMF1,-5.598275816291294e-05
CHAD,-5.59960675715431e-05
FANCF,-5.600420900781212e-05
PRPSAP1,-5.601500805035493e-05
E2F3-IT1,-5.6048689829392206e-05
CHRAC1,-5.605043864676024e-05
ANKRD29,-5.605933906558163e-05
MAFF,-5.607394267646904e-05
RAB6A,-5.608997702505045e-05
CCDC18,-5.612691229195878e-05
EIF2A,-5.618269168763585e-05
KRTAP5-AS1,-5.621858232188965e-05
GUCD1,-5.6246987451656714e-05
PTPN12,-5.625225258980788e-05
TMUB1,-5.6296207160189154e-05
AGAP1,-5.6356848697740124e-05
EFCAB11,-5.6365775210429086e-05
C19orf48,-5.640555877033621e-05
RRAS,-5.6411439836605125e-05
MTOR,-5.644208480777738e-05
MIEF1,-5.6454079867721606e-05
HAS3,-5.6476352437040536e-05
UBAC1,-5.648134459570973e-05
NPIPB5,-5.65019108839759e-05
ACBD3,-5.6587512356788654e-05
CENPQ,-5.660499307403549e-05
PEX13,-5.660945705026047e-05
ZNF707,-5.6612334276076226e-05
SLC25A33,-5.66343675029858e-05
CXorf38,-5.663813804040014e-05
MTCP1,-5.6647527851506064e-05
AGMO,-5.665626798848806e-05
TTF1,-5.6706860337654155e-05
PRPF4B,-5.671690287862983e-05
ARPC3,-5.6717553257262614e-05
POP7,-5.6751765227337726e-05
AMD1,-5.6752989303809664e-05
EIF4G2,-5.6766371275229024e-05
AKR1C1,-5.680253251302081e-05
VRK3,-5.682835561484276e-05
GARS,-5.683127868762155e-05
SLC7A11-AS1,-5.683748772788007e-05
DENND3,-5.685084460470718e-05
IRF7,-5.685424436592647e-05
C4orf45,-5.6854800534903214e-05
PYCR1,-5.68633979641605e-05
ASNS,-5.687108064816367e-05
FBXW5,-5.6871860383488763e-05
CLMN,-5.68720077713662e-05
SNRPE,-5.688928828189455e-05
NDE1,-5.689665531329414e-05
FP236383.3,-5.69058873660122e-05
CEP89,-5.691764915206946e-05
TRIM11,-5.6942451761790294e-05
CPT1B,-5.694419936144657e-05
BRD2,-5.694430282627918e-05
FOXO1,-5.701535562571775e-05
EFNA2,-5.704035891725247e-05
TMEM176B,-5.7070141611228434e-05
KPNA7,-5.711891204644633e-05
PHPT1,-5.713025443699572e-05
BHLHE41,-5.713578185973521e-05
TTC22,-5.715380419458162e-05
ANXA13,-5.715883385506182e-05
TOMM22,-5.7169509156755285e-05
HIGD1A,-5.7170065622612436e-05
SELENOK,-5.718084016301462e-05
AF121898.1,-5.7201243251053947e-05
NFATC2,-5.7245061960202836e-05
FAM89B,-5.725250480292076e-05
HM13,-5.7293672641632316e-05
PITPNA,-5.736264020099077e-05
BFAR,-5.737112402096294e-05
OXCT1,-5.740424125890235e-05
BRIX1,-5.7406892076082396e-05
CASP10,-5.74371977836347e-05
BIK,-5.7438062625489336e-05
ELOVL6,-5.744634584525125e-05
OVOL3,-5.7479159376490395e-05
KNOP1,-5.748045618043816e-05
PPFIA1,-5.750410157806584e-05
NARS,-5.753600611877228e-05
DLL4,-5.757475912634804e-05
SCNM1,-5.75900918831507e-05
CHURC1,-5.7599696732675686e-05
NUDT5,-5.766913741150399e-05
TRAF7,-5.767582282485682e-05
RALGAPA2,-5.7680446803822344e-05
SEMA7A,-5.769901072338569e-05
DAPK1,-5.7742273731679336e-05
NES,-5.776820599015417e-05
ACER2,-5.781977640046395e-05
GNL2,-5.7833459299957036e-05
TMEM265,-5.783710609472344e-05
RBM8A,-5.785405973155132e-05
EIF2AK1,-5.7862455567878766e-05
NPM3,-5.791664008938723e-05
TOR2A,-5.798507986085297e-05
UBTF,-5.8031643739420175e-05
GOLGA7B,-5.808041709341878e-05
SIGIRR,-5.810590864382339e-05
ST6GALNAC2,-5.8135249890277685e-05
FURIN,-5.817223254153692e-05
NUP214,-5.817824361134118e-05
HIST1H2BC,-5.818016901053178e-05
DPP9,-5.81941573920447e-05
CLUH,-5.8216625286721895e-05
B3GNT7,-5.824024280172637e-05
TINAGL1,-5.82429553144606e-05
FARSB,-5.8263804953153525e-05
TNPO1,-5.826791713990549e-05
RAD23A,-5.827168553889292e-05
PAQR4,-5.8279754482046326e-05
NHS,-5.828427050631457e-05
MTPAP,-5.829871763163775e-05
DAXX,-5.830334950937076e-05
RAC3,-5.831261106745099e-05
AP000424.1,-5.832230667398886e-05
BRD3,-5.8350928125417716e-05
G3BP1,-5.837411205556702e-05
ZNF341-AS1,-5.838715645211302e-05
Z97192.1,-5.839262593064238e-05
LANCL3,-5.8407352403434035e-05
POMGNT2,-5.840979812856455e-05
MFHAS1,-5.842576493561604e-05
TAF4,-5.842662806217447e-05
SIM2,-5.843540689279643e-05
POLR3K,-5.846744997677674e-05
SERPINB9,-5.847080992162546e-05
FAM210A,-5.8473282016245745e-05
DNAJC21,-5.847805414251899e-05
KF456478.1,-5.847956472656353e-05
WSB1,-5.848211265006838e-05
RELCH,-5.848783655315872e-05
TFAP2A-AS1,-5.8509142470269826e-05
PRKG2,-5.851448533621396e-05
SOCS6,-5.8519388991028055e-05
IRF1,-5.857176832347865e-05
FBXO32,-5.858096477887551e-05
SUPT5H,-5.858232361913279e-05
ATP1A1,-5.860440206564416e-05
CTR9,-5.863063395261774e-05
RER1,-5.864201240121737e-05
SLU7,-5.8643614992739406e-05
OSTM1,-5.86576925604647e-05
FSTL3,-5.8662902657321287e-05
HBS1L,-5.86931002517115e-05
TELO2,-5.870256992662598e-05
C5orf34,-5.871406761416723e-05
RNFT2,-5.873024615128041e-05
ALG3,-5.875175274483607e-05
C15orf39,-5.875989367049359e-05
CCNL1,-5.880850308865881e-05
CCDC50,-5.881689102138925e-05
LTV1,-5.883240946772895e-05
DNPH1,-5.883280611044608e-05
PLAAT2,-5.883679705768797e-05
MOB3B,-5.889131750204716e-05
LAMTOR5,-5.900138415714979e-05
MYO1C,-5.903857578124043e-05
TESC,-5.9042689286657606e-05
UBE2O,-5.904952006350708e-05
EFCC1,-5.9059418466430105e-05
ITPKA,-5.911067264778741e-05
ATP5PD,-5.913682371159661e-05
TMEM51,-5.913704596970012e-05
MAD2L1,-5.913780070774433e-05
GALNT17,-5.9153945451914655e-05
NUP62,-5.9180839057891145e-05
ZBTB7A,-5.925370279168556e-05
DAPK3,-5.925397690443245e-05
SLC35B1,-5.928030512607481e-05
ART4,-5.928150376129159e-05
PRR13,-5.92954935218679e-05
PHF19,-5.9344273800452396e-05
C1orf195,-5.937368216842011e-05
GNA13,-5.938136851527181e-05
Z68871.1,-5.9421354166042724e-05
CDCA4,-5.942636252036676e-05
FTCD,-5.943752733886494e-05
C11orf80,-5.943791015529024e-05
RNF213,-5.947545713767244e-05
YTHDF1,-5.947692591142888e-05
SFXN3,-5.948433842815297e-05
PSORS1C1,-5.9492933155208025e-05
NR2C1,-5.951126915955313e-05
MRPS23,-5.952939804082227e-05
C16orf74,-5.9543381358898964e-05
CENPB,-5.954680646314518e-05
AP005717.2,-5.9578357384079095e-05
ILF3,-5.962054636450557e-05
ZBTB43,-5.963986639333837e-05
TAF1B,-5.9648169803399425e-05
PCBD1,-5.966777078669498e-05
ZNF888,-5.968327215068284e-05
MDFI,-5.969007592219031e-05
DNAJA4,-5.969337573832371e-05
CDK11B,-5.969948078997173e-05
ALG1L2,-5.9767015146343034e-05
ZDHHC3,-5.977426566771534e-05
SMAD1-AS2,-5.978140062528748e-05
PLCXD1,-5.9839903550318984e-05
EIF2S3,-5.98563218014359e-05
NXT1,-5.9876903460237714e-05
OTUD3,-5.995516803146624e-05
MAZ,-5.9980982735506306e-05
FOXA1,-5.998687447679434e-05
DIAPH2-AS1,-6.0006024209551553e-05
RALBP1,-6.003332876183534e-05
DUOXA2,-6.00387684843075e-05
YARS,-6.0039440315593915e-05
ETHE1,-6.0074459993808954e-05
ERVMER34-1,-6.009050211957048e-05
GK-AS1,-6.010362963953828e-05
CKAP4,-6.011518475234449e-05
MLIP,-6.0120032111481457e-05
CYB561,-6.015276713145487e-05
SBF2,-6.0161418878775086e-05
USP36,-6.018022288346111e-05
RBM10,-6.018591924519396e-05
NOB1,-6.0188558884677416e-05
CTPS1,-6.020356840233955e-05
GPC1,-6.020365889390382e-05
C6orf136,-6.036943666115898e-05
KCTD20,-6.0399207744441606e-05
FAHD2B,-6.042620306096871e-05
FRMD8,-6.043997044063293e-05
TRIM59,-6.04667109212345e-05
SYPL1,-6.04979989293778e-05
PLK4,-6.051800050510587e-05
MRPS17,-6.0535804208113124e-05
UBE2Q1,-6.0558320133635935e-05
BCL9L,-6.0562007460607185e-05
DTX4,-6.06686457404528e-05
AFF1,-6.067122300651296e-05
RUNDC1,-6.069271930933335e-05
PA2G4,-6.0697648039217725e-05
PRR14L,-6.072798910630721e-05
YIPF3,-6.073297575022377e-05
PLAC4,-6.07652369939494e-05
RCCD1,-6.076562037935074e-05
STRN,-6.076856283032836e-05
TEX30,-6.082807774231291e-05
CHML,-6.0839468448455805e-05
ZBTB38,-6.0852886455882554e-05
TENT5A,-6.086582067671214e-05
WDR43,-6.0877744080685596e-05
AGAP9,-6.087951920212905e-05
TMCO4,-6.100690802360962e-05
TMEM107,-6.1014754855048296e-05
FUNDC2,-6.105124829575755e-05
CD164,-6.106615956221826e-05
C20orf27,-6.120998862652593e-05
XRCC6,-6.121593762404919e-05
CCRL2,-6.126319738067276e-05
E2F1,-6.12668121124568e-05
ASB16-AS1,-6.129345840792967e-05
PAK2,-6.132240045174741e-05
FAM83F,-6.135554262698043e-05
MRPL14,-6.137506187074117e-05
RAB5B,-6.140447778708364e-05
ARL8B,-6.140744179701022e-05
RASA2-IT1,-6.145042886406431e-05
EIF3B,-6.145430894863584e-05
HSPB8,-6.149198522061088e-05
DGUOK-AS1,-6.151516608125058e-05
TAP2,-6.15172949294776e-05
LRP5,-6.15187519367053e-05
PIWIL4,-6.153564132746185e-05
CTNNBIP1,-6.154633650913858e-05
CWC25,-6.157927807554123e-05
C9orf16,-6.159059672827775e-05
PLXNA1,-6.159098443040695e-05
SLC5A5,-6.159522552722135e-05
TMEM50A,-6.160307452936876e-05
NAA10,-6.161294084374943e-05
TTLL12,-6.161952857652014e-05
TRIM7,-6.16220100301819e-05
BACH1,-6.162340607758821e-05
FDPS,-6.167097777734411e-05
TPPP,-6.167133014088967e-05
FGL1,-6.17115216043759e-05
CHTOP,-6.173937396265559e-05
ZWILCH,-6.178911866369686e-05
ZNF787,-6.182554605563957e-05
TEDC2,-6.18453623202457e-05
ECI1,-6.189701390335468e-05
MTMR2,-6.190176218284582e-05
SNHG32,-6.191101280872589e-05
ZNF687,-6.192214009939394e-05
DDX27,-6.192961560104079e-05
SMIM5,-6.193283108145515e-05
TMEM41B,-6.196027185978422e-05
IL10RB,-6.19647277788889e-05
CARD16,-6.196971342076473e-05
DDA1,-6.198682603356852e-05
GPCPD1,-6.199491621663143e-05
DGCR2,-6.201437560993743e-05
BUD31,-6.202031256766814e-05
HELZ2,-6.202056396855838e-05
PPP2R2D,-6.203452614239642e-05
GNG11,-6.204760987693969e-05
MPI,-6.205825778519814e-05
DIAPH3-AS1,-6.206428690117978e-05
ABCE1,-6.216796419797143e-05
SERPINE2,-6.220768096027029e-05
ICMT,-6.221010431807343e-05
SS18L1,-6.221902885005559e-05
MTRR,-6.226595202554061e-05
SNRPD2,-6.227438564210449e-05
CDSN,-6.228989327748891e-05
ATP2A1,-6.232852027675893e-05
ERN2,-6.238513124816953e-05
PLEKHA1,-6.239689822324423e-05
ELOVL7,-6.242553785332595e-05
UFD1,-6.243569030459817e-05
CCNI,-6.245400953517939e-05
SURF6,-6.245905743475544e-05
TMEM30B,-6.246592263008102e-05
TMEM43,-6.247872900701768e-05
SBNO2,-6.249001413348839e-05
WWC2-AS1,-6.250158848215862e-05
TMED7,-6.250916307100967e-05
CUTA,-6.251600916549521e-05
BCL2L12,-6.251942206009276e-05
CTSV,-6.252907234051571e-05
CEP135,-6.254454482148752e-05
ATAD1,-6.255286520571093e-05
MMP15,-6.25623821135118e-05
SSH3,-6.256693369456493e-05
NHSL1,-6.257751194694886e-05
TSACC,-6.258809201001795e-05
OLFML2A,-6.260671492765031e-05
ELMO3,-6.268086725841161e-05
CDK5RAP3,-6.268885448075482e-05
ARID3B,-6.278246623568843e-05
POR,-6.278458549958257e-05
CCN6,-6.278529551791145e-05
EMC7,-6.27892678848704e-05
DPM3,-6.280747789481921e-05
LPCAT4,-6.280980559261825e-05
CFAP44-AS1,-6.283211899690188e-05
TBCCD1,-6.283800672447881e-05
DIP2A-IT1,-6.285977207910206e-05
MAP7D2,-6.286321606087381e-05
IL1RAP,-6.286999188760051e-05
AP001011.1,-6.287304417401096e-05
IGHMBP2,-6.289793932835e-05
KIAA0100,-6.292963493653483e-05
MNS1,-6.29776142016658e-05
AARS,-6.299815453943206e-05
SLC16A4,-6.300891980430667e-05
KNTC1,-6.302516219929858e-05
NAP1L4,-6.303772821228309e-05
PITX1,-6.305076690734534e-05
CSNK1G1,-6.306134796708394e-05
SEPTIN11,-6.307999599628592e-05
CHMP4C,-6.308205751762475e-05
TCOF1,-6.309510312369108e-05
HADHA,-6.313420778456634e-05
ELAVL4,-6.314548011790827e-05
H19,-6.315960030814516e-05
CDR2,-6.316848110478061e-05
CTSZ,-6.320215283511012e-05
PRKAR1A,-6.32203031552594e-05
IL20RB,-6.323371887983005e-05
SMIM35,-6.326237906527314e-05
SRP9,-6.327271929726803e-05
NUF2,-6.327660821164101e-05
TCEAL9,-6.330282075647483e-05
GPATCH4,-6.334729011907975e-05
NBEAL2,-6.33607371229936e-05
UFC1,-6.337049572204916e-05
UTP6,-6.34021009864813e-05
MAN1A1,-6.340500086878111e-05
PRC1-AS1,-6.340506917102838e-05
SAA4,-6.341976317030063e-05
BRD1,-6.346573522429107e-05
Z82215.1,-6.348232289122382e-05
ZFYVE21,-6.348279376596164e-05
U2SURP,-6.350312906132465e-05
MCM4,-6.351817858027257e-05
ATAD5,-6.353479813765696e-05
RARG,-6.354213535739413e-05
TMTC2,-6.358854449028877e-05
ABI1,-6.363244163652118e-05
CUEDC1,-6.36622264271969e-05
TAB2,-6.372816640901304e-05
RNF103,-6.373995715603128e-05
SCOC,-6.376885839274378e-05
PXN,-6.377753694542345e-05
SP6,-6.38256790675969e-05
APOC4,-6.386180337125842e-05
PFKL,-6.38754124154388e-05
TCF4-AS2,-6.390352101504465e-05
BST2,-6.39187040148126e-05
CISD3,-6.397685528797429e-05
RNPEPL1,-6.397979517647731e-05
HGS,-6.399643287140924e-05
TRAPPC13,-6.401133274886083e-05
CAPN5,-6.402021971078807e-05
HMGN4,-6.404887262833781e-05
H1FX,-6.415192089997813e-05
CARD19,-6.416871256949188e-05
HSD17B10,-6.417944551956643e-05
UBE2Z,-6.425229896718225e-05
OVOL2,-6.431199717914395e-05
TSR2,-6.432290069793313e-05
SLC37A4,-6.435609703806917e-05
TRABD,-6.437062441335592e-05
SPATA16,-6.437308548414812e-05
POLR2K,-6.439331916079227e-05
NIPAL1,-6.44371880522706e-05
GNAI3,-6.444209144958651e-05
Z94721.1,-6.444632265496106e-05
MRPL51,-6.447157784659725e-05
PUF60,-6.447316042879485e-05
SMPDL3B,-6.449700769258289e-05
TMEM246,-6.452366284737129e-05
PRKCE,-6.454130034315947e-05
CNIH4,-6.454887211095166e-05
SLC35C1,-6.459141636585791e-05
DNMBP-AS1,-6.46027835314571e-05
YDJC,-6.461578832522104e-05
AP002336.2,-6.461667441163149e-05
FKBP4,-6.464568729726216e-05
UBAP2,-6.467138374769923e-05
PPP1R35,-6.469572749820487e-05
MSRB1,-6.469770496745746e-05
CENPW,-6.469911764576388e-05
HYLS1,-6.470432795971963e-05
GINS4,-6.47088168793692e-05
AP4E1,-6.472036197000492e-05
CENPO,-6.473792576140407e-05
CENPV,-6.476212849244116e-05
TM9SF4,-6.479379300937987e-05
MAP2K3,-6.484359439166943e-05
VANGL1,-6.485057163851799e-05
FEN1,-6.486317906444434e-05
PRRC2A,-6.486761681261127e-05
VAT1,-6.488084627206462e-05
CTTNBP2NL,-6.491879460031666e-05
PIK3C2B,-6.496626760653119e-05
SLC6A12,-6.501301634610379e-05
ATP6V0A1,-6.501586790907404e-05
PRKCA-AS1,-6.501723340515189e-05
ERGIC3,-6.502428135251308e-05
HSPA14,-6.502518263775642e-05
PLLP,-6.503982058837111e-05
LYPLA2,-6.507108186123948e-05
IRAK1,-6.507245051194229e-05
CYB5B,-6.50804666624546e-05
ATP5IF1,-6.509016571433398e-05
PGP,-6.513429271457222e-05
ZDHHC13,-6.513518744856862e-05
AF064860.1,-6.514792967799281e-05
LRG1,-6.519381904515216e-05
XK,-6.520703061078385e-05
CHRNA5,-6.529036229025801e-05
CD68,-6.531498506168635e-05
DNAJC30,-6.531984607134512e-05
HSD17B13,-6.53844516051059e-05
CPSF2,-6.539412888930424e-05
ATXN7L3,-6.54092065489077e-05
MAFG-DT,-6.542272252476633e-05
SNHG29,-6.543270045742067e-05
FBF1,-6.543863113645089e-05
CDCA8,-6.5448103269299e-05
VPS18,-6.547615900365948e-05
OGDH,-6.548770294396664e-05
GCN1,-6.551604300081133e-05
PLOD3,-6.55186746495852e-05
WFDC3,-6.55430799530146e-05
TASOR2,-6.562285575860733e-05
REEP3,-6.564036346107771e-05
UGT1A1,-6.566932228126293e-05
MLLT3,-6.573900733950987e-05
STEAP3-AS1,-6.575536613358067e-05
HLA-F,-6.578110799165206e-05
MZT1,-6.578863066332865e-05
KIF13B,-6.580785918355205e-05
MGAT2,-6.580913258176999e-05
RSL24D1,-6.583073029660315e-05
KIF21B,-6.584342693531097e-05
EIF3D,-6.589580601056736e-05
PRRX2,-6.590884418572574e-05
MED24,-6.59587387358095e-05
SLC39A3,-6.600161739912146e-05
CCDC137,-6.608527002849521e-05
ATP6V1F,-6.610280316661745e-05
APOM,-6.611119182584235e-05
MINDY4,-6.61124568436192e-05
RNF181,-6.615645720234259e-05
SCAMP2,-6.615866120626697e-05
BSCL2,-6.618710426005245e-05
C2CD3,-6.622520497194187e-05
DEFB1,-6.623631228593998e-05
RAD51,-6.624158845678157e-05
ALDOA,-6.626072885946496e-05
RRP36,-6.629596099107837e-05
TRIM29,-6.632333555620429e-05
SERTAD3,-6.635945746296498e-05
PKP4,-6.640838467869326e-05
PARP4,-6.642230363755207e-05
TMED10,-6.642817310282214e-05
FAM122B,-6.649437864421627e-05
TPD52L2,-6.651506258073845e-05
MAGI3,-6.655905292951129e-05
ANKRD13D,-6.655960618301029e-05
SLC10A4,-6.656777169397385e-05
EPS15,-6.659420222422252e-05
PAFAH1B2,-6.660735096220207e-05
GBP1,-6.662619660376682e-05
MMD,-6.66316747734376e-05
LARP4B,-6.664600443755865e-05
GTF3C5,-6.665948498086162e-05
MAEA,-6.666484344408814e-05
SNHG7,-6.670005673686329e-05
TANC1,-6.670260220236787e-05
NDUFA13,-6.675190511000928e-05
ARHGEF35,-6.6793885574919e-05
TMEM160,-6.684254727707816e-05
SLC20A1,-6.685174244416325e-05
RCOR1,-6.685257540435684e-05
ATP5PF,-6.689141854421667e-05
P2RY2,-6.691542554310126e-05
CXCL2,-6.692772736298379e-05
TMEM141,-6.692772788301698e-05
STX19,-6.693052134084083e-05
MAP2K1,-6.69419578626705e-05
ARHGAP29-AS1,-6.696033663696038e-05
CTNNBL1,-6.698959969817199e-05
RNASEK,-6.699192118079445e-05
COX6B2,-6.699199181152714e-05
PWWP2B,-6.699635613783883e-05
STUB1,-6.700819009662233e-05
HIST1H4E,-6.701266982509749e-05
INPP1,-6.707314219250763e-05
ILVBL,-6.709020589918373e-05
RFWD3,-6.709282407196144e-05
TLCD1,-6.711011133165829e-05
PON3,-6.713519530756029e-05
COASY,-6.713588859758e-05
PLEKHS1,-6.714230381876582e-05
ETS1,-6.714532840815317e-05
VNN1,-6.71704576560686e-05
MCM8-AS1,-6.717497487025084e-05
TTLL10,-6.718410588500988e-05
QSOX2,-6.72212658932868e-05
CASC9,-6.726468831065646e-05
SAP30BP,-6.730033880785225e-05
PTPRA,-6.731987566295771e-05
RAB3D,-6.732021970835493e-05
UBALD2,-6.733691221248828e-05
EIF5AL1,-6.734063280726629e-05
SH3D21,-6.737453572426705e-05
LETM1,-6.739944630638144e-05
DEGS2,-6.743321393651635e-05
PITPNM1,-6.744826621119787e-05
KIF22,-6.748431294855011e-05
KIF7,-6.751315625387806e-05
NAB1,-6.755478699533516e-05
GRHL2,-6.757269036952493e-05
AGFG2,-6.758916378764556e-05
VTA1,-6.758918268823461e-05
COQ10B,-6.764166373595091e-05
RASGRP3,-6.764274848892759e-05
ANKS4B,-6.76449075972118e-05
DPM2,-6.768406438256908e-05
TNFRSF10A,-6.77564428429363e-05
SPNS2,-6.776930094185574e-05
GGA3,-6.77985128060203e-05
EIF4H,-6.785438751995539e-05
MRM1,-6.7889307905475e-05
MIER3,-6.796881970856494e-05
HIST1H2AG,-6.796900991419151e-05
PSMB9,-6.79786300231452e-05
ARHGEF10L,-6.798948140634875e-05
CRB3,-6.802903021131425e-05
RSL1D1,-6.803266379199629e-05
LOXL1,-6.804820465922056e-05
CBX6,-6.808602653728601e-05
GNB1,-6.808602701277828e-05
BX640514.2,-6.80863432801512e-05
SH3BGRL2,-6.817642792071311e-05
METRNL,-6.818932415462113e-05
ABCB8,-6.819609953806138e-05
FLRT1,-6.821602844944713e-05
DRAP1,-6.82319931791247e-05
PFDN4,-6.828998708752128e-05
ACE2,-6.829752822438008e-05
EFNB1,-6.83072280675363e-05
SMPD4,-6.832363457323537e-05
ADSSL1,-6.832610748574997e-05
AADAC,-6.836957703196046e-05
EHD4,-6.838232333855647e-05
OPN3,-6.849525403278243e-05
RNF39,-6.853196860262667e-05
TOMM5,-6.853602797037071e-05
YWHAG,-6.854341173133773e-05
PDRG1,-6.855328873664986e-05
CCNE2,-6.855608994987485e-05
MFSD12,-6.855850940694195e-05
KLHDC4,-6.858029339111927e-05
RNF223,-6.862335448541399e-05
NHP2,-6.866345236819651e-05
POLE,-6.868253288799491e-05
BCL10,-6.868911074078044e-05
RNF126,-6.869452794744924e-05
LEO1,-6.874540071485989e-05
AQP3,-6.879530212795721e-05
BCLAF1,-6.879542720371283e-05
HYAL2,-6.890017111386507e-05
RARA-AS1,-6.890623178552007e-05
JUND,-6.893362319980797e-05
PTPRJ,-6.893742808959092e-05
TERT,-6.894538337428083e-05
PSMB6,-6.898843925199008e-05
MCUB,-6.903526554445806e-05
SPATA2L,-6.905441196838929e-05
MTIF2,-6.906916600847094e-05
B4GALT2,-6.907529533503088e-05
GPC5,-6.914559008628276e-05
VIL1,-6.915325455863912e-05
SLC25A6,-6.917129829928234e-05
ATP5MC1,-6.919234248076132e-05
MIDN,-6.924043774127878e-05
TIAM1,-6.926029216607581e-05
SF3B5,-6.926110501181893e-05
KIF1BP,-6.926898137198288e-05
SSR1,-6.934215798736881e-05
CACFD1,-6.93462475549325e-05
CDC25A,-6.937145975985056e-05
CC2D1A,-6.942663807994799e-05
ECHS1,-6.94523911302791e-05
GPR153,-6.946495459007891e-05
ANAPC15,-6.948473840722335e-05
SYT7,-6.950760827821587e-05
STARD3,-6.951261999855896e-05
ARF6,-6.954898992965074e-05
ARRDC1,-6.95645386176107e-05
GPBP1,-6.956605245168476e-05
MYZAP,-6.957784365324458e-05
TEDC1,-6.958511550136754e-05
IDH3G,-6.959173992420327e-05
HSF1,-6.96000633658824e-05
CCNA2,-6.962014079887302e-05
HR,-6.963786077249982e-05
CEP126,-6.974623954498943e-05
SNX5,-6.976240476565463e-05
HSPA4,-6.976980295988515e-05
ABCB11,-6.979136874313238e-05
TUBB3,-6.979853317483981e-05
PCGF5,-6.980182133061134e-05
CREB3,-6.984023601978733e-05
TICAM1,-6.990945258238194e-05
RALGDS,-6.991596250822e-05
NCKAP1,-6.996041085378756e-05
ADRB2,-7.002611855604867e-05
FAM135A,-7.004214928554297e-05
CHCHD2,-7.004794378785124e-05
GNB2,-7.005094254551465e-05
DUSP6,-7.006032705083583e-05
USP1,-7.008649678607577e-05
SNRNP25,-7.010078423850829e-05
TXNL4A,-7.01210872711343e-05
GATA3,-7.012126620322122e-05
SLC27A4,-7.02402468433476e-05
WDFY1,-7.024342139323381e-05
RAB3B,-7.028426787875861e-05
ATP5MG,-7.029869056131201e-05
PDCD6IP,-7.033010321941668e-05
IER5,-7.035337803905252e-05
BANF1,-7.037622682670394e-05
SPEN,-7.039957440735054e-05
GCLC,-7.043391019684402e-05
SMG7,-7.046672819559563e-05
SAT1,-7.04977160631e-05
MCM5,-7.051672493988557e-05
CDH17,-7.056074356928251e-05
SAP18,-7.06141234796176e-05
SHC1,-7.061801443903164e-05
GAP43,-7.064201089116322e-05
EIF3I,-7.068530481260272e-05
UQCR11,-7.071686885931852e-05
TCF20,-7.074110455990199e-05
CYYR1-AS1,-7.075170248132168e-05
TUSC2,-7.078463971428125e-05
TRMT10C,-7.079056425524651e-05
HOXA9,-7.07973529224388e-05
PDE7B,-7.079900770385e-05
WSB2,-7.080479688248598e-05
GLO1,-7.082133624377209e-05
PCNA,-7.083667803407211e-05
ESRRA,-7.084168555713069e-05
C5orf66,-7.087174681481356e-05
SUPT6H,-7.089643059241771e-05
GPR4,-7.091949180453142e-05
SCG5,-7.093737781709916e-05
SLC7A5,-7.09556858958875e-05
ALDH3B1,-7.096002208542668e-05
RAD18,-7.099250764564079e-05
UQCRQ,-7.103883344957562e-05
SLC5A10,-7.106273173507096e-05
CEP170B,-7.10777139280183e-05
SLC35A2,-7.111818463341993e-05
LIPG,-7.11229760278735e-05
CEP72,-7.112890147573682e-05
SAPCD1-AS1,-7.113726469385704e-05
ATF3,-7.120303335750324e-05
CCDC47,-7.12389484628686e-05
KHDRBS1,-7.126538356587591e-05
ZNF195,-7.12944509140714e-05
MTFR2,-7.131749076290272e-05
ZNF695,-7.134507431903739e-05
SLC1A1,-7.134522875057786e-05
PLAAT3,-7.134918830967818e-05
ITGB5,-7.137609637599622e-05
CCDC120,-7.141742648974448e-05
LY6E,-7.142887923504571e-05
COX5B,-7.14408555644878e-05
CD109,-7.147286993678892e-05
GTF3C6,-7.147345742333577e-05
ATP5PB,-7.147493087743522e-05
PPP3CB-AS1,-7.160439435440766e-05
RUVBL2,-7.161101602343832e-05
ZUP1,-7.163249081518601e-05
PPP1R14B-AS1,-7.163672387921172e-05
GNG5,-7.165356264218207e-05
TCP1,-7.170050697910707e-05
ARHGEF3,-7.170836016017919e-05
SCX,-7.174996486157655e-05
ADIPOR2,-7.175481376141007e-05
RANBP1,-7.175608161752494e-05
SETX,-7.177344117025962e-05
KCNK6,-7.180302122761011e-05
LONRF3,-7.18115026149621e-05
UBXN11,-7.187362393874673e-05
TSNARE1,-7.189114593174596e-05
PSMC5,-7.191940569217515e-05
EPHX3,-7.192044724287052e-05
CLIP4,-7.193946802726335e-05
LSM10,-7.196101631474372e-05
GNL3L,-7.19800255850741e-05
PTPN6,-7.201327602801654e-05
CENPN,-7.204289375910085e-05
ARPC5,-7.206563135876478e-05
PLEKHG3,-7.209196635028267e-05
TMEM86A,-7.210395039279304e-05
ALG12,-7.215240569143671e-05
SLC3A2,-7.217098827934822e-05
SLC44A1,-7.218753960548306e-05
BSG,-7.232042833843427e-05
EVI5,-7.236620891501664e-05
TP53TG5,-7.23779499505723e-05
ACTR2,-7.246278191897474e-05
AP1M2,-7.246482820550606e-05
MICALL2,-7.253855878099266e-05
NDC1,-7.255421044268326e-05
PYGO2,-7.25747219468605e-05
MAPRE1,-7.258854824314557e-05
TNFAIP8L3,-7.259691379176695e-05
NOXA1,-7.26058900267889e-05
DSCC1,-7.262836529962606e-05
CENPS,-7.264844203176744e-05
SLC39A4,-7.26658865034228e-05
AP000919.3,-7.271199763254986e-05
RALY,-7.285534802001934e-05
WDR44,-7.286862025587549e-05
HPGD,-7.291465823034248e-05
R3HDM4,-7.291556298094294e-05
ARRDC1-AS1,-7.29497527107979e-05
NOP2,-7.295185773329487e-05
TM4SF5,-7.295442638993458e-05
GPSM2,-7.297292066165397e-05
SFT2D2,-7.301447327908694e-05
PNMA2,-7.30236210796925e-05
CRACR2B,-7.30292334066173e-05
LRRC57,-7.305196731694088e-05
PRDX5,-7.305690047727819e-05
ATP6V1D,-7.30629929288759e-05
RHOA,-7.307479220691953e-05
ECM1,-7.310959422653317e-05
TMEM159,-7.314581947747076e-05
FAM20B,-7.317911123754931e-05
YOD1,-7.318668565323407e-05
PROM2,-7.319138535112431e-05
PIGT,-7.32048967452314e-05
ANGPTL2,-7.322097826228588e-05
UTRN,-7.327411607874724e-05
HIST3H2A,-7.328961411907033e-05
MYLK-AS1,-7.332438124152212e-05
AHSA1,-7.333285924322523e-05
HOXA2,-7.338628737873582e-05
INSL6,-7.342301387289624e-05
CASP8,-7.342737268317776e-05
PPP2CA,-7.34318305642301e-05
FAM214B,-7.3439154892463e-05
ABCC2,-7.344528575004312e-05
PCSK7,-7.344623519744353e-05
GNA11,-7.350724875750908e-05
MEAK7,-7.351457266435455e-05
IFT88,-7.35277317090131e-05
FOXN2,-7.353914239704911e-05
PBX3,-7.3555535032796e-05
ATP6AP2,-7.359488077540214e-05
GTPBP4,-7.365088952710012e-05
GRAMD2B,-7.365777223872809e-05
LGALS3BP,-7.370001872135279e-05
TLDC2,-7.370884173020446e-05
CCT7,-7.373351152000403e-05
ARL5B,-7.373721964526694e-05
PPP1R37,-7.374113673845739e-05
BLZF1,-7.37710137566199e-05
CTNNAL1,-7.378714407838834e-05
CDK16,-7.380496864213441e-05
HAUS2,-7.388799593027786e-05
SERBP1,-7.389632937504342e-05
NOP10,-7.394519568148375e-05
ACTR1A,-7.397131421198282e-05
SLC17A9,-7.398033240439515e-05
POLD2,-7.401853106062565e-05
SRSF4,-7.406303938869861e-05
USP6NL,-7.412869606338956e-05
RNASE4,-7.41510507584988e-05
DNMBP,-7.416217562643382e-05
GLS,-7.416437538533721e-05
PPP1R14C,-7.417692387956335e-05
FBL,-7.417766748288459e-05
NCLN,-7.418450338840977e-05
NDUFB5,-7.419326942698815e-05
CLTA,-7.419784050123577e-05
HIGD2A,-7.42183537480441e-05
IFT57,-7.423147054166366e-05
TPBG,-7.423313433885797e-05
AP2M1,-7.428351237514438e-05
MIER1,-7.431309158983023e-05
OAS1,-7.434674059683287e-05
E2F2,-7.434888190416295e-05
CCDC86,-7.437291473450829e-05
SNX9,-7.442555855781069e-05
PPL,-7.442997923788932e-05
ADGRF5,-7.443290488729553e-05
PRRG4,-7.44435393500691e-05
AP000943.2,-7.449771310148319e-05
SLC39A7,-7.462034761965047e-05
PHACTR2-AS1,-7.465303867567837e-05
HID1,-7.469541043509668e-05
CLN6,-7.471722506218933e-05
CAPNS1,-7.472763444307855e-05
CALML4,-7.474902010433081e-05
ARHGAP5-AS1,-7.478093888951657e-05
KCNK5,-7.480300048681288e-05
INTS11,-7.481889895796437e-05
DKK1,-7.490149290790749e-05
RBM38,-7.491583471831043e-05
HSPG2,-7.491817565448208e-05
ELMSAN1,-7.49596592706469e-05
GSN-AS1,-7.497682248010909e-05
GAK,-7.499355744507172e-05
FAM102A,-7.500050925642152e-05
RNF26,-7.506161507819532e-05
SLC9A3R1,-7.507951164827598e-05
CCDC14,-7.508786041554593e-05
SOX9,-7.510335510578197e-05
CLPTM1,-7.510825385470813e-05
STK26,-7.521783354191672e-05
GRB7,-7.524764468365232e-05
CNNM4,-7.525540793024867e-05
TPR,-7.527236504048662e-05
SF3B4,-7.530562057598026e-05
TNKS1BP1,-7.53233847802787e-05
PSMD14,-7.537455709351988e-05
DHX9,-7.54132305964941e-05
MAP4K4,-7.547383445421001e-05
VPS28,-7.547556419120736e-05
DIAPH3-AS2,-7.554178770274628e-05
TRAM1,-7.557315485092809e-05
RALGAPB,-7.558519920843832e-05
TNRC18,-7.560055511903065e-05
ARPC4,-7.56635502745184e-05
IER5L,-7.570209951316518e-05
BCO1,-7.571575694990602e-05
PSCA,-7.573759266284953e-05
RASA2,-7.574101965531972e-05
VAV2,-7.579726486274992e-05
NDRG1,-7.581258829775177e-05
SQOR,-7.582496505586351e-05
SLC25A19,-7.584376249032094e-05
SNRPC,-7.585126161014617e-05
DRC1,-7.58833033169264e-05
ULBP3,-7.588974801711837e-05
RALB,-7.595876887110008e-05
CYCS,-7.599460853716148e-05
ANTKMT,-7.600220321840134e-05
IGFBP4,-7.610531171620087e-05
MORN1,-7.623136014885927e-05
CNTNAP3,-7.624235708867866e-05
DEPDC1,-7.625992500257076e-05
HNF4A,-7.633206022192146e-05
SUSD4,-7.635594551066263e-05
AP005233.2,-7.638055698973218e-05
TIMP1,-7.644544652930563e-05
PTTG1,-7.647840324566523e-05
MUC12,-7.649423595404638e-05
CHD4,-7.651779152803554e-05
SNHG25,-7.660306532020534e-05
POMP,-7.666511905617735e-05
INO80C,-7.673172799676672e-05
HES1,-7.674323415196154e-05
RCAN3,-7.67895606398932e-05
ZYX,-7.680719931071951e-05
EIF1AX,-7.683587087742377e-05
BX470102.2,-7.685754393270121e-05
ETS2,-7.694777223192049e-05
STIP1,-7.695111826732852e-05
SOX18,-7.700817817010709e-05
MAPK1IP1L,-7.702796146738573e-05
SULT2B1,-7.703760939263702e-05
MRPL23,-7.705567068506125e-05
BUB3,-7.708239309661287e-05
PC,-7.718314173957609e-05
ZNF165,-7.71986460572204e-05
RAB4B,-7.720195940508836e-05
MAPK6,-7.724942229166758e-05
VDAC1,-7.727810239064609e-05
ABI2,-7.728999184476222e-05
WIPF2,-7.731237542186542e-05
YWHAE,-7.737549410144441e-05
TMX2,-7.737657356563429e-05
DUSP8,-7.73907495239426e-05
SSRP1,-7.739393806475976e-05
ALYREF,-7.742405412300535e-05
PDP1,-7.749530158552273e-05
ENKUR,-7.754354428560324e-05
CLOCK,-7.754404955359666e-05
SNRPA,-7.757430394717749e-05
CRYBG1,-7.758820093832296e-05
CMPK1,-7.759384747128657e-05
LAGE3,-7.764090318650204e-05
WDR1,-7.764202315664525e-05
CLIP1,-7.77103499786542e-05
CLCN1,-7.7741681685821e-05
GSDMD,-7.77545625577465e-05
ATP5MPL,-7.778783655680184e-05
NDUFB10,-7.782494990451448e-05
CFB,-7.782946281414336e-05
GREB1L,-7.787954063371461e-05
AHCY,-7.788610696154289e-05
PI3,-7.791545953201333e-05
RNF24,-7.803343301320594e-05
NIPA1,-7.80975630570908e-05
HOXA3,-7.814908460111961e-05
ADRM1,-7.82221606562808e-05
GMFB,-7.829354120706651e-05
CLIC5,-7.83175976576192e-05
GNPNAT1,-7.834211764639973e-05
PRPF40A,-7.836291539547809e-05
ACER3,-7.838954693098857e-05
HECA,-7.840359978703899e-05
MAP3K13,-7.847800889335279e-05
BAD,-7.853825106113061e-05
SNHG1,-7.863364696810323e-05
LRP11,-7.864179925850262e-05
POLD4,-7.865086488350437e-05
NOLC1,-7.869756600927891e-05
ZNF562,-7.870743418036567e-05
SUMO3,-7.871887408071592e-05
LGR6,-7.873948968519064e-05
HIST1H3J,-7.876335684938306e-05
ARHGEF38,-7.876525418660842e-05
TNNI2,-7.87863764820838e-05
ABCF1,-7.881928355714596e-05
MIR210HG,-7.887922708500109e-05
SCAF1,-7.8916073362589e-05
DYNLL1,-7.892236671617375e-05
SLBP,-7.892730835799535e-05
RTEL1,-7.8948458368409e-05
THBD,-7.8957071250046e-05
PMP22,-7.895822552679e-05
CDC42EP4,-7.897246467639858e-05
HDLBP,-7.899066880035589e-05
OST4,-7.899333903914075e-05
UNC93B1,-7.899688592212173e-05
STMN1,-7.904625951478316e-05
RFFL,-7.906716797228508e-05
NAXE,-7.906753747296333e-05
HIST1H2AC,-7.918918669249395e-05
CYTH3,-7.923694994793853e-05
CDKN3,-7.940156098150048e-05
ANKLE2,-7.940904177537511e-05
AUP1,-7.942221699557716e-05
CD24,-7.942383523776516e-05
DLST,-7.94614513035052e-05
CDC37,-7.947465416407337e-05
SLC35F6,-7.947600422315034e-05
CTSA,-7.949089504891008e-05
ZNF487,-7.953289176339297e-05
WARS,-7.958018261363018e-05
EHD4-AS1,-7.959370342109113e-05
PLPP2,-7.960946814875749e-05
SLC35F4,-7.96122304561191e-05
PPARD,-7.961236530632353e-05
MSH5,-7.962370083877565e-05
HP1BP3,-7.963835011404671e-05
FBXL6,-7.965833584267279e-05
SEC61G,-7.970981191589169e-05
PABPC4,-7.971854575291364e-05
FEM1C,-7.972516482970411e-05
BUD23,-7.975956289078621e-05
EFR3A,-7.976987677242593e-05
STXBP5,-7.980047817999269e-05
GLRX3,-7.982506601907481e-05
VARS,-7.99051427648495e-05
ANGPTL1,-7.992533472109839e-05
GGH,-7.993033062769036e-05
TIMM10,-7.993997624609626e-05
SMCO2,-7.99549282215371e-05
SRCAP,-8.003286069520376e-05
HIVEP2,-8.003726883928881e-05
RHOD,-8.005307049059679e-05
C11orf24,-8.005341734652048e-05
NEK2,-8.010674194245853e-05
CASP7,-8.016093036532034e-05
FAM120A,-8.019276977786483e-05
CSNK2A1,-8.02093113892831e-05
TMPO,-8.023270003560404e-05
TNFAIP1,-8.025844879574361e-05
LGR4,-8.03191923896026e-05
NCEH1,-8.034346908567146e-05
SETD9,-8.035735356958452e-05
RP2,-8.045142684196334e-05
UQCC2,-8.047692137559029e-05
GNG4,-8.047913273325711e-05
SLC9A2,-8.048778153863764e-05
HIST1H2BH,-8.049051160059709e-05
PRRG1,-8.05180838989052e-05
NELFB,-8.05332024762183e-05
STEAP3,-8.060560906355449e-05
HIVEP3,-8.06083702142798e-05
SREBF1,-8.065105503441656e-05
HERC4,-8.065938578455435e-05
ANO4,-8.071144515235568e-05
FP671120.4,-8.073885341326707e-05
BCR,-8.075486210677718e-05
BID,-8.076888654956306e-05
ZMYND8,-8.087698853418203e-05
MAFG,-8.088408362043938e-05
ZNF217,-8.090331202757455e-05
CLCF1,-8.091884451031942e-05
EHBP1L1,-8.095421978756434e-05
FAM72D,-8.103623026236114e-05
ZFAND6,-8.104673228679932e-05
PARP12,-8.106485054368021e-05
NPNT,-8.109485861668713e-05
SSR2,-8.113043343140538e-05
IL17RB,-8.115395343685609e-05
SUSD1,-8.116668915034736e-05
PUDP,-8.11680472766256e-05
MBD4,-8.121639804155777e-05
NDUFAF3,-8.126192062746559e-05
PARP8,-8.136247818348212e-05
TMEM147,-8.138665906711776e-05
SLC9A3R2,-8.14127828163726e-05
LIF,-8.145657002735387e-05
IFRD2,-8.148423684308825e-05
UGP2,-8.151488838548186e-05
CDC45,-8.151978073287468e-05
TTC39A,-8.157526087131919e-05
NCAPD2,-8.158308504469254e-05
TFDP1,-8.166856337310646e-05
NDUFB11,-8.168238851779405e-05
HIST1H2BN,-8.175109375596694e-05
DHX15,-8.182229929225277e-05
HIST2H2AC,-8.187436509844647e-05
RBL1,-8.188087097570589e-05
MRPS24,-8.189477655294219e-05
CAV1,-8.190107185406948e-05
GDI2,-8.192491457922686e-05
XDH,-8.192671177383868e-05
CAPN1,-8.193346950655701e-05
ZFAND3,-8.194100359259097e-05
BAZ1B,-8.196914825636935e-05
CHMP2A,-8.201405465329967e-05
CORO1C,-8.207533272256771e-05
SLC25A25-AS1,-8.209699536410823e-05
DDOST,-8.210139087868825e-05
RAB5C,-8.210167620348954e-05
FAM91A1,-8.216529071398336e-05
ID1,-8.21678130257121e-05
SP140L,-8.222560942579393e-05
ILF2,-8.227034776433218e-05
ETF1,-8.22818131324782e-05
PXDC1,-8.233535671044561e-05
TRAPPC5,-8.235734123586581e-05
SNHG16,-8.242321298398748e-05
LIME1,-8.245540047040203e-05
MYB,-8.247825059338516e-05
GADD45A,-8.2503490319345e-05
DBF4,-8.251089713524444e-05
RTN4,-8.252544416497986e-05
COBL,-8.25662597366692e-05
ARMC7,-8.265034772726852e-05
CSNK1A1,-8.265855952012332e-05
IMPDH2,-8.267359077077354e-05
ADAM10,-8.268588050861158e-05
AP1S1,-8.26994149878025e-05
GNG12,-8.27375218535203e-05
HSPD1,-8.275163967304277e-05
TOMM20,-8.275428843506396e-05
CDC42EP5,-8.28861539654815e-05
TMEM241,-8.290498005056635e-05
ACOT11,-8.293381633272081e-05
CHAF1B,-8.294757615184557e-05
UQCRH,-8.297212894336673e-05
FAM222B,-8.299878177606476e-05
AP3D1,-8.305871380681456e-05
INPP5F,-8.306764227005421e-05
METTL4,-8.308278031954458e-05
VTI1A,-8.311266149755328e-05
SMAD1-AS1,-8.329060429488049e-05
DISP3,-8.329732596696635e-05
RNF114,-8.333144129849765e-05
ARL4A,-8.333342143996176e-05
DNAH2,-8.341672640002322e-05
PIK3R3,-8.344147141993017e-05
INHBB,-8.355825094469272e-05
ZBTB7C,-8.368324279667292e-05
SAMD1,-8.369071222838912e-05
OAS3,-8.374169208794178e-05
CSNK1G2,-8.374442865547597e-05
ANP32B,-8.384258012677708e-05
TMCC1,-8.392497180772218e-05
UBAP1,-8.396436340326637e-05
SIGMAR1,-8.402718067663389e-05
BOK,-8.405622856723706e-05
MARCH6,-8.410386804181034e-05
LRRCC1,-8.410581856769656e-05
PPP1R11,-8.417036100795476e-05
AP006621.4,-8.419526832047074e-05
F3,-8.424956751443914e-05
AK1,-8.426024361293241e-05
PTPRH,-8.435126577930295e-05
EFNA1,-8.437844206014344e-05
SLC25A3,-8.43871053918012e-05
NEDD4,-8.44319499273435e-05
GSDMB,-8.451862333501802e-05
TFRC,-8.461858029852495e-05
AKR7A2,-8.462155690945677e-05
DENND4C,-8.465827958594032e-05
CYC1,-8.467962465229081e-05
SPTAN1,-8.468111207710425e-05
RRP7A,-8.470864589856856e-05
KDELR3,-8.474393016103862e-05
PDCD11,-8.477005469352975e-05
ARHGEF39,-8.478292948553668e-05
ZDHHC5,-8.482490139458221e-05
SMC2,-8.48387718262798e-05
TAF10,-8.484628551498078e-05
SPSB1,-8.485026649331692e-05
IL20RA,-8.493385058363267e-05
DNAJB2,-8.494410093022061e-05
CHEK1,-8.49802746106572e-05
MTM1,-8.503161058665889e-05
C1orf216,-8.505381765071245e-05
PTPN18,-8.507066725979924e-05
DAPK2,-8.51025679515508e-05
MACF1,-8.513591649329871e-05
PICALM,-8.51433563050311e-05
IL4R,-8.51563834958412e-05
C1orf21,-8.522261689066922e-05
ATG9A,-8.52424092692622e-05
MFSD10,-8.526844386926164e-05
ANAPC11,-8.529766601821505e-05
SEC23A,-8.534997699223101e-05
FAM174C,-8.539212727396086e-05
NUP85,-8.541221928707812e-05
DDRGK1,-8.55061165588419e-05
UBE2C,-8.556321671797564e-05
CKS1B,-8.559424744418719e-05
POC1A,-8.569534059906323e-05
EHD1,-8.580382675583911e-05
PSMB4,-8.58520520362323e-05
TGIF1,-8.586027761148542e-05
LAMP1,-8.58765943922112e-05
CDT1,-8.588308445563677e-05
KIF16B,-8.588352576362699e-05
SNHG8,-8.589114853656523e-05
PSMD2,-8.592972107495571e-05
PLIN3,-8.59738265032444e-05
SNCG,-8.598156824443808e-05
TOPBP1,-8.601935155890425e-05
S100A4,-8.60549630440212e-05
STK3,-8.60577419896552e-05
PPP6R1,-8.606476663888408e-05
C9orf85,-8.612113885365208e-05
CEP85,-8.613859176266244e-05
PRSS8,-8.617662474042341e-05
GPRIN1,-8.620081984518342e-05
TCIM,-8.62098628254376e-05
NME1,-8.627005894523424e-05
NPC2,-8.636700946741593e-05
NDUFA4,-8.642310131605153e-05
H3F3B,-8.648661450370602e-05
PPP2R2A,-8.651197065349391e-05
EPB41L4B,-8.652197280881058e-05
MYDGF,-8.653327544037116e-05
VAMP8,-8.659293360033948e-05
GULP1,-8.66116133502597e-05
AP001610.2,-8.66737859799284e-05
AKR1E2,-8.67496067445167e-05
KPNA4,-8.677986889496386e-05
ZNF593,-8.679423707872599e-05
WASL,-8.687596873679763e-05
CDK10,-8.692598071010203e-05
ISG15,-8.697634687131783e-05
STT3A,-8.697944615031401e-05
RAPGEFL1,-8.7013393226002e-05
PLEKHH1,-8.707157184052393e-05
GATA4,-8.707427528043152e-05
ACAA2,-8.711606465350726e-05
TWF1,-8.711716730894484e-05
PROM1,-8.720719771575659e-05
MRPS35,-8.722629756755813e-05
PNP,-8.725796851888535e-05
ERP29,-8.72927207318418e-05
SIPA1L1,-8.732628270028901e-05
SNRPF,-8.735321171467243e-05
CLPTM1L,-8.741595582616612e-05
EIF4G1,-8.743580787384067e-05
PTAFR,-8.744148509324219e-05
SPAG5,-8.746455363473161e-05
AAGAB,-8.747374380915337e-05
LEFTY1,-8.756051029160884e-05
FLNA,-8.757017611785042e-05
RTN3,-8.7624630810824e-05
MTMR11,-8.76773984073918e-05
HSPA1B,-8.771804822697653e-05
RASSF7,-8.780655473037999e-05
PLA2G10,-8.7870127179218e-05
SCAND1,-8.787686541262963e-05
TAPBP,-8.78905945182998e-05
SOX6,-8.792444642787211e-05
MT1X,-8.798333223678869e-05
KDELR1,-8.799750675752303e-05
CERNA1,-8.802953461802167e-05
PPP1CB,-8.803948432994261e-05
RIN1,-8.806606885105132e-05
STRAP,-8.80664203093187e-05
PSMD1,-8.807199024651733e-05
IQCK,-8.808576308871146e-05
EXTL3,-8.815841413520911e-05
AOC1,-8.816713041046782e-05
ASF1B,-8.818562768176774e-05
HELLS,-8.823683163937171e-05
SPON2,-8.826885090044e-05
STX7,-8.828080350222523e-05
DHFR,-8.829204987039754e-05
DUSP4,-8.83725311178207e-05
SRSF3,-8.839600365196001e-05
ROMO1,-8.839753633218675e-05
DNM1L,-8.840562370157612e-05
CENPU,-8.840886581547777e-05
NCOA6,-8.844962443448019e-05
PDAP1,-8.84634286572285e-05
CDK2AP2,-8.847155854126046e-05
GRTP1,-8.85626552551922e-05
AXIN1,-8.856404394399876e-05
WDR76,-8.859437576150036e-05
IGSF9,-8.859525662552984e-05
CDKN1A,-8.862380005111354e-05
FN3KRP,-8.864662204670167e-05
DYNC1I2,-8.867865871777415e-05
LCN2,-8.874164191730959e-05
ZFC3H1,-8.875471060410545e-05
TAX1BP3,-8.87813292299877e-05
ZDHHC23,-8.8822912514289e-05
F2RL1,-8.884361850149765e-05
C1orf112,-8.887989031539385e-05
WASF2,-8.88804902331258e-05
ATAD3A,-8.894288338684613e-05
LAMTOR1,-8.896196386341355e-05
TPM2,-8.899232165126463e-05
E2F8,-8.901343938031412e-05
CDC25B,-8.903151584579778e-05
ARHGEF4,-8.906893272518684e-05
RDM1,-8.908090765703966e-05
NUP153,-8.908776049401285e-05
MCFD2,-8.909788200462425e-05
SDK1,-8.913415787174712e-05
PPP1R15A,-8.921265599914296e-05
KIF1C,-8.92325284976734e-05
CALM3,-8.924868931923694e-05
TIGAR,-8.925151512339431e-05
GATD1,-8.930767435898606e-05
DBNDD2,-8.932270142953693e-05
SEMA3A,-8.93321913109799e-05
KCNN4,-8.934092416888471e-05
TTF2,-8.935378581162478e-05
TALDO1,-8.944419204014624e-05
SLCO1B7,-8.946005813878188e-05
NAPRT,-8.952214359855533e-05
TAOK1,-8.953295058607165e-05
ATP12A,-8.955802196097267e-05
DNAAF5,-8.95925318452623e-05
PIK3CB,-8.961365135576214e-05
SGMS2,-8.967304203229336e-05
PAXX,-8.96911828352888e-05
AURKA,-8.973303908284258e-05
CMBL,-8.973660913532211e-05
KIAA0556,-8.974129412795414e-05
XRCC4,-8.974192831329815e-05
ARVCF,-8.976407758830079e-05
FGD6,-8.979722846428768e-05
HIST1H1B,-8.981305712608444e-05
KLF13,-8.981917028208787e-05
ODF2,-8.984271190790166e-05
EIPR1,-8.98548165020748e-05
DVL3,-8.985761945338316e-05
TRAIP,-8.995033085210539e-05
SCNN1B,-8.999345567783389e-05
FOXK2,-9.002854936871907e-05
ATP9A,-9.009534352504273e-05
CDV3,-9.010450460749223e-05
GALNT3,-9.01110311873387e-05
PLAAT4,-9.012710965496702e-05
ATP11A,-9.012984321679674e-05
LY75,-9.014403301937196e-05
RAB14,-9.014643270517628e-05
ZWINT,-9.019233454408954e-05
BCAR1,-9.021569319910022e-05
VCP,-9.022150782488853e-05
TRPM4,-9.031211329522918e-05
JAGN1,-9.035488765495001e-05
NACC1,-9.040941867624863e-05
RNF157,-9.044908189917624e-05
CHKA,-9.045880105740695e-05
SAE1,-9.047395143854211e-05
AZIN1,-9.052029105668279e-05
GABARAP,-9.052180659397328e-05
ABLIM1,-9.055248502573679e-05
FAM81A,-9.064452350691994e-05
MAL2-AS1,-9.06570451887794e-05
TONSL,-9.069693263942532e-05
H2AFX,-9.073058508031554e-05
MT1G,-9.076589956317149e-05
SNRPG,-9.078391848096919e-05
LACTB2,-9.082622413181856e-05
TP63,-9.086954107445763e-05
ELF3-AS1,-9.088956673532875e-05
GADD45GIP1,-9.09473769015983e-05
ACOT9,-9.09602234993193e-05
ITCH,-9.101645541029613e-05
SLCO1B3,-9.103065356941723e-05
CNTROB,-9.105634183206824e-05
MUC4,-9.106881451380414e-05
MYO19,-9.107683242142849e-05
ATP2A2,-9.108800914145091e-05
TUBA4A,-9.11014095743049e-05
HTR2A,-9.11220156696481e-05
PLS3,-9.114761438997626e-05
STK40,-9.116812787396606e-05
CYTH1,-9.123968107973819e-05
PIM1,-9.126005438680977e-05
PVT1,-9.128212243541279e-05
CIB1,-9.13016303354842e-05
PTGES3,-9.130764143768941e-05
TSPAN13,-9.131356296336954e-05
SLC2A4RG,-9.135330564103065e-05
KLF4,-9.136239801654322e-05
C3,-9.138771553113244e-05
EHD2,-9.140804486005532e-05
GFPT1,-9.141966666581061e-05
TPD52,-9.144468797464863e-05
SNHG19,-9.145158020746873e-05
NEAT1,-9.145603043857705e-05
SLC26A5,-9.145740279818045e-05
EGLN3,-9.148795363833353e-05
MOCOS,-9.152453836159371e-05
ETV4,-9.155508132733784e-05
ADAM15,-9.155997210298678e-05
KCNE3,-9.15609173668005e-05
FAM83B,-9.171673905605347e-05
NUDT15,-9.175315290638294e-05
AKAP12,-9.178083052184557e-05
FHDC1,-9.182068043706228e-05
SRD5A3,-9.184190273316829e-05
GTF2E2,-9.191454857699302e-05
MDH2,-9.192030989265548e-05
MMS22L,-9.193039177181906e-05
RHBDL2,-9.193458830731601e-05
THOP1,-9.193601776100088e-05
PRELID1,-9.20259130208311e-05
PER2,-9.21544823240759e-05
COX5A,-9.217921688497749e-05
RAB11FIP4,-9.2186385813912e-05
EREG,-9.223491072517709e-05
PBK,-9.22677033157935e-05
USP12,-9.22724921878538e-05
KIFC2,-9.231669671538233e-05
CYP4F3,-9.236345698906528e-05
TTC9,-9.236351340878442e-05
RHOB,-9.23719065607307e-05
CDRT1,-9.247438483197528e-05
MGAT5,-9.247880850297e-05
SRXN1,-9.248649358419376e-05
TXNDC17,-9.250358350071726e-05
TK1,-9.251309029213575e-05
BCL2L15,-9.258087040002296e-05
PSMB8,-9.258240323179912e-05
SRD5A1,-9.258360097768018e-05
ITGAV,-9.25993335090165e-05
ARFGEF3,-9.262589569542691e-05
MRPS34,-9.275307338410826e-05
SLC16A1,-9.27702940324877e-05
TMED9,-9.278182325390613e-05
BORCS5,-9.279476445272095e-05
MVP,-9.28171922908353e-05
SNHG6,-9.288097291233516e-05
ALDH1A2,-9.289396373164565e-05
CDC7,-9.29209764459335e-05
NR1D1,-9.297169190018411e-05
GLUD1,-9.297452326131497e-05
SNU13,-9.302487190350611e-05
SESTD1,-9.304439034676706e-05
BCL3,-9.304913079671184e-05
DDX60L,-9.305826347940709e-05
STX1A,-9.307953893606557e-05
RGP1,-9.309199334332488e-05
RIBC2,-9.30990777335039e-05
FBXL2,-9.311552280704864e-05
VRK1,-9.317267567664529e-05
HIST1H2BG,-9.318018188408612e-05
TRMT112,-9.320852137324503e-05
HYOU1,-9.323860671671985e-05
DOK4,-9.32651113823191e-05
GCC2,-9.339858085917542e-05
PFDN2,-9.345030355059068e-05
HIST1H4H,-9.347267695485414e-05
UBE2S,-9.348332118954093e-05
STPG1,-9.356698649492643e-05
DAZAP2,-9.365575855294926e-05
CMTM1,-9.368078658537947e-05
CLIP2,-9.371674546748202e-05
DSTN,-9.376269021528547e-05
SMAGP,-9.377161303788651e-05
PRXL2B,-9.394660416001764e-05
TIPARP,-9.398955194400577e-05
TKT,-9.414219922892503e-05
ZNF611,-9.416755299375659e-05
UCA1,-9.423667602200184e-05
SSX2IP,-9.438351118936782e-05
DYNLRB1,-9.4398176547446e-05
MTHFD1L,-9.441290135338775e-05
SQSTM1,-9.456513679644699e-05
TAF15,-9.46047377935445e-05
FUT2,-9.461201868659789e-05
DLG3,-9.468359558190882e-05
CAPRIN1,-9.473549439929599e-05
ZGPAT,-9.479918266250674e-05
CCDC150,-9.480910545939487e-05
MCM8,-9.482316930749982e-05
TMPRSS2,-9.491400441426272e-05
ESYT2,-9.496699634058909e-05
RFX2,-9.499397598384834e-05
CLTC,-9.501171288947579e-05
SSU72,-9.50286707495009e-05
RBCK1,-9.506941978695576e-05
RAD54B,-9.507800597045387e-05
YWHAH,-9.515231972629843e-05
ATP6V0B,-9.521330115970291e-05
ATP6V1H,-9.52416036706956e-05
C19orf53,-9.528664961843948e-05
CLSTN1,-9.531712386489232e-05
CBARP,-9.532770186178645e-05
VEGFA,-9.539315796188889e-05
AKIRIN1,-9.541182268624901e-05
DLEU7,-9.543894254323963e-05
SEMA3C,-9.550041010597925e-05
CASP2,-9.554905251336661e-05
UGCG,-9.557194879455315e-05
DHX32,-9.558113166682663e-05
CCNE1,-9.55907507248909e-05
LSM4,-9.565520167071842e-05
CPS1,-9.56782978152761e-05
UBXN1,-9.574255223676216e-05
SLC22A18,-9.574848365486238e-05
ABHD12,-9.575707412516129e-05
TBK1,-9.578123333016045e-05
IQANK1,-9.581724189282927e-05
EIF3H,-9.586481488273163e-05
RDH11,-9.589704247939985e-05
TMEM123,-9.596791840047318e-05
SLC45A3,-9.60052447524724e-05
PPP1R13L,-9.60682968574594e-05
OTUD7B,-9.607388566433904e-05
CORO1B,-9.613519915718623e-05
PSENEN,-9.613898711507084e-05
B3GNT5,-9.614299286459447e-05
CEP295,-9.614733997187098e-05
RAD23B,-9.615259451768614e-05
ATP8B1,-9.615544366276378e-05
UBL5,-9.615743919611286e-05
GBP3,-9.62372300982752e-05
HMGB3,-9.624443234392582e-05
CANX,-9.626630964977769e-05
JOSD1,-9.627664030922502e-05
ATP5F1D,-9.62914765399037e-05
CSRP3-AS1,-9.631886469680021e-05
CENPE,-9.631991435987274e-05
ELOVL1,-9.632262044558308e-05
RIPK2,-9.638914690677304e-05
MYO7B,-9.64522852939552e-05
SBDS,-9.646951540953893e-05
ITPK1,-9.648158951350646e-05
PCYT2,-9.659794298364649e-05
HNRNPK,-9.67503006403063e-05
DHX8,-9.684996956885833e-05
CBX3,-9.688121080036368e-05
GTPBP2,-9.697664860693509e-05
RACGAP1,-9.697881467199523e-05
MPZL3,-9.699092879734286e-05
NDUFS6,-9.711097773240225e-05
NDUFB9,-9.712512876244839e-05
RAD21,-9.716297657039541e-05
HNRNPA1,-9.719716704932233e-05
PTGES,-9.733018967671705e-05
CTNNA1,-9.745146959032414e-05
BTF3,-9.754546362470678e-05
FER1L6-AS2,-9.754772511274961e-05
ATG7,-9.756989653944999e-05
MUC3A,-9.757241680320063e-05
IGSF3,-9.759271323740669e-05
SYT8,-9.759829104581298e-05
SEC11A,-9.761498879549236e-05
SPATA33,-9.762119193583759e-05
LRRC14,-9.762480186822481e-05
NUFIP2,-9.777439256501823e-05
CORO2A,-9.784190369215193e-05
OAZ1,-9.785843141691018e-05
HNRNPAB,-9.786217820394224e-05
ORC6,-9.79107987437091e-05
APH1A,-9.793360491299125e-05
ZDHHC14,-9.793939449101407e-05
SREBF2,-9.80063925573729e-05
SULT1C2,-9.808038817862565e-05
LRRC59,-9.812200708565218e-05
BAG1,-9.814652614342639e-05
PMAIP1,-9.816721553983058e-05
RAB11A,-9.817683645738348e-05
DDX39A,-9.824837684945642e-05
SGPL1,-9.826415208690219e-05
FAF1,-9.836500395487007e-05
GTF2A2,-9.839219596268815e-05
ARHGEF16,-9.843748406676256e-05
SMCHD1,-9.845729582350939e-05
XPO1,-9.847559640698765e-05
PLEKHG6,-9.854556808200327e-05
CAMSAP3,-9.855627020142902e-05
MED15,-9.866714633207209e-05
HDGF,-9.871322542526919e-05
APRT,-9.873993244342291e-05
PIMREG,-9.877829048545334e-05
SNRPD1,-9.882160324744541e-05
KIF20A,-9.887301427008009e-05
XIAP,-9.893149028169426e-05
MELTF,-9.896779350691945e-05
PROC,-9.92703300086699e-05
STK38,-9.932450715759095e-05
TRIM25,-9.936218966599165e-05
SLTM,-9.937134395636729e-05
IRAK2,-9.943393378111566e-05
NCAPG,-9.944450755000919e-05
LMAN2,-9.953923003546734e-05
BRCA1,-9.953964147744141e-05
STARD10,-9.957009431289004e-05
FOS,-9.964900810277828e-05
GJB2,-9.967018962337969e-05
TRIB1,-9.967580108135645e-05
ZNF367,-9.969527208929119e-05
ORMDL2,-9.96962134708293e-05
TACC3,-9.98387377048037e-05
PSMC3,-9.987411243394558e-05
MDK,-9.997766101738716e-05
SDR16C5,-0.00010000071545847592
TNFRSF11A,-0.00010010390312162147
ARF1,-0.00010010989031006336
UPF2,-0.00010014667215114185
CUX1,-0.00010015342416870934
NPC1,-0.00010023565343665948
F11R,-0.00010025664706033992
CLIC3,-0.0001003012984739644
FANCB,-0.00010035445131068366
EEF2,-0.00010035693281719514
NDUFB4,-0.00010039718213439994
GSDMC,-0.0001004297155574
PTPN1,-0.00010048840224801051
TUFM,-0.00010052026296956726
PCSK6,-0.00010054589173580069
TUFT1,-0.00010060536438900845
PLCXD2,-0.00010064659154524628
CHP1,-0.00010070085840381196
KRT15,-0.00010079705007181905
BBOX1,-0.00010081576786373346
ERBB2,-0.00010093220703550132
NDST3,-0.00010094824023378532
SEMA3E,-0.00010101754673576526
CTSH,-0.00010102608386181004
CEBPG,-0.00010105358405734364
RDH13,-0.0001010836762554469
CENPI,-0.00010121663200622199
DDAH2,-0.00010122533777447864
PNRC2,-0.00010123154455294556
SLC43A3,-0.0001013714975852336
GLB1L2,-0.00010148817463159459
CKMT1B,-0.00010159871092627277
PDSS1,-0.00010166824049241894
PRR15L,-0.0001017290418910181
LPIN1,-0.0001017892965650617
NCAPH,-0.00010182147741704845
LRP8,-0.00010189979156033161
XPNPEP1,-0.00010194117628181158
EPRS,-0.00010216943531089801
ADAP1,-0.0001022845622149931
CRK,-0.00010237300759155662
WNT10A,-0.00010239287643813228
DIAPH1,-0.00010247570384991358
IRF6,-0.0001024817925132277
METTL7B,-0.00010248652241316529
MGAM2,-0.00010255122624087966
PROSER2,-0.00010264375533967514
CCT6A,-0.00010264539477978126
DNMT1,-0.00010266592937106216
DNAJC5,-0.00010275042067921266
GMPS,-0.0001027764846906138
CKS2,-0.00010280957729533758
AFAP1-AS1,-0.00010288667723972738
SGO1,-0.00010288824812699543
TYMS,-0.00010291039206542229
PSMG3,-0.00010295089950742495
DNM2,-0.00010298829782527906
PCBP1,-0.00010308908180090763
NASP,-0.00010313231383624627
SLPI,-0.00010323383933499839
PHACTR4,-0.00010324070051446961
PELI2,-0.00010330236966851186
KIF5B,-0.00010338003033992942
CAPG,-0.0001034543679239701
KBTBD12,-0.0001035551672789111
MASTL,-0.00010362477576225952
HK2,-0.00010364144406359942
NUP50,-0.00010371896295151658
CENPM,-0.00010375798753503286
COX7B,-0.00010384137868271799
THSD4,-0.00010388607466115001
ATP10B,-0.00010388811044404999
SEMA4G,-0.00010390279079070596
TMEM54,-0.00010406087265413857
PNPLA2,-0.00010412478289825001
NFKBIZ,-0.0001041592066970663
FARP2,-0.00010421281308108213
PBX4,-0.00010432486337445891
SYTL1,-0.00010434593777664558
MGAT4B,-0.00010446272178764361
RAD9A,-0.00010451097657036497
MPRIP,-0.00010452350376754648
CXCL3,-0.00010460633888655114
TPI1,-0.00010460764426450605
DDX11,-0.00010462104781903023
MFSD6,-0.00010463206420486233
PSMB3,-0.00010468418786958709
LRP10,-0.00010470010980019488
PPP1CA,-0.00010476813908781165
RHEB,-0.0001048434010096333
HK1,-0.0001049070682107241
MARCH3,-0.00010494855809582301
ARHGAP11A,-0.00010505343422255
LYPD6,-0.00010512922489922235
APOL2,-0.00010519097543197787
XKR9,-0.00010519961973228057
CCT3,-0.00010521101101218919
ABCD3,-0.00010530046208693063
KIAA0319,-0.00010541532792535682
TC2N,-0.00010542041511126194
SHCBP1,-0.00010544332329147143
MTUS1,-0.00010549717750261162
RTF2,-0.00010553846160515001
TMA7,-0.00010558126066669429
GNAS,-0.0001056147537603
HMGB2,-0.00010574899532978779
MIR4713HG,-0.00010576867738708938
IKZF2,-0.00010579094292993184
B3GALT5,-0.00010589319097117693
GMEB2,-0.00010591982765529998
LETM2,-0.00010595473220255001
SEPTIN9-DT,-0.00010608040839610892
CATSPERB,-0.00010612194569866365
KRT23,-0.00010615960358306206
SLC9A1,-0.00010619671590309014
WDR45B,-0.00010625411727254147
ADAMTS15,-0.000106298952227704
GPAT3,-0.00010642673414696814
CHTF18,-0.00010651612417380001
THRB,-0.00010658307088568729
CDH26,-0.00010659897231018195
DAB2IP,-0.0001066556201248
TMEM87B,-0.00010665599889632835
IER2,-0.00010669186594816304
KIAA1841,-0.00010672486597364926
RAPGEF5,-0.0001068483624184
MUC5B,-0.00010688797951881008
ARPC1B,-0.00010695042149244999
HSBP1,-0.00010699809623177875
WDHD1,-0.00010725335342680342
RHOV,-0.00010729366824881507
RAB10,-0.00010730412838021557
PTPRN2,-0.00010731497761012223
SET,-0.00010742281190605
PML,-0.00010742665419256703
COX6B1,-0.00010745623341973455
FUCA2,-0.00010751894424774572
SLC16A3,-0.00010779540584237676
COTL1,-0.00010787252666436166
PRKCSH,-0.00010790951590790876
CDH3,-0.00010791990328084812
NDUFB7,-0.0001079295189565
CHPF,-0.00010814109123845713
EPB41L2,-0.00010818528522675
FAM83E,-0.00010827504142380001
COX7C,-0.0001083228597482306
NAMPT,-0.00010832368964228757
CHMP1A,-0.00010833481861885
BAIAP2,-0.00010833584738967277
MCM3,-0.00010837483540475971
CENPX,-0.00010837930333175532
C11orf91,-0.0001083998312989529
TAP1,-0.00010840514633509021
PPP1R16A,-0.00010845823788447397
EPHA1,-0.00010846566170761318
MIA3,-0.00010848351300397957
EPPK1,-0.00010865968417796067
TMEM154,-0.0001086861415297
TRIP13,-0.00010878836428595
CCNYL1,-0.00010879763074324913
LRFN4,-0.00010884700857924553
SLC38A1,-0.0001088612887296677
KRT80,-0.00010893971016725
DDIAS,-0.00010894193188754277
SLC25A5,-0.00010894927313798326
CHMP2B,-0.00010912853821103529
S100A13,-0.00010917562645324592
DBI,-0.0001091796240599338
PCLAF,-0.00010919508728841776
PIF1,-0.00010944128730687677
TOR4A,-0.00010944811499482013
CDYL,-0.0001095003356823933
GSPT1,-0.0001095063015116014
DIP2B,-0.00010951428606357065
BRCA2,-0.00010957602734753364
TRIM47,-0.0001096026612048
HIST1H3G,-0.00010962256412612918
GJB3,-0.0001096643472423
RIN2,-0.0001097284083611576
TJP3,-0.00010975343917023406
MAP3K9,-0.000109796907292112
SPRED2,-0.00010980234485114527
ETFB,-0.00010982537090585808
ACTN1,-0.00010983269583010637
TPMT,-0.00010988902347653775
TFAP2A,-0.00010992068603107719
EIF4B,-0.0001099277210895
SOWAHC,-0.00010996534294910001
RAD51AP1,-0.00011007725168378488
AKR1C2,-0.0001101866045850545
ABLIM2,-0.000110200986045
POT1-AS1,-0.00011033808008598006
CSRP1,-0.00011038675469207749
PSMD4,-0.00011048181987835
PTGES2,-0.0001105610746356221
FUT4,-0.00011067372251884495
TCF19,-0.0001107533679982
SEPTIN10,-0.00011077797412814181
THOC2,-0.00011096132158521009
C11orf49,-0.0001109757622916904
RNF111,-0.00011101697174357015
RANGAP1,-0.00011110767683406681
SLC38A2,-0.00011125331359441201
CMTM4,-0.00011134049708064409
ELOB,-0.00011136321547189067
WWC1,-0.0001114977523674
UQCRB,-0.0001115100682862514
H2AFZ,-0.00011160169497394999
ARAP2,-0.00011161386557269489
MYH9,-0.00011167597774356183
PRC1,-0.0001117538029438
JAG1,-0.00011177083582285824
KMT5A,-0.00011179347048010562
SF3B6,-0.00011184875683735001
SRP14,-0.00011204602546295948
BTBD10,-0.00011211492748879494
COX6C,-0.00011214864320105
PRRC2C,-0.00011224972450262673
MZT2B,-0.0001122953639369356
SLC7A1,-0.0001123442889807
P3H2,-0.00011239870080392267
ATAD3B,-0.00011240679935343856
MT2A,-0.00011257291424416241
SRPX2,-0.00011260412738145
CCDC68,-0.000112837330125
COMTD1,-0.0001129029026240056
CCDC9B,-0.00011293155154101058
GPD2,-0.0001131036830213735
KDM7A,-0.00011324095942335393
SNRPB,-0.00011342499852680591
UBA6,-0.0001135786343609528
MIEN1,-0.00011361765935364912
IL22RA1,-0.0001137036497379768
VPS37B,-0.00011372368236332823
NBL1,-0.00011372841476020858
PDIA3,-0.00011378694165042232
KDELR2,-0.00011380951558860104
PKMYT1,-0.00011395768266235
JUNB,-0.0001139820785905987
BAIAP2L2,-0.0001140193485868
ZC3H3,-0.0001140640148014
CCNB1,-0.0001141889706641
ZDHHC12,-0.00011423885233960001
AGRN,-0.00011427054134524828
RHOF,-0.00011429617639244878
RAB13,-0.0001143259982643353
JAK2,-0.00011439960550340057
MT1E,-0.000114494380563382
SHANK2,-0.0001145610718141635
IL17RE,-0.00011459511607767054
RECQL4,-0.0001147309713828
IL1RAPL2,-0.00011473816412194651
MISP,-0.00011474618548076713
QSOX1,-0.00011492808355835382
ARPC1A,-0.00011493827272401304
CCDC34,-0.00011496238620583573
HNRNPF,-0.00011506373521984542
EIF5B,-0.00011514078837822801
SELENOS,-0.00011521451958233867
SCIN,-0.0001152366076369569
UPP1,-0.00011536112636428687
PIEZO1,-0.00011536808741785
PAK1,-0.00011538240907192189
CRPPA,-0.00011543324310199079
TMEM38A,-0.00011553196795955001
MAGT1,-0.00011573045330088742
CCT5,-0.0001157614480774553
IQGAP1,-0.0001158297917097555
SPTSSB,-0.00011588675116336174
EIF4A1,-0.00011597174107889522
COX8A,-0.00011610519884388426
VPS13A,-0.00011611782085555475
GALE,-0.00011614247492285
PPM1G,-0.0001161718335483
RDH10-AS1,-0.00011628455746902401
RNF128,-0.00011638684730256763
AGPAT2,-0.00011655885828956045
SLC27A2,-0.0001165640958551491
CEP55,-0.00011657100952755926
PRR15,-0.00011663559143197837
RHOC,-0.00011666874825289999
RRBP1,-0.00011671544840197082
USP43,-0.00011671697625413271
IER3,-0.0001167411083173
GRN,-0.0001167921957895
INF2,-0.00011692613741024591
ASL,-0.00011692945044085
GALNT6,-0.00011693708156280001
PLEKHN1,-0.0001170295844351
LSAMP,-0.000117040135823
SDF4,-0.00011707166225952289
MBP,-0.00011716128685656166
AKR1C3,-0.00011721693492327549
MAP4,-0.00011723457570787547
TNIP1,-0.00011736771565855
SPAG9,-0.00011738160033035
RAP2B,-0.00011760865308469619
CIT,-0.00011763375148872641
BZW1,-0.00011768580016855
GAN,-0.0001179252104121101
SLC12A7,-0.0001179842945
SCRIB,-0.00011803381584845
UBASH3B,-0.00011803544362517466
AURKAIP1,-0.00011833810728979999
PRSS22,-0.00011849249623144208
SAPCD2,-0.00011849896205601468
GMDS,-0.00011867052558611827
OPTN,-0.00011870187272529134
MAFK,-0.00011870565114359999
ZSWIM6,-0.00011871157841462683
PTBP1,-0.00011876171047752415
RESF1,-0.00011878268133295001
VLDLR-AS1,-0.00011880448926370821
DTYMK,-0.0001189317307376
EXPH5,-0.00011897954245173198
NEBL,-0.0001190017378688046
ENTPD5,-0.00011913392904008377
AHNAK2,-0.0001192891265932151
NPEPPS,-0.00011929518109363822
MAVS,-0.00011932392331956075
ZNFX1,-0.00011947694536989999
BLM,-0.0001195758886988359
WFS1,-0.0001196053108482303
HOXB5,-0.00011965842556440002
SGK2,-0.00011970604929134014
NOS1AP,-0.0001197256913376
ANXA3,-0.00011980900934504979
GUK1,-0.00011986108434465
TARS,-0.00011995675297240001
HIST1H2BJ,-0.00011997892983485001
CDHR2,-0.00012001670275738734
RDH10,-0.00012006464453576509
TRIM2,-0.0001201965951130101
ZMYND19,-0.00012019983933645
HDAC1,-0.00012021005285480249
USH1C,-0.00012022080319316756
SLC38A10,-0.00012023547528578672
FAR2,-0.00012023734428466714
DNAJC1,-0.00012024564402192025
RABAC1,-0.00012036469692217561
PCSK9,-0.00012037152767295
HIST1H3B,-0.00012039047022095015
HINT1,-0.0001204030139734
TUBA1C,-0.00012053809492600001
JUN,-0.0001205696192778
CDCA5,-0.00012058410101632448
TMEM165,-0.00012060171971480001
RPN1,-0.00012070721677059364
LHFPL2,-0.00012078504377312495
BUB1,-0.00012097807326510232
KNL1,-0.00012105773477432013
C1orf159,-0.0001211486228674588
RCN1,-0.00012123374192505711
S100A2,-0.00012130361221694734
RFLNA,-0.00012133732489481084
ABCA12,-0.00012141531899026991
SPTLC2,-0.00012142072090668549
KLK10,-0.0001216279821015
SLFN13,-0.00012167194877845204
PADI1,-0.0001216867202473
SH3D19,-0.00012184107406670015
PSMA7,-0.00012187655777414998
KRT10,-0.00012188691221315
FAM111A,-0.00012190648671635
RIPK4,-0.00012201443015985523
UBE2H,-0.00012208869366171733
TRNP1,-0.0001220923441809468
VILL,-0.0001221394854745018
PLK2,-0.00012217297639185
MYRF,-0.00012228746007012344
STXBP6,-0.0001222975434018167
MTDH,-0.00012231175363365
SCAMP4,-0.00012232167304195
UNC13D,-0.00012244997926735
C1GALT1,-0.0001224567775827
VASP,-0.00012250311394438338
ISG20,-0.00012258162436302878
YIF1A,-0.0001226553898836
SLCO4A1,-0.00012272085410588144
JPT2,-0.00012273391157535
ECE1,-0.00012276740296308854
SLC25A25,-0.00012290578655438115
SLC22A23,-0.0001229711845105
CYP2C9,-0.0001230241710232103
TBCD,-0.00012302973772795
LMNB1,-0.00012315087567534526
ATP5MD,-0.0001231769205859
ARPC2,-0.0001232259793465502
ACOT7,-0.00012324325530375
DNAJB1,-0.00012335072760439372
RAB5IF,-0.00012336292208817536
LMNB2,-0.00012337339423912062
TOP1,-0.00012342727689345
CSE1L,-0.00012349863340190833
PLEKHM1,-0.00012352297945765
PPARG,-0.0001235785411373
CCDC6,-0.00012367748728133753
IL1RN,-0.00012376216454825
GRHL1,-0.00012387762270046085
SIRT7,-0.00012388458776648484
SPSB2,-0.00012391539041905
RIOK3,-0.00012393761038855
LBR,-0.00012394288759465003
GRK2,-0.0001239578311251
ANO1,-0.0001239672228146811
KIF2C,-0.0001240475680322
TMCO3,-0.0001240646645303512
STK24,-0.00012409010931825
BRD9,-0.00012415933699240424
ANKDD1B,-0.00012420948171615
ADM,-0.00012426088862945
GPAA1,-0.00012435679302375
EIF5A,-0.00012438056445445
TMEM184A,-0.00012453595545575
GINS1,-0.00012455812144185
TLN2,-0.00012471640949152763
SNHG3,-0.00012474303773785
BIRC3,-0.0001247689127162
DNAJC2,-0.00012497585963629017
HNF4G,-0.00012501665974638175
AP003555.2,-0.00012502996861775
ERO1A,-0.0001250358020896
CDA,-0.0001250428763461
BCAR3,-0.0001250647732381
SUMO2,-0.00012513029862515785
DDR1,-0.00012522662677935
NUCKS1,-0.00012532481527105
PLEK2,-0.00012539138362893974
GLI2,-0.00012540781891838624
RCC1,-0.0001254691184795908
TOX3,-0.00012553047052906786
AATF,-0.0001256458488476136
SMURF1,-0.00012577200873961224
GPR35,-0.0001258778223103308
SPIRE2,-0.00012598809969251276
ANP32E,-0.00012613856119660208
ODC1,-0.00012614426695935
NOP56,-0.00012618502867585
SF3B2,-0.00012632478294075
PRELID3B,-0.00012637446359655
ELF1,-0.00012640457979215
BARD1,-0.00012646497195425
RIF1,-0.00012649097824915
CDKN2B-AS1,-0.00012656413112660091
FHAD1,-0.00012681434041890237
SLC1A5,-0.00012690215592615
ADIRF,-0.00012694233509640002
IFNLR1,-0.00012706992340325
SDC4,-0.00012707664453478928
CLTB,-0.0001273229121576
EFHD2,-0.0001273739314347
NECTIN4,-0.0001273927070751088
GTF2IRD1,-0.00012751521023645
NOP58,-0.00012754112321575504
MARK2,-0.00012771898305655
SLC39A11,-0.00012783928720889654
TMOD3,-0.00012799432712555
CEP192,-0.0001280197893725
AP000919.2,-0.00012807146495465992
TRAF2,-0.00012813771171255002
CENPF,-0.00012826390233727216
ATP1B1,-0.00012840910024803943
CAPZB,-0.0001284604568209123
SPINK5,-0.0001286044243357904
LHFPL5,-0.00012890827863175
SLK,-0.00012896634745880026
BHMT,-0.00012898830123554532
NSD2,-0.00012903103204474998
TACC2,-0.00012930194626294472
LIMA1,-0.00012932509735585
PPP1R1C,-0.00012935119503407083
HS3ST1,-0.00012937719266496354
CDKN2A,-0.00012937942604855
PVR,-0.00012943242148701748
RTTN,-0.00012943298777510416
FOXL1,-0.0001296139663795
VWA3B,-0.00012963363506775
SYT1,-0.00012965754131375
MANSC1,-0.00012970468323661238
AREG,-0.0001297526500866
YWHAQ,-0.00012975875790850923
FERMT1,-0.00012978608511975001
GALNT12,-0.00012983692275906773
HOXB3,-0.00012987330209136052
FANCI,-0.0001298920072249
VKORC1L1,-0.00013007262543165
TTK,-0.00013023383509935878
ADORA2B,-0.0001302436679549858
PLEKHB2,-0.00013036433218077147
EVPL,-0.00013048731627153613
SMS,-0.00013053542617175
AP2B1,-0.00013059740404013675
LRRC8A,-0.00013073489924445779
CNNM1,-0.00013077487310277793
RAB25,-0.00013125101553055935
CD82,-0.00013130798347428402
CEBPB,-0.0001313200539733
SGO2,-0.00013140675552345
SELENOW,-0.0001314944211678
KDM2A,-0.0001315209855121651
CAPN15,-0.000131542478084881
NT5C2,-0.00013187752093045
BLCAP,-0.00013194676476256943
GNGT1,-0.00013196159145135002
MROH1,-0.00013204745999703338
CRIP1,-0.00013224095898599998
ITSN1,-0.00013225140022078233
MARCKS,-0.000132260759283
TSPAN14,-0.00013230629255517792
C21orf58,-0.00013231118851275
ATP2B4,-0.00013244711809075002
WDR34,-0.0001325237978737272
EEF1G,-0.00013259421393474797
CDC42BPB,-0.0001327477101808
SLC45A4,-0.0001328040147823171
C1orf116,-0.00013283743742197618
PTP4A2,-0.00013286711139285
BLOC1S1,-0.00013286865292665357
TSPO,-0.00013290365054040537
FUT3,-0.00013298900982026474
KCP,-0.000133187230537963
TRAF4,-0.00013346852009098393
KIF18A,-0.0001335162369305
OXSR1,-0.00013358395780156926
ROCK2,-0.00013362591183095
CEACAM5,-0.00013363270987800288
CLSPN,-0.00013363669229628678
MCM10,-0.00013373782631806796
CDS1,-0.0001340306457476
HIST1H4C,-0.00013407499121259999
MANF,-0.00013458609168422693
MRTFA,-0.00013465994984821015
TPM3,-0.0001347620766426
VTCN1,-0.00013496309646136615
SRRM2,-0.00013509525141968773
PLCD3,-0.00013512342501950002
CRIP2,-0.00013515691787512307
SERPINB5,-0.00013520602093976746
TFCP2L1,-0.0001352118036098544
CHD2,-0.00013536704885650766
IFNGR1,-0.00013549058460655
EEPD1,-0.00013555927531573253
HSPE1,-0.00013563480245315
SLC44A4,-0.00013564065935850534
ARHGAP21,-0.00013571854826237783
FAM111B,-0.0001357685001867
OSBPL2,-0.00013582809174985001
EPS8L1,-0.0001358395243115
ACTR3,-0.0001358642092848
TMBIM1,-0.00013587960114445
SPATA13,-0.00013602573403744998
UQCR10,-0.00013638426611825002
CAVIN1,-0.00013646231532989708
MAD1L1,-0.00013650258251958952
BICDL1,-0.0001366501231146545
PCDH1,-0.00013672098209695
CBLC,-0.00013674997962661635
RAPH1,-0.00013697853082730743
MFSD2A,-0.0001370204491760724
FBLIM1,-0.00013717816528278074
MICAL3,-0.00013724268237094999
SLC52A2,-0.0001373377099666
PLBD1,-0.0001374205860625774
NPM1,-0.00013745105926085
DUOX2,-0.0001376189056902
SPTBN1,-0.0001378593970716
CRYBG2,-0.0001378847028092
ESCO2,-0.0001379394044578
MND1,-0.00013800311370285
STPG4,-0.0001380894933852984
PLEKHG1,-0.0001381287697602
UHRF1,-0.00013813395657880212
OSBPL10,-0.00013820589068974998
MALL,-0.00013822405322677373
SEL1L3,-0.0001382786809725
DNAJB11,-0.0001383581055894
CDC25C,-0.00013836178982426883
TGM2,-0.00013868479717349998
POLA2,-0.00013874143191584814
BRI3BP,-0.00013882089093460002
CHMP4B,-0.0001389145873409
NCAPG2,-0.00013897689324906704
DNAJC15,-0.00013902449700285
PLXNB2,-0.00013903590739403938
S100A14,-0.0001391308585561
CAB39,-0.0001391575166694
PRKDC,-0.00013924489638550002
MANCR,-0.000139531969444
FAM107B,-0.00013968569794942798
CAMSAP1,-0.00013972688739390002
GABRP,-0.00013990732108565
NCAPD3,-0.00013997036283613083
NQO1,-0.0001399983334358
GIPC1,-0.0001400586408266
TMEM238,-0.00014032603559110957
CASZ1,-0.00014034756041813576
WDR62,-0.0001403727332797
MAP7,-0.00014039190107808695
PPP4R1,-0.00014045075977709998
PASK,-0.0001405005248639914
ARHGDIA,-0.0001405917683771
TROAP,-0.00014071515999648196
TSTA3,-0.0001408478684924
RAP1B,-0.00014085225493040723
PTTG1IP,-0.0001408745975005
Z99289.1,-0.00014091361800155
PRAG1,-0.00014092196237305
WDR90,-0.00014110547994725
IFI27,-0.00014114794837575
PLAC8,-0.000141266980046
TECR,-0.00014126875791325
GEM,-0.00014147452937565
KIF14,-0.00014155480722535
IPO7,-0.00014156253460912365
TMEM45B,-0.00014157099708364136
RGS3,-0.00014159448660878515
PSEN1,-0.0001416084250641
SH3TC2,-0.00014175637496185973
PDZK1IP1,-0.000141836800981564
GEN1,-0.000141890354715717
CDCA3,-0.00014198200079935
NACA,-0.00014201657921735
VDAC2,-0.0001420584880367
SH3PXD2A,-0.0001420665294165
EZH2,-0.0001422923568276834
XRCC2,-0.000142332660546
TUBB,-0.00014239833037655
PLCH1,-0.0001425598508955
CALM2,-0.0001426458223185
RALA,-0.00014268103000185
EHMT1,-0.00014274089104794998
DDX21,-0.000143056862307
CBR3-AS1,-0.0001433705237973
PACSIN2,-0.0001435391426838076
CAP2,-0.00014363577260776222
EFNB2,-0.00014363977754082555
CST3,-0.00014363989996394228
NEIL3,-0.00014373026347984998
MACC1,-0.00014389727311022848
NORAD,-0.00014403577808570002
RND3,-0.00014421793289145
SYNJ2,-0.00014426852023744998
YBX1,-0.00014434637056905
KPNA2,-0.00014434658448205193
FOSL1,-0.00014446799653965002
TMEM189,-0.00014448917567715
ASAP2,-0.0001445042055678
GAREM1,-0.0001446507537294056
SYNGR2,-0.0001449505356683
OCIAD2,-0.0001450619757923493
PLEKHA5,-0.0001450770016498
CDC6,-0.00014523889150705
MIR22HG,-0.00014543502916285
YWHAB,-0.00014545648811354998
SFN,-0.00014565858625665
SERF2,-0.0001457666250244
ABRACL,-0.0001458266975592
HIST1H1C,-0.00014584007839909998
CALM1,-0.00014589310881678378
NMU,-0.00014590907636975
KIF20B,-0.00014606525841205
FGD4,-0.00014613351245035714
KRTCAP2,-0.00014633821827265
ADAM9,-0.00014642560973880133
ZFPM2-AS1,-0.0001469713320296
BZW2,-0.00014701893591509288
SLC16A5,-0.00014711122374565
PEAK1,-0.00014715803331750058
MYL12A,-0.00014723821858245
NCL,-0.0001473816716736
HMMR,-0.00014743473907188027
AKAP1,-0.00014749829036480048
MX2,-0.0001476095452776
EIF6,-0.000147657100858
MYO6,-0.0001479781093446
CAST,-0.00014815469068770002
ARHGAP5,-0.00014817182172812625
GAS5,-0.00014877571415565
CAPN2,-0.000148881175981
CKAP2L,-0.00014903891047732704
FAM72B,-0.00014937516262035
BCAP31,-0.0001494740472868
UNC5B,-0.00014955511906957847
DNTTIP1,-0.00014960073476335
DHRS9,-0.0001496352490037
DEPDC1B,-0.00014983652290285001
ANKFN1,-0.0001498471093218048
DDIT4,-0.00015005092192825565
MICU1,-0.00015017110161760487
NDUFS5,-0.00015058725815326535
NPLOC4,-0.00015069216776285
TST,-0.00015077922833802584
RABL6,-0.00015079221475446051
TMC7,-0.00015085949213575
PPIA,-0.00015095978085778158
FZD5,-0.00015128820866135
FRMD5,-0.00015130443833672857
RNF19A,-0.00015161369805775
ENO1,-0.0001521375838756
NUP62CL,-0.0001523016607568919
ANKMY1,-0.00015247500268058753
PDIA6,-0.0001526241940554
CAMK2N1,-0.00015292747121884999
KPNB1,-0.00015300641420285
ANKRD11,-0.000153081629355
NRP2,-0.00015310475912375002
SLC7A11,-0.00015318206076275
SHB,-0.00015358046997215
SCEL,-0.00015371557724924205
EIF3A,-0.0001538969255792028
KANSL1,-0.0001540056505102
AGFG1,-0.00015409383711695
KIF23,-0.00015448023953763698
PLAUR,-0.00015463369218755
RPN2,-0.000154645680587
TNS4,-0.000154742226300716
HHLA2,-0.00015482351549275
C15orf48,-0.000155041365177
CLDN18,-0.00015511600402641785
NCOA3,-0.0001552029946197
HSPH1,-0.00015520492498144998
E2F7,-0.00015527892603050002
ANXA10,-0.00015535512089965897
CYTOR,-0.00015536662118342825
CCNF,-0.00015576375719488205
EIF4A2,-0.00015583973427455
B4GALNT3,-0.0001558535143618
PFN1,-0.00015593155821445
ZNF83,-0.00015614981314670157
BCL2L1,-0.00015616687008265
TPM4,-0.00015625540425259998
FRK,-0.00015636512074939575
MIR4435-2HG,-0.00015644955403057954
HMGA1,-0.00015648370467209998
TXNRD1,-0.00015665715678211397
S100P,-0.00015672876874995
PPA1,-0.00015678621915005
NPAS2,-0.0001568637090448279
TJP1,-0.0001569262321468
SPATA6L,-0.0001570363607597
CDKN2B,-0.00015827648787745
CXCL16,-0.00015831688190265
HRH1,-0.0001583511520746176
CMIP,-0.00015836108988385002
TNFRSF12A,-0.00015844714511214998
SH2D3A,-0.00015869263059705
SDC1,-0.0001587510530436
INCENP,-0.00015911733754105
EIF1,-0.00015918626022575
DLEU1,-0.00015932801315942332
ZFAS1,-0.0001594545384775893
LYN,-0.00015960537428192845
H3F3A,-0.0001596068043599
SFTA2,-0.00015965628364419853
DSC2,-0.00015986864553865
MYBL2,-0.00015989703436144998
ARHGAP27,-0.0001600247767094
AFAP1,-0.00016016600566685002
PTK6,-0.00016028403072198823
TAF1D,-0.0001602905528835359
EEF1B2,-0.0001603148587982
TM4SF1,-0.00016035964678935
STIL,-0.0001605303752428
STS,-0.00016058377768215
CABLES1,-0.0001606123786384
COX6A1,-0.00016083790560675
MIF,-0.00016088646106995002
CTBP2,-0.0001608917564782
CHAC1,-0.0001611942432549
FAM49B,-0.00016128129422054999
MBNL2,-0.00016128174478605
MYL12B,-0.00016133243788135
AFDN,-0.0001615838690147
DTL,-0.00016171982579123542
CLDN1,-0.0001617216604428
ARNTL2-AS1,-0.0001619733474591
KIF11,-0.0001620349001194
GPX2,-0.0001622586765811
ADGRF1,-0.0001623090030904
BUB1B,-0.0001623921872342
PTPN3,-0.00016241469888205
EPS8L2,-0.0001624286479161
ARHGAP32,-0.00016262049997455
LSR,-0.00016298693273835
SYTL4,-0.000163122494175
KLF6,-0.00016318289593735002
ABLIM3,-0.0001632539860802
H1F0,-0.00016343930528585002
LAD1,-0.0001635144934874277
CYP3A5,-0.00016353505660438115
KIAA1671,-0.00016367337872803535
KIF2A,-0.00016367702857195002
ERBIN,-0.0001637479105642
KIAA1522,-0.00016407533502785
EIF2S2,-0.0001643327747485559
TSPAN3,-0.00016442973800005
PHLDA2,-0.00016443951111615
NUSAP1,-0.00016460339231483842
MCL1,-0.0001647372377299
KIF15,-0.00016476519507366185
KIF24,-0.0001647663281529944
ATAD2,-0.0001648677948473
TES,-0.00016502431895786486
EDF1,-0.00016506136688034998
ETNK1,-0.00016512169761655286
ERRFI1,-0.00016514073964555
SDCBP,-0.0001651953022565
LDLR,-0.00016520657099025
PIP5K1B,-0.00016594010664215
ITGA2,-0.00016632640501855
C12orf75,-0.00016711093000135
CD9,-0.000167251612963
BIRC5,-0.00016743411093575
TJP2,-0.00016788818468689999
SEMA4B,-0.00016803461390974347
LGALS4,-0.0001680907825992
CENPK,-0.000168120905612
ATP6V0C,-0.00016821853477215
ST14,-0.00016833838183478067
GSN,-0.00016848695172790002
FAT1,-0.00016852539307495
LGALS3,-0.00016874219669085001
P4HB,-0.0001691070784392522
ITPR3,-0.00016928755022765002
KLF3,-0.00016941353864290002
WEE1,-0.0001694200991275
AKAP13,-0.00016969727219645
EEF1D,-0.00016980354830385
TXN,-0.00017028169655205
EPCAM,-0.0001706715560774
PLP2,-0.00017074873824445
FOXM1,-0.000170970353466
DNA2,-0.0001711116338065
CSTB,-0.00017111584625654997
PRSS12,-0.00017120266664440002
RAB11FIP1,-0.00017121944252609998
CTTN,-0.0001712903349582
MXD1,-0.00017138956131470347
SH3RF1,-0.0001714296894496
ITGB6,-0.00017155918527765
GTSE1,-0.0001720092594979
SDF2L1,-0.0001721813985854912
CDCA2,-0.00017218570632335
PKP3,-0.0001722273894803
PRR11,-0.0001724656743122
JPH1,-0.0001725499608606
DEK,-0.00017255839872969998
FXYD5,-0.00017292183152338604
SLC22A3,-0.00017315654781295
SYT16,-0.00017320786994165
HSPA1A,-0.00017324280675529998
HSPA8,-0.00017331289460015
ACSL5,-0.00017335974072005
LPIN2,-0.00017395119410491402
DLGAP5,-0.0001744950725776
NIBAN2,-0.00017476190541235
B4GALT5,-0.0001748797926749
ATP5F1E,-0.00017527045348635
EMP1,-0.00017535396259405
CLDN7,-0.0001754384661255
NMNAT2,-0.0001755417097091
KIFC1,-0.0001755758055298
EPAS1,-0.00017562901922749997
STRIP2,-0.00017569308470355
CGN,-0.0001760104483798
TGFA,-0.00017610361194120001
PPDPF,-0.0001761590286972
PRSS3,-0.0001764549000008
RALGPS1,-0.00017660258843819158
MIR222HG,-0.00017699284989903825
MBOAT1,-0.00017729412701149433
EXO1,-0.00017741839126855
CFAP54,-0.00017755672498875002
MYEOV,-0.00017764539766490002
PPP1R14B,-0.00017797452917605
PDIA4,-0.0001781610725576
RAB22A,-0.00017817336362282613
STK39,-0.00017897441694898414
DPY19L1,-0.00017902213680490002
SMC4,-0.000179211821105
ARHGAP11B,-0.00017925018507268216
F5,-0.00018021204003055002
PABPC1,-0.0001803199843999
MYO18A,-0.00018078703478245
CDCP1,-0.00018087058662605
ADGRG6,-0.00018087188373159697
HLA-C,-0.00018088621624446797
CLIC1,-0.0001811719121953
MROH6,-0.00018233624781704999
UBB,-0.00018252303281529998
CAMK2G,-0.00018265064772595742
TSC22D2,-0.0001831091248019
COL17A1,-0.00018340676562704998
MBOAT2,-0.0001835703322982
ANXA11,-0.0001842578276798
TUBA1B,-0.00018431118784075
UBE2T,-0.0001846179227968
RAC1,-0.0001847908852352
ACOX1,-0.00018502123418284998
APOL1,-0.00018525155673275
TAGLN2,-0.00018546713340124999
TSPAN5,-0.0001855853184273674
PRDX1,-0.00018560432897705
SLC6A20,-0.00018567285544335
CAPN9,-0.00018666836300337066
DOCK5,-0.0001868116761899
CKLF,-0.00018727074556675
CLDN4,-0.0001874146007469
PTBP3,-0.00018744225421835
CCL28,-0.00018781502621605
HEBP2,-0.00018794276968665
EGFR,-0.00018824258658299998
IQCE,-0.00018843231275355
C3orf52,-0.0001884351168001
FAM118B,-0.00018864359592359514
LRRC1,-0.0001886518032327
SDCBP2,-0.00018867343314305
NME2,-0.0001887573054176
RRM2,-0.0001894049882537
TMBIM6,-0.00019022727496056067
NET1,-0.00019024541831110002
SUN1,-0.0001904855438255
EMP2,-0.0001907332375626
PPIB,-0.00019098009047070172
CD151,-0.00019120818191825
PHACTR2,-0.00019134408725169998
C4orf19,-0.0001915813133974
MT1M,-0.0001916802217371
LDHA,-0.00019206175424945
SERPINB1,-0.00019224906390215
RALGPS2,-0.00019255195973235
FER1L6,-0.00019263766665424998
LYPD6B,-0.00019268309302525002
EHF,-0.0001928125381778
RACK1,-0.00019287637765035
TICRR,-0.0001933916670705
TRIO,-0.00019340660931849998
IFITM3,-0.00019439593296414998
C6orf141,-0.00019447039677175
LLGL2,-0.00019457863131575
FXYD3,-0.00019465308775362672
SERINC2,-0.000195122858717
FTH1,-0.00019523843339210002
TACSTD2,-0.0001952398077329
SGPP2,-0.0001954461433958
ASPM,-0.00019546579639695
BACE2,-0.00019590425040010001
HJURP,-0.0001963886242005
ALS2CL,-0.0001966189823394
SPINT1,-0.00019788557296245
TSPAN8,-0.0001985179390535
SEPTIN9,-0.00019888732172462336
TMSB10,-0.00019904161436825002
AURKB,-0.00019924303989705
TMSB4X,-0.00019987065310405
CTSD,-0.00020014831896765
RASSF6,-0.00020055733956055
EPB41L1,-0.00020092837293725
C4BPB,-0.0002012864023752
CD44,-0.00020172992568850002
AMN,-0.0002017944549374
AGO2,-0.00020214481946155002
PLXNA2,-0.00020222541688122314
DNAH5,-0.0002023682152599
HLA-E,-0.00020251435535135
SPAG1,-0.000202646289162
TPX2,-0.00020280407657725
FAM83D,-0.00020288518179045
SKA3,-0.0002030810211774
FANCA,-0.0002033101782617
CCND1,-0.0002036110934267
APLP2,-0.00020364959937434999
EPHA2,-0.0002039521538209
ABHD17C,-0.00020401600755065
TRERF1,-0.00020420806177215
GPR39,-0.00020478300149589796
JPT1,-0.000205024941985
ACTN4,-0.0002054255262159
S100A16,-0.00020710548553905
FAM83H,-0.00020756220481035
FHL2,-0.00020835923152085
BRIP1,-0.0002084225802882
CEACAM6,-0.00020908970747235
VSIG1,-0.00020995910525507127
MIR924HG,-0.00020996823685545001
CFL1,-0.00021013244120865
HLA-B,-0.00021082775999674413
LASP1,-0.00021085340035885002
SVIL,-0.00021139262716255
MGLL,-0.00021141774452795
IGF2BP3,-0.00021151192097274536
INPP4B,-0.00021223986543855
ESRP1,-0.00021230583576244597
TMC5,-0.00021241467480665
PDLIM5,-0.0002135853088441
GALNT7,-0.0002138988913852
MYL6,-0.0002145364698051
FOXQ1,-0.0002146833870661
CDH1,-0.0002156206642897
PFKP,-0.0002166298212294
B3GNT3,-0.0002170210891263
KRT7,-0.00021708758288385
KIF4A,-0.00021750661816104998
SLMAP,-0.00021790576593155002
SHROOM3,-0.0002182932292443
HSP90AA1,-0.00021916139187975
C6orf132,-0.0002192150824826
FA2H,-0.00021951977223115
IL1R2,-0.0002197835492632778
SH3BGRL3,-0.00021998357473325
NDC80,-0.0002204409723957
IL18,-0.00022055299447350002
TMEM163,-0.00022086356752665421
PLEKHA6,-0.00022156505793295
TUBB4B,-0.00022258546604605
C19orf33,-0.0002233114299404
SLC2A1,-0.00022334764116865
ABHD2,-0.0002234064399287
ITGA6,-0.00022401873216799998
MAL2,-0.00022461178786999998
LMNA,-0.00022513900858584998
INAVA,-0.00022561538428705002
STON2,-0.00022613702004968056
MYO1E,-0.00022624721552605
CARD11,-0.00022780852266851751
TNFRSF21,-0.0002283857750066
POLQ,-0.0002285123247807
PTPRR,-0.000229341839
HACD2,-0.00022962194603445
SMAD3,-0.00023011575554855002
VCL,-0.0002303504599093961
AHNAK,-0.00023085250644595
COX4I1,-0.00023091594367705002
HSPB1,-0.00023092965779625
CYBA,-0.00023100803943405
STYK1,-0.0002311334145293
GSTP1,-0.00023114235039750001
TSPAN1,-0.00023151698143319998
TSPAN15,-0.00023172028879414998
B2M,-0.0002317999036075
CD55,-0.0002326620757094
IL32,-0.0002338910695122
PYGB,-0.0002345697461182
SRPK1,-0.00023461648749060002
LYST,-0.00023516331450550002
MUC13,-0.000235169931224
POF1B,-0.00023518856019190003
MKI67,-0.00023534324631870003
CYP2C19,-0.00023599269152524999
LAMB3,-0.0002362729028174
PLEKHA7,-0.00023645911699462762
ARHGAP42,-0.0002364916307771
KIF18B,-0.00023658344469845
POLD3,-0.00023682766982425
SH3RF2,-0.0002369282322078
EZR,-0.0002371739392863
GDA,-0.0002372421548887
PLS1,-0.00023736754253104997
IQGAP3,-0.00023739091580320001
SSR4,-0.00023861046606174052
ABHD3,-0.00023870869729085
LRRFIP1,-0.00024188154910309998
PKM,-0.0002421240272968
MYO5B,-0.0002421920676483
MYO5C,-0.00024255346654725
GALNT5,-0.00024481089462815
FAU,-0.00024672602812145
ITGB1,-0.00024773165085120003
PMEPA1,-0.0002480956329931
MST1R,-0.00024888609809315
RHPN2,-0.00024924958867725
MAP3K5,-0.00024927346042295
HSP90B1,-0.00024935538193407875
ARL6IP1,-0.00024938529059634654
ATP2C2,-0.00025116208317905
PTPRF,-0.0002512979477885
CDK1,-0.00025204425279715
EEF1A1,-0.00025252907664365
MALAT1,-0.0002532961732373
PDZD8,-0.00025372221119435
TOP2A,-0.0002549049078491
AHR,-0.0002559806702852
KLF5,-0.00025623787983979995
SPINT2,-0.00025639060936005
TCF7L2,-0.00025661052657725
UBA52,-0.00025718134719999997
TFPI,-0.0002578981482908539
HSP90AB1,-0.00025816797826295004
BAIAP2L1,-0.0002589037670109
ELF3,-0.000259364394398
ECT2,-0.0002600758743976079
EPS8,-0.00026009687998285
ANKRD36C,-0.00026053214790265
SRGAP1,-0.00026059517068305
ABTB2,-0.00026158169457245
MELK,-0.00026160585165431195
MICAL2,-0.00026239315629095
LIPH,-0.00026253879308875
PARD6B,-0.00026299358023850004
PRKCA,-0.0002663289510751
MYOF,-0.00026691521621575
RBBP8,-0.00026758761584615
DIAPH3,-0.0002692092889027
MUC1,-0.00027223105101205
SYTL2,-0.000273031994351
S100A10,-0.0002742018849854
DSP,-0.00027625643128779997
CD2AP,-0.00027719518336205
UBC,-0.00027782950905555005
SPATS2L,-0.0002786926764546
ARHGAP12,-0.00027903687836225
CTNND1,-0.00027975591940409997
RASEF,-0.0002802782504248
AP1S3,-0.00028047147715564997
TMPRSS4,-0.0002813984611204
ONECUT3,-0.00028167915993405
TPT1,-0.00028183434405239997
TRAPPC9,-0.00028215262166585
ANLN,-0.0002850988348247
FLNB,-0.0002854561575651
KRT8,-0.0002857767538525
PLEC,-0.0002860585982427
GCNT3,-0.00028669715458945
HLA-A,-0.00028688041628475
CASC19,-0.00028799412743885
LAMA3,-0.0002910254972088
SLC37A1,-0.00029240437428314995
ACTG1,-0.00029281351315419996
ABCC3,-0.00029290755407035
RASGEF1B,-0.0002930203641176
DGKH,-0.00029526190041045
HKDC1,-0.0002977816510573
USP54,-0.0002978302580319
JUP,-0.0002983191779407
FAM177B,-0.00030063923543653215
LMO7,-0.0003020897983765
DSG2,-0.00030212031249404997
MYH14,-0.0003040934875779
ANXA1,-0.00030950812267815
PTMA,-0.0003111053767651
ITGA3,-0.00031139345992585
KYNU,-0.00031195331238530004
KCNK1,-0.000313754086111
RAB27B,-0.00031519705330564996
BCAS1,-0.00031649612300635
ANXA4,-0.00031686498702295
CD63,-0.00031768249552479997
PERP,-0.0003189515180466
CDC42BPA,-0.00032317113418015
KRAS,-0.00032804494270885
YWHAZ,-0.00032823571320415
VMP1,-0.00033072363286489997
LAMC2,-0.0003399584398962
HSPA5,-0.00034058453083275
CALR,-0.0003406809107187388
OSBPL3,-0.0003446651600088
CYP2C18,-0.00034670949319530003
MET,-0.00034869065355125003
ITGB4,-0.00035283593425515004
GPRC5A,-0.00035468406993545
S100A11,-0.00035504786824579995
KRT18,-0.0003554650921104
CD59,-0.00035976751760799996
ANXA2,-0.0003676899294157
ARNTL2,-0.000369338062527
EFNA5,-0.0003778876979846
KRT19,-0.00038398627003705
MLPH,-0.00038893246225185
DST,-0.0003915228367429
GAPDH,-0.0003969395381881
ACTB,-0.00041780652083630004
PDE4D,-0.00047732331347554997
MCU,-0.00048495311417215
S100A6,-0.0005056648819622999
CAPN8,-0.00057676825708275
