,0
CDK1,0.0005698235452089
TOP2A,0.0005298365835337
ANLN,0.000516575379379
KIF4A,0.0005148303923118
SDK1,0.0004777152846719
GAPDH,0.0004773562645073
PTMA,0.0004758560762905
AURKB,0.0004544939888782
HJURP,0.000450495052593
S100A10,0.0004448751245907
ARHGAP11B,0.0004399620305483
UBE2C,0.0004356033209426
ASPM,0.0004351167629149
TUBB4B,0.0004321243781141
S100A11,0.0004281837484023
KIFC1,0.0004190881559119
HSPE1,0.000414151760967
ECT2,0.0004087234130993
PPIA,0.0004083384412489
HSPD1,0.0004038704912313
MKI67,0.0004006880100605
DEPDC1B,0.0003968494742748
SMC4,0.0003902603516148
RRM2,0.0003775598361938
FAM83D,0.0003752021210089
SKA3,0.0003747339967055
BUB1B,0.000374357606787
NUSAP1,0.0003726853423537
MYBL2,0.0003713561249667
MAP3K20,0.0003669811355073
TICRR,0.000362698028341
DIAPH3,0.0003621044038925
TUBA1B,0.0003618129362151
CENPK,0.0003596131878334
TPX2,0.0003555520640372
PRR11,0.0003539424508013
KIF18B,0.0003530118741302
PIF1,0.0003514358195945
KIF14,0.000350395153485
TUBB,0.0003475838404634
GEN1,0.0003455852411361
BIRC5,0.0003434909579586
DGKH,0.0003430362776355
SAPCD2,0.0003428055495481
BRI3BP,0.0003418265758557
MICAL3,0.0003408220392023
H2AFV,0.0003397616849403
BUB1,0.0003391471503404
EEF1G,0.0003363899620975
ARL6IP1,0.0003325298438987
PDIA3,0.0003319302283223
YBX1,0.0003265577548969
HSP90AB1,0.0003215217911075
POLQ,0.0003214104978622
RAN,0.0003134213522051
PBK,0.0003131032279056
SGO2,0.0003120473605978
NPM1,0.0003118657746529
KIF11,0.0003084613874418
KPNB1,0.0003074224164616
EXO1,0.0003073714653651
ATAD2,0.0003058726612821
KIF22,0.0003043331183171
CTPS1,0.0003036181581414
SNRPB,0.0003027444548264
BICD1,0.0003003210652076
PTDSS1,0.0002994436933435
BRIP1,0.0002985787570834
UHRF1,0.0002980776425608
EPHB2,0.0002962826301654
UBE2T,0.0002948998897169
NAP1L1,0.000292044221508
CKAP2,0.000291575209398
NEIL3,0.0002914701255164
KIF18A,0.000289844384633
OSBPL10,0.0002895985367247
KIF23,0.0002880771446137
NONO,0.0002876916379709
E2F7,0.0002876614545287
ZNF695,0.0002868048810247
EEF1A1,0.0002867403159743
SNRPF,0.000286449468401
FAU,0.0002863892427595
CENPF,0.0002861085510803
SET,0.000284898957977
KPNA2,0.0002839408632233
CANX,0.0002823571459072
KIF20B,0.0002811458587499
GTSE1,0.0002810652391442
KNL1,0.0002810566191483
IL17RB,0.0002799782442516
TTK,0.0002794076700974
NFIA,0.0002792249172791
C12orf75,0.000279189048964
ASF1B,0.0002789353082174
NUCKS1,0.0002785722464243
HMGN2,0.0002777076988226
HSP90AA1,0.0002773646111064
HMGA2,0.0002755131175278
PPIB,0.0002736506026912
DLGAP5,0.0002720829408013
CEP192,0.0002720533864406
HSPA5,0.0002716960003349
FAM111B,0.0002706284497182
SMC3,0.000269962729427
SRSF1,0.0002698759932722
LRRC58,0.0002695508018511
DLEU2,0.00026853975357
RRM1,0.0002685101095353
EEF1B2,0.0002683822149046
CACYBP,0.0002670175588163
RASGEF1B,0.000266989431935
CDC20,0.0002652605439063
HMGB1,0.0002636189478116
LRP8,0.0002622680028719
BLM,0.0002614673673477
TROAP,0.0002613233481459
NHSL1,0.0002602115477643
FEN1,0.0002599764388325
WWOX,0.000259883013128
PKM,0.0002598682372988
ESCO2,0.0002590163946881
SRGAP2,0.000256711480947
RPRD1B,0.0002560739092149
CKS2,0.0002560463711611
NCAPG2,0.0002549534769758
SMC1A,0.0002534603073473
ATAD3A,0.0002533827820537
CSE1L,0.0002528591476443
HNRNPAB,0.0002519893948184
HSP90B1,0.0002517386460696
STIL,0.000251708485448
CYBA,0.0002515543653125
DDX21,0.0002511239581173
BARD1,0.0002508802556858
RNF26,0.0002503251868495
RPN2,0.0002502727646167
PTTG1,0.000249706664348
HMGB3,0.0002491676201601
PBX3,0.0002488252702612
HMMR,0.0002486253033475
NCAPD3,0.0002480230020412
CDCA5,0.0002478657521916
PPA1,0.0002473513473029
MCM5,0.0002459764835987
COX8A,0.0002458932984143
KIF2C,0.0002451446896005
BUB3,0.0002451314329114
H2AFX,0.0002451168078177
ADCY3,0.0002451081476351
ARHGAP11A,0.0002437411174353
C2orf69,0.000242859015676
STT3B,0.0002423502647695
RANGAP1,0.0002420410416657
TMEM106C,0.0002419552973053
WDR62,0.0002416836711174
SHCBP1,0.0002410512559783
FANCI,0.0002403929254825
BORA,0.0002398937926417
TUBA1C,0.0002395516079995
TKT,0.0002392977414073
PABPC1,0.0002392744767952
PRC1,0.0002390990399961
ANAPC5,0.0002386530775647
EZH2,0.0002381776832904
HLTF,0.0002381099469223
LMNB2,0.0002379168629538
AIG1,0.0002369225654458
PIGU,0.0002363919038254
LMNB1,0.0002361713641457
CDCA2,0.0002343521190594
EIF5A,0.0002343492624969
SSR4,0.0002329651213848
AHCY,0.0002327875969134
RTN3,0.0002326772585
RNFT2,0.0002325386765226
CBX3,0.000232118889609
FOXM1,0.0002308784554657
PARK7,0.000230447205084
OLA1,0.0002302167423525
SPINDOC,0.0002297564575071
NFIB,0.0002296195587463
FBXO5,0.0002294355291165
CLSPN,0.0002294233936895
NDC80,0.0002292375765834
HIST1H3B,0.0002287249259027
ACTB,0.0002285421426511
IPO5,0.0002277026824103
MRPS35,0.0002273386745101
LDHB,0.0002272644260519
SAC3D1,0.000227234487045
EBP,0.0002269356922093
MAZ,0.0002265533313239
FAF1,0.0002262172858097
C21orf58,0.0002259242616884
CCNE1,0.0002257274840829
JPT2,0.0002254671642225
NPC2,0.0002248607641177
TUBG1,0.0002246819657979
ESPL1,0.0002245217746133
HSPA8,0.000223879326945
IKBIP,0.0002237979020749
FANCB,0.0002237710289449
STRIP2,0.0002236911053759
SRPK1,0.0002228093998093
PLK1,0.0002221938620725
ANXA2,0.0002217474779535
MLEC,0.0002217347652919
CDKN2B-AS1,0.0002215866154132
NCAPD2,0.0002214950094193
ASPH,0.0002209765306801
AURKA,0.0002208492520027
CENPE,0.0002206315399889
PARPBP,0.0002205320698617
MCM8,0.0002202685846904
ASXL1,0.0002201344997788
ZFAS1,0.0002200251583921
STMN1,0.000219233623813
PCNA,0.0002191634698931
CDKN3,0.0002189654512697
MELK,0.0002185751957309
ZNF680,0.0002181811758292
IDH2,0.0002178956667773
RCCD1,0.000217144226574
SRSF2,0.0002170980968361
PLP2,0.0002169938318035
CDC25C,0.0002167639443169
CCND1,0.0002164473409615
COX4I1,0.0002163992094926
TMEM245,0.0002160046582812
NRM,0.0002153602111236
GSTP1,0.0002146059726742
CMSS1,0.0002145912473273
RACK1,0.0002143459958182
C1orf112,0.0002143231078251
HNRNPF,0.0002141036045123
CLN6,0.0002139530451304
TMPO,0.0002126722970731
CIT,0.0002126285961608
HMGA1,0.0002125792625187
LBR,0.0002121567838455
PA2G4,0.0002114573905575
EEF1D,0.0002109020374887
IGF2BP1,0.0002107656341053
KIF7,0.0002105890714634
SPC24,0.0002105528761234
CCNF,0.0002102919004896
ALDH7A1,0.000210231453933
NMU,0.0002099637039493
DPY19L1,0.0002087348346639
COX6A1,0.0002084877703637
SF3B3,0.0002082302640847
PSMC3,0.0002080708272385
C7orf50,0.0002074615657445
H2AFZ,0.0002071462130054
NASP,0.0002069314106647
ADNP,0.0002068217798502
M6PR,0.000206686437975
NACA,0.0002065807217589
PLK4,0.0002065306541102
S100A16,0.0002054508375241
RABL6,0.0002053685511926
NCAPG,0.0002052715803123
SNRPD2,0.0002051851802976
UQCRH,0.0002050704377487
NDC1,0.0002049761815898
XRCC2,0.0002048533850617
RDM1,0.0002038193946704
GINS1,0.0002038097434806
ARNTL2,0.0002034263845455
KLHL42,0.0002034021532771
KNTC1,0.0002031003655832
POFUT1,0.0002029804111479
SNRPD1,0.0002027698944712
KIF15,0.0002026576361997
MCM3,0.0002020625077451
MYBL1,0.0002017194935787
CKS1B,0.0002015963423243
MIR924HG,0.0002008359746491
PFN1,0.0002007382162499
ACTG1,0.0002005404256664
PRKDC,0.0002002840365054
ANKH,0.0002002411517509
ASRGL1,0.000199703329049
CKAP5,0.0001996462915733
DBF4,0.0001992298579907
CDCA8,0.0001988784865844
DHFR,0.000198737295287
HNRNPA2B1,0.000198675842916
TOMM20,0.0001986604934889
NDUFC2,0.0001984013352668
SNHG1,0.0001983156184895
FAR2,0.0001981535711167
NME2,0.0001975801006844
NHP2,0.0001975635937207
EBPL,0.0001973827285181
CKLF,0.0001973452122471
NCBP2AS2,0.0001973199208204
NEK2,0.0001968302905814
RNASEH2B,0.0001951594563689
SNX5,0.0001951113528736
CGAS,0.0001943181710343
SPDL1,0.0001942529618619
UCK2,0.000194030033767
MVB12B,0.0001939849325187
TACC3,0.0001938716888024
ACOT7,0.0001933702434264
PERP,0.0001932704297932
CSTF3,0.0001926583567748
NCAPH,0.0001926215305855
PCLAF,0.0001924963945129
CENPX,0.0001924342846426
TRIM44,0.0001917759206268
ADK,0.0001917617564422
PHF7,0.0001917579304707
RCC2,0.0001916886506509
ATP5F1E,0.0001916185831936
QSOX2,0.000191495437292
YLPM1,0.0001913852516376
DEK,0.000191306917638
POLH,0.0001912462270583
RBBP7,0.0001911720397451
TK1,0.0001905805879059
GLI2,0.0001902642430193
GALNT10,0.0001901157844118
PDIA6,0.0001900711692513
TPT1,0.0001899330239628
MZT2A,0.0001894649240213
TMEM97,0.0001894291170754
CCT6A,0.0001892303802092
CIP2A,0.0001883809314915
NUDT1,0.0001882078824301
SPC25,0.0001879159228312
COX6B1,0.000187912633075
CENPI,0.0001878638771474
PDE4D,0.0001877889932337
ACACA,0.0001877629671949
MTHFD1L,0.0001877084315823
GGCT,0.0001875075281128
GRB14,0.0001873006640504
MIR17HG,0.0001870961750556
ARHGEF39,0.000187054916415
HIST1H3G,0.0001870409828297
CBFB,0.0001870335798394
GANAB,0.0001868583152059
CHEK1,0.000186796815961
RPP25,0.0001867077892344
CDCA7,0.0001866653127206
ACTL6A,0.000186624155066
SNHG6,0.0001864454548005
XRCC4,0.0001862925583257
CST3,0.0001861730984064
PGM2L1,0.0001861683927157
ENO1,0.0001861029350026
CPSF6,0.0001860813314522
EIF3A,0.000186079268575
POLE3,0.0001859309696831
TM7SF3,0.0001858561356758
HIVEP3,0.0001856829698948
NSD2,0.000185489291417
MEX3A,0.0001854444237582
TNFRSF12A,0.0001853869033824
RBL1,0.0001850270480306
MZT2B,0.0001848930688924
SKA1,0.0001846741197657
DEPDC1,0.0001844776616053
SKP2,0.0001839220339533
LRRC14,0.000183901941018
CDC6,0.0001833723067305
LY6E,0.0001833679761361
CFL1,0.0001831177813894
ST3GAL3,0.0001828591652503
KRTCAP2,0.0001820154247851
CENPU,0.000181815961647
RAC3,0.0001816287465995
RHEB,0.0001814758424915
TRIM28,0.0001814427156292
TTL,0.0001814348222782
MDH2,0.0001813398082225
SLC43A3,0.0001809552140845
DDX11,0.0001809477891523
NCL,0.0001804660993216
SNRPA1,0.0001802198241903
EEF2,0.0001801606611568
CCNB1,0.0001801471887074
IPO11,0.0001801060913956
TTF2,0.0001791323944034
FO393401.1,0.0001789244456753
PGP,0.0001788160686373
COA1,0.0001786509044731
GABPB1-AS1,0.0001784371647906
BRCA2,0.0001775563187375
REXO5,0.0001774231679647
POLD2,0.0001774098962527
RGS3,0.0001773206026599
ANP32B,0.0001771263570138
MZT1,0.0001768983054648
SRGAP2B,0.0001768430628954
CCDC150,0.000176829239399
STIP1,0.0001764075247127
UGGT2,0.0001760213507155
TCF19,0.0001759767248685
SLC39A1,0.0001758815758399
SCD,0.0001753926760801
PRC1-AS1,0.0001750363832335
NT5DC2,0.0001740898199143
LSM5,0.0001739019264477
NUF2,0.0001737504164468
SELENOH,0.0001737328200275
JPT1,0.0001736263870298
ATP5MF,0.0001735085359308
YDJC,0.0001734451975778
CEP152,0.0001733912698297
PIMREG,0.0001732496304116
TMEM185B,0.0001729516087208
EI24,0.0001725593954181
SIGMAR1,0.0001724148643153
NDUFAF2,0.0001723987086977
INCENP,0.0001723836755056
KHSRP,0.0001721672158811
LAPTM4B,0.0001721537817524
SNRPG,0.0001721388197968
DSN1,0.0001717651751856
GMNN,0.0001717333583168
SLC25A15,0.0001716627767835
YWHAB,0.0001716569966145
Z94721.1,0.0001714703144013
SRM,0.0001713551448355
HNRNPR,0.0001711108962642
LRP11,0.0001710928894934
BRCA1,0.0001707656811669
APOLD1,0.0001706638981728
PSMD14,0.0001702471479514
SIVA1,0.0001701816740088
RTKN2,0.0001700131068005
DSCC1,0.0001697616705519
CDCA3,0.0001694501391626
FBL,0.0001694348245558
SMCHD1,0.0001693884825272
CMC2,0.0001692922687709
SERBP1,0.0001692465710194
POLA1,0.0001690673530865
CCT5,0.0001690635730037
SFXN2,0.0001690293628883
C19orf33,0.0001689406048888
CTSV,0.0001689300696001
CENPB,0.0001689212500869
FDPS,0.0001689082329474
AP005262.2,0.0001684959903048
CTSD,0.0001682162560053
TBC1D31,0.0001678496508657
KIAA1549L,0.0001677942632987
C9orf40,0.0001677569975042
CTSC,0.0001675859621244
ANAPC15,0.0001675664792749
DTYMK,0.0001674123899113
UBE2S,0.0001671923829545
UQCC2,0.0001669547546008
MMS22L,0.000166903741128
MECOM,0.0001667219724515
EPB41L2,0.0001666924746913
COX6C,0.0001666635885776
Z94721.3,0.0001666624751179
KNSTRN,0.0001665985012954
SMAD6,0.0001664072970793
MCM4,0.0001663189801291
RCN2,0.0001660778541737
TMEM109,0.0001660440107027
ATP1B3,0.0001659545317424
TAF15,0.0001659272854927
GPAA1,0.0001659007071164
TMEM238,0.0001656974917905
SRSF7,0.0001656856144894
SMS,0.0001656439228346
RBMX,0.0001654210292467
GTF3C4,0.0001653205007963
CEP55,0.000165271135653
PAQR4,0.0001652231275784
CEP295,0.0001649308534108
TASOR2,0.0001647725940262
FAM120C,0.0001646809232339
TCP1,0.0001644031890476
POGLUT3,0.0001642802267756
RBBP8,0.0001639767110876
SNHG25,0.0001639665096217
LUC7L2,0.0001639205413885
RANBP1,0.0001637401309493
CD44,0.0001635093207501
RANBP17,0.0001632958041759
RAB23,0.0001624370524384
DHCR7,0.0001624026859838
DNA2,0.000162028068018
RNF157,0.0001619868579747
CDADC1,0.0001618018941517
R3HDM1,0.000161787811485
OIP5-AS1,0.0001616937131262
ANKRD26,0.0001615201024707
MRE11,0.0001615146045116
HNRNPA3,0.00016144893648
C11orf24,0.000161209882426
POLA2,0.0001611678976688
MRPS16,0.000161110656927
MTCL1,0.0001609905605488
PHB2,0.0001606971856896
ZNF519,0.0001606897551048
ZDHHC12,0.0001606733433672
TRIP13,0.0001606317524066
CACNA1D,0.000160463580407
E2F2,0.0001603058852793
SQLE,0.0001602819866558
LRRK1,0.000160236502215
C19orf48,0.0001601507005954
POP5,0.0001599133227323
HMGB2,0.0001598748495225
ADD3,0.0001598132278748
SCML1,0.0001598044716533
STT3A,0.0001597800070981
UQCR10,0.0001597263706652
PAXX,0.0001595519140275
USP13,0.0001595051246717
CHTF18,0.0001594648858864
CAMK2G,0.0001594591763347
IFT80,0.000159128762504
TPI1,0.0001589162961075
VRK1,0.0001587037396906
CYTOR,0.0001585777821169
NME1,0.0001585339167509
CENPO,0.0001585263605477
PSMB3,0.0001584627553652
NUP210,0.000158210582574
NDUFB11,0.0001582096972913
RAD21,0.0001581664091901
LARP1,0.0001579245604704
C1QBP,0.0001577099601443
EIF2S2,0.0001575184946414
TMA7,0.0001573736118147
TIAL1,0.0001573476189588
KIF20A,0.0001571066539527
SLC2A4RG,0.0001569666103165
ANAPC11,0.0001569446492646
TYMS,0.0001568819732866
RNPS1,0.0001568278180981
NUP62CL,0.000156796100039
STRAP,0.0001566673279017
RPN1,0.0001566510088363
CTBP2,0.000156452946678
MCM2,0.0001562202354141
FTH1,0.0001558820244729
CENPN,0.0001557744377419
SKI,0.0001557292240608
PKMYT1,0.000155723130357
WDHD1,0.0001556953963713
DDAH1,0.0001555870041402
PTGES3,0.0001552971619876
HNRNPA1,0.0001552639853815
NOP56,0.0001551826254001
HINT1,0.000155073526376
CENPL,0.0001550034627972
DNAJB11,0.0001549004728667
GADD45GIP1,0.0001548453972352
SNHG7,0.0001548311084255
CPT1A,0.0001547777794161
PRDX4,0.0001547576153302
PSIP1,0.0001545871717786
ACYP1,0.0001545499287876
FGFR1OP,0.0001544607463963
SERF2,0.0001544488810529
HIST1H4C,0.0001543746773712
AMOTL1,0.0001540447103644
CAPRIN1,0.0001537687442625
FLVCR1,0.0001535153094513
IQGAP3,0.0001532718246627
SOD1,0.0001528708367966
GMDS,0.0001528255989821
RACGAP1,0.0001528250320006
DTL,0.0001526771358507
PVR,0.0001526734508413
PRPS2,0.000152666852933
NDUFS6,0.0001525235014768
SUMF2,0.0001524542104548
PPIH,0.0001524451249135
LSM3,0.0001522806024275
HS2ST1,0.000152004618178
SLC52A2,0.0001518445008102
DUT,0.0001515852901098
DBI,0.0001515345448542
SUV39H1,0.0001514232236937
ERH,0.0001512812169809
LMO4,0.0001511741414837
TMSB10,0.0001511691242411
MYB,0.0001510998706438
TTI1,0.0001508279861825
SELENOS,0.0001507552046621
CEP85,0.0001506345537064
KDELR2,0.0001504855273609
EIF3I,0.0001502415999197
HNRNPD,0.000150236860104
CYB561,0.0001502121148402
PHF20,0.0001500901711894
RAI14,0.0001500520874004
MIS18BP1,0.0001500483259922
TCFL5,0.000150045159088
MCM10,0.0001500384150459
SMC2,0.0001499845094365
HSPH1,0.0001499704739672
APLP2,0.0001499532093707
OSBPL3,0.0001499221461047
C17orf53,0.0001497916000281
HIRIP3,0.0001496709024036
SEPHS2,0.0001495649626796
DYNLL2,0.0001493654622386
DLG5,0.0001493282425028
CENPW,0.000149261879347
COA4,0.0001490123914145
PSMD11,0.0001488307400797
THEM6,0.0001487706641986
SDF2L1,0.0001486571321086
TBC1D4,0.0001486567464686
MTHFD1,0.0001486420830302
CSRP3-AS1,0.0001486122286558
DHX9,0.0001486046389383
FAM72D,0.0001484896656933
RAD51,0.0001484835580071
CBX5,0.000148397688964
CENPP,0.0001482928490991
SLC5A6,0.0001482527006098
MEST,0.0001482207645265
GGH,0.0001478822315731
CYCS,0.0001477955760038
XPO4,0.0001477031402377
DCLRE1C,0.000147660035471
EIF1AX,0.0001473059453902
AHI1,0.0001464924131637
HIST1H1B,0.0001460659670003
TOMM40,0.0001458025665398
SDC1,0.0001457147371046
CCDC138,0.0001456921038369
CDK6,0.0001456763164464
SUPT16H,0.0001456146370894
TXN,0.0001455907148248
RECQL4,0.0001455663925705
UBB,0.000145439285284
NHLRC2,0.0001454356249483
SP3,0.0001454338872057
TMED9,0.0001453556671879
METTL4,0.000145294064071
LRRC20,0.0001451856822884
ATP1A1,0.0001451792681622
FAM72B,0.0001451323664123
CDC25A,0.0001450974080736
SORL1,0.0001449771434382
ATP5MC3,0.000144976080471
GAS6,0.000144893319923
TNFAIP8L1,0.0001448645298371
MACROD1,0.0001447969599251
PCYOX1,0.0001447474327076
MANF,0.0001447088225854
TRIR,0.0001447058433265
NUP35,0.0001446952371458
SPCS2,0.000144625974203
MCMBP,0.0001445250845372
ELOB,0.0001445017730046
SFXN5,0.0001444867481779
MTRNR2L12,0.0001442763453737
IL20RA,0.0001441746674826
RAD18,0.0001439914732743
KIAA0586,0.000143857981826
CCN1,0.0001438010402802
VKORC1L1,0.000143771229008
PHF19,0.0001437431104757
LRIG3,0.0001437229137317
CENPA,0.0001435234194862
ACBD6,0.0001434756743789
STMN3,0.0001433399808324
ZHX3,0.0001431199308643
IGF2BP3,0.0001431104890659
MND1,0.0001426273062364
PCMT1,0.0001426241768381
TOR3A,0.0001426024705526
FCHSD2,0.0001425197325484
CCDC86,0.0001424084773594
ENO2,0.0001424022101998
PDSS1,0.0001423072554066
CENPH,0.000142275919624
G2E3,0.0001422097669272
PRRG4,0.0001421852372021
ERP29,0.0001421814184261
CLIC1,0.0001421241758038
PPT1,0.0001417673024007
SNHG9,0.0001417468773723
TENT4B,0.0001417309906797
MTHFS,0.000141580344841
TXNDC12,0.0001415464294101
ITGB1,0.0001413117739025
OXCT1,0.0001413116806983
LYRM4,0.0001413044746458
CPLX2,0.0001412223471556
FANCA,0.0001412082364349
PPDPF,0.0001410889044324
CDC7,0.000140837872478
ATR,0.0001407661342044
GUSB,0.0001404978803415
MPHOSPH9,0.0001404557970299
GATA2-AS1,0.0001400943002675
FOXRED2,0.0001400349032981
TEX2,0.0001400082445092
DKC1,0.0001399744303852
OXNAD1,0.0001398833638528
SEPTIN7,0.0001394105544817
KMT5A,0.0001392969049918
VPS29,0.000139285630958
CCDC18,0.000139254731719
LIN9,0.0001391811019777
E2F1,0.0001388754576455
SLC35B2,0.0001387631062846
PYCARD,0.0001383403243587
IPO7,0.0001383371901829
MRPS18B,0.0001382479657569
AUNIP,0.0001381636243556
NSFL1C,0.0001381354298817
SSX2IP,0.0001380029670355
KIAA1958,0.0001379536448123
FOSL1,0.0001379262387802
ZNF138,0.0001378801880918
TMED10,0.0001378799253886
ARPIN,0.0001378615262362
ZNF367,0.0001376912851725
SURF4,0.0001376723415479
FBF1,0.0001376464230427
SNHG29,0.0001376462182676
ABCF2,0.0001375230546679
P4HB,0.0001374700302749
EXOC5,0.0001373515811535
GLA,0.0001373437779378
TFDP1,0.0001373139549556
IRAK1,0.0001372547697484
ALG3,0.0001372101326512
SLC27A2,0.0001371733128832
HEG1,0.0001371224959851
MRPS33,0.0001370889056854
NUP155,0.0001368526569474
E2F8,0.0001365571398881
FUCA2,0.0001365426511934
CALM1,0.0001364143709805
CHRNA5,0.0001363690855812
PRKAR1B,0.0001363430542868
SCLT1,0.0001362618706257
CDK16,0.0001360608188682
C3orf80,0.0001360544778663
MELTF,0.0001357043025376
HELLS,0.00013566801728
FARSB,0.0001356296817022
RASSF1,0.0001355288575668
CCT3,0.0001354572308103
THAP12,0.0001354095158778
SGO1,0.0001353545916431
UGT8,0.0001352463969891
ENOSF1,0.0001351041086837
SHTN1,0.0001350302699379
CHPF,0.0001349947681446
NUDCD2,0.0001348732726454
ZNF92,0.0001348173184994
CUTA,0.0001347505574229
CYP51A1,0.0001347125603836
ATP6AP2,0.0001346465726343
COX5A,0.0001346441127458
THG1L,0.0001345392807466
PLOD3,0.0001344494183336
RFC3,0.0001344341118659
TIMM10,0.0001342322945752
PAICS,0.0001341459456811
PRKCSH,0.0001341228312744
TYMSOS,0.0001338839150196
FAM81A,0.0001337881475947
TFAM,0.0001337153439745
PDCD5,0.0001336604853015
CHST14,0.0001336280555033
GINS4,0.000133605342996
MGME1,0.0001334101190061
SPATA33,0.0001334066049091
TRMU,0.0001332192318788
TAF1D,0.0001332046441544
NEDD4,0.0001331986002253
TMEM250,0.0001329572138392
TMED2,0.0001329498989768
CHAC2,0.0001328621041804
SRP14,0.0001328518961818
CCDC84,0.0001328172053986
MRPS34,0.0001327326423191
RUVBL2,0.0001326004870567
ORC6,0.0001325055466384
SUMO2,0.0001323360507731
HDGF,0.00013215823176
USP31,0.0001321144991331
STX2,0.000132065582432
GOT2,0.0001320181457744
FKBP9,0.0001319585738779
XRCC6,0.0001317552613653
HM13,0.0001317295950208
NR6A1,0.0001315137878646
CERS6,0.0001314818064254
ATP5MC1,0.0001314520774772
EIF4A1,0.0001313315994777
HNRNPU,0.0001313060873554
RECQL,0.0001312903771295
LSM8,0.0001312768864309
TUBGCP3,0.0001312505571705
ZWINT,0.0001311429224444
MICOS10,0.0001310660267261
CALR,0.0001310585183062
POC1A,0.0001310138279804
TUBGCP5,0.0001309004985352
ICMT,0.000130887171027
C5orf34,0.0001307734099599
MRPL3,0.0001307125197876
CCNO,0.0001305647223804
NDUFS8,0.0001305415462822
NUDT21,0.0001305374863199
SFT2D2,0.0001304968043967
BRIX1,0.0001302448302075
RFWD3,0.00013020229437
UBE2E3,0.0001300930548739
SKA2,0.0001296540633603
DDX56,0.0001295385711496
AZIN1,0.0001293841417859
CNOT9,0.0001293655631712
PRDX3,0.0001293590575277
SHMT2,0.0001293522167793
SCAMP4,0.0001293466089332
APRT,0.0001292600219638
PSMA1,0.0001291690664623
PHF5A,0.0001289210144714
COX20,0.0001287412842583
RIBC2,0.0001286219952595
MYDGF,0.0001285376719629
PUSL1,0.0001284041381684
AEN,0.000128308922902
DDC,0.0001283032367827
CALML4,0.0001282614505592
ATP5MG,0.0001282303384415
SPCS1,0.0001278320915663
GPSM2,0.0001277838617145
WDR82,0.0001275468197364
FOXP4-AS1,0.000127440857581
GTF2F2,0.0001273612720045
ZBTB44,0.0001273003178321
TRAIP,0.0001272612349224
SPATA5L1,0.000126996465853
NDUFS5,0.0001269341391701
SEH1L,0.0001268186176502
TXNDC5,0.000126783356592
PPP1R14B,0.0001267535938048
CKAP2L,0.0001265572684459
POLR2J,0.0001264550714488
PRXL2B,0.0001264438328934
MATR3.1,0.000126415138989
CYB5RL,0.0001264005271157
B3GAT3,0.0001263940917453
MRPL57,0.0001263631535014
POLD3,0.0001263504235677
NRARP,0.0001262499657035
BTF3,0.0001261347753388
PSPC1,0.000125895514912
LMAN2,0.0001258030442956
MRPL37,0.0001257923126563
BOLA3,0.0001257112707823
ACP1,0.0001255749690051
NAA20,0.0001255726960324
TASOR,0.0001255406841545
MYL12B,0.0001255200394144
NUFIP1,0.0001254203144541
SLC25A17,0.0001253425325581
NDUFA4,0.0001253169558258
TDP1,0.0001253064064653
TMEM147,0.0001251993332382
HACD3,0.0001249760628553
UQCC3,0.0001248955481571
TMBIM6,0.0001248077025121
HAUS1,0.0001246719205156
SNU13,0.0001245872564577
NDUFB9,0.0001243774472021
HSD17B10,0.0001243431398206
LDHA,0.0001243170699417
GLB1L2,0.0001243048996271
ALG10B,0.0001241114438024
SRGAP2C,0.0001240597254515
GVQW3,0.0001240013249865
SIGLEC14,0.0001239178443587
ZDHHC6,0.0001239005641053
MALSU1,0.0001237684640591
SRSF10,0.0001237415952444
ERGIC3,0.0001236296680547
KLF16,0.0001234704304376
NSMCE4A,0.0001233566574268
PANK2,0.0001232494112962
EIF2S3,0.0001232170492248
UBA52,0.0001231711733592
TMEM223,0.0001231661645351
PTPN2,0.0001230760638615
DHRS4-AS1,0.0001230752013291
SNHG15,0.0001230716944783
TMEM158,0.0001229690808376
DIS3L,0.0001229672251348
ARL6IP4,0.0001229294986697
MIF,0.000122783750892
BX890604.2,0.0001226561801813
FUS,0.0001225635340402
FAM72A,0.0001225434202899
YWHAG,0.0001225234871259
NAT14,0.0001224925103787
COPS3,0.0001222962468995
WDR76,0.0001222602617989
HEXB,0.0001220297841228
CCSAP,0.0001219892214365
HDDC2,0.0001219004121764
FILIP1L,0.0001218969594108
CASC19,0.0001218348185106
TBC1D16,0.0001217423987012
HSPA1A,0.0001217355731796
POLD1,0.0001217188469262
C20orf27,0.0001216781699211
SELENON,0.0001215466888199
TLN2,0.0001215389485029
RNASEH2A,0.0001215248654146
XYLB,0.000121517893946
MGMT,0.0001214897985263
ANKRD13D,0.0001214122184322
MORN1,0.0001213662183325
HAS2,0.0001212398093606
PIGK,0.0001212382497059
CCDC34,0.0001211737785462
C9orf16,0.0001211223110046
NOLC1,0.0001210864521887
SEC11A,0.0001210587401886
CDV3,0.0001209804089293
CASK,0.0001209631708534
TTC26,0.0001209630373775
MICB,0.0001209627726124
KLHL23,0.0001208944128431
SASS6,0.0001208376587022
HSPA9,0.000120755253505
ENDOG,0.0001207502988183
CDCA4,0.0001207273466679
S100A4,0.0001205862309858
RBM15B,0.0001205356913433
FANCM,0.0001204682196453
CDC27,0.0001204537257663
CENPM,0.0001204363286306
RHNO1,0.000120416813582
GTF2H3,0.0001204052130312
ATIC,0.0001203909810963
ECHDC1,0.0001203876863557
RBX1,0.0001203433911925
TMEM201,0.0001202924011515
CTDSPL2,0.0001202457457651
TM9SF1,0.0001201979814721
WDR53,0.0001201893096759
SSNA1,0.0001201560716107
MBOAT1,0.0001201360843336
EPM2AIP1,0.0001200566761989
PRIM1,0.0001200366762974
EME1,0.0001200009041424
NDUFA13,0.0001199962214507
SNRPE,0.000119990774253
TP53I13,0.0001198460763374
PSMB2,0.0001197514433927
POLR3K,0.0001196727512519
CNTROB,0.0001196589009964
GLO1,0.0001195646084293
MRPS21,0.0001194592225643
MMAB,0.000119448309461
CYC1,0.0001193893147768
FAM111A,0.0001193838382255
SLC25A6,0.0001193809498565
SSR3,0.0001192759357072
ERGIC2,0.0001192225560475
BRCC3,0.0001191743607681
TEAD4,0.0001191641272114
GNAS,0.0001191401676778
TOMM5,0.0001190985098862
ACAP3,0.0001190724918112
DCUN1D2,0.0001189822243358
C4orf46,0.0001189581126998
DDX42,0.0001189193257484
GSPT1,0.0001187233491658
SOAT1,0.0001186826015939
PRELID3A,0.0001186674052978
SYNGR2,0.000118658594815
SRPRB,0.0001185445458404
INPP5F,0.0001184617041652
DCAF7,0.0001184381781247
OAT,0.0001183911957586
KIF24,0.0001183833990439
LARGE2,0.000118370068738
SLC3A2,0.0001183647513829
RAD51AP1,0.0001183410714914
FOXJ3,0.0001183325224366
SSRP1,0.0001182865079042
ESF1,0.000118207617006
CCNB2,0.000118191940414
EIF3H,0.0001180786696653
CNIH4,0.0001180710510637
ME2,0.000118066297137
CDC25B,0.0001180233365435
MTFR2,0.0001178871450559
ZNF337-AS1,0.0001178392312612
XPO6,0.0001178036477347
FOXRED1,0.000117629171207
CEP57L1,0.0001175625554296
AQP1,0.0001175107401596
BSG,0.0001174947318392
MAPK9,0.0001174743638148
LSM2,0.0001174537938904
EIF3J,0.0001174172997598
SLFNL1,0.0001172588653732
TMX2,0.000117232995471
MTA2,0.0001172286876693
TEAD1,0.0001172166265231
CHCHD10,0.0001171496172544
ENO4,0.0001171211135369
MMD,0.0001170121363916
SLC39A10,0.0001169595888172
APMAP,0.0001169508056226
TRIM73,0.0001169295837741
CDK4,0.000116644204989
CCT2,0.0001166062147667
MAP3K21,0.0001165871056441
PPM1G,0.0001165392698108
SLC25A39,0.0001165383937004
SYP,0.0001164138683595
ATP2A2,0.0001164071831763
PFAS,0.0001163242188364
RRP7A,0.0001162987617756
HAT1,0.0001162266909182
FANCD2OS,0.000116218852187
CBX6,0.000116206521796
KANTR,0.0001161703937067
AP2B1,0.0001160916946432
RBM8A,0.0001160656727957
PSMG1,0.0001160606944
BCAP31,0.0001160294005995
NNT-AS1,0.0001160264079233
MRPL51,0.0001159889195089
SFPQ,0.000115706113915
SYAP1,0.0001156826394063
TMEM160,0.0001155728618781
HOXA10,0.0001155602306047
B3GNTL1,0.0001155333290685
SAE1,0.000115532589662
STK4,0.0001153479895273
FBXO4,0.0001152877475709
TRMT112,0.0001152146848133
SNHG8,0.0001152063065593
PDAP1,0.0001151318995969
HYLS1,0.0001149773635838
CTSH,0.0001149524662725
XRCC3,0.0001149393411179
RDH11,0.000114892923681
SSB,0.000114829306859
FKBP10,0.0001148057403255
RAPGEF5,0.0001147724024782
FBXO45,0.0001146777376951
PHGDH,0.000114667989631
MRPL19,0.0001145992927723
USP28,0.0001145343594963
PKP4,0.0001144164343854
CDK5RAP1,0.0001143998751124
ODF2L,0.0001142827513955
PHPT1,0.0001142546736394
PSMD2,0.0001141107788558
P3H4,0.0001140775655441
PSMA2,0.000114026555502
ARPC5,0.0001139625267989
ZRANB3,0.0001139375899069
FXYD5,0.0001139188694298
ADAM15,0.0001138709855358
POLR2K,0.0001138326901167
CHEK2,0.0001137819372052
LRR1,0.0001136982990489
ATP8A1,0.0001136910397267
CEP135,0.0001136622193478
SNHG19,0.0001136584832256
CARHSP1,0.0001136485216313
H3F3A,0.0001135231372874
EMP2,0.0001135040246641
MNS1,0.0001134960408036
BAG2,0.000113475286738
PDIA4,0.000113468995851
CCDC15,0.0001134489798785
IL1A,0.000113384176969
ILF2,0.0001132683713197
ALMS1,0.0001131337837053
LYRM7,0.0001131227056471
FANCD2,0.0001131192598637
DNMT1,0.0001130921376684
TMEM203,0.0001130850829744
DNPH1,0.0001130263465999
UNC119B,0.0001128983105223
LRP5,0.0001128800241758
SNRNP25,0.0001127892386508
SAP18,0.0001127358681975
DNAAF5,0.0001127085543763
YWHAE,0.0001125865604328
PAGR1,0.000112579006525
AGPAT5,0.000112523172529
RAD54B,0.0001125130334568
PSMD3,0.0001124549530344
DDX11-AS1,0.0001124089874765
CEP57,0.0001123925240371
EIF3B,0.0001123823348475
CHCHD2,0.0001123780121435
PIGX,0.0001121257253867
TFB1M,0.0001120949665541
POLR1C,0.0001120313865921
TIMM8A,0.0001119827332971
PHKA2,0.0001119782086718
NCOA5,0.0001119747455503
SNHG3,0.0001118537598632
DNAJB1,0.0001118341372069
RUVBL1,0.0001117938509093
NR2F1,0.0001117896829011
NOL9,0.000111714760369
NMB,0.0001117040546741
RSL1D1,0.000111656492763
INTS10,0.0001116122433725
FBXL14,0.0001115326084232
SPRY4-AS1,0.0001115131777517
TMEM60,0.0001114887495078
HIGD2A,0.0001114602500872
BEND3,0.0001114490398997
TSN,0.0001113422006782
HIBADH,0.0001113167950564
ICAM2,0.0001112825191371
ATP1B1,0.0001112312220435
SNHG10,0.0001110894260634
GPR19,0.0001110842957704
ERLIN1,0.0001110688317052
AP005136.4,0.000111057904074
HMGA2-AS1,0.000111045774216
CAPRIN2,0.0001110153371297
STOX1,0.0001109564411288
TNPO1,0.0001109365673841
OPA1,0.0001108626770153
CSTB,0.0001108406580362
UBE3C,0.000110828577474
WDR5,0.000110776821006
ERI2,0.0001107086141084
LARP6,0.0001106794073149
LIF,0.0001106356068265
GPALPP1,0.0001105953588395
TMEM62,0.0001105868983375
ULK2,0.0001105792902887
NBPF15,0.0001105231093084
COPS8,0.0001104293681458
HELLPAR,0.0001104198872841
RMDN3,0.0001102901999574
OIP5,0.0001102614917133
WNT10A,0.0001102237972557
ATP5F1B,0.0001102172671753
ITGB3BP,0.0001102077573688
CD9,0.0001101935441287
TOP3A,0.0001099170459509
TOP1,0.0001098727583909
VMA21,0.0001098451532132
WDR61,0.0001098176075289
TEDC2,0.0001097814839163
SCMH1,0.0001097039594348
MLH1,0.0001096968291068
MCM6,0.0001096955565694
C3orf67-AS1,0.0001095873040567
NAA38,0.0001094665742426
TULP3,0.0001094610779299
TERT,0.0001094070331135
HES6,0.0001093328294217
DPAGT1,0.0001093186514347
SUZ12,0.000109307452471
GCSH,0.0001090792849172
MRPL20,0.0001090369498845
NCLN,0.0001089346279393
CIAO2A,0.0001089266239534
DCAF13,0.0001089209299494
PSMB4,0.0001089106755269
LAMB1,0.0001088972207244
CU638689.5,0.0001088889323662
SLC38A1,0.0001088362550906
ING5,0.0001088329055405
CLPB,0.0001088036650236
SLC37A4,0.0001084259691854
ALG8,0.0001083989188516
MSH5,0.0001083861437472
TAF3,0.0001083623963771
RXYLT1,0.0001082936615854
COX5B,0.0001082016625616
DDB2,0.0001082003837974
BCKDHB,0.0001081860735519
EEF1E1,0.000108184336268
ZNF346,0.0001081782390534
LDLRAD3,0.0001081510792309
SFXN1,0.0001081208777284
FBXL5,0.0001081057689813
C19orf53,0.0001080929354713
NT5DC3,0.0001080928525387
FAM217B,0.0001080530250317
IFRD2,0.0001080086815496
CALB2,0.0001079217785633
SYPL1,0.0001079114510986
XRCC5,0.0001078650496371
MID1,0.0001078466358353
NIPA2,0.0001078000642487
GNL3L,0.0001077959198874
CSTF1,0.0001076963888773
ALDH1B1,0.0001076200930331
ATP5MC2,0.0001075618604787
YY1,0.00010743529552
PRELID1,0.0001073809390963
PRR7,0.0001073436724166
RALY,0.0001072496560346
EBI3,0.0001072415932524
TOPBP1,0.000107112716154
CHDH,0.0001070903480711
ZMYND19,0.0001070644643001
CHID1,0.000106936693985
GLRX5,0.0001068253415058
FGFR4,0.0001065771299356
FASN,0.0001064667123265
EXPH5,0.000106426694695
MSH2,0.0001063356630226
PXMP4,0.0001063222371906
VWA2,0.0001063173680062
UBE2M,0.0001062725842312
BOP1,0.0001062588708274
TGIF1,0.0001060220357891
DDX31,0.0001059288640661
COA3,0.000105850940999
FRMD6-AS1,0.000105840487764
HP1BP3,0.0001057581642565
GPR180,0.0001057299279316
CHRAC1,0.0001057110165835
MAP3K9,0.0001056815051441
IPO9,0.0001056751778693
EMC8,0.0001056743667744
C6orf141,0.0001056725069767
ZNF318,0.0001056298126661
HAUS2,0.0001056015858665
PCNX4,0.0001056007222211
AP3M2,0.0001055092942332
PHF14,0.0001054925143947
IMPACT,0.0001054713236714
CLIP3,0.0001054338922204
WDR90,0.0001053455522194
RNASEH1,0.0001053352380425
USP5,0.0001053236654913
TECR,0.000105290237876
IFT122,0.0001051825068119
TAF9,0.0001051638721011
SMTN,0.0001050689191823
FAM110A,0.0001050503325201
MTFMT,0.0001049079894103
TRMT10C,0.0001048976629815
CCT8,0.0001047717453841
XK,0.000104765706738
POLR3G,0.0001047495716221
DAP3,0.0001047330664037
CAMKMT,0.0001047124948799
ZFHX3,0.0001046904049944
UGGT1,0.000104579412149
CISD1,0.0001045683915518
G6PC3,0.0001045546805623
TIMM8B,0.0001044434613567
PCSK9,0.0001044359018301
ALYREF,0.0001043924159927
CNNM3,0.0001043716403639
C3orf67,0.0001043404859912
ZBED4,0.0001041289961671
DCTPP1,0.0001041145850834
RAD1,0.0001040729730528
SLFN13,0.0001040443267425
DIPK2A,0.000104030934598
NENF,0.0001038725455114
EYA2,0.0001038628329107
NUP160,0.0001038438397375
TIMM21,0.000103740732702
NOP58,0.0001037257382259
SDCBP2-AS1,0.0001036627374268
CCNE2,0.0001036221244778
RCN1,0.0001036173157003
COG8,0.0001035307253874
CBX2,0.0001035299018042
KAT14,0.0001034753643342
EIF2B3,0.0001034497562015
NFATC2IP,0.0001034482331616
MAP3K4,0.0001033873556206
BANF1,0.0001033656464365
BCL2L11,0.0001033042893846
PRPS1,0.0001032614196776
EIF3M,0.000103259566036
ELP6,0.0001032457233422
FZD5,0.0001031654184337
GALK2,0.0001031465351923
AFG3L2,0.0001031443973536
UBAC1,0.0001031144370936
DHCR24,0.0001030924923539
ADD3-AS1,0.000103083226678
ZNRF3,0.000103060717617
VIM-AS1,0.000103051636307
MRM2,0.0001030103700327
BCL11A,0.0001029901724838
MAT2A,0.0001029668664578
NDUFB2,0.0001029352560301
FBXO43,0.0001028625841669
LRPPRC,0.0001028028534997
EXOSC6,0.0001026725340827
ATRAID,0.0001026390722816
CEP78,0.0001026290665306
HNRNPA0,0.0001025990039387
ABHD10,0.0001025959705645
CCDC14,0.0001025161755581
NIF3L1,0.0001024847813048
COQ6,0.0001022689891598
CEACAM6,0.0001022378682634
PGAP2,0.0001021662652007
PTBP1,0.0001021498125998
GPX2,0.0001021202237673
LIPG,0.0001020426945878
RNF167,0.0001020043770561
LRRC59,0.0001019695015984
SF3B2,0.0001019463997335
MELTF-AS1,0.0001018327089039
SLC25A35,0.0001017290902801
DDB1,0.0001017269041172
ARMC10,0.0001016053950292
CD46,0.0001015784897078
COLGALT1,0.000101521693095
G3BP1,0.0001015103261226
SMC6,0.0001015096029471
AP000721.2,0.0001014872119784
YIF1A,0.0001014864111854
HYOU1,0.0001014465293197
MINCR,0.0001014421079135
NPM3,0.0001014194753651
FLOT1,0.0001013806308538
WDYHV1,0.0001013702863628
TMEM19,0.0001012969856633
CLPTM1L,0.0001012668010531
SLC1A5,0.0001012067126607
REV3L,0.0001011476223785
ADAT1,0.0001010960354365
STEAP1,0.000101092839256
ELP4,0.0001010721905162
ESD,0.0001010524991814
ANAPC1,0.0001010301767116
SNRPC,0.0001009988632569
PRELID2,0.0001009452001463
RPGRIP1L,0.0001009209580757
BTG3,0.0001008396685895
EFTUD2,0.0001008199555355
PYURF,0.0001007835482715
LSM4,0.0001007515093726
TSFM,0.0001006701456895
SNX22,0.0001006046243854
SGK2,0.0001005662602674
LRFN4,0.0001005219969951
SAP30,0.0001005189167796
S100PBP,0.0001004766125184
HOXA1,0.00010046716071618114
L3HYPDH,0.0001004103240131
KDM1A,0.0001003761723589
RBFA,0.0001002164340153
NUDT15,0.0001001834463764
CEP250,0.0001001719029207
ZWILCH,0.0001001638870321
TOMM22,0.000100151288349
WDPCP,0.0001001048772957
TFAP2A-AS1,0.00010007197156
LAMP1,0.0001000715209618
SF3B5,0.0001000355003297
ANP32E,9.999661588777848e-05
MGAT2,9.993639439088428e-05
PAFAH1B3,9.992524191437155e-05
SCG5,9.990104515714658e-05
PSMA3,9.982912252775412e-05
ZDHHC4,9.970474828488656e-05
ANP32A,9.967193549576834e-05
FAM174C,9.965845763038728e-05
PM20D2,9.961787086528732e-05
MKKS,9.945106830509032e-05
MRPL36,9.942376801765322e-05
RNASEH2C,9.93939523528467e-05
PKD2,9.939291857150846e-05
MRPL12,9.937520256964638e-05
SMIM26,9.935846407867784e-05
GINS2,9.921491542914132e-05
SLF1,9.91905657057488e-05
VANGL1,9.915260429517917e-05
PRPF19,9.91367938981459e-05
DPH2,9.912359665961585e-05
TAF1A,9.9123110728788e-05
BZW2,9.910322965637904e-05
TRAF5,9.906600820367976e-05
POLE2,9.906165106531824e-05
CCNI2,9.900381492435831e-05
POMGNT2,9.89107395745364e-05
NXT1,9.889179623650692e-05
MAP3K20-AS1,9.886555225950571e-05
CCNJL,9.873907227208966e-05
MRPS15,9.872948777685588e-05
PITPNA-AS1,9.868855032392832e-05
TPRKB,9.864134883467552e-05
RTTN,9.862047208739132e-05
PANK1,9.861950637733291e-05
MIRLET7BHG,9.853274054122884e-05
ZDHHC9,9.84740355633016e-05
ENAH,9.845773297808728e-05
ACLY,9.843143109614204e-05
RCC1,9.841177118223404e-05
HNRNPUL2,9.836376874052173e-05
NDUFA2,9.836053060867478e-05
TXLNG,9.829122038912066e-05
SOX9,9.82435134809894e-05
PLEKHS1,9.82411369199842e-05
HDAC2,9.821737116476528e-05
GCHFR,9.811910170133782e-05
TSR1,9.81066982290157e-05
TCERG1,9.807977845535068e-05
TMED4,9.804167905210076e-05
CEP120,9.799713970110368e-05
PAK6,9.787598619828152e-05
PTRH2,9.78578342793774e-05
MFSD14B,9.78353654501075e-05
OXER1,9.76429237031329e-05
OMD,9.75416198042573e-05
PLCE1,9.737485400281628e-05
TARBP1,9.734103753704894e-05
ELAVL1,9.731098746337618e-05
POLM,9.72988496597103e-05
AP005432.1,9.7228373579823e-05
PLD6,9.721373272458068e-05
MYO19,9.715245598537964e-05
AKAP11,9.71224233503764e-05
LSM10,9.710254333345198e-05
U2SURP,9.709232946722307e-05
JTB,9.70577623544676e-05
TMEM70,9.702461990352952e-05
TIMM50,9.702307724840156e-05
AP002381.2,9.701734033327184e-05
ENTR1,9.701205869849904e-05
SZRD1,9.694410278462956e-05
EMC4,9.694320525663696e-05
ST13,9.685320331321512e-05
PTP4A2,9.684495458220504e-05
SSH2,9.68393782104064e-05
HIST1H2AG,9.683847706707655e-05
WDR92,9.676310171671558e-05
SFN,9.675557046971071e-05
COX14,9.674636657522671e-05
TMUB1,9.669502970149816e-05
HEBP1,9.667086568668512e-05
DYNLRB1,9.665814805163587e-05
STK35,9.662320672604135e-05
NUDT8,9.661902435731563e-05
DCLRE1A,9.65965797941443e-05
DDX54,9.658937700378344e-05
HIC2,9.65104570166626e-05
SLC39A8,9.646765374032776e-05
NSA2,9.634222801770828e-05
PHACTR4,9.62746618953696e-05
RTEL1,9.622537713790825e-05
STARD7,9.61791623491391e-05
EMC9,9.617090031644087e-05
TFDP2,9.615938188089693e-05
LIN54,9.614628938264824e-05
CENPQ,9.60189824418854e-05
DGCR8,9.59275190964239e-05
COMTD1,9.589741717953566e-05
UQCRFS1,9.588387663402152e-05
LAMTOR4,9.576636925792032e-05
CDT1,9.575584559605614e-05
EIF4H,9.57123966158108e-05
NF2,9.566736349182112e-05
CHAF1B,9.557822764001662e-05
ZNF124,9.551730564048565e-05
THOC3,9.551628172224968e-05
C11orf80,9.54873628367848e-05
ABCB6,9.53748377614505e-05
TUSC2,9.53573482293958e-05
CTDNEP1,9.531434579708452e-05
TERF1,9.524391093801292e-05
GPAM,9.522890378601168e-05
NOP53,9.521991307832212e-05
CENPJ,9.521573321681658e-05
RBM28,9.519087126078714e-05
LRRC8D,9.516906266451038e-05
GET3,9.51344321056576e-05
SNHG32,9.51225942689686e-05
RPA1,9.51067773966588e-05
ZNF770,9.506429374379656e-05
TMED5,9.5004862342013e-05
NDUFA8,9.498670850829228e-05
TARDBP,9.493700546991794e-05
NUP50,9.493191302286965e-05
NDUFAF3,9.492610501859233e-05
RFC4,9.49018285861554e-05
UNK,9.487652918108516e-05
NUP42,9.480777371038138e-05
IMPAD1,9.46727015293868e-05
MRPS26,9.46396945918075e-05
PSMA7,9.462893294040894e-05
KARS,9.45818477830869e-05
VDAC1,9.4580850059897e-05
TP73,9.457681655783424e-05
AURKAIP1,9.449754609273792e-05
PRSS36,9.4474779021052e-05
MRPL11,9.435826472211794e-05
IDH3B,9.4354492178067e-05
ZCCHC3,9.435210619933669e-05
SPR,9.4316782763552e-05
UCHL5,9.427344255002272e-05
CCDC88A,9.423777984059946e-05
C1orf216,9.420154724592163e-05
MPP6,9.417721427608088e-05
SEM1,9.417592543847574e-05
ORAI1,9.417187160850918e-05
PLAGL2,9.412862794205468e-05
NCBP1,9.412175592646995e-05
COA7,9.408863084460356e-05
YEATS2,9.40757793685061e-05
PPP2R3B,9.40563756703752e-05
CCDC47,9.402071191031996e-05
DEPDC7,9.400136370888711e-05
PRAF2,9.393038561846749e-05
GTPBP4,9.390399177341322e-05
HNRNPK,9.390380200958724e-05
POLG2,9.390012761579218e-05
MTCP1,9.387258858960992e-05
THAP11,9.37616167662417e-05
PUS7,9.375571944192224e-05
TRIM26,9.37315623277806e-05
ARL2,9.371863952076456e-05
PRCP,9.371656882742776e-05
B4GALT2,9.371472680531444e-05
SAMD1,9.368434036327406e-05
TRAF2,9.3678269153152e-05
ARHGEF26,9.365443091104476e-05
MRPS24,9.36196734464548e-05
NEDD1,9.359856854381762e-05
TTLL5,9.357513935544702e-05
ALDH1A3,9.357214162562372e-05
UTP20,9.355996177443646e-05
VAV2,9.353124195261122e-05
NUDC,9.346849482517848e-05
SEMA5A,9.344266712902627e-05
PODXL2,9.34348728337622e-05
TAPBP,9.342641974881236e-05
ARMC9,9.342425763280264e-05
HAUS8,9.3372196417065e-05
CPNE3,9.330359915490973e-05
H2AFY,9.314661263765987e-05
MTERF3,9.312393371929804e-05
LPCAT1,9.307980283028688e-05
TIAM1,9.295692891995232e-05
TEX30,9.294939173611254e-05
ADORA2B,9.2941313014628e-05
TRIM13,9.285163946567529e-05
DCUN1D5,9.281543905503773e-05
TIGD5,9.278200615099224e-05
DYNLL1,9.273934250357744e-05
SDF4,9.2700599216248e-05
FABP5,9.266080474220026e-05
TM9SF4,9.266035131155152e-05
GNA12,9.25927240253264e-05
IMP4,9.2589637257688e-05
OGN,9.258210918290296e-05
USP1,9.258071385889251e-05
ZNF684,9.252383391769452e-05
NORAD,9.251702918033256e-05
KIAA0319,9.251054852493604e-05
PPRC1,9.246578920380466e-05
ROBO1,9.24450942872809e-05
EIF4EBP1,9.243758075126756e-05
ICE2,9.23406776590156e-05
CCNB1IP1,9.233351274884144e-05
GAS5,9.229367176280943e-05
TIMM13,9.228195530536996e-05
TRIT1,9.2271171648427e-05
UQCRB,9.22208763652752e-05
ULBP3,9.22026299779097e-05
GMPS,9.217170031896556e-05
AIMP2,9.21383752161557e-05
HMGN1,9.213362630474694e-05
PRTFDC1,9.209349715442548e-05
PSMG2,9.205450014803597e-05
MNAT1,9.204214640002212e-05
DDX10,9.2004425750021e-05
KHDRBS1,9.195362015991994e-05
C2CD3,9.193536047593647e-05
NRGN,9.186915207204026e-05
C16orf91,9.186552389879208e-05
GIT1,9.17302910857491e-05
HIRA,9.171255247355724e-05
CCT4,9.15918182034446e-05
SRP9,9.158539927004034e-05
PTPA,9.15701702825506e-05
CREBZF,9.147125238923351e-05
ITGA9-AS1,9.142184364757317e-05
MDC1-AS1,9.140813475563176e-05
EIPR1,9.138714314153386e-05
UBE2I,9.137008660737627e-05
SEC11C,9.13612271674668e-05
TM9SF3,9.134151471828604e-05
IMPDH1,9.132402660622372e-05
SLC25A1,9.13182174793908e-05
PRIM2,9.131339659244596e-05
PRDX1,9.128383698095512e-05
ENOPH1,9.12814014784836e-05
FAM111A-DT,9.1195268711246e-05
TENT4A,9.118699392945091e-05
PDHX,9.11524718962181e-05
CCDC74A,9.110316628138922e-05
CTDSPL,9.110227319032368e-05
RBM4,9.109631632616652e-05
MRPL17,9.108445635300124e-05
NECTIN1,9.104282204675342e-05
CALM3,9.095327182522908e-05
LNPK,9.091222965238718e-05
TOR4A,9.090678585684475e-05
NSDHL,9.090666588737742e-05
CDKAL1,9.087207894678744e-05
FDX2,9.079993694677022e-05
DCLRE1B,9.073876027534164e-05
WBP11,9.07369822942896e-05
EPCAM,9.072093306311586e-05
TOMM7,9.071390589974133e-05
RNF144A,9.068855918695676e-05
TYSND1,9.059399131660932e-05
AMD1,9.056503352731567e-05
HGH1,9.05557240739742e-05
RNF20,9.051577303887506e-05
SLC4A7,9.046534185134004e-05
DDIAS,9.039785489450948e-05
NUDT5,9.03725216571192e-05
CATSPERE,9.032088803379985e-05
TMEM123,9.03136234480172e-05
STOML2,9.03117338727232e-05
C11orf1,9.029612431461451e-05
TMEM208,9.029453028145128e-05
ZMPSTE24,9.026666454196951e-05
ARHGAP19,9.024501429235852e-05
LIN52,9.023544122012054e-05
LANCL1,9.01990872365549e-05
ZC3H8,9.014226321423804e-05
MRPL49,9.013404195325324e-05
CMTM1,9.012190992419242e-05
FANCL,9.006509011179965e-05
FAM161A,9.006232288480957e-05
CAD,9.002851750652301e-05
NSUN2,8.996735058030708e-05
NPAT,8.995742169163175e-05
GALNT6,8.988129394855484e-05
TTC9C,8.987421001910761e-05
HPS6,8.987128302707509e-05
JPH1,8.982428661560019e-05
SLC38A10,8.982398624380793e-05
SMIM4,8.968392339349166e-05
RAB36,8.966443776798166e-05
ERCC2,8.958832692942556e-05
CDKN2AIPNL,8.958784476647492e-05
ERI3,8.957071621650357e-05
NUP107,8.95700827717888e-05
PLEK2,8.955282362270817e-05
METAP2,8.947300938946169e-05
TP53,8.932800009492711e-05
SUV39H2,8.927330046536378e-05
MGAM2,8.925868620344989e-05
BAZ1B,8.924817141981752e-05
WDR12,8.923130824633572e-05
GNL3,8.916248296070647e-05
AP1S2,8.912713320350361e-05
ZNF302,8.906344944365177e-05
DNAJA3,8.904509398985005e-05
PABPC1L,8.904224073807831e-05
CHORDC1,8.903412231744104e-05
SLC25A25,8.900720734427621e-05
FUT4,8.895491556243769e-05
NUTF2,8.889315607510517e-05
AKAP7,8.8875684596706e-05
PASK,8.8849089009903e-05
ABCB8,8.880800222568643e-05
CDK5RAP2,8.876277228811e-05
SCAMP3,8.869218470089244e-05
ATP6V0B,8.86901028261153e-05
NDUFV2,8.867740233078242e-05
ROMO1,8.866026084257042e-05
KHK,8.84879162456348e-05
ANK1,8.847972831944472e-05
XPO1,8.843928221283947e-05
LCLAT1,8.839648642539553e-05
AKR1E2,8.82973143289871e-05
PPAN,8.82952183710584e-05
TBC1D10B,8.829473089937412e-05
CDCA7L,8.825718904290582e-05
RAD54L,8.820167555963153e-05
CHCHD5,8.819151131436346e-05
WDR89,8.816817503414815e-05
CISD2,8.814738461388682e-05
TUBGCP4,8.814410397728635e-05
QSER1,8.812778329421613e-05
MRPL18,8.812641560348316e-05
TSHZ1,8.809903314571737e-05
E2F3,8.807065938380937e-05
HUWE1,8.800633505200613e-05
SS18,8.791523095303467e-05
DBF4B,8.789917804671506e-05
SLC7A1,8.789783245700063e-05
SRSF4,8.788394747719444e-05
FAM210A,8.782323050873462e-05
GLCE,8.777723275271e-05
NUBP2,8.776793349141538e-05
PILRB,8.775892100343574e-05
MAGEF1,8.775779482844134e-05
SLC39A4,8.767874022899455e-05
CMTM7,8.748271927518732e-05
RPP21,8.736504864894448e-05
SMARCD2,8.73505626931312e-05
PARP2,8.728606786343337e-05
RBM12,8.723337536087702e-05
POC5,8.714057001928538e-05
NDUFS3,8.71217451207758e-05
MCCC2,8.711936600725896e-05
LIPT1,8.711197602180098e-05
NUP93,8.686020840293981e-05
EXOG,8.685707018862839e-05
NME3,8.684366530697463e-05
DNM1L,8.683949967226883e-05
VBP1,8.683671487100599e-05
TMEM138,8.673426305022857e-05
TMEM14C,8.668482802032003e-05
ATAD3B,8.651281235440334e-05
SLC25A21-AS1,8.65054758678729e-05
TMEM187,8.64697821436773e-05
EIF4A3,8.644587605096035e-05
ATP13A3,8.642015373854296e-05
FAM43A,8.634060910008007e-05
MRPS2,8.628561332357021e-05
MTOR,8.62735665715656e-05
GTF3A,8.62618882288281e-05
CHSY1,8.621240935845948e-05
H3F3B,8.620494434147591e-05
DHRS13,8.619944229479539e-05
PPWD1,8.617065752429976e-05
NLN,8.616626357507001e-05
IMPDH2,8.615114284255596e-05
COQ9,8.613306360344514e-05
FBXO48,8.6113052922752e-05
MAN1C1,8.602945836595051e-05
PDZD8,8.592288701668572e-05
RBBP9,8.591966663783749e-05
GFM2,8.591014678904217e-05
COX7C,8.589488348141692e-05
VWA8,8.588926539277592e-05
TUBA4A,8.587657081574626e-05
CCDC127,8.587070676807735e-05
WEE1,8.585952195807642e-05
GAS2L3,8.585068240801131e-05
PPP1CC,8.582611359272999e-05
SLC25A10,8.580168430553162e-05
RFT1,8.574377582398132e-05
PRRC2A,8.57183466357131e-05
C18orf54,8.57182242125872e-05
CEP83,8.565571499109735e-05
TFRC,8.557117970076443e-05
MDH1,8.556356791239455e-05
SLC39A7,8.552871840694446e-05
TPGS2,8.547038444008099e-05
C1orf159,8.546447780817823e-05
FAM136A,8.543369084166688e-05
MBTD1,8.539105726226582e-05
TMEM41A,8.536675023137625e-05
THEM4,8.530974977287708e-05
PVT1,8.527857137837673e-05
MRPL22,8.527852169771562e-05
TAGLN2,8.522816367914183e-05
MARC1,8.522103587738363e-05
MANEA,8.519942001651554e-05
ISG20L2,8.518097509574621e-05
RAD23A,8.517692981102627e-05
SLFN11,8.513678739365561e-05
EIF2B1,8.513361652934926e-05
SIPA1L3,8.511145146326569e-05
CEP72,8.508045730767978e-05
FBXO21,8.496798609732955e-05
ARPP19,8.49648170570712e-05
CKAP4,8.495553816377197e-05
CELF1,8.494779708555942e-05
FAHD1,8.493625038490645e-05
RRP15,8.49296124693534e-05
GALNT2,8.483782679614292e-05
NAT10,8.481706154936482e-05
AADAT,8.476704207136397e-05
EEF2KMT,8.473746087585228e-05
TBC1D5,8.473207803827807e-05
POLR2I,8.466799134953945e-05
H1F0,8.461545581436767e-05
ATAD5,8.46005386529865e-05
DANCR,8.456826115258775e-05
XPO5,8.456588912471618e-05
PTGES2,8.45043027883623e-05
ETF1,8.442039461864017e-05
CENPS,8.438512958881093e-05
LIG1,8.437884607227113e-05
ZFP91,8.436835297576362e-05
NHS,8.434411716889923e-05
ZDHHC23,8.430690307474488e-05
NDUFAF8,8.427287910241922e-05
TCOF1,8.419612814773786e-05
CHST3,8.411381476363412e-05
SOX2,8.410455098064637e-05
AUP1,8.402857920277328e-05
MFSD14C,8.402424053851339e-05
ATP5F1D,8.399719786628762e-05
MRPL23,8.398968716162389e-05
SSR2,8.397991556634425e-05
IER5,8.397984269955295e-05
KIAA1328,8.397754588112435e-05
CNN2,8.395855577339813e-05
NDUFV1,8.39402934415549e-05
HEATR1,8.389577396044503e-05
SSU72,8.386961393599409e-05
PGAM1,8.380771190857505e-05
DENR,8.380186980049848e-05
SS18L2,8.377555652883548e-05
MRPL9,8.372323518975698e-05
NOC4L,8.367852223520843e-05
RER1,8.367845486580313e-05
FLAD1,8.364317412304426e-05
ZNF501,8.363697054967201e-05
ARPC1B,8.360453714386825e-05
MRPS6,8.358250854458485e-05
PSENEN,8.357781510647134e-05
DDRGK1,8.357480957002691e-05
DHRS4L2,8.355333450319442e-05
GRK2,8.354840776835231e-05
UQCC1,8.352551859951138e-05
KIF2A,8.348898454051813e-05
CRKL,8.337032235271368e-05
H1FX,8.336829127238744e-05
ANXA7,8.33433560354131e-05
PMS1,8.332519236283727e-05
UBL5,8.329220428917564e-05
SPATA5,8.32794610175058e-05
PSMB10,8.323328396091652e-05
LETMD1,8.321473705066413e-05
VKORC1,8.319494160340946e-05
RAB12,8.319169083663934e-05
CSKMT,8.31602919603439e-05
LIMK2,8.314774301109031e-05
TRERF1,8.314440714211369e-05
INAFM2,8.31067393596297e-05
EEFSEC,8.306906476405199e-05
GPATCH4,8.304721166447138e-05
LRRC49,8.299615014874847e-05
B3GALNT2,8.293717741748372e-05
ZNF738,8.293471945602715e-05
ILF3,8.292262548730459e-05
LSM7,8.289810156595586e-05
CWF19L2,8.284571388740978e-05
SENP3,8.282591680258436e-05
FIGNL1,8.279063091342275e-05
DAG1,8.27775690425966e-05
TMEM141,8.277010433217874e-05
AP001885.2,8.273443809405925e-05
BTBD1,8.273176061431784e-05
MNX1,8.267322845091336e-05
ASCL2,8.26397930581315e-05
NOM1,8.262151553275518e-05
BX842242.1,8.256029692316589e-05
KPNA3,8.253224866385875e-05
MAPKAPK5,8.248943948244968e-05
DHX30,8.248377597184174e-05
UPF3A,8.247353775433652e-05
XRCC1,8.24678483816846e-05
SLC25A22,8.242266724868163e-05
POLR3H,8.23404987503753e-05
LRRC75A,8.231019189029595e-05
FASTKD2,8.230815765540005e-05
MAGED1,8.23050913709297e-05
RBFOX2,8.229441089424794e-05
ATP5IF1,8.22197780034082e-05
DNAJC11,8.219698913246113e-05
MPDU1,8.205738963678153e-05
NUP153,8.197129515704593e-05
CARNMT1,8.180750946962557e-05
PSME3,8.180343068363873e-05
PELP1,8.170985735623368e-05
COPZ1,8.169762476275721e-05
NAT9,8.164549477102958e-05
MTCH2,8.163908333965666e-05
FH,8.160589207459712e-05
LZIC,8.158952173020236e-05
UBR7,8.1575379485974e-05
TOR1A,8.154825296068686e-05
SLPI,8.153966625375691e-05
INO80E,8.153453251840602e-05
DHX35,8.150481825690507e-05
SNRPD3,8.14017328934244e-05
ORMDL2,8.138971820692217e-05
PEX3,8.137290847098089e-05
PAXIP1-AS1,8.133662610799783e-05
HIST1H2AE,8.13263989218517e-05
ZNF253,8.131436390370069e-05
AAR2,8.1291705626946e-05
ADRM1,8.128857980391614e-05
ASTE1,8.128108578788745e-05
FOPNL,8.126979864971277e-05
THSD4,8.125703502585883e-05
YEATS4,8.12300126440867e-05
CNOT1,8.117607936841899e-05
PNN,8.11719462669723e-05
ASAP1,8.110707061190727e-05
FUBP1,8.107682727813896e-05
GSS,8.102567933446222e-05
NMNAT3,8.09878368783214e-05
ATF7IP,8.098753189865015e-05
ME3,8.09803688079477e-05
PTPRK,8.081405264049989e-05
CR1L,8.080743413519295e-05
DDX50,8.078328559313392e-05
HIBCH,8.077237235503737e-05
GEMIN2,8.074672374854863e-05
GNB5,8.072386416192906e-05
TTYH3,8.071807946331498e-05
KLF13,8.071436329195956e-05
TTC5,8.065642111916852e-05
PARN,8.064235255857792e-05
PGRMC1,8.060991305880468e-05
NAP1L4,8.060004059904363e-05
TOMM6,8.055075770064488e-05
TMPO-AS1,8.054829474216367e-05
ZNF593,8.054717467546782e-05
SPRY1,8.053848140137069e-05
MRPS25,8.052455599626054e-05
DNAJC9,8.052084260692019e-05
ZNF551,8.050752783912518e-05
ELK1,8.050751143932826e-05
TUFM,8.047298338600373e-05
PRKRA,8.046804605676089e-05
SLC25A19,8.040493610864066e-05
TEDC1,8.036369395110325e-05
SAP30L-AS1,8.034666298092188e-05
FAM83H,8.033030512817381e-05
METTL8,8.027429184319124e-05
LY75,8.02656594180775e-05
C12orf65,8.025833736482233e-05
YWHAH,8.025087328408006e-05
MYL6B,8.020447707758267e-05
NEU3,8.011662363396165e-05
NFE2L3,7.989066960213482e-05
FOXA1,7.982340429110131e-05
NDUFA3,7.981071837902316e-05
DDX41,7.979722408014494e-05
ETHE1,7.978070361859217e-05
GALNT7,7.973964833774302e-05
GASAL1,7.972711676964054e-05
ODF2,7.97261734130181e-05
ARMC1,7.972117864469297e-05
JMJD8,7.968201404166442e-05
ANKMY1,7.967350121097212e-05
ANKS6,7.964288907489229e-05
UFD1,7.961754007687562e-05
NADK2,7.960901619004232e-05
NAXE,7.957440554887541e-05
SHMT1,7.955481542364253e-05
IER5L,7.955377446215759e-05
MINDY4,7.948962987821776e-05
AP1S3,7.948007834852475e-05
IQCB1,7.944279154068136e-05
PDHA1,7.94338494889621e-05
PPAT,7.94272110106849e-05
SPINT2,7.941043597852267e-05
ANTKMT,7.93991819653657e-05
TSEN15,7.937619408533367e-05
ZGRF1,7.933712279044699e-05
CSTF2,7.933508417253834e-05
SFXN4,7.933010772400464e-05
PRDX6,7.931525769338129e-05
MAN2A2,7.925646009594214e-05
AK2,7.92468982973836e-05
MESD,7.91411250578991e-05
CRY1,7.914031590222631e-05
ABHD15,7.913962629220643e-05
RBBP4,7.913028852300503e-05
PDE3B,7.911901358260299e-05
MASTL,7.911650528642092e-05
PHIP,7.911442796313054e-05
ATP6V0C,7.91105738109064e-05
C12orf57,7.910166614696796e-05
SPAG8,7.897597908324286e-05
C1orf50,7.896747988995424e-05
HCFC1,7.89595240258623e-05
MRPS17,7.889609953083024e-05
ANO6,7.877691858635668e-05
TMEM167A,7.875283989847544e-05
CFTR,7.870183965124228e-05
PECR,7.869013420149937e-05
USP2-AS1,7.860533798301664e-05
BICD2,7.856377861605982e-05
SMARCC1,7.85588032845633e-05
CAND1,7.850583025846026e-05
MFHAS1,7.848360832369007e-05
STEAP3-AS1,7.845176258024432e-05
ADGRA3,7.843491976714838e-05
PHKG1,7.842321614430497e-05
MYCBP,7.838732135875988e-05
PRDX2,7.838187274746244e-05
ZSWIM9,7.82403901568245e-05
RMRP,7.823798815966446e-05
KRT18,7.822973691301885e-05
GRK6,7.820183139918137e-05
LIN7B,7.815495702711642e-05
PRR5L,7.815489439437536e-05
NOD1,7.814828296365106e-05
NAE1,7.814449099779619e-05
TGFBI,7.804301875946993e-05
TSPAN14,7.802357642738435e-05
GOT1,7.796830050214123e-05
IDI1,7.796273583568505e-05
SEC61A1,7.79357286101117e-05
DEFB131B,7.78470663840668e-05
ZNF146,7.77547112871091e-05
MTR,7.772692869768144e-05
ANKRD54,7.765422945688473e-05
AP002449.1,7.763546813864429e-05
OGG1,7.761268268374023e-05
TMEM205,7.761154247680375e-05
PSMC3IP,7.757843857813652e-05
BRAT1,7.755161521450022e-05
PHTF2,7.754504883079702e-05
VAPA,7.749980795905293e-05
NELFCD,7.747406003991705e-05
USP14,7.742769102824061e-05
TMEM258,7.741327280756527e-05
GATD1,7.740906373977147e-05
NDUFA1,7.733159953454108e-05
C2CD5,7.728164494171938e-05
MRPS23,7.721357646951571e-05
EIF5B,7.720306407855377e-05
AP002383.2,7.719740182384546e-05
DSE,7.718411093878722e-05
TMEM222,7.715390273951179e-05
PURB,7.714094958840817e-05
DPY19L4,7.71204727506333e-05
KBTBD2,7.703629095747902e-05
PUM3,7.69674100002364e-05
NETO2,7.695118195464912e-05
SACS,7.692190635739942e-05
DDX39A,7.690298417355137e-05
UBE3D,7.68621356213642e-05
PSPH,7.685803553564078e-05
GPI,7.684524346912239e-05
CRTC3,7.681438006696573e-05
KIF1BP,7.681335532903017e-05
PDS5B,7.678449655991272e-05
ARHGDIA,7.678221835867555e-05
ST3GAL6,7.677521731050787e-05
GLMN,7.677239069264832e-05
LAMTOR1,7.67666584270767e-05
DIAPH3-AS2,7.672716521532108e-05
ZBTB40,7.669066702534239e-05
PHLDA2,7.668808359177416e-05
SNHG21,7.666097577087448e-05
STRBP,7.665816247359256e-05
POM121C,7.662179897105625e-05
CHCHD1,7.659305192096899e-05
GRTP1,7.659255915009244e-05
NUMA1,7.658476796826173e-05
TMEM39B,7.656396231051684e-05
TMEM69,7.654795296611464e-05
TMEM237,7.650019456381443e-05
THOP1,7.645924135329181e-05
STX18-AS1,7.639978326856388e-05
RIC8A,7.639969463769872e-05
PGD,7.634046186727048e-05
RPUSD4,7.633072408470896e-05
TIMM9,7.629943775486927e-05
SCLY,7.62816879136288e-05
HMBS,7.627356333877644e-05
PSMD8,7.627288257279412e-05
GCC2-AS1,7.623001097190964e-05
PSMA4,7.621679417583274e-05
SNRPB2,7.61734762294604e-05
DNAJC19,7.606781959981994e-05
TRAPPC13,7.604777536369316e-05
AP002518.1,7.603402272387452e-05
MAPK1IP1L,7.599336272351975e-05
NSD1,7.599296627989829e-05
ACAA2,7.599019508869986e-05
ALG10,7.598946176644176e-05
FOXD2,7.597791944827329e-05
PFDN6,7.596958795017266e-05
FTL,7.594736232413497e-05
EIF3F,7.593366081727612e-05
ERG28,7.592265121052066e-05
PIGZ,7.59145778027895e-05
PHF12,7.59004282250001e-05
NOC3L,7.588362508710938e-05
CEP128,7.587833234536346e-05
DNAJC25,7.58636764791062e-05
TTC13,7.585336159245482e-05
POLE,7.583427366247149e-05
ADAM23,7.581917326375435e-05
PDXP,7.579595697495471e-05
MTLN,7.579367053386006e-05
ZNF672,7.578713906672298e-05
URI1,7.577877357472612e-05
SLC5A3,7.574314274437475e-05
RB1,7.573721223194983e-05
ZNF445,7.561870940755178e-05
KLHL15,7.56112049845131e-05
ANKLE2,7.55972543629356e-05
NDUFS7,7.559474460895126e-05
MIR503HG,7.557756576641405e-05
MARVELD3,7.548032256786469e-05
TBL1XR1,7.543573370577035e-05
SBDS,7.541426870009704e-05
TALDO1,7.541395543692216e-05
DNAJA1,7.540899412701029e-05
PIK3R3,7.535536479228102e-05
PGAP1,7.535140693185955e-05
MTDH,7.534472843382793e-05
ANKRD65,7.529139415387976e-05
CSPP1,7.52772648147634e-05
IQCK,7.525230495030618e-05
REEP4,7.5228212267885e-05
TRABD,7.512321731313368e-05
MHENCR,7.51060874103086e-05
COL12A1,7.508365621248985e-05
MAGOH,7.505837627886581e-05
SRXN1,7.505634020049593e-05
SHQ1,7.505523095508875e-05
SLC35F2,7.504352102940418e-05
EXOSC2,7.503344851808282e-05
RPUSD2,7.497990399629488e-05
UQCR11,7.496170123070767e-05
PDE8A,7.491248430393356e-05
PLEKHA6,7.491042064688794e-05
BORCS6,7.490468889771386e-05
PEX10,7.485328280277197e-05
SCAT8,7.484120999874915e-05
NUP205,7.483700234033886e-05
SLC2A8,7.47248392978922e-05
PHC3,7.469289118561563e-05
SEC61B,7.467661244743814e-05
CCT7,7.467650538998946e-05
EMD,7.462258134157421e-05
FARS2,7.459797540787977e-05
ESYT1,7.458305486906166e-05
MED21,7.454319435259699e-05
API5,7.45045993197532e-05
S100A6,7.447048835683952e-05
HMCES,7.446530491973884e-05
CDKN2D,7.443199843555534e-05
GFM1,7.437406024743606e-05
NACC2,7.431078279384858e-05
SBNO1,7.426562279179704e-05
TBC1D7,7.422529168610004e-05
HIST1H2BJ,7.422074408244182e-05
PTPRF,7.42205496713772e-05
ATP5PD,7.420428288417914e-05
WNT10B,7.418967214753827e-05
NME7,7.416396058984608e-05
IARS,7.415390585548575e-05
CIAO1,7.413338669508369e-05
GPR89A,7.413149261591202e-05
RSAD1,7.411309855039307e-05
MAD2L1,7.409941336005324e-05
KCTD13,7.409902429808855e-05
FRMD5,7.409722533516418e-05
SYCP2,7.409273094533729e-05
SSBP1,7.405877013109182e-05
NARS2,7.402031959903735e-05
LAMTOR5-AS1,7.399489318488269e-05
AGMAT,7.395816142664137e-05
SNRPA,7.394940338329174e-05
OAZ1,7.38969909053412e-05
DDX46,7.388537548631722e-05
KDELR1,7.382636509407865e-05
BCL2L12,7.380293720548363e-05
HDAC4-AS1,7.377332850646179e-05
EEF1AKMT4,7.376841032092122e-05
PFDN5,7.3762523640291e-05
H2AFJ,7.374952436218509e-05
TELO2,7.374012587895306e-05
DCK,7.371731838932563e-05
KIAA2013,7.369159469865277e-05
ECI1,7.368976649133894e-05
GLE1,7.368332441095913e-05
TRAP1,7.36244250854712e-05
UBE2G2,7.361991799239883e-05
NHLRC3,7.356905709583113e-05
ECHS1,7.350722111993067e-05
PINX1,7.350104685718236e-05
ZC3HC1,7.338404743387902e-05
SPINK5,7.337304325810229e-05
KYAT1,7.33673553100018e-05
VAC14,7.333926489352501e-05
B3GALT6,7.333873619732834e-05
CASP2,7.330832143905166e-05
SLBP,7.329287718826732e-05
C5orf22,7.32585078006289e-05
RELT,7.324510351494288e-05
TCF3,7.319314805718163e-05
UTP18,7.314839980358061e-05
BRMS1,7.309759514178967e-05
TMEM230,7.304737147636328e-05
PYCR3,7.303286350222265e-05
TSACC,7.302997273100589e-05
IFT140,7.299469517646376e-05
ANAPC16,7.299226065625588e-05
CLNS1A,7.296160071505762e-05
DOLK,7.29450639298558e-05
EIF4B,7.28883600954086e-05
LRRC45,7.28706801443292e-05
ATPSCKMT,7.285531181386853e-05
NCS1,7.285033159527132e-05
MTX3,7.282525959886299e-05
TAF6L,7.282346740436354e-05
LAS1L,7.281813661032401e-05
OAS3,7.278905120716356e-05
PPCS,7.278712523389673e-05
KCTD21-AS1,7.265395245578664e-05
CCDC137,7.263523815105772e-05
TMEM14A,7.259460740350002e-05
GTF2A1,7.257479806695196e-05
KLHL7-DT,7.253838384303168e-05
MYADM,7.251451198528617e-05
MCPH1,7.25001820674977e-05
PMAIP1,7.245849356452997e-05
MDM2,7.24391037678522e-05
NOTCH1,7.236251328102911e-05
PEBP1,7.233737491318948e-05
SNAPC2,7.231159255525334e-05
STEAP3,7.230039616216385e-05
RNASEK,7.22677301859122e-05
PDCD11,7.226220710448166e-05
SCFD2,7.225829205924041e-05
RPUSD1,7.211760762249406e-05
TNS3,7.210893010602755e-05
TXNDC17,7.203815466547038e-05
SLC1A4,7.20269677192552e-05
AHSA1,7.202455797962233e-05
ZFPM1,7.198798022179216e-05
ZC3H14,7.193982272800222e-05
C2orf92,7.190355561312789e-05
CRNDE,7.18777424927357e-05
SNHG16,7.18662728221197e-05
SH3BP1,7.184668174981627e-05
EIF4ENIF1,7.181873624211425e-05
CPSF2,7.180237531042502e-05
AKR1A1,7.178832474405441e-05
RNF181,7.174228699693891e-05
PPP3CB,7.17210663303424e-05
MAML2,7.17166827181425e-05
RPF1,7.171517091065439e-05
VAPB,7.169025122935995e-05
C1orf35,7.16727037443271e-05
PPP1R12B,7.163717833681297e-05
CCNA2,7.163266949827104e-05
DUS1L,7.162240683349461e-05
SSC4D,7.16149520910449e-05
VCP,7.157382354600093e-05
INHBA-AS1,7.146731591030467e-05
PYCR1,7.144898146007446e-05
FCF1,7.144405636743714e-05
SLC25A21,7.143990326252287e-05
ZCCHC17,7.142009709867486e-05
ARPC5L,7.140205793364602e-05
TRIM65,7.139212138868404e-05
CERS2,7.136777079066328e-05
XXYLT1,7.136033325700962e-05
FAN1,7.132013973329045e-05
CHAMP1,7.129276307729544e-05
L2HGDH,7.121898923930855e-05
NVL,7.114250440215754e-05
MTFP1,7.110563772741541e-05
ATM,7.110198644228365e-05
GABRD,7.109580887464223e-05
MAF1,7.100031192231142e-05
PRNP,7.099321561287233e-05
NDUFA7,7.097844842497276e-05
VOPP1,7.09700346606921e-05
TESMIN,7.096331292183745e-05
TGOLN2,7.094846103351441e-05
RBM42,7.092609495158294e-05
PLPP2,7.091390900292327e-05
ELOVL7,7.091364347284185e-05
MRPL16,7.091107667073352e-05
RIOK1,7.090647166400375e-05
CPSF4,7.084775495798992e-05
GSTO1,7.081792803410042e-05
SMDT1,7.081317038203773e-05
TXLNA,7.079531984934042e-05
TLCD3A,7.079119584435268e-05
ARHGAP45,7.074997992674765e-05
EMB,7.073049005676113e-05
PHB,7.070264440952329e-05
AGAP3,7.069566050477234e-05
TMX1,7.067827477723919e-05
Z83844.2,7.067673768597864e-05
GRPEL1,7.067271864441265e-05
PTAR1,7.066280935626912e-05
LARS2,7.064031683780078e-05
SDHB,7.063231590418557e-05
MTPAP,7.061184493203695e-05
TK2,7.060766556939204e-05
TMEM231,7.057469272799966e-05
NFYB,7.057453917508635e-05
KIF3B,7.054334554040687e-05
SH3BGRL3,7.054201346688344e-05
DNAJC10,7.054044868718898e-05
DPM3,7.053800322910915e-05
PABPN1,7.053476101610548e-05
METTL15,7.051939576806412e-05
TMTC4,7.047582152668005e-05
OXTR,7.04754949132833e-05
DNAJC16,7.047066706776648e-05
CMTM8,7.045431435268357e-05
FKBP4,7.044879830149785e-05
C6orf120,7.043804959801961e-05
FGFR2,7.04198784445182e-05
ITPK1,7.040514836958706e-05
CMAS,7.039651548831806e-05
FBXL6,7.0304831063684e-05
CCDC124,7.029984985880537e-05
SFR1,7.029259526654828e-05
SRFBP1,7.027211729560696e-05
ATE1,7.024120573933955e-05
XBP1,7.022014002314598e-05
COX7A2,7.021777212885099e-05
JMJD6,7.017102135778982e-05
EIF3E,7.016110939000379e-05
AP006621.3,7.015369783619701e-05
BUD31,7.013777195140149e-05
LSG1,7.010871420476007e-05
RGS10,7.010861510312725e-05
CLCN4,7.010597700755623e-05
NDE1,7.009784818771755e-05
URM1,7.007976774102404e-05
PIR,7.007802539943837e-05
DMAC2L,7.005460741448637e-05
CACHD1,7.004209197487707e-05
FBXO22,7.002861460591491e-05
ETFB,6.997294853430504e-05
NPHP4,6.997081989057809e-05
AF107885.2,6.994054411900064e-05
AP001318.2,6.983052180446213e-05
PTDSS2,6.981604094328042e-05
PRR3,6.981076446367328e-05
UROS,6.978817583846115e-05
SLC39A3,6.976681430660531e-05
CPLANE1,6.97461197349993e-05
POP7,6.974372913469334e-05
MVD,6.969393718796231e-05
ORC1,6.961842724448099e-05
MID1IP1,6.961603573040477e-05
CDK2,6.95989694883968e-05
METRN,6.956688948102291e-05
ZPR1,6.955976451204871e-05
DPM1,6.955056783050095e-05
RNH1,6.952414785569955e-05
TMEM17,6.947627356048298e-05
ATF5,6.946692912875351e-05
NBDY,6.946323513413053e-05
PSMG3,6.942627564871515e-05
SGCB,6.938422007670645e-05
GRPEL2-AS1,6.934133208966845e-05
MED14,6.929480956547646e-05
LGALS3BP,6.928612959197258e-05
TFAP4,6.927960369825722e-05
ERCC8,6.927076608430277e-05
TPM3,6.926850102353436e-05
THOC7,6.922987875929654e-05
TSEN2,6.922472081239918e-05
DNAJC8,6.922413584300187e-05
DLST,6.920189557341083e-05
TSTD1,6.91650853233505e-05
HOXC4,6.915234691083562e-05
FAM92A,6.91466269668651e-05
SETD6,6.912898103148186e-05
MRGBP,6.911040512171696e-05
SF3A3,6.90987644606061e-05
UBE2Z,6.909567061312534e-05
CIZ1,6.909508218012809e-05
HSBP1,6.908086959252052e-05
LTO1,6.908079879604076e-05
ATXN2L,6.907991788553794e-05
HOXB-AS3,6.907904035107629e-05
MRPS27,6.906227197853985e-05
SMIM3,6.90582961440419e-05
MBOAT2,6.90321663686641e-05
MLLT6,6.897553832620705e-05
COPS6,6.893347945746509e-05
ELOC,6.893105130920033e-05
USP10,6.891354456354586e-05
COX10-AS1,6.889162880300039e-05
ALG6,6.889018161173514e-05
PTP4A1,6.887124084259111e-05
PARL,6.886598247979167e-05
NPRL3,6.885329529090536e-05
COX11,6.878543317322454e-05
PPP2R5D,6.878255555660985e-05
HIST1H2BN,6.871631306918124e-05
LRRC23,6.869375042172289e-05
CORT,6.862164208837674e-05
YWHAQ,6.861837696718286e-05
PRDX5,6.861452471776455e-05
OSER1,6.855757666904939e-05
PEX7,6.854980635855554e-05
ZFP36L1,6.853637407231292e-05
ZNF644,6.853606712777238e-05
GNS,6.851974507504827e-05
RNASEH1-AS1,6.850643555403964e-05
TIPIN,6.849901514200867e-05
LIMD1,6.84943649487828e-05
ALKBH6,6.849250891268861e-05
TCF20,6.848471072932562e-05
TRAF3IP1,6.848180012385535e-05
CPSF7,6.845534239212424e-05
HOOK1,6.845398376006015e-05
CDC123,6.841863717964713e-05
ATP5F1C,6.840359107894328e-05
CGGBP1,6.836232859055874e-05
PKP4-AS1,6.835587008427529e-05
SPRY4,6.829939459870262e-05
PFDN2,6.828444622548556e-05
NLE1,6.826643024433107e-05
NACC1,6.825682540349747e-05
RFC5,6.824696677350474e-05
SLC35E2A,6.820909004837095e-05
C10orf88,6.820703837111486e-05
PHLPP1,6.819161857884875e-05
FNTB,6.818785783546502e-05
CATSPER2,6.816528889681929e-05
GPX4,6.815643614218127e-05
ZNF718,6.812949439060247e-05
NR2C2AP,6.809852217502205e-05
MAST2,6.80920291591228e-05
TSEN54,6.808490233884429e-05
MEA1,6.805250561737686e-05
TASP1,6.803372739552023e-05
SLC25A11,6.799523656360988e-05
BLMH,6.796576399028818e-05
ZNF300,6.796228315298963e-05
TMEM119,6.795965696454759e-05
ZNF362,6.795724231088146e-05
CLCN5,6.795214833894824e-05
DGKD,6.792275434430755e-05
AATF,6.787115446724583e-05
C6orf47,6.786085438599769e-05
CSDE1,6.781777841878789e-05
BX842570.1,6.780881882228573e-05
PRPF4,6.77705595482035e-05
WDR19,6.774482796721979e-05
HSPA14.1,6.773228784259828e-05
TAF5L,6.772908189151264e-05
TMEM9,6.77018924030616e-05
MIA,6.76766782447862e-05
FKBP1A,6.76488800661689e-05
HNRNPUL1,6.762850231355225e-05
MTG2,6.757843202752105e-05
RHOA,6.757199050874467e-05
NAA50,6.745674821566954e-05
POLG,6.745559630906769e-05
DZANK1,6.745306345532027e-05
ASNSD1,6.743784317955767e-05
ABT1,6.74205255977674e-05
SURF6,6.734191585106815e-05
MTRNR2L8,6.733514953821393e-05
AP002495.1,6.732510208944117e-05
RNF216,6.732467376688806e-05
TIMELESS,6.731782472712719e-05
FAM192A,6.73121709368969e-05
HOXA-AS2,6.726387792364544e-05
FKBP3,6.719732586263009e-05
MIR4713HG,6.718737116815118e-05
GOLIM4,6.71850548029995e-05
PCBD2,6.718049764845659e-05
REEP3,6.716711799707448e-05
TRAM1,6.713063174214518e-05
POLDIP2,6.710152213400103e-05
SUB1,6.706480701651626e-05
MACC1,6.704955251925657e-05
PCNX2,6.703621204289291e-05
DTD2,6.702765140444001e-05
BORCS5,6.701439917521666e-05
SPEN,6.699923001564565e-05
MAPKAPK3,6.697183756886692e-05
FDFT1,6.696337265187472e-05
GMPPB,6.692622852845807e-05
ZNF74,6.691851447308028e-05
IER3IP1,6.691783326778119e-05
TMED7,6.688362348496121e-05
CDC26,6.686753016826131e-05
PABPC4-AS1,6.68479656843757e-05
PDCD7,6.681165686581072e-05
GRHL2,6.67979765245508e-05
PDZD4,6.677566346413735e-05
ANKRD52,6.674257826781248e-05
AP003059.1,6.67131638084946e-05
THRA,6.663068953005589e-05
IMPA2,6.661113403568894e-05
NOB1,6.660394901433454e-05
SBNO1-AS1,6.658042338910741e-05
RALBP1,6.652919184715008e-05
TYW3,6.647018516460237e-05
PNPO,6.642570091449547e-05
ZNHIT1,6.640730203347664e-05
RCL1,6.639767942640581e-05
TMEM170A,6.637750810926657e-05
SUGP2,6.632921500771594e-05
GNL2,6.632019331054552e-05
BAX,6.631683619848087e-05
YIPF6,6.630702130307461e-05
EED,6.624973777117713e-05
PKP2,6.623323365026134e-05
AP001029.1,6.622755477831706e-05
UNG,6.621787331467129e-05
ITGB4,6.619296283903736e-05
RIF1,6.619117313124624e-05
GTF3C6,6.616921852957163e-05
SURF1,6.616878190661414e-05
EOGT,6.615980052153045e-05
METTL3,6.611446167093181e-05
IMMT,6.607509759259658e-05
HOXA3,6.60480957103938e-05
MRPL13,6.602844048031041e-05
UBA2,6.599471140151005e-05
RFX7,6.598990972821653e-05
KIAA1143,6.59723396630127e-05
TRIM37,6.596824949155323e-05
UQCRQ,6.594832193534634e-05
BX284668.5,6.593102957294376e-05
ERLIN2,6.59149476531571e-05
CHMP1A,6.589204735454235e-05
SIX4,6.588235579232533e-05
DCPS,6.584452429324344e-05
THUMPD3,6.584130699545374e-05
ZNRF2,6.583125745118263e-05
RAD51C,6.577571575513584e-05
AP001011.1,6.574204936376536e-05
SLC25A32,6.573003717643791e-05
CALM2,6.570748136689544e-05
UTP4,6.568418083745379e-05
C1orf109,6.568307981364048e-05
FERMT1,6.566015871733497e-05
HACL1,6.56279474097201e-05
ZNF511,6.56081224271458e-05
SHISA5,6.558519122460848e-05
MIEF1,6.5540425803765e-05
RIN1,6.551499925097382e-05
RBM15,6.538613870727848e-05
DAD1,6.536037058691306e-05
ACAT2,6.53532580423268e-05
PRMT1,6.53465386917728e-05
PITPNA,6.533939344077831e-05
NUDCD1,6.533830664791705e-05
EMC3,6.532380663816044e-05
CRYBG1,6.53199509349305e-05
PNPT1,6.530552548023566e-05
DGKE,6.528206164467509e-05
WBP4,6.524793980374713e-05
BYSL,6.522303280278102e-05
RNPEP,6.520352249531926e-05
DONSON,6.519869642200067e-05
HAX1,6.517196998369343e-05
GATC,6.516976473394093e-05
AP2S1,6.509662039039781e-05
SF3A2,6.508363137166459e-05
EHBP1,6.506628603490516e-05
MORN2,6.50566052003341e-05
SFMBT1,6.504704560857364e-05
EIF2AK4,6.504035615473248e-05
ERAL1,6.499603428679958e-05
EMC1,6.499353715510317e-05
ARL16,6.495904588043622e-05
MBD3,6.492584292481666e-05
NOTCH2,6.490372503116034e-05
ZNF346-IT1,6.489661357940968e-05
PRMT3,6.487138028309101e-05
APEX2,6.484262964038753e-05
BX284668.6,6.483845230516449e-05
CIAO2B,6.480684002293571e-05
FAM120A,6.478988986738974e-05
MAGOHB,6.474496817721474e-05
STAMBPL1,6.469332199393122e-05
PSMB8,6.469156585222511e-05
CTBP1,6.462734566239933e-05
LMO7-AS1,6.461526778571978e-05
ICE1,6.460963631665081e-05
TMOD3,6.458538565124883e-05
POLR2M,6.458457387448891e-05
HIF1A-AS3,6.45789925860388e-05
NUP85,6.454369115189122e-05
CRCP,6.453127413410146e-05
ZNF775,6.452701920710437e-05
PCIF1,6.448545225122256e-05
C12orf29,6.444376707904992e-05
SPATA7,6.443628836947502e-05
FKTN,6.442796405645238e-05
SLC35C2,6.441999365990503e-05
CARD8-AS1,6.440763345826598e-05
AQR,6.440388657185647e-05
HAUS5,6.438589881381759e-05
SAYSD1,6.437010700119157e-05
ATP5MPL,6.436118706436857e-05
PXYLP1,6.434912566762484e-05
BCL2,6.43424936706012e-05
FOXP1-IT1,6.433884144277508e-05
OGFOD1,6.433270758963073e-05
DMC1,6.432945016155487e-05
DDX1,6.42777583860284e-05
NOP9,6.424464847985035e-05
ZNF765,6.421426268929033e-05
RPP14,6.419770333896027e-05
PMVK,6.418756810914767e-05
URB1,6.416907211616717e-05
GATAD2A,6.416553245552717e-05
CDC45,6.415410578103901e-05
DGCR2,6.413305849997711e-05
RRP36,6.412239431367121e-05
ZC3H15,6.407168235841661e-05
FBXO42,6.404176194139713e-05
MALL,6.402868520879192e-05
RAD51D,6.400988548124953e-05
EXOSC8,6.399793021296043e-05
PDCD6,6.398766572295938e-05
RTF1,6.397714115207153e-05
SYTL1,6.396466426813336e-05
NOP10,6.388679769051193e-05
ACOT9,6.387939083685407e-05
PROSER3,6.384832963205232e-05
AP001527.2,6.38477358098162e-05
STAM-AS1,6.38353166268072e-05
TMEM248,6.382348252634814e-05
GPR137C,6.381001960787561e-05
CUEDC2,6.380599012131995e-05
QTRT2,6.380506116925293e-05
ZNF76,6.380324900637734e-05
LYRM2,6.379047357809244e-05
NELFB,6.377438854957603e-05
MTPN,6.3750526567383e-05
NOP2,6.371271903304382e-05
TTC39C,6.371164200245769e-05
TMEM179B,6.369743166147933e-05
GUK1,6.369448873107383e-05
UTP25,6.362914271066652e-05
UXT,6.359019167178164e-05
NDUFB1,6.356353068369634e-05
C17orf49,6.354981584117547e-05
SNHG17,6.351139229702796e-05
THOC1,6.350512336298333e-05
IRF8,6.35039564343174e-05
AP000763.3,6.350152143450007e-05
NEK10,6.348605089729233e-05
FANCC,6.347241128351959e-05
WWTR1,6.34657835392056e-05
PLEKHA5,6.346130243286806e-05
AIFM2,6.344782771916574e-05
ABCD3,6.343537176542853e-05
RBM14,6.341967886208366e-05
CSTF3-DT,6.339503073681999e-05
ZNF232,6.33808441740428e-05
RNF168,6.336950452459552e-05
FKBPL,6.336244358595205e-05
COMMD4,6.335072057637488e-05
URB2,6.334048048824774e-05
DNAJC21,6.331574073954468e-05
POLH-AS1,6.330710703325954e-05
VARS,6.327995865118983e-05
NIFK,6.325242279566414e-05
POLR2L,6.324966713595903e-05
PIEZO1,6.322858195110783e-05
SMIM10L1,6.322003454588798e-05
RAB1B,6.321169364636924e-05
LRRC7,6.319872336575678e-05
PDCD2,6.319841081215208e-05
FGFRL1,6.31963428210619e-05
MCFD2,6.319562138381516e-05
POMZP3,6.319386594532891e-05
SLC10A3,6.318012173183212e-05
KLHL22,6.31535583363994e-05
RRP12,6.31112706884267e-05
ADARB1,6.310915025236886e-05
PDCL2,6.309974821097586e-05
CS,6.30803280636473e-05
TGFBR3,6.30743032219841e-05
HMGCR,6.306090582046278e-05
NECTIN1-AS1,6.305718117689142e-05
POLR3B,6.305436227095486e-05
HIKESHI,6.301539573221488e-05
SLIRP,6.298634005686342e-05
KBTBD8,6.298373321253889e-05
ADGRG1,6.296964145379484e-05
EXOSC4,6.294108340739097e-05
ZNF668,6.292296067467867e-05
ZNF678,6.29136686834391e-05
PAK1IP1,6.29011993902543e-05
GNB1,6.285430541209541e-05
GXYLT1,6.285216621122619e-05
TBP,6.281644541919334e-05
CNOT11,6.280851537694514e-05
PIK3R2,6.279751924230351e-05
SRPRA,6.279639464977628e-05
METTL2B,6.277787401999764e-05
NEDD8,6.277254760288387e-05
KBTBD7,6.276812728418451e-05
KANSL1-AS1,6.27617246563527e-05
CHROMR,6.274965464258277e-05
NIT2,6.273343261781227e-05
NIP7,6.270218674070601e-05
PRXL2A,6.266634938294788e-05
ABHD12,6.265289145170989e-05
MANEAL,6.2636057684348e-05
ARL13B,6.260843777778876e-05
ZNF121,6.25802847744525e-05
ZNF710-AS1,6.250238240823608e-05
SNX8,6.248961857451425e-05
MAP3K14,6.248356671485383e-05
RFC2,6.246831442931391e-05
TMEM241,6.24679133987397e-05
GEMIN5,6.24440460979837e-05
AP002387.2,6.243119250246698e-05
NUP62,6.241937495443711e-05
HMOX1,6.237188432854037e-05
MBLAC2,6.236221024783838e-05
RASSF10,6.233548957508931e-05
C11orf74,6.233218871896897e-05
CNPY3,6.22771713858544e-05
IARS2,6.225958857931608e-05
CASC2,6.224909940355695e-05
NOL4L,6.220766086502871e-05
WDR43,6.218595142610298e-05
GTF3C3,6.21618770531399e-05
MRPL15,6.214523214064154e-05
RND3,6.213658331184265e-05
ALG12,6.210841537489581e-05
DAND5,6.207553205166854e-05
DGUOK-AS1,6.207179625139478e-05
SELENOI,6.207075604908649e-05
AP002360.1,6.204425507154223e-05
MIR762HG,6.202014814751694e-05
MPHOSPH10,6.20141571590956e-05
SELENOT,6.200473605217686e-05
RAVER1,6.197659480707896e-05
TRMT6,6.193155855205228e-05
CEP126,6.190725016733071e-05
MRPL32,6.19021401626683e-05
RBM26-AS1,6.188035824800705e-05
DMAC2,6.186767291270575e-05
NEMP2,6.178531793223843e-05
NDUFA11,6.178503233610231e-05
TOE1,6.178274727087938e-05
HPF1,6.172059482235702e-05
NAGA,6.170000628356283e-05
PIN1,6.16953627335182e-05
EEF1AKMT1,6.167803971361033e-05
MAMDC2,6.164541195998399e-05
CEP76,6.164089284687698e-05
MLLT1,6.163175752469131e-05
TRMT61A,6.161399150457517e-05
NAIF1,6.161151172918755e-05
CCNG1,6.159686010434164e-05
CDK2AP2,6.159367382333759e-05
PDRG1,6.150803941631604e-05
MRPL41,6.150008698119914e-05
DSTN,6.147907031421272e-05
SCARB1,6.145570352117576e-05
GDI2,6.143079667915124e-05
ADCK2,6.139546403970388e-05
RNF169,6.138991288923058e-05
FOXO6,6.13859380678095e-05
RBM23,6.134590078554964e-05
EIF2A,6.1321454025534e-05
RPE,6.132054010364908e-05
CNOT7,6.131064842263425e-05
CRACR2A,6.126276655199526e-05
CD3EAP,6.122168291489239e-05
CLDN1,6.121415485960198e-05
AP000866.6,6.121406466103366e-05
MED22,6.120319216409672e-05
CFAP298,6.116679263231839e-05
APOBEC3C,6.115797905179497e-05
C8orf33,6.114508298197428e-05
MAP3K3,6.113460615237204e-05
FANCE,6.112994331681765e-05
SMIM15,6.11143849429295e-05
MCUR1,6.109704823537048e-05
ATP5ME,6.108130856294324e-05
TMX4,6.108122839692166e-05
LNPEP,6.10632447740223e-05
ZDHHC5,6.099513733118676e-05
CHTOP,6.096938858223701e-05
GNG4,6.096216461170496e-05
MAP2K1,6.0950729164402913e-05
MRPS11,6.094493537139397e-05
TDRKH-AS1,6.093982669812297e-05
NUP98,6.08870691029868e-05
LRRC41,6.086187625211388e-05
MRPS7,6.085511938381469e-05
FMNL3,6.085203573397533e-05
PTPMT1,6.083622911438264e-05
ZNF280D,6.081111734800418e-05
AP000873.2,6.077230322098267e-05
PSMB6,6.075914973462911e-05
NSL1,6.075091282846185e-05
SLC43A2,6.074211030659757e-05
DCTN3,6.073770826936179e-05
RNF138,6.072779586972233e-05
ASB6,6.070819889373697e-05
C5orf24,6.069530684603755e-05
RBIS,6.068695410361645e-05
RHBDD3,6.0686720837240654e-05
MSANTD2,6.0678004128552566e-05
UBTF,6.066309714073909e-05
DAP,6.065418601447716e-05
SMARCE1,6.064049081045906e-05
GTF3C5,6.063012609686423e-05
BRD7,6.062509726394766e-05
POLR2E,6.060429906760423e-05
UMPS,6.060265554557166e-05
C17orf58,6.0580982606245e-05
TMEM161A,6.056209833270332e-05
TMEM107,6.0524256447149925e-05
OSBP,6.0484402674502126e-05
GSDMC,6.046392249878612e-05
NRP1,6.043263952392005e-05
PSMB5,6.0418340306214174e-05
SYNCRIP,6.0406288257053146e-05
SRSF3,6.040061348998057e-05
USP24,6.038213760627109e-05
WDR27,6.037846108410208e-05
EIF3G,6.035654632253127e-05
AP001628.1,6.031898334656258e-05
BCOR,6.030601915047788e-05
ING1,6.0303919642607125e-05
KRTCAP3,6.027990677179428e-05
HRAS,6.027467665282635e-05
NINL,6.026661442908367e-05
SESTD1,6.024791477698961e-05
MRFAP1L1,6.022198819086603e-05
ACRV1,6.02017600169835e-05
SEPTIN2,6.018001898936368e-05
CHMP2A,6.0159681244680775e-05
SBK1,6.015766982496897e-05
SNRNP200,6.014840339662658e-05
MRPL48,6.0140482008221134e-05
SLC35B1,6.012917071006934e-05
SETDB2,6.012801910442832e-05
TRNT1,6.006352103812324e-05
ATP13A1,6.004631117503422e-05
NFE2L1,6.003227933744692e-05
VEZF1,6.003167113444932e-05
FAM185A,6.003072143992768e-05
ATP8B3,5.995528753798984e-05
RBM12B,5.9930454539770965e-05
ZDHHC16,5.987267774443223e-05
TMPRSS11A,5.985205796212698e-05
MRPL24,5.984036569865715e-05
GAREM2,5.981882243186264e-05
PIGW,5.9805035693453605e-05
ENDOD1,5.980101405179347e-05
ZNF704,5.978697260974428e-05
NR2C1,5.9773669941311775e-05
CBX1,5.976837390101479e-05
BRICD5,5.975342497550164e-05
RANGRF,5.9744208128189456e-05
PCGF2,5.974222928126424e-05
ERF,5.970687058354608e-05
GPR161,5.968240820302706e-05
CHCHD7,5.967201332061869e-05
SEC61G,5.967095105016059e-05
INIP,5.965680255964341e-05
PABPC4,5.964957353661841e-05
COPE,5.960313453708485e-05
CNOT6,5.958253550032025e-05
TEX264,5.95707846718378e-05
ZW10,5.949292110718183e-05
ARRB2,5.948109280204373e-05
RRP1B,5.946867167606102e-05
SUGT1,5.9461095963559255e-05
DIAPH3-AS1,5.945156488914101e-05
MORF4L2,5.9443871206745024e-05
XRN2,5.944308891128521e-05
ZNF524,5.9426493530554826e-05
MANSC1,5.94062602797202e-05
ZNF281,5.9395294157549965e-05
ALG9,5.938341939506435e-05
GTF2H5,5.9380963498596646e-05
IMMP1L,5.936352059282058e-05
TRAM2,5.933983937427482e-05
NOC2L,5.933522987016746e-05
SETD1A,5.9329025000786754e-05
PGK1,5.932367270560239e-05
CUL1,5.931997050073514e-05
RPA3,5.930390334076311e-05
PPME1,5.924323186086404e-05
TIMM23,5.9239923082351136e-05
FAM227A,5.9110855640411525e-05
MTURN,5.906468040584488e-05
PTPN18,5.9057331220978325e-05
FP700111.1,5.902897682911491e-05
RAB15,5.902212631978229e-05
EFCAB11,5.902111188178428e-05
DNTTIP2,5.899292776681633e-05
ANXA2R,5.897773332966287e-05
PFDN4,5.8957588841599936e-05
CDK11B,5.89499651046959e-05
PQBP1,5.894667961616919e-05
SLC9A6,5.894605287155832e-05
PALB2,5.8944949169454334e-05
EIF3D,5.894159995475119e-05
REEP5,5.893366123411544e-05
SH2B1,5.891350949564896e-05
ZXDC,5.890317160326343e-05
PMM2,5.888042684450041e-05
SSBP4,5.8876419635294175e-05
DIMT1,5.883489546535637e-05
SPTBN2,5.882136027355982e-05
CEP41,5.8819357542344046e-05
KATNB1,5.875727020981944e-05
PDXDC1,5.873341016900535e-05
NBPF9,5.866146504430387e-05
FAM210B,5.865800261393281e-05
CCDC6,5.86549621400466e-05
NCAPH2,5.8629676792874826e-05
NABP2,5.862858740261727e-05
CIB1,5.861488046067959e-05
GNB1L,5.861465952136157e-05
FXYD3,5.860479906782757e-05
HEXA,5.859051485987217e-05
DHX29,5.858005221564618e-05
TRPM7,5.8552357220987705e-05
ZBTB25,5.854210738291708e-05
SMC5,5.853927069877784e-05
CLOCK,5.8537020254522105e-05
GIPC2,5.852745866909911e-05
UTP14A,5.847595948374978e-05
SNRNP40,5.846036680478511e-05
TRA2B,5.844298223102183e-05
SGPL1,5.843429915729388e-05
THRAP3,5.84302911736842e-05
RBM41,5.84292478536336e-05
BRD3,5.841290914449391e-05
SPATS2,5.8391231936797456e-05
AP002433.2,5.838838631030115e-05
PPP5C,5.838727543203782e-05
LRIG1,5.8383278982036704e-05
CREG1,5.837655818572956e-05
ATXN10,5.8376276703172526e-05
THAP7-AS1,5.83716913112544e-05
SRGAP1,5.836543603444292e-05
EMG1,5.83463463588356e-05
LAGE3,5.833613763316613e-05
ACVR1B,5.829987827612447e-05
SYS1,5.82937854132782e-05
CBY1,5.828672770864467e-05
NOL6,5.827909613243334e-05
CD320,5.82587068761665e-05
SIRPA,5.824756997842396e-05
EXOSC5,5.8232192607709e-05
AGK,5.822556095851679e-05
ITPRIP,5.821924714762052e-05
GABPB1-IT1,5.819149183445747e-05
PRPF38A,5.814781523230746e-05
ACTR3C,5.813622834760408e-05
SPG7,5.813111934071016e-05
E2F3-IT1,5.812063264002059e-05
CDKN1B,5.80759517365516e-05
SH3YL1,5.80725143271356e-05
C1orf43,5.806113029553338e-05
IL1RL2,5.80151552543823e-05
IPO4,5.800776445922276e-05
ISY1,5.799537695680584e-05
NUP58,5.7936059642229946e-05
SCAT2,5.790965938513256e-05
NDUFAB1,5.789573626403348e-05
LGR4,5.788774097522465e-05
UBXN1,5.787571185555873e-05
SOAT2,5.784779434727608e-05
KRI1,5.783826481992273e-05
NFRKB,5.777631273704536e-05
SLC35G1,5.774323052488051e-05
TMEM104,5.75842289044451e-05
GSTCD,5.756079993950854e-05
PAXIP1,5.755542487705652e-05
NAA25,5.753858703121351e-05
HARS,5.75215077146602e-05
TMEM53,5.751163747932633e-05
DPY30,5.746982207554885e-05
NOP16,5.745814865038114e-05
FURIN,5.7455861507792416e-05
TTLL7,5.7447919022105616e-05
NME4,5.741661748717722e-05
WTAP,5.7373611467949294e-05
MRPL14,5.735207870817409e-05
CHCHD3,5.734345311618812e-05
PLAAT4,5.731047307129285e-05
NT5C3A,5.7299105934241e-05
SELENOW,5.72871203147584e-05
CD8B2,5.727006421878884e-05
SIK3,5.726195376476764e-05
FAM216A,5.725814257843176e-05
ASAP1-IT2,5.723565517766174e-05
EPB41L4A-AS1,5.723439214988045e-05
MRPL27,5.720663756390554e-05
ZNF652,5.716117463540383e-05
KPNA1,5.716037717549096e-05
AIDA,5.714630103356831e-05
SAPCD1,5.714370686259e-05
NUP50-DT,5.713399709970002e-05
LYAR,5.712768924118582e-05
DISP3,5.710960568994781e-05
DICER1,5.70614744376726e-05
BAG5,5.705988534512905e-05
PAFAH1B2,5.705339394046657e-05
STARD3,5.703957573781878e-05
LAMC2,5.69914810750572e-05
SORBS1,5.699018890883006e-05
DCAF16,5.697615223747262e-05
ABCE1,5.695618248264882e-05
KDSR,5.689386871976101e-05
ALG5,5.688616961483062e-05
FAM98B,5.687462625373812e-05
ADGRG5,5.683813397025377e-05
P4HA2-AS1,5.681802517476887e-05
SLC39A9,5.679796563433564e-05
ARHGEF38,5.679354942525935e-05
NOL10,5.679069018046456e-05
UBAC2-AS1,5.676317455513785e-05
GOPC,5.675179290747947e-05
MRPL58,5.673870170213346e-05
LARP1B,5.6735807481033554e-05
TRAF7,5.673286069862307e-05
SDC4,5.6691514033064754e-05
MFSD12,5.6677345410369374e-05
KCNV2,5.666835220419964e-05
PYGO2,5.6648305421345296e-05
PSME2,5.663586615660486e-05
PCBP1,5.661100459551141e-05
CEBPZ,5.658845515807951e-05
FAM76B,5.6566948321012e-05
TMEM126B,5.655536849288837e-05
ZBED8,5.648298695786541e-05
CRIP1,5.646912462584921e-05
NDOR1,5.645540293573095e-05
AP4E1,5.643751152835285e-05
TMEM101,5.6421505321604406e-05
LRRC34,5.640522764821713e-05
EXOSC3,5.640323518926526e-05
AK1,5.639872241467437e-05
ZNF18,5.636593597586405e-05
ST3GAL2,5.635008117267106e-05
PSMB1,5.6335772788185225e-05
GUCD1,5.630008412117677e-05
EDRF1-DT,5.626347119286373e-05
AGO2,5.624853149754321e-05
UBE2N,5.6247660530046565e-05
IKBKE,5.624482190480028e-05
RPRD1A,5.6241465289443583e-05
CHD4,5.6241370714694144e-05
GON7,5.623380453506063e-05
SENP1,5.623225533632684e-05
SCML2,5.621728370350141e-05
CERKL,5.61808849207355e-05
NUFIP2,5.6160960272956845e-05
LAD1,5.615421062633861e-05
GABARAP,5.61212695754764e-05
NSMCE3,5.612103536827096e-05
AOC1,5.6104392598140064e-05
TGFB1,5.6100827022083854e-05
SLC20A1,5.609051607959582e-05
OTUD7A,5.6079692925351e-05
HNRNPA1P48,5.607661060387119e-05
ZSWIM5,5.606986019622092e-05
DROSHA,5.605631123146913e-05
FAF2,5.605627788053846e-05
KLRB1,5.603772354215964e-05
ZNF446,5.603702325587795e-05
ZBTB2,5.601697208609278e-05
SLFNL1-AS1,5.6010992070699205e-05
SELENOK,5.6009864422967714e-05
TLCD3B,5.599296054096061e-05
ZNF750,5.598512924515045e-05
RAD17,5.594026013095856e-05
NUP188,5.593424257085527e-05
RRN3,5.590928402582723e-05
IFFO2,5.588555365571198e-05
ZNF283,5.588142263573104e-05
GALNT12,5.585057807820699e-05
MED4,5.584397314505994e-05
SMG9,5.583945326148812e-05
RAP2A,5.582140666099827e-05
ANAPC7,5.581658788204976e-05
PIGM,5.580953952576374e-05
TMEM33,5.577146613108651e-05
HIST2H2AC,5.5757531318764926e-05
PARP1,5.571937652630471e-05
ZMYM3,5.571077615804619e-05
FAM24B,5.57072565822035e-05
PSMG4,5.566748365116079e-05
ISG15,5.562964841840801e-05
ZNF592,5.562132076648585e-05
TMEM218,5.5602695867208176e-05
RMI1,5.559165460453169e-05
VDAC3,5.556339634622328e-05
MTBP,5.5543392148870525e-05
ZMYND10,5.554034944840225e-05
BTF3L4,5.55357719336274e-05
INSIG1,5.553220401187832e-05
GNPNAT1,5.551993044804684e-05
ZC2HC1C,5.550206085096764e-05
LLPH-DT,5.549406341306645e-05
C19orf57,5.54638234270679e-05
COQ5,5.545642861597525e-05
YKT6,5.544253076001985e-05
KLHDC3,5.543617086677318e-05
DOHH,5.5422105137720537e-05
ACD,5.536155376032216e-05
KHDC1,5.53500955799638e-05
MPC2,5.532948769774087e-05
CCDC57,5.531431928928622e-05
WDR35,5.530236150089288e-05
ARRDC1-AS1,5.52970821404164e-05
TPP2,5.528839308640581e-05
UACA,5.5283779532845866e-05
ADPGK,5.522998796417077e-05
EDF1,5.52249900332461e-05
RPP30,5.520706727012052e-05
MMP15,5.518183234473295e-05
PCSK6,5.5180228689730005e-05
ZNF584,5.518015862350728e-05
CLDND2,5.51455287426997e-05
CTU2,5.51209366193683e-05
NDUFB7,5.508234521260468e-05
OARD1,5.507954178082654e-05
SNAPC5,5.506891437179793e-05
C2orf81,5.5065367876454656e-05
ZNF573,5.506217504917327e-05
SUPT4H1,5.501946265556999e-05
RBM4B,5.501883680560692e-05
BLOC1S1,5.497376260005162e-05
AASDHPPT,5.4910085304072014e-05
NBPF26,5.489776106130802e-05
KCNE3,5.489399496993612e-05
ERCC6L2,5.4878311350569525e-05
ANAPC13,5.485698862727079e-05
UBIAD1,5.484948066591278e-05
ASPN,5.483662649379395e-05
DHX57,5.483005720683301e-05
TATDN1,5.482812457158853e-05
ANXA13,5.476544439654186e-05
LRTOMT,5.473856730889016e-05
GVQW2,5.473267359522637e-05
MPHOSPH6,5.472749871447926e-05
PDE12,5.472384613620666e-05
TCTN2,5.470078945561077e-05
IFT88,5.469818831855898e-05
EPM2A,5.467267623434124e-05
MARCKSL1,5.467236216446866e-05
APPL1,5.465373138166505e-05
C7orf25,5.46492546125097e-05
AARS2,5.46258019333534e-05
CTSZ,5.462337410864442e-05
C14orf178,5.457782420745221e-05
TOP1MT,5.45450300259113e-05
ZC3H7B,5.452031632871473e-05
HSPB1,5.451316974107284e-05
MRPS12,5.4498978998142535e-05
TM2D3,5.4492349564330674e-05
PPM1D,5.448544510656575e-05
PWWP2A,5.447782148002047e-05
VWA1,5.4467025867517504e-05
FUT11,5.444749055830482e-05
GPN3,5.444481426831268e-05
METTL21A,5.442234736146469e-05
KIF19,5.441626332606632e-05
E2F4,5.441139966296236e-05
REX1BD,5.437958860658691e-05
PPIL1,5.43771930514862e-05
TMEM209,5.437391658979211e-05
KLHL25,5.437201005238296e-05
MGA,5.435894826809726e-05
SDR39U1,5.4355772038644925e-05
MORF4L1,5.435113284316958e-05
SYF2,5.434201327050109e-05
MIS12,5.431524939440614e-05
DEGS1,5.430519579081063e-05
TLNRD1,5.419636836510215e-05
TCTN1,5.41760653138347e-05
NSUN5,5.415656524661952e-05
PRKAR2A,5.415430483855967e-05
VCL,5.413556358091383e-05
NUP43,5.41278956092612e-05
SPTSSA,5.408094454928335e-05
SF3B6,5.407223288463185e-05
NDUFC1,5.406967973478087e-05
CNTLN,5.406506612431113e-05
GAR1,5.405864065417786e-05
SRSF9,5.405697956281247e-05
TRAPPC3,5.403671784226963e-05
CYP2B6,5.40236935344424e-05
PSMD12,5.397783938621138e-05
HSPBP1,5.394919074147593e-05
ZNF749,5.389459224641206e-05
ETV4,5.385125461371223e-05
CYB561A3,5.384445835206076e-05
TAF10,5.3819680171142615e-05
DAZAP1,5.379902063703273e-05
KIF9,5.376506479667489e-05
DCAF10,5.371391325393203e-05
RSRC1,5.370528210661892e-05
ADAL,5.368996615119164e-05
TMEM11,5.368288144706735e-05
MRPS31,5.3661973638870245e-05
ZDHHC3,5.365880834961605e-05
OGFRP1,5.364731244146023e-05
AEBP2,5.364346866012463e-05
PCNX3,5.359449939632032e-05
PTPRA,5.354306243174732e-05
ZNF507,5.3536854236989166e-05
PIGT,5.3508864061875466e-05
BRD2,5.3501808678734174e-05
ANKDD1A,5.3493466960304365e-05
BANP,5.34889633500372e-05
ERVMER34-1,5.34361034897316e-05
LIMK1,5.3413037905889e-05
THAP10,5.340461529665249e-05
NAA40,5.339088332653093e-05
SAMD10,5.338401507861382e-05
RCOR2,5.3382603185749705e-05
OCRL,5.33778542930191e-05
BID,5.336944989176193e-05
NEK4,5.336874045459007e-05
TRIAP1,5.336190786159773e-05
SIN3A,5.3347311823384926e-05
ADAMTS20,5.3331753164548965e-05
ST14,5.333130907917814e-05
TCTEX1D2,5.327928169718629e-05
SYCE1L,5.3253681934143e-05
IGDCC4,5.323966490911504e-05
CDKN2C,5.322683775603193e-05
EID2,5.321379612271045e-05
CWC27,5.319943971096395e-05
REPIN1,5.318386604343885e-05
PUF60,5.318223278024872e-05
FTSJ3,5.316606575981638e-05
CNOT10,5.315800656068312e-05
SDHAF4,5.313717743296912e-05
TMX3,5.312093645847191e-05
RBM10,5.311881785353902e-05
MAPK12,5.311881300265673e-05
LRTM1,5.311041596672318e-05
POM121,5.307465884209214e-05
PALM,5.3008834044770685e-05
NRF1,5.298924598599544e-05
KNOP1,5.2952436728788784e-05
BSCL2,5.294769529020955e-05
PCGF1,5.294049873917558e-05
SLC4A2,5.2926854624845326e-05
FOXD2-AS1,5.29204326632928e-05
HCFC1R1,5.29167589045608e-05
RGS14,5.289014973099089e-05
KAZALD1,5.288730881035547e-05
GHITM,5.285523203503852e-05
ARL4A,5.284835753357431e-05
ZNF239,5.284816633189315e-05
STPG1,5.273124044962924e-05
ELOF1,5.273086340586265e-05
CROT,5.2703556813863457e-05
BZW1,5.269658396847077e-05
PPP1R3E,5.269632420274394e-05
ISCA2,5.2691194390772455e-05
CSRNP3,5.268072073831169e-05
SLC31A1,5.267806006669448e-05
NOA1,5.258173875779831e-05
MRPL30,5.257418801030379e-05
MCL1,5.256180827988348e-05
BTBD11,5.254492035027416e-05
PLCL2,5.253542893633792e-05
ZNF106,5.253244835320505e-05
SLC25A14,5.251320555296409e-05
NUP214,5.250887538125889e-05
AP001372.1,5.24915648829338e-05
PRXL2C,5.244765650867233e-05
NRSN2,5.241626530180835e-05
ILVBL,5.241581863529633e-05
C6orf226,5.241195849610045e-05
CA5B,5.240985369186842e-05
TMEM102,5.240601656150801e-05
ADSL,5.236138897280497e-05
TLE3,5.235938208616963e-05
CENPT,5.233699166621026e-05
ZDHHC24,5.233478348162516e-05
TMEM35B,5.232526653071908e-05
SUMO1,5.231642886652164e-05
UBALD2,5.230854759321002e-05
CHCHD6,5.229534789071104e-05
AP001033.1,5.228868817199384e-05
MIEN1,5.228781636440213e-05
MRPL21,5.228304846485194e-05
UPF2,5.228199038400427e-05
BMPR1A,5.225766653370042e-05
POLR3F,5.2257148112807525e-05
ZNF90,5.2245075824737546e-05
RNF114,5.2238271226470384e-05
RIOK2,5.2230331274967954e-05
FLNA,5.2225211517820046e-05
LRRC57,5.221709991862467e-05
MTSS2,5.220662006517655e-05
SOX4,5.2191747529009805e-05
ORC2,5.21867763013807e-05
ADGRB2,5.217284305868284e-05
BOD1,5.2169989069051854e-05
MGAT4D,5.215055036734634e-05
BUD23,5.21046590685712e-05
STUB1,5.209724917155e-05
AIFM1,5.209716264807485e-05
C12orf73,5.209623134639588e-05
CD14,5.209363526778929e-05
PET117,5.2061976836434287e-05
CTPS2,5.205319566645806e-05
NRSN2-AS1,5.204206166889425e-05
FDXACB1,5.2040766069488345e-05
ALDH18A1,5.202325406427227e-05
FBXW9,5.202290923139734e-05
WDR83OS,5.201100861634483e-05
TRIM59,5.200650330605141e-05
PAAF1,5.196725724770282e-05
NRDC,5.196338189102657e-05
LSM12,5.193122798473932e-05
RDX,5.192930847523575e-05
FZD3,5.1911474134204e-05
SELENOF,5.184941121336439e-05
CXorf40A,5.180202622104345e-05
SEC22C,5.17891342484184e-05
CIB2,5.178392336167849e-05
OSGEPL1,5.1704420144659465e-05
ZNF622,5.169705730580008e-05
DUSP10,5.166626219187524e-05
EIF4G1,5.165243621101389e-05
HIST3H2A,5.163333348840665e-05
KAT2A,5.16330147385446e-05
REXO4,5.162791850814967e-05
EMC6,5.162174678604409e-05
MIR222HG,5.1619269073428376e-05
ATL3,5.159347596165713e-05
UBE3A,5.158497190825783e-05
HNRNPC,5.158213405722227e-05
ATL2,5.1576996499134615e-05
F11R,5.157143984402179e-05
LRRC61,5.156933277170308e-05
SPIN4,5.1530843576373424e-05
CSNK1G1,5.153005238552581e-05
NUBP1,5.152225561526018e-05
C12orf45,5.150911611680558e-05
DDOST,5.150760660355693e-05
GAS2,5.149780478512804e-05
CNPY2,5.147468967686655e-05
DDX18,5.14632689601597e-05
DNAAF2,5.14551403498204e-05
EFCAB7,5.1433617140397e-05
PRRC2B,5.14267541590301e-05
HSF2,5.141311599158544e-05
PDPR,5.1388432865573216e-05
USP42,5.138610293108342e-05
RPAP1,5.1384268731762417e-05
TMEM38B,5.135464852220103e-05
HCN3,5.132993275914974e-05
ARL17A,5.131974037049885e-05
ST7-OT4,5.131553198754464e-05
PIP4K2B,5.13068628567752e-05
HSD17B12,5.129718711589032e-05
COA6,5.128671610748242e-05
NT5E,5.127028190400692e-05
TTC19,5.126949474728456e-05
C17orf100,5.125898416891641e-05
NAA16,5.12568185034961e-05
KIAA1841,5.12397240690348e-05
TXNL4A,5.12269702977497e-05
PCMTD2,5.121183594325765e-05
SPATA21,5.119275270148263e-05
ACOT2,5.116729181425048e-05
GNG5,5.114787298378e-05
DOT1L,5.113248444399084e-05
TARS2,5.11157197399152e-05
TM4SF19-AS1,5.111436820137832e-05
LSM6,5.1105688246546254e-05
LY6E-DT,5.10817174723555e-05
DCTD,5.108005961394236e-05
ZNF10,5.103464145201871e-05
WNT3,5.103302229992813e-05
PLXNA1,5.102118141670149e-05
DYM,5.099453005625318e-05
TMEM18,5.095678228910701e-05
DSP,5.0955662357892433e-05
MGST1,5.090493567102802e-05
WDR4,5.090450364829284e-05
AP1B1,5.080616059984375e-05
PISD,5.07922472466483e-05
SHPRH,5.0785667755467344e-05
FAM98A,5.0770467316648015e-05
MTRR,5.076538340969284e-05
ERVK3-1,5.075081166385447e-05
RSL24D1,5.0743730648767216e-05
ZNF891,5.072033919471256e-05
SEC23B,5.0701328268938726e-05
LCA5L,5.0697563155488936e-05
MTX2,5.0694151739904224e-05
APIP,5.0668740590319386e-05
GNB2,5.065336113480806e-05
ABCF1,5.063592014838627e-05
CLPP,5.0624530435823576e-05
POLR2G,5.060534778175107e-05
INTS14,5.058051923422141e-05
SLC43A1,5.0528882626945504e-05
AP005717.2,5.05217239223031e-05
AIF1L,5.051807504014767e-05
COQ2,5.048694840978763e-05
NUDT19,5.048573147807721e-05
DPH6,5.045135209375951e-05
PDP2,5.044885916646763e-05
TSPAN2,5.042397612261332e-05
CABLES1,5.036392430945464e-05
HSPA1B,5.035540738057099e-05
SGF29,5.035522149612598e-05
CHAF1A,5.034029357541477e-05
SRD5A1,5.033748944788258e-05
BCAS2,5.032396317802952e-05
WDR34,5.032353766972728e-05
ZNF324B,5.0288542142382376e-05
JADE1,5.02798700771076e-05
NBN,5.027182164943029e-05
MIS18A,5.02659326894371e-05
RPP25L,5.024260685166456e-05
BAG6,5.0240130778009854e-05
LYNX1,5.019453865908399e-05
SPA17,5.018638059377637e-05
PNKP,5.0172103361298375e-05
DNAJC30,5.0107197337961e-05
ZNF273,5.01013940988084e-05
MRPL38,4.998039263962739e-05
THOC6,4.9977189898004994e-05
SRF,4.9962670957769495e-05
MTRF1,4.994535740387158e-05
NDUFAF4,4.994467085893814e-05
DGUOK,4.988521550849019e-05
PCDHB14,4.98817946565738e-05
U2AF2,4.987775532012878e-05
NEK9,4.984136437977056e-05
ORC5,4.982909648185387e-05
ADSS,4.980889854562986e-05
RUSC2,4.9796304321741806e-05
EIF1,4.9753679832217786e-05
ZBTB14,4.974906907723676e-05
CD151,4.969367243363643e-05
GSTO2,4.968222908398432e-05
PYCR2,4.9678780674987946e-05
NFE4,4.96642266003286e-05
TRAPPC4,4.9589885729790574e-05
POLR2D,4.95762012008752e-05
ZFP62,4.956506772904696e-05
PARG,4.954589708545526e-05
KIAA0100,4.953714169642574e-05
AVEN,4.952785461570656e-05
CMC4,4.951439330067287e-05
C20orf96,4.948878201364316e-05
ZNF576,4.948315709311232e-05
CWC22,4.944953028905219e-05
DBNDD2,4.939656473650949e-05
PLEKHG4,4.938330528584443e-05
SFT2D3,4.937801661460501e-05
B9D1,4.936759804708176e-05
METTL26,4.936209744152523e-05
UCHL3,4.934612564479279e-05
SLC12A8,4.933802619727266e-05
PCM1,4.933761599226446e-05
PLAAT5,4.929463738871012e-05
GPR4,4.929020945250479e-05
USP7,4.924666683867912e-05
TMEM191C,4.92341272789088e-05
NR2C2,4.923330078794449e-05
SETD3,4.923108825981636e-05
EMC1-AS1,4.921201902126563e-05
GORASP2,4.920789578868503e-05
JMJD4,4.915509467617214e-05
ACTR1B,4.915019017489293e-05
MTHFD2,4.914215121519949e-05
SINHCAF,4.913817112554401e-05
HNRNPM,4.913229166591438e-05
TAF6,4.9131209696118415e-05
FAAP24,4.909862696644791e-05
BBS1,4.907395788328569e-05
ARV1,4.905935610388546e-05
APEX1,4.9049223284997856e-05
PLAAT3,4.904449115656262e-05
RTRAF,4.901628069704068e-05
LCOR,4.900216825595364e-05
MRPL46,4.899617717509993e-05
RAB3IP,4.898438223762345e-05
TBCB,4.898260466948974e-05
SYT1,4.897643981817584e-05
SPAG5,4.894719129026663e-05
PIGS,4.89118479702287e-05
PTOV1-AS2,4.890476588875229e-05
UQCRC1,4.8900277707793904e-05
WARS2,4.889866392529373e-05
FAM104B,4.889738506801344e-05
POLR1D,4.887642966231048e-05
TMEM54,4.887245752666324e-05
ITPKA,4.884208096493396e-05
FAM234A,4.882239477837619e-05
KLHL12,4.881069651646169e-05
PIP4P2,4.880409991370226e-05
ATF4,4.876866398121429e-05
CYB5D1,4.8748575628767e-05
SLC12A2,4.871455953833993e-05
C9orf43,4.867612292218874e-05
EIF5AL1,4.867440536118551e-05
ARF6,4.866140026966618e-05
PNMA2,4.866018392287812e-05
TRAPPC2L,4.865528005187477e-05
CBX8,4.865023067928084e-05
FAAP20,4.863972356488876e-05
SNHG11,4.863364025902146e-05
VPS4A,4.859407813437874e-05
WFDC2,4.85799632518839e-05
MOSMO,4.856978699082297e-05
WDCP,4.854348534018546e-05
POU2F1,4.853038291007585e-05
EFHC2,4.8491942976392826e-05
SDC3,4.849002398360442e-05
VPS35,4.847606606188811e-05
HNRNPL,4.847047609488435e-05
POP4,4.847032064836394e-05
EDRF1,4.842637148958949e-05
ABI2,4.842218552007269e-05
KCTD6,4.841441911269856e-05
HSPA4,4.841272391814579e-05
TIMMDC1,4.838484161976843e-05
MEGF6,4.838389660130128e-05
DERL1,4.8381524311453184e-05
PHACTR2,4.834154926910569e-05
PSMD10,4.8325483800486566e-05
GPC1,4.8308848098282566e-05
CTSB,4.830665111200547e-05
IGSF23,4.829814713678991e-05
CSNK1G2,4.8293448102421895e-05
ANKRD13B,4.828674481889822e-05
NOL11,4.821341295135878e-05
HOXC8,4.820704435869982e-05
TM2D2,4.817436946405732e-05
PRMT6,4.813493751977729e-05
XRRA1,4.813195213141567e-05
MT1M,4.812073967916616e-05
TOMM70,4.811907595234662e-05
ATRIP,4.809271870855664e-05
ITGA2B,4.808392148476932e-05
NEMP1,4.803694544000324e-05
EIF3L,4.8011892016363e-05
PPP1R8,4.796509524530884e-05
ZNF24,4.796263234629799e-05
APCDD1L,4.795467789970288e-05
ZNF180,4.795039115306094e-05
ARMC5,4.794103537692464e-05
MRPS30,4.793381725776959e-05
ALG1L9P,4.790989028989416e-05
EXOSC1,4.788622222571558e-05
PPP6R3,4.787939901856354e-05
PAF1,4.7879258889367545e-05
Z82217.1,4.784341165914607e-05
UVRAG,4.782886281067615e-05
DHX33,4.780551971212383e-05
SOGA1,4.7796600387602645e-05
CEBPZOS,4.7779488149147655e-05
INTS11,4.775311730830922e-05
ENSA,4.773566568707905e-05
ALKBH8,4.773531004498783e-05
NAPB,4.769971818210905e-05
CNIH1,4.7690156452788176e-05
DENND4B,4.768302842272522e-05
ZNF670,4.768152001637714e-05
MBTPS2,4.765829026873029e-05
SARS2,4.765758214690362e-05
MYC,4.764558071103552e-05
ZFHX4-AS1,4.762372603713881e-05
PSMD7,4.761857973248106e-05
NAALADL1,4.760516037287697e-05
KAT7,4.754415204461488e-05
ARMC6,4.754297018843308e-05
TLCD1,4.754085488615828e-05
ADPRHL2,4.752323576868586e-05
POLR3C,4.749422157337128e-05
SLC46A3,4.749173487715161e-05
RNF227,4.747723047923768e-05
FGFBP3,4.746729444094227e-05
ZNF32,4.7466573665524944e-05
PSMD9,4.746562397942848e-05
SOCS7,4.74575889640522e-05
SLC41A3,4.7438649924317945e-05
MRFAP1,4.74325137676866e-05
EFCAB2,4.742628053256916e-05
HMGN3,4.7414444184511015e-05
WRNIP1,4.737509828013819e-05
CALU,4.735092895635282e-05
SCRIB,4.733378168147298e-05
LSR,4.731927455623162e-05
SNORC,4.7301538398528695e-05
DFFA,4.728663885950175e-05
TIMM22,4.7286351857257815e-05
MCM7,4.728265841413195e-05
EXO5,4.722997173174517e-05
RIBC1,4.722905951426484e-05
SGTA,4.721685548569457e-05
ELOVL1,4.718773709871694e-05
EIF3C,4.717014634676401e-05
SSR1,4.716045532813308e-05
PSAT1,4.714582998459116e-05
HHLA3,4.712921410840872e-05
TBC1D30,4.710181923853489e-05
TOR2A,4.709617887922527e-05
DCAF17,4.707832712244807e-05
NUDT2,4.706151637614918e-05
MTREX,4.700100085434902e-05
DUSP23,4.6995866280628726e-05
CFDP1,4.699335675006452e-05
DNAJC2,4.698872899839476e-05
SMCO4,4.6973414040465405e-05
ARSK,4.693263850288021e-05
SAAL1,4.692784959927966e-05
SORD,4.692354303223464e-05
HSF1,4.687669211949458e-05
CYB5B,4.687079463704141e-05
DRAP1,4.683674281447405e-05
RBM38,4.67946429231798e-05
MSL1,4.674231232096896e-05
PCGF6,4.673541628355368e-05
LCK,4.6730566179456e-05
ZBTB24,4.673014589194557e-05
FMNL2,4.670727610978397e-05
LTBR,4.669392991681282e-05
HDAC8,4.6681793053988686e-05
CCM2,4.668087563232448e-05
KIF27,4.667001734441392e-05
CEBPB,4.666730189075762e-05
ADORA1,4.666561727266805e-05
ACOT1,4.664124923205007e-05
ADO,4.662077849452847e-05
TP53BP1,4.661895583377812e-05
NDUFB10,4.659941616604422e-05
TBL2,4.6584365549992165e-05
ZBED5,4.658077391268535e-05
TAP2,4.657436989576789e-05
NIPBL-DT,4.6565150881291726e-05
PRDM11,4.6512751639623214e-05
TCF12,4.648564640300053e-05
PLEKHJ1,4.648096842481819e-05
ADCY7,4.647333549001397e-05
FLVCR1-DT,4.645371584113243e-05
HOMER1,4.6449236474127954e-05
TSPYL1,4.6434548232152014e-05
NET1,4.642209139905123e-05
MATN4,4.640887204431687e-05
UPF1,4.6403699092275066e-05
AKIP1,4.639911247686123e-05
TP53I11,4.638513234657403e-05
ZFP69B,4.63692673031085e-05
TPRN,4.635643191582093e-05
EEF1AKNMT,4.629723263143616e-05
OTUD6B,4.628440076552362e-05
LTBP1,4.625153342134537e-05
BCR,4.624067664908173e-05
ISOC1,4.622217745897597e-05
CAV3,4.620353641407958e-05
Z95331.1,4.619282194686471e-05
ZNF75A,4.618709935822992e-05
MPND,4.618549871406472e-05
YY2,4.618002359914007e-05
ZNF567,4.613565664078133e-05
FO393418.1,4.61345419856492e-05
AOPEP,4.611402696782916e-05
SIGLEC10,4.610824067479287e-05
WNT5B,4.6105456145099645e-05
PEX12,4.608383971726145e-05
HDDC3,4.606048591305891e-05
ASH1L-AS1,4.604051669062841e-05
SLC25A40,4.6038139110966136e-05
EPHB4,4.603695423225573e-05
IVD,4.6030455697946986e-05
TOX2,4.602740345501742e-05
TCTN3,4.600804182155444e-05
RIOX1,4.592676318275371e-05
SART1,4.591934410266368e-05
FASTKD3,4.588378937863459e-05
PREB,4.588113164434459e-05
PITPNB,4.58791482656776e-05
KRR1,4.5871116501145416e-05
EIF5A2,4.586554218559841e-05
CTU1,4.5863643108298566e-05
UTP15,4.585936465406431e-05
HENMT1,4.585130624150037e-05
NOXA1,4.582830483399046e-05
CDH24,4.582148662290718e-05
PPP1R10,4.579686994233456e-05
LMF2,4.578672561410069e-05
NPEPL1,4.574979765973146e-05
MAP7,4.572859998378091e-05
KAT8,4.571736059132175e-05
MED19,4.571398285681104e-05
MAK16,4.567870218567211e-05
SMG5,4.566441963794656e-05
TTC28-AS1,4.565768576242234e-05
EMC10,4.561619699930799e-05
NELFE,4.561308545906501e-05
DDX59,4.561284936944e-05
SLC25A16,4.559379490703961e-05
KDM4D,4.559306238425254e-05
ZNF883,4.5575601634009664e-05
SULT1A1,4.557346554610708e-05
KDM2B,4.556619069015174e-05
MMACHC,4.556337581524069e-05
SEPTIN11,4.553297220348145e-05
FOXQ1,4.550025064785395e-05
PPP1R35,4.549689399173817e-05
KCTD17,4.548839927600923e-05
GRHPR,4.5477087297248266e-05
DUS4L,4.546779740866479e-05
CDC40,4.54603397054926e-05
TXNDC9,4.541392330625616e-05
NR2F6,4.5409652187715554e-05
CLCN7,4.5390198070105074e-05
CCDC25,4.536810678794896e-05
MRPL35,4.535890222635319e-05
PALLD,4.535297368563128e-05
C15orf39,4.53190425123543e-05
UBL4A,4.531680397109276e-05
RTN4RL2,4.531026612744707e-05
CASC3,4.527483980162649e-05
ZNF497,4.527363177625332e-05
SCCPDH,4.5246426365587686e-05
EEA1,4.524581968807486e-05
TTC21B,4.522804208631924e-05
SLC25A28,4.521527592658565e-05
PIGQ,4.521265499272536e-05
CDC37,4.5211367007002965e-05
PMPCA,4.5206114504553456e-05
SESN3,4.5182574357200223e-05
GPRIN1,4.5181352051514846e-05
TRMT11,4.516953594128572e-05
EIF3K,4.516073296597472e-05
IQGAP1,4.514887324282902e-05
NIPSNAP1,4.514160040909739e-05
C19orf47,4.511804993973253e-05
SRGAP2-AS1,4.511522759772964e-05
MARVELD1,4.511364340811145e-05
BDH1,4.508391493716468e-05
SLC35A2,4.506997822533248e-05
C18orf63,4.506722188250628e-05
CASD1,4.506719771832117e-05
BAD,4.5025916719598286e-05
CCDC77,4.501035113102431e-05
EML4,4.49847681751235e-05
GSTT2B,4.490489810141391e-05
NFYC,4.489386048585096e-05
NME6,4.488864576325562e-05
ISOC2,4.488070586275603e-05
WDR31,4.486643423599568e-05
R3HCC1,4.485225678345271e-05
YRDC,4.4850222739380365e-05
MMS19,4.484884721677611e-05
MED1,4.484326402325845e-05
PDE8B,4.481574825976143e-05
CUZD1,4.477525026762094e-05
TRIM66,4.4742880558196616e-05
ZNF440,4.473997966909085e-05
KRIT1,4.473658001181375e-05
APOO,4.473248727578815e-05
SUMO3,4.4721595548856535e-05
CRELD2,4.471824645770288e-05
C7orf26,4.470512424332423e-05
TMEM126A,4.470506328515914e-05
RNGTT,4.4691775215286274e-05
PRKCA,4.468313063696952e-05
TYW1B,4.465729458296658e-05
PRUNE1,4.4656371730105255e-05
AQP11,4.465523425470569e-05
ARHGAP33,4.463176903798399e-05
LTV1,4.462845355129377e-05
KAZN,4.461168463032639e-05
CYP27B1,4.460591463300241e-05
GNAZ,4.4593425466881525e-05
KMT2A,4.457651487702779e-05
FAM20B,4.457636024998301e-05
TWSG1,4.45139335200524e-05
PRPF38B,4.449085279403116e-05
PRADC1,4.448977812010472e-05
FAAH,4.448791309214997e-05
MOCOS,4.448555903077488e-05
MYH9,4.448189530159792e-05
ENY2,4.446738518489131e-05
UNC45A,4.443745918560644e-05
TMEM254,4.4418942201209855e-05
IQANK1,4.441783635889603e-05
RHEBL1,4.437310623412281e-05
HLA-DOB,4.436945221007244e-05
MGAT4B,4.43636205337243e-05
MUTYH,4.436123683020058e-05
LMBRD2,4.43571148583142e-05
PRRT3,4.4349340538664194e-05
ARHGAP44,4.433623981394092e-05
ARHGEF19,4.43320254389496e-05
TEAD3,4.432916306087543e-05
AP3M1,4.432267117078702e-05
CADPS,4.43094452568644e-05
ABCB10,4.430523329534988e-05
PRPF8,4.429736652168877e-05
CDKL1,4.425830935304505e-05
GTF2H2,4.425329548356048e-05
UBE2V2,4.425202975396224e-05
GPR89B,4.424624632235595e-05
BAG3,4.424278634381144e-05
LENG1,4.4240473250567766e-05
MANBAL,4.423816865695055e-05
TTLL2,4.423754895094755e-05
NEU1,4.422122096970243e-05
SH3RF2,4.419677892267536e-05
BX004807.1,4.4118490703769285e-05
MCTP2,4.411766273831018e-05
HMG20B,4.411709907068086e-05
NPFFR1,4.411558850831156e-05
SMC2-AS1,4.411361476371894e-05
BBS7,4.410914661279911e-05
HSD3B7,4.410816078803655e-05
ARF4-AS1,4.410601050610774e-05
CCNQ,4.408398580747274e-05
CCDC148,4.406394182194139e-05
CPNE1,4.405740114401748e-05
PCNT,4.404608236843911e-05
HIST1H1D,4.4044072020548935e-05
PTPN14,4.403434336549033e-05
PPP2R2D,4.401939107919573e-05
THBS4,4.401686450846073e-05
MDH1B,4.401350073585001e-05
PSMD5,4.4005940399208445e-05
HSD17B8,4.39881290121619e-05
CABIN1,4.397909435431778e-05
CREBL2,4.395816464482277e-05
LIMD1-AS1,4.394946873053703e-05
EFCAB8,4.39289018951104e-05
TYW5,4.386274350570306e-05
URB1-AS1,4.385013728250247e-05
RCC1L,4.3837282976297736e-05
TNPO2,4.381689016334471e-05
SREBF2-AS1,4.37940610322506e-05
PPIL6,4.37909423580882e-05
GDF11,4.378531250042724e-05
VMO1,4.376996582250066e-05
ST20-AS1,4.376400042020742e-05
AP001107.4,4.37538870996474e-05
TAX1BP3,4.3742361875897685e-05
PPP1R7,4.374076794384912e-05
OTULIN,4.3736989668359656e-05
Z93943.1,4.373223774406879e-05
CDC42EP5,4.372779555194216e-05
NKRF,4.370656888065118e-05
CEP290,4.36992698832931e-05
DEUP1,4.367913532660181e-05
BRD9,4.367492532934425e-05
SEMA3C,4.365748233956757e-05
POLR1B,4.360400979227574e-05
UBQLN1,4.358417256182344e-05
HEATR3,4.357995389138131e-05
ZFX,4.357147872791273e-05
HDHD5-AS1,4.355608246814675e-05
HSPB6,4.351610120693651e-05
PTMS,4.348666436037034e-05
TDRD12,4.3481838656729545e-05
MFAP1,4.3481060041460775e-05
ZC3H7A,4.3444235701729306e-05
MRPL34,4.34434142994038e-05
ATMIN,4.34322346685007e-05
PEF1,4.343027324423917e-05
ARL6IP6,4.342346948227469e-05
ACAD9,4.341939327246735e-05
ZNF875,4.340385734891394e-05
WARS2-AS1,4.339096133987757e-05
WFS1,4.330629322909512e-05
TRAF3,4.330337061046176e-05
LMAN1,4.32712467900272e-05
ZNF544,4.325923878988901e-05
PDIK1L,4.3242364151657766e-05
LDAH,4.320592283059686e-05
CSRP1,4.317502260321149e-05
TADA2A,4.316205013527976e-05
NFKBID,4.313904066160772e-05
BAP1,4.313475621724489e-05
AP006248.4,4.31301805820755e-05
DUSP7,4.312581726714615e-05
RSPH14,4.312335318887105e-05
LSM11,4.312047776863677e-05
ARPC4,4.308454236141634e-05
HIPK1,4.306577368079197e-05
COQ7,4.306543384434695e-05
TMEM143,4.30653931570736e-05
SIAE,4.306322034292615e-05
PLCG1-AS1,4.304686528042239e-05
FSBP,4.304255367174781e-05
ANKRD10-IT1,4.302114013480609e-05
BTBD3,4.300990360144108e-05
YBX2,4.297258895859451e-05
PNRC2,4.297103029868269e-05
MED29,4.2962925149883154e-05
ISCA1,4.293408886976972e-05
DENND6A-AS1,4.292594350889354e-05
MAIP1,4.291707621108787e-05
SLC35F6,4.289789747142084e-05
ANKRD28,4.289607895755334e-05
MSH6,4.283970592995857e-05
VPS25,4.28202592759224e-05
CEP95,4.2805568559382416e-05
PROM2,4.276529942681396e-05
INTS2,4.275595469572954e-05
SDAD1,4.271302152350931e-05
GPR173,4.2711082529838166e-05
ARL4C,4.270801705502261e-05
RAB8A,4.270726369220471e-05
TFPT,4.269762272366352e-05
RBMX2,4.268129713154891e-05
RNF220,4.266894432512101e-05
CLTA,4.2667616602067714e-05
TPD52L2,4.2663843000447925e-05
TUBB2B,4.26474818133684e-05
RABGGTA,4.2614552395127845e-05
CPSF3,4.261423252684072e-05
PTCD3,4.255888449885866e-05
NCK2,4.255823873356466e-05
SRPX,4.2554531193675214e-05
HADH,4.253715033878328e-05
RHBDD2,4.2500854428746e-05
ERAP1,4.246733583908845e-05
COMT,4.245764839350752e-05
BRPF1,4.243650978236799e-05
ANGEL1,4.240534433206882e-05
CLEC3A,4.239943712147892e-05
ZFP1,4.239056699786826e-05
TMCC1-AS1,4.238983632105546e-05
MCAT,4.237428371120592e-05
MRPS14,4.235751241607261e-05
ZNF213,4.235245844135758e-05
ZBTB8A,4.2330482727268175e-05
CETN3,4.2278837935893785e-05
CCDC88C,4.227680021224682e-05
SUPV3L1,4.2267534182476255e-05
AP001330.4,4.2263515279865073e-05
NHLH1,4.2262395537771376e-05
TTC1,4.2242673113714106e-05
NUDCD3,4.221900257551883e-05
PSME1,4.2200026624386746e-05
PLS3-AS1,4.215220178543817e-05
PTPN1,4.214819470527425e-05
UBP1,4.212760882982179e-05
FAM168A,4.211939686130017e-05
SLC25A5,4.211656740068999e-05
RUSC1,4.210251467889938e-05
RRAGA,4.209742799226612e-05
ATP6V1F,4.204764838164273e-05
LSM14B,4.202926500532759e-05
SUN2,4.201546660528041e-05
TPR,4.199726811461248e-05
ALG14,4.1987373669013215e-05
MKRN2OS,4.198531683106449e-05
TRIM41,4.198452597245709e-05
HCN2,4.196742014369216e-05
LTA4H,4.194604932944455e-05
BLOC1S4,4.194444770138548e-05
TUT1,4.19364626852603e-05
MKS1,4.190531925846854e-05
FZD6,4.19041424247412e-05
C19orf71,4.189958880896066e-05
GEMIN4,4.189868304447138e-05
CHCHD4,4.1889748820588136e-05
TTLL12,4.18835870356127e-05
OPN1SW,4.187208452419159e-05
MRPL4,4.184866528388712e-05
KPNA4,4.1823612451841015e-05
AP000755.2,4.181620606616482e-05
C17orf80,4.179850442204174e-05
LIN7C,4.179477453879818e-05
C1GALT1C1,4.1789572925385786e-05
YIPF3,4.178733203630433e-05
AF111169.3,4.177719182943451e-05
EXOSC7,4.176009175422827e-05
CSNK2A2,4.17593611748395e-05
CLEC18B,4.173919056917178e-05
LINGO1,4.171544654511287e-05
MRPS10,4.171135118544388e-05
PRDM10,4.169872266820952e-05
ZNF33B,4.1672290645407776e-05
TSR2,4.1665704316987424e-05
HTATSF1,4.166146800404716e-05
ALDH3A1,4.162998593570309e-05
RMI2,4.1616556406708186e-05
AMACR,4.16078360166702e-05
GPR137,4.159553755223463e-05
SERTAD4,4.159377067404094e-05
ATP5MD,4.156071692456656e-05
CDAN1,4.151996677128605e-05
CRYGS,4.151683631919852e-05
RWDD4,4.1484351967807606e-05
SHARPIN,4.14738803577162e-05
AGBL5,4.144871985284219e-05
SNX27,4.141659757124052e-05
NAB2,4.140676041579043e-05
RRP9,4.137664110225871e-05
C1orf195,4.136208362788181e-05
NPHP3-AS1,4.135262676910455e-05
ZBED3,4.134573871602039e-05
TAF5,4.132234121209192e-05
ASB9,4.132007533247995e-05
ARMC8,4.131887364817997e-05
BMP8B,4.131311019152962e-05
AMH,4.130908765505151e-05
GLT8D1,4.1264536723436505e-05
SENP5,4.126352871511181e-05
BORCS8,4.125716215470877e-05
ESRP1,4.1241687578094064e-05
XPNPEP3,4.123416158536412e-05
SRSF8,4.120781909286275e-05
AP003390.1,4.119743279206999e-05
C11orf68,4.1194571822762005e-05
FAM86B1,4.11759519414429e-05
EIF2AK1,4.116726774868753e-05
DDX51,4.115541736956931e-05
MAN1B1-DT,4.114127714978642e-05
TSPEAR-AS2,4.113623327251457e-05
PHF6,4.112793816864444e-05
MOK,4.11134707791556e-05
STKLD1,4.110611082976201e-05
CU638689.4,4.11023519716217e-05
HSPA4L,4.108511683747709e-05
DDX49,4.108477854749196e-05
UAP1L1,4.10819843870445e-05
MRPL50,4.103561490313977e-05
EHD1,4.103494090487935e-05
RAC2,4.102996636921047e-05
PIGBOS1,4.099891302929478e-05
MARK2,4.099214877252816e-05
PUS7L,4.096496642160197e-05
LIME1,4.096486588441867e-05
FADS1,4.096402776919465e-05
CFAP20,4.095737795990133e-05
FTO,4.091716768270039e-05
HAND2-AS1,4.091438508923005e-05
MRPL54,4.091054935768657e-05
MMGT1,4.089790060029205e-05
PAK2,4.087427920242258e-05
METTL16,4.084662692509452e-05
NBL1,4.083913175242204e-05
CFAP97,4.080173288234016e-05
MAP3K5,4.079407540008768e-05
CCDC82,4.077612461721522e-05
SMYD4,4.076824525864461e-05
PHAX,4.072674065047759e-05
MIR181A2HG,4.0722147681912246e-05
NAA35,4.068943003428136e-05
ZNF473,4.068187975461139e-05
GGNBP2,4.067423962207188e-05
ZNF480,4.066525155916878e-05
HDHD5,4.06514558505361e-05
SMIM13,4.06499695273485e-05
TMCO1,4.057720602455809e-05
MYLIP,4.057258071246375e-05
LARP4,4.0556593859988e-05
FAM86C1,4.053083443689575e-05
ZNF503,4.052960440292885e-05
TAF11,4.051269992200007e-05
ACTR3B,4.049722660602868e-05
NGDN,4.049078027684891e-05
RAB13,4.0466059044104216e-05
PNMA1,4.045983756257664e-05
ATP6V1E2,4.045774867922338e-05
DPH7,4.045382641316796e-05
RETREG2,4.045325078277427e-05
SYK,4.042190010253418e-05
METAP1D,4.040807301584363e-05
RITA1,4.039139784897869e-05
TUBA3D,4.038793146508405e-05
CASP8,4.034032615536465e-05
WDR36,4.033602420037416e-05
UBN1,4.033302156163856e-05
ZNF587B,4.031354406435778e-05
CNTNAP1,4.0281134675186336e-05
C2orf72,4.026993179966499e-05
TMEM183A,4.0268496947896165e-05
ANKRD36,4.026592676219153e-05
ARSD,4.026345488514992e-05
ITPA,4.021142698367908e-05
XPOT,4.020379656665028e-05
TMEM189,4.020241770846759e-05
GINM1,4.020203478549346e-05
ADIRF-AS1,4.019924952516635e-05
ZNF589,4.018886804631589e-05
HUS1,4.018790577298822e-05
MRM3,4.0175472753917e-05
KANSL2,4.016273729348989e-05
DRG1,4.015857656000568e-05
PSMA6,4.0154096438430194e-05
LIMS1,4.0150522632934367e-05
ABCA7,4.007728563173843e-05
OBI1,4.0066407824061934e-05
DPP7,4.004711492742765e-05
REEP6,4.002133331403409e-05
RPARP-AS1,4.001845606454332e-05
ADAT2,3.999415221917197e-05
ZUP1,3.999173710484816e-05
NDUFA12,3.994630047594887e-05
TIGD4,3.993650137933873e-05
OST4,3.991939420662629e-05
TSTD2,3.991923597201275e-05
PANX1,3.990960489516567e-05
PIGF,3.986450137585327e-05
WFIKKN1,3.984222815458074e-05
SNHG5,3.98405981647804e-05
GEMIN7-AS1,3.981893602468021e-05
ABCC10,3.98106918663766e-05
APBA1,3.981040958495699e-05
C9orf78,3.978769953904492e-05
BBIP1,3.978299932212311e-05
TMA16,3.978021116288254e-05
BLOC1S3,3.977718693638637e-05
ZC3HAV1L,3.977682218757069e-05
MPV17,3.976681818590495e-05
PPP1R9B,3.976391350713226e-05
UFC1,3.9754452059854617e-05
DARS2,3.975244155662698e-05
SLC51B,3.9738300775379495e-05
ECSIT,3.972707655012765e-05
CFAP36,3.972206672635515e-05
C12orf10,3.969259251837872e-05
XG,3.968935123040482e-05
ENGASE,3.9687130322318375e-05
AP000553.2,3.965901877594736e-05
EIF1AD,3.964015980120296e-05
NPIPA1,3.9637245062644175e-05
RAPGEF6,3.961267984720682e-05
TMEM186,3.959154052681167e-05
KCNAB3,3.957337619140165e-05
C5orf51,3.953708788434125e-05
MAPRE1,3.953118085272515e-05
SMIM7,3.951359940349086e-05
MSMO1,3.947218637943727e-05
TMSB15B-AS1,3.946730925023513e-05
NKTR,3.944430214124277e-05
HEATR6,3.942281003789681e-05
TSEN34,3.939661618609999e-05
KLHL11,3.939429364324226e-05
MPP7,3.939150049938835e-05
AGO1,3.938950862753205e-05
KIF1C,3.9379979113362846e-05
TP53RK,3.937814443497181e-05
GPC4,3.9369333855314456e-05
ARMC3,3.936057000715755e-05
ISCU,3.935878823435578e-05
ERBB2,3.93519190608091e-05
FLT3LG,3.933023272938934e-05
AP000926.2,3.931826176234773e-05
USP37,3.930349524264333e-05
MRPL45,3.9275321872959546e-05
NF1,3.925168599826615e-05
PTCD1,3.925008661162166e-05
NEIL2,3.9249729099721e-05
RDH10,3.922990114769238e-05
MTRF1L,3.920834223674223e-05
PCNP,3.920486895752464e-05
TBL3,3.9198583199200046e-05
PUS3,3.919636230839833e-05
TEX261,3.918719665510988e-05
SDHA,3.9176415842505056e-05
SLC25A3,3.913248506266072e-05
CSE1L-AS1,3.910637583079234e-05
CWF19L1,3.910300162522136e-05
PTPN21,3.9099915897628254e-05
CARF,3.9076429449958704e-05
MRPS18C,3.906762523748358e-05
RBMXL1,3.90392685551536e-05
MTMR2,3.903568592901767e-05
SMIM29,3.902843452249017e-05
DNAJC9-AS1,3.901791444985236e-05
PAXBP1,3.897855929810482e-05
COX17,3.8927703696466896e-05
SLC35B4,3.89095423312671e-05
DVL2,3.890019180223329e-05
GNPTG,3.889222182527929e-05
CNBP,3.887611484034941e-05
IBA57,3.887382950229128e-05
FHOD1,3.885740633439308e-05
PTRH1,3.884767494279617e-05
LGALS2,3.884269673456251e-05
ARCN1,3.882886266138464e-05
SMAD5,3.882578775755536e-05
HSPA14,3.880242147618483e-05
JADE3,3.87916572504654e-05
HIST1H2AD,3.877306769345768e-05
MYL6,3.875930306654139e-05
TRDMT1,3.875568806419795e-05
PRR14,3.8753099828062266e-05
MCRS1,3.872998962384088e-05
CCDC51,3.871654828833748e-05
ESRRA,3.869522373976055e-05
TTPAL,3.868791938549136e-05
PGLS,3.868601910142811e-05
CTSA,3.8678338032548335e-05
ERMAP,3.865964734367924e-05
PARTICL,3.864340984952729e-05
KBTBD6,3.862935805283321e-05
ING3,3.862480929409544e-05
TSC22D1-AS1,3.859500729622112e-05
MRPL33,3.856490054622243e-05
TUBD1,3.855735345918999e-05
IQCD,3.849632367867667e-05
NPIPA7,3.847404116581997e-05
MINPP1,3.845429720839121e-05
DHODH,3.8452814774259946e-05
CELSR3,3.845000145666806e-05
HIST1H3H,3.84305532193715e-05
AP002433.1,3.843037248800354e-05
BUD13,3.842598120221457e-05
FARP1,3.842245016051367e-05
PTPN4,3.842166384620577e-05
DPP8,3.840622864324299e-05
CCDC189,3.83891819513858e-05
SPATA2,3.837962242856845e-05
SDHD,3.837657253383357e-05
TMEM14B,3.837649461271396e-05
ATPAF2,3.835108910918008e-05
COMMD6,3.834854109565776e-05
EFR3B,3.831937414993575e-05
ZNF714,3.83145680649208e-05
AKR1B1,3.830242991482299e-05
PPCDC,3.829921836704898e-05
AP3S2,3.829403164026368e-05
SLC25A51,3.828860935529764e-05
ZNF202,3.827285265662912e-05
CD44-AS1,3.8266362258303625e-05
KCNJ14,3.825825954829293e-05
NDUFS1,3.825644388579133e-05
G6PD,3.8254991795124e-05
GSTA4,3.8245552148850666e-05
CD2BP2,3.823990848141643e-05
FCAR,3.8230319204770016e-05
HSCB,3.822108648738679e-05
RPUSD3,3.8208309164931805e-05
BRD8,3.817075528200904e-05
ZP3,3.816643419932821e-05
CDC42EP4,3.814438860721929e-05
SUCLA2,3.813677601567927e-05
CRLS1,3.812816962803414e-05
FANCF,3.812549123051692e-05
ETAA1,3.8122866330029374e-05
GATAD2B,3.811992043677793e-05
SLC35E2B,3.8116161637810015e-05
C9orf24,3.81119323045888e-05
C11orf95,3.810701471644671e-05
MRPL28,3.807567391687458e-05
CNP,3.8070518356141525e-05
ARGLU1,3.803568986368522e-05
FAM53C,3.803339929678584e-05
YTHDF1,3.801349591991983e-05
RPA2,3.800340850911556e-05
MATN1-AS1,3.799643955892915e-05
EDEM2,3.799397025904768e-05
HDAC4,3.797808611336371e-05
AP002762.2,3.794927104433072e-05
NGRN,3.793605197958333e-05
TMEM127,3.7933445793591465e-05
PRMT5,3.791479901292695e-05
ATP6V0A2,3.790431583917907e-05
WRN,3.788216882325018e-05
VTA1,3.785267754206579e-05
PXN-AS1,3.7831912237161255e-05
TYRO3,3.7823468386762806e-05
MRTO4,3.781561558186496e-05
LETM1,3.780533862452355e-05
WDR3,3.780205018126584e-05
PDHB,3.779675985290234e-05
ADCY6,3.778133913046282e-05
MAGT1,3.777942077773628e-05
SLC12A9,3.7765819568834336e-05
LRPAP1,3.775490430330762e-05
TIMM17B,3.772447857561916e-05
ESR2,3.770440066776279e-05
ZNF689,3.7699259660216505e-05
KF456478.1,3.76804211010028e-05
ADM5,3.76667578637282e-05
CHRNA3,3.763401467627476e-05
IRGM,3.76272745890999e-05
NCEH1,3.760207563809087e-05
SRSF6,3.760026197807793e-05
LPCAT3,3.754554725236695e-05
NFXL1,3.753174525184146e-05
HLCS,3.751769831520942e-05
ZNF414,3.751626200908524e-05
TRIM35,3.750856528641983e-05
ANKEF1,3.7490425233629926e-05
PIGL,3.748892008818887e-05
ASB16-AS1,3.748683560068743e-05
CHMP7,3.747670617258121e-05
TMED8,3.7470292390114194e-05
HIST1H2BH,3.745016774714098e-05
SEPHS1,3.743802845052889e-05
GLB1L,3.739678648207806e-05
RANBP6,3.7379426608478194e-05
THAP7,3.7377894277987686e-05
WDR74,3.736631665459431e-05
OSBPL6,3.73638970313308e-05
RAB5IF,3.735092711733503e-05
PRPF40A,3.734353581466665e-05
CYB5D2,3.7334771584078455e-05
ZNF566,3.7330078988458816e-05
SNX1,3.732912637420032e-05
ACSL3,3.7311453936696e-05
ENOX2,3.7306610638840143e-05
ZRSR2,3.729686937897185e-05
NCBP2,3.7268732598096014e-05
ARL4D,3.724512344088286e-05
AKT1,3.724448609224583e-05
EMC7,3.723809627302234e-05
PCBD1,3.722900004435569e-05
ZNHIT2,3.722215014195616e-05
NAPRT,3.721247244673143e-05
SMYD3,3.7179145221366193e-05
ENC1,3.716063198515681e-05
C7orf31,3.715513290107355e-05
PCAT7,3.714780891854452e-05
NBPF20,3.71429280095528e-05
GNRH1,3.712345841385796e-05
NOL8,3.7113208245364754e-05
TRMT2A,3.711008645975518e-05
NBPF11,3.709997834904852e-05
YME1L1,3.709118035819378e-05
KLF10,3.708969811466976e-05
RGS19,3.708569753672422e-05
FUT8-AS1,3.706993479202733e-05
ZNRD2,3.706048275453501e-05
JUN,3.7059194937475184e-05
APEH,3.704753552592657e-05
NUP88,3.702045366890365e-05
STAU1,3.701400062539596e-05
TGIF2,3.701168841081254e-05
BOLA2B,3.699648214527074e-05
MED27,3.699183661154956e-05
MRTFB,3.69808424220381e-05
PLCG1,3.6975933908306e-05
CCDC15-DT,3.697566035581154e-05
SMPDL3B,3.695240771598484e-05
ENTPD5,3.692478040783212e-05
METTL5,3.692383175407856e-05
TBRG4,3.6919297140157e-05
RHOG,3.6905790939699945e-05
CNTRL,3.6883992467354345e-05
AGRN,3.687028221752336e-05
SPSB2,3.684790408090868e-05
AAAS,3.6831865429376105e-05
TRIM17,3.683081194430925e-05
PRKX,3.682741080588167e-05
FITM2,3.679987920215725e-05
AP1S1,3.679010425540694e-05
BRPF3,3.677502915457381e-05
ZNF629,3.677357330994511e-05
NDUFB4,3.677323261990412e-05
POLR2H,3.676955449274504e-05
SURF2,3.676645680701015e-05
C12orf4,3.675998282218239e-05
Z83745.1,3.675023577769369e-05
MIPEP,3.6745074336414704e-05
SERGEF,3.673686469095063e-05
MYO9A,3.673188599693178e-05
NAIP,3.672513785435757e-05
KCNRG,3.672306696330798e-05
BPTF,3.672012247260742e-05
TTI2,3.6714661199906805e-05
NAA10,3.6705790232358975e-05
SPG21,3.666166898678756e-05
ITPRIPL2,3.6654746397471714e-05
ATP23,3.665230613922928e-05
MEAF6,3.664269728660848e-05
ZNF747,3.663042520611982e-05
ACADM,3.662463206395816e-05
SNHG30,3.660705769199598e-05
MEPCE,3.660073838692054e-05
DYRK4,3.658180031761941e-05
AP2M1,3.657082553727092e-05
TRIM24,3.65691949694374e-05
POGLUT2,3.654883050653192e-05
SLC36A4,3.653881344856101e-05
GPRASP2,3.6538678686473e-05
MARS2,3.652475074222412e-05
AF305872.2,3.6521052462056006e-05
ITGB1BP1,3.648656514578392e-05
CXCL16,3.647223098246828e-05
BCAM,3.645697393811018e-05
CCDC84-DT,3.641613333879201e-05
BMI1,3.63888043147992e-05
CYTH3,3.637233425625218e-05
FOXH1,3.6367867332845e-05
NUDT12,3.6364849771125685e-05
ARSB,3.636245852118711e-05
SRRT,3.636146824324025e-05
RPF2,3.6355811088150006e-05
MIR4435-2HG,3.633920445395022e-05
MAPKAPK5-AS1,3.633708728891015e-05
PDK2,3.632856080383141e-05
IFT81,3.629573582183057e-05
PEX14,3.626774679628239e-05
LSM14A,3.625435080597497e-05
TWNK,3.623125141857337e-05
DLAT,3.620777338805831e-05
RRP1,3.619334663344448e-05
PCYOX1L,3.618860587723933e-05
AVPI1,3.618652436531463e-05
ARF1,3.617329237871586e-05
TMEM243,3.616300646930545e-05
DMAC1,3.615868118852006e-05
PITHD1,3.614820545524819e-05
TONSL,3.611003660022227e-05
MAP3K6,3.609441003204352e-05
ZSCAN29,3.605145397131487e-05
MATN2,3.604515919442233e-05
RELL2,3.601592606152363e-05
YTHDF2,3.59581223120509e-05
PANK3,3.5953314490396066e-05
AP001992.2,3.595284566592102e-05
SPAG7,3.5945202313652765e-05
PPP1R26,3.594073207620386e-05
COIL,3.593351482547993e-05
EBNA1BP2,3.593095458914922e-05
OLFML1,3.591857781046439e-05
INTS7,3.590160406545548e-05
IFT74,3.589870057844435e-05
DDX55,3.589180898151628e-05
HPS3,3.587996907368853e-05
FBXL15,3.586157095314498e-05
EIF2D,3.585614748310806e-05
C9orf64,3.584692303165201e-05
KANSL3,3.58366926940985e-05
CLCC1,3.583138271286536e-05
TMCC1,3.581153153811981e-05
SLC16A1-AS1,3.5802015191471366e-05
PNO1,3.579677265211222e-05
TMEM44-AS1,3.579361451859556e-05
GMCL1,3.578991457471285e-05
RRS1,3.578856344466346e-05
CCDC171,3.576073260779966e-05
TMEM115,3.575739641517744e-05
MRPL40,3.574481643130992e-05
KCNMB4,3.572729702499922e-05
ZBED6CL,3.570219042736586e-05
C16orf95,3.5699414031879004e-05
TIMM10B,3.5689963752756816e-05
TXNRD3,3.5675144234991816e-05
ERMARD,3.564605163484687e-05
LINS1,3.563720744796452e-05
ATP1A1-AS1,3.562679749460229e-05
NANP,3.5613063588609895e-05
SMPD4,3.5606975035479735e-05
STAC2,3.559268957746092e-05
HMSD,3.558714392903857e-05
SLC19A3,3.5571955957680354e-05
RBM45,3.556032177937153e-05
PACSIN3,3.554690325543492e-05
G2E3-AS1,3.5527235824505174e-05
COPG2,3.551342155204892e-05
ZNF746,3.551293294025146e-05
NFIX,3.5494294372272214e-05
NRTN,3.549374975453682e-05
KCTD18,3.548903318913267e-05
CYP20A1,3.548173993966155e-05
MORC4,3.5476163492638465e-05
TCP11L1,3.545733371842569e-05
SREK1,3.545147087969114e-05
EDC3,3.5449871548964786e-05
DCAF15,3.5434066612050274e-05
ZNF22,3.54277444254968e-05
HOXA2,3.541386894882612e-05
DNAJC3-DT,3.5397306885653595e-05
KRT10,3.539314290349264e-05
PFKL,3.538047333337936e-05
MAN1B1,3.537797447567099e-05
ATG9A,3.5377298151710884e-05
NOTCH2NLC,3.537579896737379e-05
ADI1,3.536613410350605e-05
ABHD5,3.5361320200878686e-05
TMEM214,3.5358085813247387e-05
GET1,3.534578019819852e-05
MAFG-DT,3.534105609316777e-05
B4GALT4-AS1,3.5338222185478464e-05
RNF13,3.5330193713292534e-05
CDC37L1-DT,3.531468192210142e-05
GJC2,3.530809011584439e-05
TBC1D9B,3.530560773920317e-05
SOX17,3.530544682255468e-05
C12orf43,3.529069722983542e-05
CD83,3.528957705517541e-05
SIAH2,3.526749090825678e-05
NOP14,3.5246680443577136e-05
MIF4GD,3.523332617877085e-05
CAMKK1,3.523068470804107e-05
TBC1D24,3.521846950417519e-05
RBM17,3.5195544605830936e-05
RARS,3.51932822086558e-05
YBX3,3.5169357933231206e-05
FASTK,3.516686385577077e-05
TBC1D15,3.514727194062589e-05
AP001505.1,3.5138848821079764e-05
C15orf61,3.5138234366498466e-05
SPNS1,3.513712319511452e-05
EIF2S1,3.5123473002655444e-05
FXYD7,3.511957955778279e-05
GAS2L1,3.511745381884435e-05
PGM2,3.504736106799772e-05
HPRT1,3.50449829128117e-05
KHDC4,3.5031147809977085e-05
TNPO3,3.5005320649345245e-05
DNAJC15,3.50017710019129e-05
RAD9B,3.499180301548732e-05
AK6,3.498537387362304e-05
ZFAT,3.498437797303799e-05
NFKBIA,3.4978522666963545e-05
KLHL5,3.4973008175054145e-05
JAGN1,3.497266582209496e-05
SHANK3,3.4958346772418994e-05
ANAPC10,3.494599558263231e-05
ATG7,3.4939976928266966e-05
SLC30A6,3.493157337671564e-05
DIS3L2,3.490746392294681e-05
ZBTB39,3.490057155754013e-05
CD99,3.4898580742034e-05
ZNF623,3.489149052110945e-05
ACTN1,3.4886254377590455e-05
CAVIN4,3.487920198159188e-05
POP1,3.487556663026051e-05
ARMCX5-GPRASP2,3.4857852000256115e-05
RRBP1,3.483189067997105e-05
ZNF131,3.4819687440950755e-05
SF1,3.477919583401397e-05
ZNF280C,3.476688059448787e-05
ARLNC1,3.4759857052813014e-05
S100A8,3.4754982830836186e-05
CDC42EP1,3.473730312692614e-05
SEPSECS,3.4735513294864544e-05
ACO2,3.4722809591361355e-05
UBAP2L,3.4719556819023565e-05
NOX5,3.47118154845638e-05
ANK3,3.469877683100646e-05
ZNF639,3.469332246425502e-05
LMNB1-DT,3.46908743121258e-05
HAUS3,3.4667673120024846e-05
ZCCHC4,3.46230049866481e-05
PYY,3.4613846549717305e-05
TIRAP,3.461052137243372e-05
NKAPD1,3.460948513706194e-05
MECR,3.459081048429831e-05
PARS2,3.458588392202834e-05
CHUK,3.4578951862822754e-05
PCF11,3.4570946030500224e-05
ZNF768,3.4544201791404895e-05
LRRC63,3.453366913054713e-05
MED24,3.453303734140215e-05
ZNF674-AS1,3.453071652667257e-05
ADIRF,3.452142543327636e-05
S100A2,3.448661880615197e-05
SEMA6A-AS2,3.4468963128506374e-05
GFER,3.445646852382276e-05
RNF4,3.444959971549279e-05
EEF2K,3.44471861848346e-05
PPP1R14A,3.4444225640826686e-05
CLPTM1,3.443906247027428e-05
CACNA2D4,3.44123169767803e-05
FAM102B,3.440634952466791e-05
CYB561D2,3.439762211484766e-05
UBL7,3.437226631333738e-05
HIST1H1C,3.432756573951573e-05
ZC3H18,3.432373984204238e-05
RTL6,3.429742615240777e-05
RRM2B,3.429739887611539e-05
DLEU1,3.4276952938251565e-05
PTPN20,3.427501198621363e-05
ZNF30,3.42576739802293e-05
SLC14A2-AS1,3.424464001239441e-05
LRRC8B,3.424251154092765e-05
RBBP5,3.424083110834223e-05
RABEP2,3.423684968172655e-05
LIX1L-AS1,3.4224351440099166e-05
SOCS4,3.42188276854637e-05
ARL3,3.4218604367302e-05
ATG10,3.421092587620063e-05
SMYD2,3.4154300527588755e-05
ZNF451-AS1,3.415014602344884e-05
HACD2,3.4118836970383355e-05
PAM16,3.4110044215434364e-05
LCMT2,3.4101917248019466e-05
CU633906.2,3.409208760937221e-05
EVPL,3.408839725767071e-05
TRIM11,3.408501417049625e-05
RAB26,3.407652310261724e-05
CAVIN1,3.4075416163440184e-05
DCAKD,3.4041870165488345e-05
AGBL3,3.401151688513958e-05
CPTP,3.401028944540502e-05
MON1A,3.400208714026447e-05
TMEM52,3.3995756557524306e-05
IGF2BP2-AS1,3.398860492543419e-05
ZNF165,3.3977341668326976e-05
SYNC,3.394990462762772e-05
CASP8AP2,3.394454711514252e-05
IGSF8,3.392862545829998e-05
MKRN2,3.3922804728346126e-05
NFS1,3.391015192152317e-05
COPRS,3.390727991893414e-05
GDAP1,3.389904590716957e-05
TPRG1L,3.389111604432764e-05
SPSB1,3.388662278308244e-05
DPH5,3.387249800235629e-05
UBE2V1,3.3842901496355924e-05
ATP5PB,3.3827388430732125e-05
TMEM87A,3.382577110380191e-05
TMEM64,3.381525376381051e-05
SLC27A4,3.3806168206296075e-05
E4F1,3.379235370685384e-05
UEVLD,3.378777010750856e-05
ODC1,3.378380170938462e-05
DOLPP1,3.3775490376440817e-05
DNAJC7,3.376599894205513e-05
KLHL7,3.375228475679341e-05
FAM71E1,3.374045373024061e-05
DNTTIP1,3.373071957762208e-05
DNMBP-AS1,3.372819689053933e-05
BABAM1,3.3719038830211324e-05
OVOL3,3.3712041766878284e-05
RADX,3.369627442454461e-05
PCSK1,3.3690626848957416e-05
PPP1R1B,3.366544707825953e-05
FAM27C,3.366325360954999e-05
GDAP1L1,3.366105596205037e-05
DERA,3.3659743620260425e-05
TMEM67,3.363452346320693e-05
TWF1,3.3633244551779944e-05
CD99L2,3.362195696212772e-05
IFT22,3.359166987453852e-05
NDUFB8,3.358432627441249e-05
TGDS,3.356148542615332e-05
PPP1CA,3.355111249996302e-05
TBCD,3.3548305623320906e-05
ASCC3,3.3532405503827006e-05
PDE6D,3.352629555058022e-05
CARNMT1-AS1,3.35227736785414e-05
FBRSL1,3.35040738342611e-05
CIAO3,3.348995175506699e-05
ABRAXAS2,3.3478014218560926e-05
TMEM147-AS1,3.3471073526546754e-05
RBM27,3.3465605822573604e-05
ZNF8,3.3459167799636395e-05
ARL9,3.345915121953644e-05
NDUFA6,3.345405311971832e-05
C18orf32,3.3447917722529934e-05
TWISTNB,3.3439303411627965e-05
TSSC4,3.3435844934864046e-05
NUDT3,3.3432889150029314e-05
NUBPL,3.3432030164934184e-05
ABRAXAS1,3.341325213132662e-05
BOLA3-AS1,3.3404833945526005e-05
TIMM44,3.340372747578798e-05
AP000442.1,3.336117058812564e-05
MAML1,3.334279342814521e-05
EP300-AS1,3.3330813515202015e-05
EHHADH,3.3328000359047864e-05
MSX1,3.332559636993297e-05
U2AF1L5,3.330605965394308e-05
DNMT3B,3.3297358950555745e-05
SNRNP48,3.3297159544190023e-05
REEP2,3.3288812846637205e-05
EPRS,3.328841535311284e-05
LLPH,3.328075972695451e-05
RTL10,3.322987980694485e-05
FKBP5,3.322468501804041e-05
UBASH3B,3.322359131315441e-05
TIMM23B-AGAP6,3.321448131625097e-05
PSRC1,3.321418656825044e-05
TAF1B,3.318784227747581e-05
PCDHB13,3.317498755678127e-05
MIB2,3.315093479659279e-05
HECTD2,3.3148002640601654e-05
CXorf56,3.3147603185253304e-05
PRKACB,3.3144800611870446e-05
SRRM1,3.3136208220286935e-05
PDCL3,3.313152914278626e-05
KIF21A,3.3123802987669305e-05
E2F5,3.311934194569339e-05
QPCTL,3.311831573752383e-05
TTF1,3.3115593536827337e-05
ACVR2B,3.3115430008547023e-05
NAA30,3.310726857010307e-05
FAM50A,3.310646000684883e-05
UBAP1L,3.3103111479974135e-05
MFN2,3.310173011932767e-05
BMS1,3.310048731959705e-05
PPP4C,3.309941163471825e-05
PRMT5-AS1,3.3093985101491526e-05
PTPN11,3.308273834597052e-05
L3MBTL1,3.3047984187416884e-05
MYO5C,3.3011293479937814e-05
LRRIQ4,3.3011229280825675e-05
KYNU,3.2995625422996166e-05
PRMT7,3.297663634434568e-05
LEMD2,3.297571444697649e-05
HMGN5,3.297400403819289e-05
SLC31A2,3.2972398552726265e-05
GPR82,3.294363671925288e-05
ZNF37A,3.2939414769584886e-05
ZFR,3.293912540214524e-05
GNA11,3.293394703282881e-05
ZNF777,3.289657083241033e-05
SLC25A30,3.289154404229346e-05
HPSE,3.288075185880598e-05
HCCS,3.2872908529370964e-05
HNRNPH1,3.286714390767166e-05
FARSA,3.2862966363833455e-05
ACSS1,3.2855759720206697e-05
S100B,3.284910982157444e-05
EEF1AKMT2,3.2844096053636886e-05
ZNF688,3.284169599018007e-05
SRP68,3.2834351963168453e-05
MYLPF,3.2825958089285884e-05
RPGR,3.279991875685449e-05
UBE2Q2,3.278811083809525e-05
RAC1,3.278396711096897e-05
RCE1,3.276006785927319e-05
PDCL,3.2729047272371345e-05
QARS,3.272403504003156e-05
MSL2,3.271343113906713e-05
MSS51,3.2701835704116387e-05
CD63,3.269977125071996e-05
RASA2,3.2698309057850896e-05
NSMCE1-DT,3.268755762854583e-05
SPICE1,3.267711250893962e-05
ZGPAT,3.2668054947204935e-05
SOCS1,3.2663987314877324e-05
ZCCHC7,3.266053378260083e-05
CRTAP,3.263137327639053e-05
LRP4-AS1,3.26079214806228e-05
ZCCHC10,3.2601106688215366e-05
SEZ6L2,3.257136414420044e-05
RNF121,3.25699839447971e-05
EFCAB12,3.256616311447097e-05
KHNYN,3.253520385757404e-05
DLK2,3.253078753061076e-05
Z68871.1,3.246050472020731e-05
MUS81,3.24560488673859e-05
ATOX1,3.245173512743488e-05
SLC26A2,3.244812131845863e-05
SLC7A6OS,3.243529479415343e-05
POT1,3.2433053598166445e-05
GPR18,3.2431626901999565e-05
CLBA1,3.243132592541715e-05
PDLIM1,3.239464618274899e-05
CASKIN1,3.237667279655258e-05
IQCH,3.236839446783192e-05
ZNF84,3.235190671591247e-05
KIF26A,3.2349777283875296e-05
CCDC134,3.234819716462195e-05
PHLDA3,3.2337342653266694e-05
TAP1,3.233376942001091e-05
AP001059.3,3.232290327829748e-05
SLC6A9,3.231827652860264e-05
TNFRSF10C,3.23176066789154e-05
RDH14,3.2290719433645325e-05
SUCO,3.2263564524220955e-05
SPATA17,3.223671034996868e-05
EARS2,3.223570345868262e-05
EGLN2,3.222075741659097e-05
DDX27,3.2197574506420115e-05
PCID2,3.219061496760483e-05
SMG7,3.215929376088694e-05
PELI3,3.215305864958656e-05
AP5M1,3.214012534758084e-05
PRRT3-AS1,3.212323935855553e-05
FAM133B,3.212186858363169e-05
MFAP2,3.210793784441247e-05
MDM1,3.2096703985291074e-05
NEURL1B,3.2066239536313915e-05
RNF214,3.206456057426271e-05
PCBP2,3.206280753702451e-05
TOMM34,3.206206929381864e-05
FAM89B,3.2060421880824364e-05
MSL3,3.2057885519740056e-05
AMDHD2,3.205495063924211e-05
NDUFB5,3.1961669034485684e-05
SLC35A4,3.195097911098059e-05
CCDC141,3.194916524991629e-05
CEP63,3.194420957734595e-05
CCHCR1,3.1930754895541565e-05
TNFRSF10D,3.1917387522602386e-05
SETMAR,3.1907476580360114e-05
RWDD2B,3.190045119393271e-05
SFT2D1,3.189727911892158e-05
MRPL20-AS1,3.188380349783566e-05
AXL,3.186860646373904e-05
PEX26,3.186177149024398e-05
B9D2,3.1853043691555976e-05
AJUBA,3.1839327270322345e-05
PAIP2B,3.1831933166657235e-05
MDN1,3.181193747800891e-05
PKN1,3.180493350291904e-05
FAM3A,3.179005068151567e-05
CFAP221,3.1785348446898927e-05
RUFY1,3.177556173713256e-05
BCS1L,3.1774911052436635e-05
TTC8,3.1770392311535914e-05
RAMP1,3.175657739553407e-05
ELL3,3.1752411471498906e-05
RBL2,3.174487985263324e-05
DLG5-AS1,3.1736608085303515e-05
VPS51,3.1729965729529874e-05
CCDC33,3.172782247278851e-05
WDR54,3.17132871491958e-05
NT5M,3.1704235512542296e-05
RNF139,3.168229622304907e-05
DSCR9,3.167982331462257e-05
SMIM20,3.1638881171961526e-05
IP6K1,3.163358993428872e-05
FASTKD5,3.162288688437748e-05
MBD4,3.159590412773226e-05
DHRS1,3.158162803717692e-05
AP5B1,3.157458898565858e-05
ZNF311,3.157286119333697e-05
CCNK,3.1546928333175684e-05
PLAA,3.1531143468369014e-05
AAGAB,3.151923912248731e-05
HIGD1B,3.150035907601372e-05
HAUS6,3.149600827339621e-05
HES4,3.148191726842688e-05
SLC7A5,3.147923241367683e-05
DUSP28,3.1455451679606724e-05
DOCK3,3.143006157382837e-05
SNX17,3.14221922005926e-05
PXMP2,3.141968594374461e-05
POLR2F,3.141548798652536e-05
RIOX2,3.140320802036806e-05
GSDMD,3.1400322593147945e-05
RAB4A,3.139127543150762e-05
SMYD5,3.13764419853481e-05
NOL7,3.136412567720751e-05
CUTC,3.134773400356505e-05
RHBG,3.133419277296971e-05
SAR1A,3.1330986657193535e-05
NUDT16,3.132528273106203e-05
RPAP3,3.13027759014046e-05
CACNA1E,3.129036695396977e-05
SMIM35,3.1281988208446586e-05
CRYL1,3.124941301262667e-05
RUNDC1,3.1232724405620696e-05
NPRL2,3.120199193874373e-05
FAM221A,3.119534174147823e-05
RSKR,3.117117441818005e-05
GBA,3.110836683192758e-05
SLC16A14,3.110315344665513e-05
DPP3,3.106387439113018e-05
NCAN,3.105207621193359e-05
CLUH,3.100557130492842e-05
UBQLN4,3.09974861210061e-05
TAF9B,3.096112400117428e-05
CAPNS1,3.0960428556335535e-05
TMEM177,3.095594286621595e-05
SPIDR,3.094400796073276e-05
TEX38,3.093990229809719e-05
MRPL44,3.093785943346538e-05
AKR7A2,3.0919413289030806e-05
TMSB15B.1,3.0914851530310154e-05
NT5DC1,3.088764046210939e-05
GPN1,3.087434433368317e-05
PRPSAP1,3.0867702629535684e-05
EDRF1-AS1,3.085621688055918e-05
FOXJ2,3.084595152196785e-05
RABEP1,3.084013988908819e-05
PEMT,3.083235605634336e-05
MRPS36,3.083091499986009e-05
ZNF837,3.082007187717641e-05
FAM171A2,3.0797670396760244e-05
NARS,3.0797567966453494e-05
ELP1,3.0796631295992744e-05
LAMC1,3.0789910907349115e-05
IGIP,3.073455802500637e-05
CKMT2-AS1,3.073349807295702e-05
DGKZ,3.071187747243102e-05
ZNF721,3.0692845148062086e-05
SF3B4,3.069216380506379e-05
STARD13-AS,3.06910779773679e-05
MSTO1,3.068138788938709e-05
GDE1,3.068073032874284e-05
RMND5B,3.066961104932147e-05
ZNF783,3.065310499426146e-05
FUOM,3.065104710155954e-05
PPP1R37,3.0635717798211685e-05
MCUB,3.061531547556157e-05
UPP1,3.059071998948134e-05
PIGV,3.0583480157496e-05
ARHGAP1,3.0545521383013274e-05
STXBP4,3.054400640236427e-05
INPP5E,3.054369540426299e-05
NPR3,3.054368996802047e-05
ALDH9A1,3.054345224388423e-05
HES1,3.0539972192711216e-05
GPS2,3.0513177094182012e-05
ZGLP1,3.050351557437042e-05
NANS,3.0493987564085644e-05
SPRTN,3.0493871869168947e-05
ZNHIT6,3.0487855793519425e-05
ACP6,3.047138132760829e-05
UBXN7,3.0461816145842466e-05
CCDC66,3.043419052449964e-05
FAM241B,3.043313777194474e-05
ACO1,3.0424789649081717e-05
SLC35A3,3.04246031712432e-05
FAM169A,3.0421308377659087e-05
DDX17,3.041972340195271e-05
PEX11B,3.041887812426789e-05
DDX24,3.041587783374858e-05
EXOSC9,3.0401907452768963e-05
CUL9,3.040039096150501e-05
ZNF343,3.0397977224199287e-05
IRGQ,3.0389349320627308e-05
RSPH4A,3.0385128416399267e-05
ZNF417,3.037637522354612e-05
FLRT1,3.0369179404256672e-05
EIF1B,3.035307053145431e-05
WDR73,3.033532357360736e-05
CYREN,3.0335255572414187e-05
ZNF296,3.033261614733065e-05
SPIN2B,3.0327673672175088e-05
RBM25,3.0313891403404594e-05
MCM8-AS1,3.0297817438695053e-05
SULT1A3,3.029052924957943e-05
SIRT3,3.028567750831218e-05
RBBP6,3.028447005644017e-05
SBF2-AS1,3.0276800106389288e-05
FAM135A,3.027598713347182e-05
OLMALINC,3.026977558180351e-05
HIPK4,3.0265767545651632e-05
HCG11,3.0260150279115342e-05
FOXK1,3.0232263992340745e-05
AP000487.1,3.0218321684307173e-05
ATP5PF,3.0214664500110284e-05
TSPYL2,3.0168192794477377e-05
WDR77,3.0159220058593405e-05
MARCH9,3.0152855942997048e-05
RELB,3.0119430765068165e-05
NECAB1,3.011618044645101e-05
STMP1,3.010420121261952e-05
TSPYL4,3.0071112500389037e-05
ZNF79,3.0066234545272577e-05
AP005233.2,3.005925482114542e-05
GMPR2,3.00571213968626e-05
ARMT1,3.0005817808495885e-05
YAP1,3.0005646521727303e-05
TRMT10B,2.9981519744987723e-05
ERI1,2.996945665405738e-05
PHF10,2.996681291080596e-05
AKT1S1,2.9956574210506027e-05
RAB11B,2.99552948376211e-05
KIF5B,2.9944641152695243e-05
ATP6AP1,2.9941861823119156e-05
TTC17,2.9933942243107055e-05
GTF2A2,2.9917257337576228e-05
UBE2L3,2.9912137986429643e-05
KLF3-AS1,2.988032891862536e-05
MEN1,2.9877537388849723e-05
RP9,2.985247638668771e-05
BCCIP,2.984119411813941e-05
DNAL4,2.983475311876791e-05
YJEFN3,2.982276722545493e-05
SRBD1,2.9815633616330388e-05
CTNNBL1,2.981378188598785e-05
STARD5,2.979157581340611e-05
PSMF1,2.978832764442748e-05
AKNAD1,2.9783716434089e-05
DAXX,2.973412821047052e-05
RNF5,2.973400179126404e-05
TIPRL,2.9732900864107557e-05
PIGO,2.9731162945704568e-05
CREG2,2.973034503449138e-05
FXR2,2.972600712822444e-05
IPO13,2.9714553976051945e-05
ZNF607,2.9692180232884803e-05
ZNF799,2.9675531692569776e-05
NQO1,2.965976279987052e-05
EFHD2,2.9652378291109385e-05
HAUS7,2.9641396779937285e-05
IL1RAP,2.9639969208684083e-05
SERINC3,2.961439218977484e-05
SLX4IP,2.9613348332268838e-05
TRIM7,2.9602628911473025e-05
C16orf74,2.9595572653916583e-05
SMARCD1,2.959390954893691e-05
PSMC5,2.954799386356838e-05
COPS9,2.9545424716379364e-05
ZNF865,2.9543778782398143e-05
SLC16A4,2.9529901740689542e-05
UBE2D2,2.952522422402565e-05
MAPKBP1,2.951698072335133e-05
POLR2C,2.949676883601508e-05
DHRS11,2.9491343649623927e-05
PMF1,2.9474203009962657e-05
RABGGTB,2.946712842623299e-05
CDC5L,2.945529553479456e-05
DEXI,2.943183767574333e-05
AP1AR,2.943078311692793e-05
TMEM87B,2.9430221476311325e-05
ATF3,2.942828709530001e-05
STXBP6,2.94049248343335e-05
COMMD10,2.9401455774228216e-05
COX7A2L,2.9400363260867116e-05
POMT2,2.9398833330576357e-05
ATG3,2.9397915394290533e-05
PPIE,2.939336891568105e-05
PHTF1,2.9389679279132413e-05
STK32C,2.938680208285829e-05
RAPSN,2.9386226927977e-05
SLC35B3,2.938408088152568e-05
FBXO9,2.934937982926965e-05
WRAP73,2.9344831813088e-05
TMEM268,2.93401154485066e-05
LRP4,2.933077815919945e-05
FBXW5,2.9327719662114107e-05
FUNDC2,2.926702984561045e-05
DCBLD1,2.9263990743197247e-05
VDR,2.924399610885575e-05
KLHL36,2.9226016204496835e-05
PTOV1,2.921487558430681e-05
RPTOR,2.921347583310213e-05
KIAA1191,2.9208308042768115e-05
PSAP,2.9201037015271067e-05
PDK1,2.9196782426749103e-05
IRF2BPL,2.91931837342816e-05
AMFR,2.9191310798759456e-05
DNM1P35,2.919117653692297e-05
B3GNT10,2.9183494229182487e-05
NUP37,2.9176955013512028e-05
PRELID3B,2.9158082533320918e-05
PPHLN1,2.9132916443041763e-05
KEAP1,2.910437395116897e-05
B4GAT1,2.9104112415895617e-05
ABCA2,2.910174147088426e-05
MAD1L1,2.9091943271603398e-05
TAZ,2.908427843183764e-05
DERL2,2.9037589450997063e-05
CDC42EP2,2.9030481780907285e-05
CSTF2T,2.902821308490909e-05
SCUBE2,2.9003309834446104e-05
TBCCD1,2.9003106733544908e-05
ZNF16,2.899907521933777e-05
GPATCH8,2.89910450688901e-05
NDUFB6,2.8968760273529704e-05
ZBTB18,2.8964804336876697e-05
ISM1,2.8956309150467567e-05
CNDP2,2.8931685086236328e-05
C4orf45,2.8919094709870164e-05
CEP164,2.8913043213318397e-05
TAOK2,2.8902275292760575e-05
POMK,2.889765902444904e-05
CHKB-DT,2.888617289645404e-05
DCP1B,2.8868837427793893e-05
FAM200B,2.885018084773415e-05
TESK2,2.8842478634090508e-05
SLC35C1,2.884244812750628e-05
HERC2,2.8829530803026036e-05
DDX20,2.882577788854121e-05
L3MBTL2,2.8818669458960392e-05
CAPG,2.8806886117896184e-05
ARF5,2.879896566434237e-05
FOXP1-AS1,2.878799372610012e-05
VHL,2.878548849547633e-05
PDZD11,2.878429102530433e-05
SCO1,2.877278303494753e-05
MED31,2.876511039767997e-05
ANKDD1B,2.8758013946106055e-05
LYPD1,2.8753533720975392e-05
GCSAM,2.8750844420559197e-05
PAN2,2.8746802561184186e-05
THYN1,2.8744322624119983e-05
C5orf66,2.872810816541745e-05
GATA4,2.8724059678626825e-05
BBS2,2.8716262642717614e-05
METTL23,2.8699036338054382e-05
ZDHHC20,2.869427527668689e-05
RRNAD1,2.8684050077247967e-05
ADAMTS15,2.868138944208057e-05
TMEM256,2.867603908263526e-05
NEURL4,2.86480365972468e-05
PRPF4B,2.8636590212082287e-05
Z69706.1,2.8631832590930377e-05
HSPA12A,2.862794554856977e-05
DDX23,2.860475345124261e-05
CITED4,2.8593962852733164e-05
RIPPLY3,2.855938429373575e-05
CHD1L,2.855666286408616e-05
TINF2,2.854506309697875e-05
SLC38A5,2.85404163887695e-05
USP27X,2.8538400427203023e-05
HOXC6,2.850287683749861e-05
ALG1,2.849816676188677e-05
CFAP44-AS1,2.849157693325984e-05
AP001160.2,2.8457536475263937e-05
HIST3H2BB,2.8438359796524305e-05
TMEM191B,2.8432249046543725e-05
GM2A,2.842427438128033e-05
SMIM27,2.8418713713255316e-05
C20orf204,2.8406134615717914e-05
PACERR,2.839835607881834e-05
CCDC117,2.8397684048207807e-05
UBE2J2,2.835615144087544e-05
PUS1,2.834677227063725e-05
CRTC1,2.834159995926311e-05
ILF3-DT,2.8341474073990325e-05
CISD3,2.833543379236029e-05
GTPBP3,2.8334989383000708e-05
RFK,2.832230947719642e-05
UTP6,2.8286324658123288e-05
FEM1A,2.8279940757943604e-05
ANKRD39,2.8271877622494484e-05
ATP6V0E1,2.82697672138106e-05
PLAU,2.8268292813507844e-05
B4GALNT4,2.8258030628784248e-05
ADGRF3,2.82574883761924e-05
RAB40AL,2.825532817391126e-05
PPP4R3A,2.825419632021468e-05
ZC2HC1B,2.8222561443036964e-05
TBL1XR1-AS1,2.8220631714791755e-05
EDC4,2.818975856936205e-05
NCBP2-AS1,2.8186112524719747e-05
ASCC1,2.817179736093851e-05
GLOD4,2.8144955088357974e-05
NIPA1,2.8143615571135015e-05
METTL7A,2.8139645150547845e-05
ZNF436-AS1,2.813130247359421e-05
PAIP1,2.812763067253737e-05
JPH2,2.812275240572685e-05
PCDHB4,2.812031712791424e-05
DBR1,2.812027293461724e-05
TIMM23B,2.811085707043304e-05
FMR1-AS1,2.810229909127781e-05
WDR75,2.809737966140473e-05
RBM19,2.808030080870241e-05
KLRG1,2.80800097256934e-05
RGS5,2.80764238841776e-05
SEPTIN8,2.8073939654167227e-05
TMPPE,2.806858188728954e-05
SPATA2L,2.8059444913356997e-05
EHMT2,2.805755937835113e-05
GLG1,2.805069297552817e-05
MFSD14A,2.8037953192332095e-05
AGO3,2.8035266920094244e-05
NUP54,2.800623337525664e-05
DNAJC22,2.800459628224557e-05
PEA15,2.799468015734713e-05
SRA1,2.7989595346535585e-05
DDX52,2.798197108558258e-05
BSPRY,2.796997833862005e-05
CCDC43,2.7968776336053596e-05
SYNE2,2.7967745235769523e-05
AP000845.1,2.793131283051736e-05
FANCG,2.792451022231554e-05
SMIM19,2.7912392866292862e-05
ALDH4A1,2.78942304831309e-05
FAM98C,2.7889341772154245e-05
TRAF3IP2-AS1,2.7880877838958304e-05
FAM207A,2.787533712882445e-05
TAF12,2.7874293586942745e-05
RAB11FIP3,2.7863013157867747e-05
ATP2C2,2.783994441819323e-05
ZBTB21,2.7826412719125783e-05
PARP16,2.7812277259705836e-05
ZNF860,2.780297748099972e-05
C19orf54,2.778789647477109e-05
CDK18,2.777919398329569e-05
MOSPD3,2.776441151355883e-05
KCNAB2,2.7755522377311977e-05
TMEM199,2.774178982799175e-05
WDR18,2.773871362761227e-05
PPP1R3D,2.772880644547288e-05
VIRMA,2.7718993892532336e-05
GATA3,2.7706374195829225e-05
TMEM116,2.770075807874093e-05
PIGP,2.7700279029625105e-05
C22orf39,2.769976148462132e-05
SEPTIN1,2.769961033022933e-05
SPDYE2,2.769458782927814e-05
CBLL1,2.764874380713145e-05
PLBD2,2.764168370883492e-05
TTC6,2.7627484614460687e-05
SNX12,2.762055840705776e-05
DUSP12,2.761336476159825e-05
RMND1,2.7613228415100685e-05
TCF24,2.7604836334765536e-05
NDST4,2.759303764725467e-05
TSTA3,2.7588193253876952e-05
MXD3,2.7586379359966587e-05
B4GALNT1,2.758055827816953e-05
RAB11A,2.757777468542554e-05
ALKBH5,2.756587618742272e-05
GSG1L2,2.756024159120484e-05
OOEP,2.754743300520809e-05
SCAI,2.7544407723959703e-05
APH1A,2.753868131641826e-05
RAE1,2.7532948915091665e-05
AACS,2.7524199018646763e-05
TRIM16L,2.7514335119178387e-05
PROB1,2.750744238523579e-05
CEP44,2.750386406309118e-05
STX1A,2.7486646501117287e-05
NBPF1,2.7485746108193703e-05
PPP2R1B,2.7482323708530025e-05
BCL7A,2.7459029238031496e-05
NEO1,2.7457152794636493e-05
WDR78,2.74518154551084e-05
TNFRSF10A,2.739123260697165e-05
METTL18,2.7385522004297477e-05
TSPAN31,2.737350681698627e-05
SLC16A6,2.73701366109526e-05
ZNF425,2.736876646325003e-05
TRAPPC6A,2.7361567685329383e-05
CHERP,2.735029357565372e-05
ZKSCAN8,2.734869780873625e-05
PRSS23,2.732425402677041e-05
POLE4,2.7299225997201016e-05
DNAJA4,2.7276762544307237e-05
KCNC1,2.7257759688388785e-05
PTGES,2.7243483746996728e-05
LIG3,2.723473016647074e-05
TRMT5,2.721854998271029e-05
FBLN7,2.721533788981449e-05
WNK1,2.721259027496676e-05
ZNF142,2.7212457462203463e-05
KTI12,2.721067055469576e-05
SMCR8,2.720762578586794e-05
RHOXF1-AS1,2.718158117592403e-05
ZNF787,2.7178915718412616e-05
NPIPB7,2.716393652578812e-05
SLCO3A1,2.7163538715825727e-05
KLHL18,2.71585330659338e-05
MAST4-AS1,2.7157029655692003e-05
NDUFAF6,2.714291271302795e-05
PURA,2.7128919498398187e-05
CPOX,2.7127299314595878e-05
ZNF850,2.710985111006071e-05
SOX5-AS1,2.710972948766158e-05
NFYA,2.708275679916402e-05
TCEAL8,2.705757368415778e-05
RWDD1,2.7048145580639634e-05
SCIMP,2.704424956063292e-05
TAF4B,2.702877924064507e-05
ATG2A,2.701903714758272e-05
PLA2G4A,2.701238962530855e-05
GPANK1,2.7011665336739515e-05
CCDC59,2.7004650577352133e-05
SCAF4,2.6982659949177304e-05
HLA-F-AS1,2.6960424726806147e-05
RNF8,2.6927548374707214e-05
ASIP,2.6917515522878323e-05
ZNF101,2.6887018427629043e-05
CEP162,2.688156992376201e-05
DHX38,2.68692982130713e-05
PRKAA1,2.686753970918857e-05
LBHD1,2.6853145063358595e-05
CEP131,2.685081710226184e-05
NYAP1,2.683958718881605e-05
RABEPK,2.6806815074711545e-05
CAMLG,2.680496847204336e-05
CCDC73,2.680225757703415e-05
RABL2B,2.6797889175119525e-05
MIR3142HG,2.678771618323837e-05
SLC29A1,2.6784554978768937e-05
HELB,2.676576194452883e-05
USP21,2.6764196420740404e-05
RIDA,2.6759752193970826e-05
SAV1,2.6756923728656228e-05
ZNF565,2.67500835333978e-05
UBA3,2.6737469988908423e-05
CGREF1,2.672467986230486e-05
ZNF830,2.6719638046540898e-05
VASH1-AS1,2.6691771383242688e-05
CBWD2,2.667760995350761e-05
DNAJB6,2.666730038068908e-05
MORC2,2.66476292639523e-05
PHRF1,2.6642000944835576e-05
PHF13,2.662643688692742e-05
AP001059.2,2.659172972270936e-05
C14orf93,2.651304415304952e-05
SLC29A2,2.649439012670899e-05
NFIL3,2.6491511656585973e-05
MYCBP2-AS1,2.6484447087135752e-05
CBARP,2.6464799262403216e-05
HOXA5,2.6464799262403216e-05
DDX19A,2.6452771261713305e-05
HIST1H2BG,2.644840326561353e-05
TDRKH,2.642552118511185e-05
UFM1,2.6420608371706827e-05
SLC13A4,2.640621583153006e-05
ARTN,2.639523473939368e-05
TMEM30B,2.638941710324826e-05
UCKL1,2.638327268381233e-05
ABHD14B,2.637878850320469e-05
KLC2,2.635846520520184e-05
MRPL47,2.6351595020711053e-05
PPP4R1-AS1,2.635016860041155e-05
FTSJ1,2.6333616762524865e-05
C8orf82,2.6326198115768567e-05
REXO2,2.631757455297534e-05
C1orf74,2.630805037432186e-05
DCAF1,2.6299657336448785e-05
DUS3L,2.6299241554324696e-05
BTBD2,2.629082185137616e-05
NKIRAS2,2.62741282569016e-05
GRB2,2.6268967734697884e-05
HSPB11,2.624874544059411e-05
NAA80,2.624419441665081e-05
UBE2Q1,2.622967321571984e-05
LANCL2,2.6229361460268617e-05
ZNF174,2.6228775123405267e-05
HNRNPDL,2.622279293985765e-05
GJB2,2.6220412790012444e-05
ATG101,2.6188184988564916e-05
CNTNAP2,2.618038203032678e-05
MMP23B,2.6169867984366425e-05
SNHG20,2.6151361508221606e-05
PTGFRN,2.614705584312429e-05
HTRA1,2.6140102568062005e-05
AARSD1,2.613893822305947e-05
PDCD4-AS1,2.6134358245828216e-05
PRR22,2.6131322217147235e-05
HDAC6,2.6125459842070835e-05
CYHR1,2.6116803123318007e-05
LRP6,2.61090901443069e-05
CXorf58,2.6076940130501516e-05
CU634019.5,2.605846342162101e-05
KXD1,2.605713372540894e-05
CNEP1R1,2.6056721105061523e-05
GTF3C2,2.604134470070069e-05
IGLL1,2.6040334993873635e-05
TRIP6,2.603698588122512e-05
LRP5L,2.603640256626516e-05
DUSP2,2.603583281104248e-05
UBE2O,2.602947648676989e-05
MAP3K7CL,2.602117585107242e-05
ACRBP,2.6002890462199226e-05
HMGXB4,2.5998225082237625e-05
MICOS13,2.59789613863288e-05
SNHG4,2.596470675501137e-05
CERS5,2.5952273210566494e-05
PWP1,2.595048169177841e-05
CERK,2.5942162772530013e-05
PPP2R2B,2.59108233019348e-05
WNT6,2.5903262715357484e-05
HPS4,2.5898065896749258e-05
AKAP5,2.58878805378356e-05
ZFP64,2.588687956040071e-05
AREL1,2.587906122741436e-05
KLHDC4,2.585454036837781e-05
GCFC2,2.585143640906693e-05
TNFAIP8L3,2.5849559754858787e-05
PFKM,2.584371347410564e-05
CUL2,2.58382429565844e-05
HES2,2.58202382275884e-05
MIIP,2.581216549049797e-05
LACTB2,2.5801980015568103e-05
ZNF780B,2.579881019755016e-05
ANKRD62,2.5785032277709224e-05
PPIG,2.5781736207292777e-05
TSKU,2.575747866319418e-05
GRWD1,2.575606524953778e-05
JMJD1C,2.574851190658538e-05
C16orf70,2.5744935642211836e-05
MIS18A-AS1,2.569289011096385e-05
MSH4,2.5670508218482363e-05
WDR24,2.5648962422059405e-05
ZNF845,2.5634311055097907e-05
ABITRAM,2.5630393948967757e-05
NPIPA9,2.56141064684368e-05
PSMB9,2.5612393693482245e-05
ZSWIM3,2.560489634532404e-05
DTNBP1,2.5551365784870736e-05
TTC12,2.548411905402448e-05
COLGALT2,2.546383771279919e-05
PPM1B,2.5454728202382265e-05
ZDHHC8,2.54524109302037e-05
WAPL,2.543966871432552e-05
MIP,2.543902213920824e-05
DXO,2.5422869043807584e-05
ODR4,2.5419733305519377e-05
CCDC40,2.5419612195609072e-05
P2RY1,2.540206019084785e-05
MEIG1,2.5395398736429955e-05
ELOA-AS1,2.5394728657466106e-05
BMP7,2.539128747815242e-05
FAM27E3,2.5379424735646057e-05
IL12RB2,2.5372271841573462e-05
LENG9,2.533854688644337e-05
ACTR8,2.529362373342695e-05
LRRC6,2.525951571135173e-05
C1orf131,2.524149535575692e-05
LSM1,2.5230348237396995e-05
DCP2,2.521427267407102e-05
FEZ1,2.521313049051736e-05
CCDC89,2.5184497383604065e-05
DERL3,2.518280345035917e-05
GEMIN6,2.5174095673633742e-05
CDPF1,2.517207243498169e-05
MTO1,2.51640810631618e-05
TATDN2,2.5162599262477275e-05
ITFG2-AS1,2.515208277647135e-05
SPTAN1,2.5151178270664635e-05
TH2LCRR,2.5150803507138973e-05
EAF2,2.514321877312679e-05
CAMK1D,2.514148194933987e-05
DRG2,2.5127510875095813e-05
MBNL1-AS1,2.511974127562948e-05
BMP2,2.5098088175909844e-05
C10orf95,2.5096144502903165e-05
EXOC3-AS1,2.5069966614910445e-05
RNF207,2.5053505605034747e-05
ZDHHC13,2.505190000090267e-05
AGPAT1,2.5050783255230327e-05
AJM1,2.504442366591109e-05
RNF139-AS1,2.502852524294149e-05
ECE1,2.5014480910879985e-05
ACAT1,2.5006194558094337e-05
FBXO2,2.4988924676432068e-05
ITPK1-AS1,2.495965645073692e-05
UBXN8,2.4958791879102612e-05
USP6,2.494985877487396e-05
PSMC1,2.493959129507862e-05
F12,2.49243162069284e-05
RNF40,2.4913877928584093e-05
SLC6A4,2.4895791939692065e-05
UBL7-AS1,2.4895294154592517e-05
ATP13A2,2.488350790587701e-05
SCYL3,2.487287264660551e-05
AP001160.1,2.4864542097860814e-05
LDLRAP1,2.485753408046257e-05
CNPY4,2.485550667554878e-05
SLC9A8,2.4846647035828703e-05
SLC30A1,2.4818295418588503e-05
FN3KRP,2.4814735380626144e-05
FBXL4,2.480255674521472e-05
STAG1,2.479054857920099e-05
UPF3B,2.4788208514043743e-05
ARL14EP,2.4784904973766205e-05
MPHOSPH8,2.478309266833484e-05
USP9X,2.477200224800072e-05
IQCC,2.4766704317912623e-05
AP3B2,2.476636295166004e-05
TBCC,2.475355844623876e-05
GARNL3,2.474746777435496e-05
ZNF713,2.4746645507396785e-05
DLC1,2.472898736870104e-05
ADGRE5,2.4723020908851528e-05
TCHP,2.470915260261839e-05
FLOT2,2.4695298547761365e-05
SNAPC4,2.4672351052616203e-05
QRSL1,2.466639977360532e-05
HMGXB3,2.4662720671990104e-05
GTF2E1,2.465264464268761e-05
TAC4,2.4636138722235656e-05
C1orf122,2.4635125426133815e-05
ICOSLG,2.4633899193521243e-05
INTS4,2.4633724231559265e-05
RBM7,2.462053316680807e-05
LEO1,2.4608237117031216e-05
EPHA1,2.4603993177191714e-05
RUNX1,2.4602842552740222e-05
AP003059.2,2.460245826592996e-05
KLHL8,2.45930998114064e-05
ZNF282,2.4578780858126525e-05
NEK1,2.457794680093964e-05
SVBP,2.4553203417046923e-05
FBXO31,2.4548142516441813e-05
RBAK,2.4541176582061735e-05
THSD1,2.4526964750459027e-05
PHOSPHO2,2.4525192727349477e-05
POU6F2,2.451965354666349e-05
CFAP53,2.4477287114149976e-05
RAD9A,2.447045433121541e-05
PLOD1,2.4419825170717866e-05
SYNJ1,2.4417674957038343e-05
TMED3,2.441524010715876e-05
RPP40,2.4400684250814544e-05
MDC1,2.4393555894498868e-05
TNRC6A,2.438212039416929e-05
NLRC4,2.437283041419966e-05
COX15,2.435059859004891e-05
AGL,2.4316300420464624e-05
ELAC2,2.4291418638236356e-05
ERCC3,2.4289118457709744e-05
SLX4,2.42862165045632e-05
CDIPT,2.4285897113964376e-05
CXCL1,2.4281065337011975e-05
TFAP2A,2.425366994922831e-05
GPR63,2.4242739277024295e-05
P4HTM,2.4242079753558144e-05
TRUB1,2.4221855883396203e-05
LARGE-AS1,2.4217991540620296e-05
HEXIM2,2.420758267964537e-05
LRRC37B,2.4197496755669797e-05
AIP,2.4184664220708912e-05
INO80,2.4183488620642403e-05
CDC42,2.418123421167194e-05
SFI1,2.4170729106274027e-05
METTL2A,2.416164739117394e-05
SIX5,2.4145629021260968e-05
MMADHC,2.414031894540885e-05
GOLPH3,2.413331070575217e-05
MOB1A,2.4132334695212828e-05
CD300E,2.4124068799662834e-05
ARRDC3,2.409962356029809e-05
SZT2-AS1,2.409373651254568e-05
SUSD1,2.406085310810682e-05
COA5,2.403559604509325e-05
AP001453.1,2.40324821265387e-05
REN,2.40315196348976e-05
GTPBP6,2.402299550637274e-05
RALGAPB,2.4022318467471813e-05
RBM3,2.3995799685833652e-05
ZNF691,2.398771894512579e-05
GID8,2.3983629472580096e-05
MPZL2,2.395770514482468e-05
ALDOA,2.3943745014514708e-05
WASHC5-AS1,2.394110045367363e-05
EIF2B5,2.391250145886668e-05
MORF4L2-AS1,2.391136764334021e-05
ATP5PO,2.388625239833019e-05
MATN3,2.387959607970819e-05
MAP4K2,2.387439268695028e-05
BMP4,2.3864965476485632e-05
MPV17L2,2.3851828095119544e-05
PTPRU,2.3822753094926843e-05
AGPS,2.379758830802495e-05
PRICKLE2-AS3,2.3789308419947973e-05
IL4I1,2.378728613397072e-05
BRD3OS,2.375993314505552e-05
SDHAF3,2.3755772299044952e-05
FECH,2.374057979937399e-05
NRAV,2.373428406396074e-05
PLUT,2.373021157104143e-05
KSR2,2.372948057847755e-05
ZNF581,2.372878667379923e-05
ARRDC3-AS1,2.3728327805006247e-05
FGD5-AS1,2.372703533271957e-05
SPTY2D1,2.3715082309244685e-05
SDCCAG8,2.3706024017577105e-05
BX255925.3,2.366983697406511e-05
MDP1,2.3646328584901865e-05
NEXN-AS1,2.361578942086338e-05
EXOSC10-AS1,2.361514623393623e-05
MLF2,2.361464295897288e-05
SNTB2,2.3611833486251044e-05
SHBG,2.359205379236893e-05
MISP,2.358669753034467e-05
FBXL8,2.357723411549358e-05
ZNF512B,2.3562971567679477e-05
EHD4,2.355795606752201e-05
CNIH2,2.353655214444596e-05
ZNF354A,2.35112720743392e-05
SNX30,2.3503895447163252e-05
PIAS4,2.3501250917857053e-05
IFITM2,2.3486832545233676e-05
NHS-AS1,2.3474530329564232e-05
WDR81,2.3457982241108063e-05
NFATC3,2.3449420806311944e-05
GPATCH11,2.3435730118543117e-05
AP001412.1,2.3429164922273465e-05
POMP,2.3423363423411213e-05
NDUFA5,2.3416374549413017e-05
MPP1,2.3402062752820038e-05
FRS2,2.3393157895417266e-05
DGAT2,2.337558702089707e-05
DZIP3,2.3368535490972413e-05
KLHDC9,2.3326434643720443e-05
HINT2,2.3313236744878e-05
AP001469.3,2.3308384313347013e-05
ZNF107,2.3296803130797274e-05
STRADA,2.329509325984524e-05
F11-AS1,2.3284686943644877e-05
BRF1,2.328274815953981e-05
TGS1,2.3262187894918424e-05
CLSTN1,2.3249195555138435e-05
SLC7A14-AS1,2.323631039719011e-05
DMXL2,2.323350766191645e-05
C12orf66,2.3223650484586003e-05
ZNF594,2.321632346134084e-05
GLIDR,2.319050568572945e-05
GAPLINC,2.318497008155033e-05
EME2,2.3176947469531064e-05
CETN2,2.3168366271816776e-05
SNHG22,2.316228005389577e-05
DIDO1,2.3159936737767764e-05
PSEN2,2.315789723408331e-05
PSMD4,2.3136265614550425e-05
DCDC2,2.3134880777718005e-05
RNF34,2.313365940314881e-05
NUDT16L1,2.3126696155140155e-05
MPZL1,2.31078330700193e-05
SMCO2,2.3036665296087302e-05
BMPR1B,2.3034467953359703e-05
ATP5F1A,2.3030804325643325e-05
TMC2,2.301718069391938e-05
ZC3H10,2.298924047038886e-05
HIST1H1E,2.2978542628756943e-05
TMCO6,2.297244165939101e-05
SLC12A4,2.2966310058978543e-05
CEBPA-DT,2.2933765497986992e-05
HMOX2,2.2923089208081308e-05
FAM222B,2.290263651651341e-05
GCNA,2.290209319496027e-05
PAWR,2.290026039038253e-05
ANKRD30BL,2.289650798436152e-05
SETD4,2.288572965327797e-05
S1PR2,2.2877872703710165e-05
STARD13,2.287490029713464e-05
TRIM3,2.285505981096109e-05
CNTF,2.285266130681033e-05
ARIH2OS,2.285016277775519e-05
ITGB8,2.2826007655436016e-05
ERAP2,2.2819917846007957e-05
TIGD1,2.2792639286910797e-05
CKB,2.2783233879616424e-05
YEATS2-AS1,2.277732557791896e-05
ZBTB9,2.275806559307452e-05
ACTR5,2.275259499871384e-05
ASIC3,2.2750974841009457e-05
BIRC2,2.274953176711781e-05
ZNF786,2.2740237874145724e-05
CHN2,2.2733613169000563e-05
IPO8,2.2728737334471508e-05
INPP4A,2.2718882214845947e-05
SOX30,2.2715105458171728e-05
PTCD2,2.2707832847113e-05
UBAC2,2.2697012162544107e-05
CFAP47,2.2695810240105856e-05
CCNT1,2.2686169646381316e-05
OTUD6B-AS1,2.267224111915106e-05
MIR155HG,2.266232954766858e-05
UBXN2A,2.264581082497921e-05
C6orf136,2.263746583266414e-05
B3GNT9,2.2633688678325123e-05
UBE2D1,2.2621813771974617e-05
VCPKMT,2.2596008353184293e-05
CAPN10-DT,2.259583104906101e-05
HSBP1L1,2.2590829420614715e-05
UNC50,2.257823511467888e-05
GIHCG,2.2569500346006164e-05
MEX3D,2.25656860093876e-05
SLC39A13,2.2541497906948185e-05
TSPAN17,2.25297142996458e-05
ASB7,2.2525821417000057e-05
PI4K2A,2.249994926117238e-05
C15orf41,2.2459961690557544e-05
MAT2B,2.2457645717130487e-05
ZNF330,2.245149094513229e-05
FUT8,2.243736544938938e-05
GAL3ST2,2.243725650433677e-05
COMMD2,2.242320671635039e-05
ZNF852,2.242219892201174e-05
SERPINI1,2.2387252662058848e-05
COG4,2.23719003469982e-05
PPP1R3F,2.236699365518192e-05
PFDN1,2.235153341621871e-05
LLGL1,2.2335064721820956e-05
ZNF100,2.23264837740213e-05
PGF,2.2316989638443505e-05
YARS,2.2299986491369784e-05
ASF1A,2.229339206233649e-05
ASB13,2.2273172960228095e-05
ERVMER61-1,2.22589511462012e-05
FICD,2.223675942361356e-05
SP2,2.222983963828853e-05
ZNF696,2.2227039877855903e-05
FKBP14,2.222478119620594e-05
RPIA,2.2217671993542264e-05
SNF8,2.2208408346900044e-05
SETD1B,2.2199335954542264e-05
FMC1,2.2196388785220146e-05
NOL12,2.217833418745109e-05
CHMP4A,2.216729594533816e-05
CIITA,2.2165630441196205e-05
LRRC19,2.2153278689057867e-05
MTRES1,2.2120344353317167e-05
CCR10,2.2118059866331053e-05
ENTPD1-AS1,2.2073534200778055e-05
FAM32A,2.207225907918629e-05
CAP1,2.2057649125813376e-05
KATNAL1,2.2054898407919747e-05
KRT8,2.203487889020202e-05
C9orf147,2.202364677622421e-05
ABCC2,2.200552915316865e-05
EPC2,2.200045723205061e-05
DLG3,2.199951585879442e-05
TSPEAR-AS1,2.1999185421622704e-05
ENPP1,2.199713595846739e-05
USP45,2.199612881612493e-05
PKD1,2.1974341761121004e-05
KCNK3,2.196861387562679e-05
FAM222A-AS1,2.1953328131535227e-05
C1orf174,2.19421379178858e-05
L1CAM,2.1936098902770676e-05
LUC7L3,2.1922175354202338e-05
OXA1L,2.191040530956877e-05
PRSS27,2.190033484081724e-05
Z95115.1,2.186894504169965e-05
ABHD14A,2.1867493175298653e-05
NOTCH2NLA,2.1855977413241245e-05
PLA2G15,2.18532106152122e-05
TAF8,2.184866145553925e-05
BCAP29,2.182838149154668e-05
HIST2H3PS2,2.177578204107209e-05
MMP21,2.177254676474481e-05
RP2,2.175938476808905e-05
SBF1,2.175271813191564e-05
EIF6,2.175247265595304e-05
PKDCC,2.1745921525641812e-05
ZNF771,2.1706236718177485e-05
CEP89,2.170269812413646e-05
IKZF3,2.1694649703026248e-05
IKZF4,2.169269467801594e-05
SARAF,2.1686280704824177e-05
CEP70,2.168180303483152e-05
KCNMB3,2.1681119943323463e-05
LRP2BP,2.1647405797441038e-05
FAM53B,2.1643819928753425e-05
ENPP5,2.1638484618243384e-05
GLRX3,2.160381904922573e-05
SLC33A1,2.1600127788832243e-05
PATZ1,2.159846707899044e-05
AP005482.3,2.159540978946825e-05
DDA1,2.159404506304622e-05
ANKRD36B,2.1552605298326577e-05
SRP72,2.155061134042432e-05
CDC23,2.150997406277199e-05
IRF2BP1,2.150825219444609e-05
MYCN,2.149105388579758e-05
CLDND1,2.148441502917797e-05
SAP30L,2.147571920991174e-05
CABLES2,2.1450451387042425e-05
FAM149B1,2.1448390670828463e-05
FAM71D,2.1442949212564533e-05
TRPT1,2.143899013676236e-05
XPO7,2.1438947556578933e-05
NAAA,2.143681806127601e-05
RANBP2,2.1413083077293244e-05
PLPBP,2.139032027701902e-05
THAP4,2.13797378373766e-05
SLC66A3,2.136709446096997e-05
CTF1,2.13593513613678e-05
FUZ,2.134273622766927e-05
MPRIP-AS1,2.1342467813178925e-05
UBE2A,2.1328503334350985e-05
GTPBP8,2.1317561021359603e-05
LZTS2,2.1308773343124127e-05
THUMPD1,2.130521628550201e-05
TRIM68,2.130016561957041e-05
CLSTN3,2.1297236097797108e-05
SVIP,2.128437466207027e-05
ARNTL2-AS1,2.1278740575433628e-05
KATNBL1,2.125935878684044e-05
SLC34A2,2.124987096710588e-05
CFAP300,2.1242789428693877e-05
FBXW2,2.123638809571078e-05
USP36,2.1215072390954135e-05
REXO1,2.117694455763047e-05
TFAP2E,2.1168497041470395e-05
CCDC175,2.115560815313398e-05
CLUAP1,2.114625699100793e-05
GGCX,2.11341904822458e-05
WNT11,2.1117208546600847e-05
MED8,2.108845781335847e-05
SCAMP1-AS1,2.106657895363913e-05
YTHDF3-AS1,2.1065005874073206e-05
TAF4,2.103245178618875e-05
PSMB7,2.1027060780980293e-05
RAB29,2.1021196294397136e-05
NDUFB3,2.1005904078266592e-05
CCDC115,2.1003817261931017e-05
KLHL17,2.099686239232848e-05
HDGFL2,2.0992641028612023e-05
CANT1,2.098259027455426e-05
STAMBP,2.0978554302145336e-05
JAKMIP2-AS1,2.0963846360521105e-05
BLOC1S2,2.0951329313400432e-05
CHPF2,2.094351074490916e-05
SLC12A3,2.09434343362012e-05
TCEANC,2.0897359944852038e-05
TXNL1,2.085645193364973e-05
HYAL2,2.0834983931950185e-05
PPP4R2,2.082528112244451e-05
TMEM37,2.08237549896348e-05
AP5S1,2.081106044983209e-05
MED6,2.080022532624504e-05
FBXO24,2.0799813189102e-05
MAN1A2,2.0785326561047377e-05
RNF44,2.075928401653008e-05
TUT4,2.07448370645624e-05
SPDYE5,2.0741132738957043e-05
ZMIZ1-AS1,2.0733835855495268e-05
KLHL31,2.0729170903205217e-05
PATL1,2.072744903234936e-05
NFYC-AS1,2.072686722151749e-05
CARM1,2.0716688290613336e-05
DHX15,2.0708117544878696e-05
ZBTB45,2.0708065904820232e-05
ARL6,2.070434328432436e-05
RABGAP1,2.0687468678910423e-05
TIFA,2.067364689320552e-05
RAB25,2.067245084668806e-05
M1AP,2.066077477820181e-05
VPS26B,2.0652696877896844e-05
ELOA,2.06508843240939e-05
C16orf87,2.0645371103328476e-05
AP003110.1,2.0636525214533923e-05
MARCH3,2.0618789353473134e-05
RFX5,2.0594341878767727e-05
PTCH1,2.0584771891158103e-05
BRAP,2.058093545705674e-05
ANKRD9,2.057776518018679e-05
CCDC78,2.057196286232785e-05
EEF1AKMT3,2.0571725494722007e-05
DCST2,2.056329426038109e-05
IRS1,2.0562781081183148e-05
AP001462.1,2.0556796906281057e-05
SLC25A4,2.0555013841120045e-05
CIRBP,2.0542744485975863e-05
EXOC8,2.053978010886662e-05
RNF113A,2.052772167246811e-05
ANO10,2.05259280194061e-05
DPCD,2.0523273983337625e-05
SHISAL2A,2.0514865111882868e-05
SLC35E1,2.0489870317908985e-05
FLACC1,2.048892006386116e-05
DIRC3-AS1,2.048396319527566e-05
ATPAF1,2.047975539429395e-05
ZNRF1,2.0475230276233503e-05
SMIM41,2.0474247099968743e-05
DICER1-AS1,2.0469864913436583e-05
KBTBD4,2.0450836833677964e-05
RNF6,2.044654877876193e-05
TPBG,2.0446223616974825e-05
ZNF428,2.0443768326203536e-05
TRMT61B,2.0434318800272945e-05
OMG,2.043289799485828e-05
SLC17A5,2.041980788835863e-05
SLC37A2,2.041936831661317e-05
GYG2,2.0416884305239267e-05
POLB,2.040916763579204e-05
TMEM219,2.039650265153753e-05
FFAR4,2.039444443566942e-05
MVK,2.0388530220839404e-05
MAK,2.037421568696029e-05
NDUFA9,2.0359710982868187e-05
HPD,2.0359359515842484e-05
MNT,2.0352925706782937e-05
LRRC40,2.034844275411945e-05
VIPR1-AS1,2.0331682784041422e-05
AP001831.1,2.032821462637915e-05
UCP2,2.031095926663991e-05
NPW,2.0288920295246296e-05
CCDC163,2.025372081226561e-05
S100A13,2.022316567119365e-05
PPOX,2.0218504986556584e-05
ACTR1A,2.021327065878308e-05
DDN-AS1,2.020389916078457e-05
UBFD1,2.019743838610902e-05
RGP1,2.017954889520136e-05
ATP8B4,2.015980689907881e-05
PI4K2B,2.0157799418779543e-05
STK32A,2.0120501101267293e-05
RFESD,2.0117211648970587e-05
SYTL4,2.008909211575753e-05
GOLGA7,2.008454664463401e-05
GCLM,2.0082455346674895e-05
CD70,2.008094486639282e-05
ATXN7L2,2.007883511801244e-05
HIST2H4B,2.0061225156753708e-05
EGFL8,2.006109928412045e-05
CCNB3,2.005677520135877e-05
C9orf116,2.005178291800497e-05
OR3A3,2.002581588172551e-05
SMARCB1,2.002443573182324e-05
CZIB,2.0020278897819672e-05
C1orf210,1.9985925770638595e-05
ENTPD7,1.9984453480795253e-05
KDM5C-IT1,1.9972868386622736e-05
CCDC85B,1.996999359144359e-05
INE1,1.994487693162105e-05
CEP19,1.993980246435412e-05
ADIPOR1,1.993708717161892e-05
PDP1,1.9922890356927895e-05
PPTC7,1.991117566210589e-05
RORA-AS1,1.989270162474397e-05
CRYZ,1.988371356438732e-05
POLR3A,1.988367571052072e-05
P2RY11,1.987822900571493e-05
POGLUT1,1.9869990352896403e-05
CRIP3,1.9864102891879832e-05
SYNE4,1.9859444454884095e-05
TPM2,1.9847350514362843e-05
TRPC4AP,1.98220422427815e-05
PDCD2L,1.981906111864165e-05
ING2,1.981712477899505e-05
PLXND1,1.9802250960522736e-05
BLOC1S5,1.980011877309893e-05
BANK1,1.978216041381146e-05
EBLN2,1.977731342889923e-05
OGFOD2,1.9774215810077254e-05
AP003170.3,1.977282109525294e-05
ZNF664,1.977025508430892e-05
NOS1AP,1.976880389845965e-05
DNAJC6,1.976064736851721e-05
YY1AP1,1.974401244570889e-05
DHPS,1.973891392955476e-05
DCDC2B,1.9719353536513374e-05
SYCE2,1.9710378154688376e-05
XAB2,1.9708109246643848e-05
GYG1,1.9698805696344528e-05
ZNF550,1.9688170567140163e-05
DMAP1,1.9678651318879388e-05
OVOL2,1.96478266248402e-05
CACNA2D3-AS1,1.9647053808362758e-05
STARD10,1.9643418908899022e-05
GLUD1,1.960665699375002e-05
ANGEL2,1.960482373012298e-05
DECR2,1.959520462171098e-05
DGCR6,1.959515358678604e-05
ARHGEF10L,1.95928464843038e-05
TTC4,1.959159530271983e-05
PID1,1.9589890365241687e-05
TIMM17A,1.958814125638598e-05
INTS8,1.957542514149613e-05
MED18,1.9574358103198908e-05
JADE2,1.957248575210097e-05
CX3CL1,1.957020651699513e-05
GABPB2,1.9563433412595915e-05
EMP3,1.9561807689069135e-05
MAMSTR,1.9557836739937567e-05
SCOC,1.9556605833041727e-05
E2F6,1.955331717368217e-05
NTHL1,1.954950780152668e-05
OSBPL5,1.9537569017325824e-05
SLC10A4,1.953227842431717e-05
PCCB,1.9530314120652555e-05
HAVCR1,1.953016308555941e-05
RAB5C,1.9527022957121336e-05
TTC31,1.9518859461936704e-05
VDAC2,1.9495852910534512e-05
GRN,1.948802295714045e-05
FPGS,1.948225791210377e-05
FZD2,1.9482230719174296e-05
BCL2L13,1.947505246393321e-05
GALNT1,1.945624963582934e-05
TADA3,1.9451679817012414e-05
GPR65,1.944752164332273e-05
WDR37,1.9440211709024383e-05
IFITM10,1.941273521130239e-05
IFT52,1.9407194320800196e-05
SETD9,1.9406928667930557e-05
ABCC4,1.940564108120847e-05
TMEM161B,1.9399992658824044e-05
ASPHD1,1.9396653810911e-05
KDF1,1.938919236493894e-05
B3GALNT1,1.938778143785032e-05
STK24-AS1,1.938616545085317e-05
GSR,1.9383046478026357e-05
FAM78B,1.937588762580639e-05
GAPVD1,1.9374314210055707e-05
HNF4G,1.937419529584868e-05
CCDC90B,1.9357991136972836e-05
HESX1,1.9355127688259915e-05
UNC119,1.933637244595006e-05
RAB11B-AS1,1.9325651952348616e-05
PAX9,1.932108827448813e-05
CRBN,1.9317891016328863e-05
RGL1,1.9313370827266537e-05
COCH,1.930978793602914e-05
ZNF319,1.9308552045479783e-05
RNF126,1.9306456330083768e-05
GFOD2,1.928978143094525e-05
INTS5,1.927948113736662e-05
TAF1,1.926876993910171e-05
KCTD19,1.923806874933378e-05
PRR4,1.922205295087964e-05
PPP1R14B-AS1,1.921691837234376e-05
G3BP2,1.9215262296992372e-05
UIMC1,1.9203041158268023e-05
AP003352.1,1.917773197840848e-05
VPS4B,1.9152160505114806e-05
DENND10,1.9151566412148883e-05
GAS7,1.9143834598811376e-05
ALKBH3,1.913053715689968e-05
SNHG31,1.9129485716503875e-05
CHD1,1.91265792924338e-05
ZNF697,1.9121687967002836e-05
SLC52A3,1.9096404445893783e-05
AMIGO2,1.909265455228032e-05
KIAA1257,1.908807842703642e-05
C1orf147,1.9081495298340908e-05
LRRIQ1,1.907445418573416e-05
S100A3,1.9056240048163044e-05
PFN4,1.904860408498115e-05
ZMAT2,1.904190165992498e-05
DESI1,1.902730499434368e-05
TRIM45,1.9024917454396196e-05
RTN4IP1,1.9010953560364505e-05
CENPBD1,1.8997382270554635e-05
KEL,1.8984744780177184e-05
DCAF12,1.8977272462093524e-05
PSTK,1.897413277145768e-05
TSPAN7,1.89657017781453e-05
IQCH-AS1,1.895872231205305e-05
MED16,1.89586435789372e-05
USP22,1.895072439146129e-05
RFX1,1.8938401177557368e-05
GCA,1.8917501168040928e-05
IFT57,1.891361582061454e-05
ZNF69,1.8905180496335295e-05
LPP-AS2,1.88893067071886e-05
SLC25A33,1.888776200748032e-05
LRRCC1,1.887875598364616e-05
VPS37C,1.886450166997116e-05
C5orf38,1.886136730212561e-05
STK16,1.883872980370366e-05
EAF1,1.8831793341362307e-05
POLR1A,1.882517790544568e-05
TBPL1,1.8802516239914976e-05
SP1,1.8799890881536667e-05
TMEM216,1.8790381309474712e-05
LRRN3,1.878747701210457e-05
ZNF93,1.872961047204093e-05
BGLAP,1.8727883635871826e-05
ARAP3,1.8724563282934214e-05
AP002851.1,1.8702543371706924e-05
THOC2,1.8694032768385987e-05
DZIP1,1.8675434479237605e-05
ST7-AS2,1.8663180113742803e-05
HIST1H3J,1.8651157830768496e-05
C17orf78,1.864256509352261e-05
GABARAPL2,1.864097574660912e-05
ST3GAL6-AS1,1.862370483613025e-05
SMIM25,1.8607325498297755e-05
GAS5-AS1,1.8599174264210937e-05
ADAMTS8,1.85886812550195e-05
HCG18,1.8579372477744767e-05
HIF1AN,1.8579090159070727e-05
GNAI2,1.857283684882548e-05
PLPP5,1.8565331130623293e-05
PJA1,1.8542311992581587e-05
RBP5,1.8530550506565037e-05
ARID5B,1.8518025915223297e-05
KLHL21,1.8464893990224417e-05
WRAP53,1.84611391250292e-05
MRPL1,1.8453146014061933e-05
CPA6,1.84509680351762e-05
TAF1A-AS1,1.8449019044072884e-05
SLC5A12,1.843176679991356e-05
SPDYE3,1.8429170054440157e-05
CTCF,1.8422716361102044e-05
ZC3H4,1.842234231262154e-05
SPAG1,1.8401617340781097e-05
HYKK,1.838204294947897e-05
DDR1,1.83756332486939e-05
IMP3,1.8374947481022687e-05
C16orf46,1.8372242644913456e-05
FJX1,1.835736053293252e-05
DLGAP1-AS2,1.8337877830507737e-05
SERPINH1,1.833123188962236e-05
CARS2,1.8328760374395275e-05
NAV2,1.8319858784075484e-05
NMNAT1,1.8309514922874607e-05
DDTL,1.8306944429321112e-05
AMZ2,1.8294036089150285e-05
RHOD,1.829262446437316e-05
GPR157,1.8274042745286404e-05
STARD9,1.824865129782892e-05
CXCL3,1.824178446504028e-05
HBS1L,1.8236279085285104e-05
ECM2,1.8222988671828497e-05
ALDH16A1,1.821741325773122e-05
DRC3,1.8215318144246347e-05
BX004987.1,1.81959760344782e-05
OPN3,1.8182927289495677e-05
TRMT10A,1.8182276558713813e-05
KPNA6,1.8180646036246728e-05
TUBE1,1.8172749273328957e-05
TPCN1,1.817072312748381e-05
SLC2A11,1.815962246503511e-05
CCP110,1.8138678549237182e-05
FAM168B,1.812299008835629e-05
LRFN3,1.8109096915439502e-05
GTF2H4,1.810798829475554e-05
CLDN20,1.809883536895833e-05
HDLBP,1.808135693253548e-05
MLLT10,1.8066093175830247e-05
DPH3,1.8063235260821982e-05
THNSL1,1.8051619154549395e-05
CRNKL1,1.804546533544904e-05
AP002807.1,1.8030697416459824e-05
TMCO1-AS1,1.8023561278156968e-05
C1orf52,1.800882948449983e-05
INTS13,1.800608032221455e-05
RCN3,1.7986038148480167e-05
PPIC,1.7985423022704805e-05
TRAPPC5,1.7983165971599227e-05
TBC1D12,1.7980253226068468e-05
FAM162A,1.797222403294787e-05
LHX1-DT,1.797004454087553e-05
TECPR2,1.7967102457511367e-05
IGHMBP2,1.7958126164032414e-05
SPAG5-AS1,1.795359709628711e-05
ALKBH2,1.794202691899601e-05
OSTC,1.7933825645744068e-05
GPR135,1.7932435322616225e-05
TCEA1,1.7926736544674268e-05
PSPN,1.7905881309369326e-05
PRPF40B,1.7899842603156515e-05
ZNF45,1.7895493836279558e-05
RNF7,1.7886574233645946e-05
TMEM128,1.7874803349733045e-05
ADCY1,1.787156812860538e-05
GCDH,1.786264877927871e-05
IRX5,1.7860451840951754e-05
SCHIP1,1.7857764716663896e-05
TRIB3,1.785197994024698e-05
ZFPL1,1.7849991781122202e-05
ATP2A1-AS1,1.7818827081730277e-05
AGTRAP,1.7817230443860157e-05
CREB3,1.7799627576584775e-05
ZFP69,1.7791640551313895e-05
VMAC,1.7782751612906838e-05
ILK,1.776310951139615e-05
PYGL,1.7736888345788126e-05
LIPT2,1.7733298344510414e-05
PACS2,1.7723787724529292e-05
FBXO7,1.7719776849532992e-05
BPGM,1.771151654040583e-05
MOAP1,1.770343507357917e-05
DAZAP2,1.769527518750558e-05
NRDE2,1.768451971478192e-05
PPP6R1,1.766461743802475e-05
DHX8,1.7649305199461047e-05
PIBF1,1.7630620266228386e-05
RNF187,1.7622849436880296e-05
AGAP1,1.757478963932611e-05
GNLY,1.756860539961762e-05
MORN3,1.7510669184591973e-05
MRPL43,1.750816920303316e-05
NTMT1,1.7502519460006808e-05
PIWIL4,1.749716134698549e-05
HAGHL,1.7495413937480437e-05
DUSP14,1.747596299679943e-05
ORMDL1,1.7445827631218292e-05
TAS2R31,1.744533139534396e-05
ALMS1-IT1,1.7436803261776512e-05
RGL4,1.7436655647502216e-05
EIF4E,1.743572460263102e-05
ZNF385A,1.740339239256009e-05
PACC1,1.740155087104226e-05
SNHG12,1.7366691701884565e-05
ADAMTS6,1.7361289179771165e-05
SGCE,1.735542301834753e-05
TTC25,1.735009434633247e-05
METRNL,1.734346029041509e-05
ALOX12,1.733564847629277e-05
RIC8B,1.733114213038641e-05
ARIH2,1.731763737708852e-05
GRPEL2,1.7286728177921895e-05
TTBK2,1.728497744397027e-05
OXLD1,1.7280867329243057e-05
USF2,1.727121977720333e-05
GTF2F1,1.7257630765797982e-05
ACOT8,1.7223982077202117e-05
STK11,1.7209661766924676e-05
CEACAM19,1.7209090355759405e-05
FBXO15,1.7197641776129847e-05
ATAD1,1.7174829757903458e-05
WDR93,1.7164326252503112e-05
PODXL,1.7158711343001878e-05
STARD7-AS1,1.7157851122179434e-05
ZNF669,1.7155518285715205e-05
C5orf46,1.7142110336625578e-05
PUDP,1.7139413667021017e-05
ZDHHC1,1.7123174636233553e-05
ATF2,1.712216038375483e-05
ANKS4B,1.707488138722776e-05
WNT7B,1.7065050284105957e-05
DCST1-AS1,1.7035433673645692e-05
MSANTD3,1.70351718324175e-05
SLC12A9-AS1,1.702970262115279e-05
RHBDF2,1.7023021627648795e-05
ARL6IP5,1.6959343761346962e-05
GSDME,1.6951081378669856e-05
LMNA,1.6940830535499807e-05
ZNF764,1.6926480304399402e-05
FAM76A,1.691153255659818e-05
RHOU,1.6911396676456576e-05
ACAD11,1.6909808878593958e-05
SCAMP5,1.6903986582866676e-05
TCF7,1.6893444146968907e-05
PODNL1,1.6891548427910895e-05
AP001029.2,1.6889244054857744e-05
FUCA1,1.687572466963248e-05
ZSCAN22,1.686535073122632e-05
ARMH4,1.6856505732302715e-05
RNF31,1.685382448672537e-05
NBPF19,1.684006528564016e-05
SULF2,1.6835361887634518e-05
RBCK1,1.6833145365063675e-05
ARNTL,1.68260690858918e-05
SLC18A2,1.681355668316832e-05
TBCA,1.6807615964385153e-05
WDR25,1.680116597093994e-05
OGFR,1.6792294233016282e-05
DDI2,1.6771367237493635e-05
CPSF1,1.6737423280080893e-05
OSGEP,1.6727566305480192e-05
DEPDC4,1.6722167067872886e-05
FADD,1.6715003464565828e-05
ZNF541,1.6700005845662204e-05
PPIP5K1,1.6692427182233104e-05
ZNF510,1.6688888909705758e-05
AIMP1,1.668686349791592e-05
AP000704.1,1.668355930479159e-05
TXN2,1.6679264112732987e-05
NUDT6,1.667915399028015e-05
NAALADL2-AS3,1.6672315197789014e-05
GUF1,1.667189314266858e-05
DHTKD1,1.6670439115662907e-05
DAGLB,1.6669961069439393e-05
AP000253.1,1.6648876558910682e-05
TMEM198,1.6642094649813175e-05
DUSP19,1.6640900211397362e-05
ANKRD40,1.6625197562996952e-05
DCXR,1.661565381357937e-05
PRR7-AS1,1.6604636023282647e-05
ST7-AS1,1.6594534383044435e-05
MRPL55,1.658487754046077e-05
RBM43,1.6566053160515266e-05
DYNC2H1,1.656482102699373e-05
SMC5-AS1,1.6560666193750058e-05
TRIM27,1.6542864974665127e-05
C16orf86,1.6529827058898195e-05
ADH5,1.6518682509467962e-05
SIAH3,1.6516913774388762e-05
FAM204A,1.6500476376446856e-05
THAP9,1.6487471266419294e-05
SCAF1,1.6482327099803985e-05
MANSC4,1.646480071023362e-05
MOCS3,1.646295287542732e-05
NIPSNAP2,1.64602511496746e-05
MCM9,1.6446711356020094e-05
DARS,1.6443478164204526e-05
PRIMPOL,1.6441801923220076e-05
SRP19,1.6429153518719128e-05
PAK4,1.6416844377328813e-05
TXNDC16,1.640966149864628e-05
GRAMD1B,1.6407381012662163e-05
SCAMP2,1.6393943498361606e-05
CCDC167,1.6375685971614155e-05
TRRAP,1.6372375155738667e-05
LBH,1.635957785323473e-05
THSD4-AS1,1.635093842705021e-05
SEC16A,1.634474471854391e-05
IAH1,1.6341880423274692e-05
BDNF,1.6332748594828953e-05
C11orf65,1.6319452298875454e-05
VPS11,1.629626101408468e-05
ALOX12-AS1,1.6280560184843777e-05
WDR70,1.6269698967026276e-05
HOXB3,1.6252745201880004e-05
SOCS6,1.6238118396822873e-05
TESK1,1.6233916007425427e-05
P3H2-AS1,1.621642778304607e-05
SEPTIN7-AS1,1.6210678320314075e-05
VPS9D1-AS1,1.618741761069126e-05
CFAP43,1.618525223230814e-05
MPC1,1.6167137038062463e-05
ALX4,1.614387638408671e-05
MCOLN2,1.614183625276908e-05
SPOUT1,1.6127660617879868e-05
FSCN2,1.611798972781461e-05
TLK1,1.610085286559977e-05
KCTD20,1.6099091205275933e-05
SNX18,1.6098271576385868e-05
PRKAG1,1.608825890383654e-05
SUMO4,1.608256033472018e-05
CHMP3,1.60775626924549e-05
ZCCHC14,1.6077552518088277e-05
STAC3,1.6060204510258492e-05
CRYBG3,1.6052260888257312e-05
PRRG3,1.6050786997253733e-05
C2CD2L,1.6049542049940715e-05
PSD4,1.6020579481604214e-05
SLC39A6,1.6016010629487427e-05
LRIT3,1.6005419770911814e-05
HDAC10,1.5996472681265772e-05
SUFU,1.5990913701057707e-05
ZFAND4,1.5989617674257315e-05
ANKRA2,1.59773121806412e-05
PGAM5,1.5962370565320068e-05
PTGES3L,1.5942438880124518e-05
CNPPD1,1.5942213974729785e-05
BACH1-IT2,1.5933474007829605e-05
MIPOL1,1.5928732751373745e-05
EID2B,1.5928707461056955e-05
CCDC113,1.592472554635416e-05
ILKAP,1.5906178309181734e-05
IDE,1.5888550583494762e-05
CFAP45,1.588549122369459e-05
GGPS1,1.5883443752594563e-05
ADAR,1.588086482813397e-05
TTLL4,1.5862067777583596e-05
VWA8-AS1,1.5853549511491586e-05
NPIPB9,1.583260960785919e-05
A1BG-AS1,1.5818181349829966e-05
AF228727.1,1.5809565610979687e-05
ESPN,1.579815782432056e-05
ZNF197,1.579027964767177e-05
FAM200A,1.577360130848149e-05
AF129075.3,1.576396262728936e-05
SLAMF8,1.5739752073618727e-05
TMEM240,1.573731267969526e-05
BOLA1,1.5718969408917425e-05
TMTC3,1.5690667236536693e-05
DHX16,1.568804754369014e-05
ORAI3,1.5667028280531008e-05
UBQLN2,1.5660040901380718e-05
PLLP,1.5655075453684636e-05
ACKR1,1.5653786296084776e-05
GLIS2,1.56450786190191e-05
AP000766.1,1.5641366287018872e-05
LARS2-AS1,1.5639578852746827e-05
TSPAN13,1.563936360644866e-05
FAM53A,1.5611338227258402e-05
SWSAP1,1.560633139842493e-05
TSPAN3,1.557800549035374e-05
HAPLN1,1.5560777775927837e-05
CFP,1.5552673760498693e-05
CCDC183-AS1,1.554908259803105e-05
PPP1R11,1.5532015737378333e-05
ZNF800,1.552794597561999e-05
TMEM120A,1.5525708371704554e-05
ALKBH4,1.5523476207114866e-05
CASP6,1.5494139877313357e-05
SCHLAP1,1.549134674581877e-05
AGTPBP1,1.549083681580183e-05
NR2F2,1.547842056261237e-05
BRMS1L,1.5461867306012517e-05
VPS26A,1.545924233366232e-05
RLF,1.5441726707996822e-05
USPL1,1.5434066964401036e-05
GLYR1,1.5427551693423645e-05
DHX37,1.54034065971436e-05
PHF3,1.539808057919705e-05
DHRS4,1.5391664586510216e-05
CHRNA10,1.5391578621853504e-05
HYI,1.5380642768286505e-05
TNNC2,1.537720924071502e-05
ZMIZ2,1.5372095748359617e-05
STRA6,1.5367520687559896e-05
RECQL5,1.5365428844247385e-05
ANKRD42,1.5349666590396337e-05
CPB2-AS1,1.5319507024436803e-05
KLRC3,1.531723773074656e-05
SLC4A11,1.531656783171054e-05
ROBO3,1.5316509891545897e-05
DSG2,1.531256004474373e-05
TUBB6,1.5291307031297975e-05
ZNF649,1.5264340832317212e-05
RFXAP,1.526124036244867e-05
MAS1,1.5260865584539652e-05
NOX1,1.5258886330950063e-05
IL1RAPL2,1.5250146937664743e-05
MPG,1.5250085303809651e-05
ACTN4,1.5245784684315382e-05
HLA-DMA,1.524372549093911e-05
GSKIP,1.5240820138128473e-05
GNL1,1.523487078748408e-05
RBSN,1.5224220685009514e-05
VPS33B,1.52182232128686e-05
GSK3A,1.5217544101469651e-05
CERNA1,1.5214630922651602e-05
ATXN1L,1.520840911869022e-05
TMEM129,1.5196909319261685e-05
RAB3A,1.5179761552430953e-05
CWC25,1.517915292430158e-05
LYRM1,1.5173905863478211e-05
SVIL,1.5171084610333572e-05
ZBTB33,1.5168925189661402e-05
GALK1,1.513418862977308e-05
DHDDS,1.5101626562446867e-05
SNUPN,1.5078122244729354e-05
ERCC6L,1.5073602796393645e-05
CENPV,1.5043749552333958e-05
KDELR3,1.5039361884337614e-05
ZXDB,1.502705736378237e-05
FNDC5,1.5009987251855995e-05
GADD45A,1.5000289231920232e-05
CCDC102A,1.499867245586557e-05
DDX5,1.4995147903251666e-05
SLC38A2,1.4993946928521936e-05
POU5F1B,1.4979351055106678e-05
ARF3,1.496558181084467e-05
ETV3,1.4964253935943092e-05
SKP1,1.4961699775428372e-05
ZSCAN32,1.495020070677638e-05
CTNNAL1,1.4916755437544531e-05
GCAT,1.4901047737398556e-05
DNAJA2,1.4894744738945784e-05
UBA5,1.4884368410054704e-05
CLCN2,1.4865868714340778e-05
CBWD3,1.485923268843224e-05
TFCP2,1.4848680883757898e-05
RHBDL1,1.4846807030634148e-05
PTPDC1,1.4836142311020078e-05
ZNF335,1.4835706807128248e-05
SNAPIN,1.4827683674553789e-05
ZBTB7A,1.482041701176124e-05
ZBTB8OS,1.48127570773533e-05
EFNA4,1.4812536766920714e-05
SC5D,1.4797383255622075e-05
ZNF525,1.479131905216732e-05
AP004609.3,1.4783762302906756e-05
COTL1,1.4782409267933212e-05
ATXN2,1.476267587749277e-05
SDF2,1.4761742684619944e-05
MRNIP,1.4760044616799824e-05
EDA,1.472773025282195e-05
BIN1,1.4712766761434806e-05
RBM26,1.4710216104551322e-05
SAFB,1.469612799065971e-05
HSDL2,1.4674598420526837e-05
METTL17,1.4639658676893937e-05
DELE1,1.4626585852822825e-05
KCNG1,1.4619495706364787e-05
HAUS4,1.4606423193731969e-05
SLC15A4,1.4591351241019608e-05
GBP4,1.4591264455031258e-05
CFAP44,1.458318538117977e-05
PRPF3,1.4578289884718069e-05
OSGIN2,1.4561109558632687e-05
TMED2-DT,1.4542885960163755e-05
TAMM41,1.4535367329704355e-05
MARCH4,1.4526394255544386e-05
ANKS3,1.4522045645846138e-05
TMEM176A,1.450766351544754e-05
AP002748.6,1.448356891462987e-05
HOXA4,1.44769399917048e-05
DKK1,1.4467485874497617e-05
TAS2R30,1.4465025869893545e-05
ASMTL,1.4443702948076406e-05
KDM4A-AS1,1.442692046393483e-05
BET1,1.442658872844658e-05
OTUD3,1.44263647538429e-05
NR1H3,1.44071010839135e-05
CATIP-AS2,1.4390328295768936e-05
B4GALT7,1.4376106287125047e-05
CR381653.1,1.436791517718135e-05
C6orf99,1.4349435210990336e-05
FZR1,1.4341717012189356e-05
GDF15,1.4341600596994944e-05
DCUN1D3,1.4334842206133173e-05
ZFP41,1.4326377624858134e-05
FAM122B,1.4300718536930376e-05
FAR1,1.4286392753383376e-05
AP006621.4,1.4279412423723795e-05
COASY,1.4277250390658374e-05
ZNF687,1.426772548176366e-05
ABHD17C,1.4267372114567664e-05
TRIB1,1.4209277963724216e-05
CFAP157,1.4197691899380823e-05
BCLAF1,1.4182769941178644e-05
GNAI3,1.4177539743457804e-05
APBA3,1.4153966572076922e-05
PEX5,1.4153892160710753e-05
ZNF114,1.4137972351181928e-05
PLTP,1.4131014060482424e-05
ELMOD2,1.4129745547133728e-05
ADAMTS13,1.412434432045566e-05
Z99758.1,1.4115486146439722e-05
NTRK2,1.4110332434006472e-05
HIST1H2AH,1.409597481472418e-05
HTRA2,1.4093868724197828e-05
ORC3,1.4082536528017096e-05
PAN3-AS1,1.407869615948661e-05
NDUFV2-AS1,1.407813269656736e-05
VAMP7,1.4072036574945384e-05
YIPF7,1.405286926538858e-05
ZDHHC17,1.404744059354327e-05
ACAD8,1.4046718264819648e-05
GSTZ1,1.4043233214692832e-05
BAG4,1.4034509416802676e-05
LONP2,1.4032600863337764e-05
MCRIP2,1.4028636789010164e-05
TADA2B,1.4004377623889234e-05
DNAL1,1.3985523262625284e-05
RINT1,1.3982878317786178e-05
ANKRD49,1.398039780364105e-05
TUSC1,1.3979138251210557e-05
MLST8,1.3977702003904877e-05
CRX,1.3972075604858807e-05
MTAP,1.3966649921049692e-05
TTC14,1.3959927361095628e-05
TMEM63C,1.3951874868174065e-05
ANKRD20A1,1.3942622432525095e-05
LRSAM1,1.3940990516647824e-05
ATXN7L3,1.393485727550104e-05
HEXIM1,1.3923688804096072e-05
C3orf33,1.3917017378406952e-05
EML5,1.3911644249073864e-05
AFG1L,1.3909222637152183e-05
SPTLC1,1.3891741266882758e-05
SDHAF1,1.388730370043149e-05
CAVIN3,1.388681668530185e-05
CFAP52,1.3879820388758013e-05
ZBTB3,1.3874523991581202e-05
C14orf119,1.3872415286540474e-05
C17orf75,1.3870247013723218e-05
KBTBD12,1.3856305765778092e-05
FRA10AC1,1.3853367828740732e-05
CSNK2B,1.3827844846746867e-05
IFI27L1,1.3822450025801623e-05
MOCS2,1.380838800390375e-05
ANKRD18B,1.3799898590241398e-05
POLK,1.3783160492600075e-05
TFAP2A-AS2,1.3781357739731785e-05
VPS72,1.3762529185705714e-05
ALKAL2,1.3736023121978e-05
CLK2,1.3724656257924476e-05
GRINA,1.370941550464702e-05
MAP3K11,1.370102676972381e-05
ZNF35,1.3683960041941475e-05
SPACA9,1.3681276633369386e-05
GIT2,1.366830337317127e-05
ITGB1BP2,1.3667623647398853e-05
ANKFY1,1.3664093024645827e-05
SCAND1,1.3654565474370643e-05
CCDC173,1.3639954088204132e-05
OTUD4,1.3637302993291684e-05
PCDHB2,1.361212044976816e-05
GPRC5B,1.3602038900113678e-05
SEC61A2,1.3601285423617434e-05
SNN,1.3595767520648902e-05
ALDH3B2,1.3585875331822668e-05
PSKH1,1.3584505453609332e-05
GABPB1,1.3575487883148532e-05
HIST1H2BF,1.3529906540312677e-05
GADD45G,1.3521775638513303e-05
PCED1A,1.3521294904318643e-05
CXCR5,1.35197707613068e-05
ZNF785,1.3508265332215753e-05
PROCA1,1.3501973694296076e-05
PIAS3,1.3489709914800694e-05
NBPF10,1.348177773531132e-05
TBK1,1.3476871526775575e-05
CCNC,1.3466352331069017e-05
LONP1,1.3462649526546418e-05
LYSMD2,1.345489455550552e-05
F2R,1.3453972057694657e-05
ZNF700,1.3453082954381736e-05
EIF5,1.341515289971488e-05
PI4KA,1.3408921662774042e-05
RAB19,1.3407682961378203e-05
PTPN5,1.3401040169909656e-05
TRIM32,1.3393697721995257e-05
KLHL26,1.3391161815616564e-05
QTRT1,1.338481052827434e-05
TRMT1,1.3384205410360122e-05
GNPDA1,1.3380253965723904e-05
NAPG,1.3380142249692549e-05
EIF2B2,1.3379813753106608e-05
PMS2,1.337817765337852e-05
SPTB,1.3375595416352504e-05
ITCH-AS1,1.334583059455111e-05
DTX3L,1.3329921675002212e-05
ASH2L,1.3324672294229693e-05
DNAJB12,1.3321290644809726e-05
GRIK5,1.3319123422316108e-05
TMEM185A,1.331526222361431e-05
CEP97,1.33104662213336e-05
REV1,1.3308224868987482e-05
DLGAP3,1.3307758448433244e-05
MIGA2,1.3307394590807952e-05
EIF4EBP2,1.3299912053982962e-05
MADCAM1,1.3297288126215144e-05
SLC50A1,1.328546941163769e-05
SEMA3A,1.328099817420511e-05
NUDT17,1.328080174175378e-05
NLRP3,1.3277095117678774e-05
MOB4,1.3262557087295224e-05
BDH2,1.3254826505061462e-05
MRPL42,1.3241946469334646e-05
PTGS2,1.3234930805550223e-05
F2RL1,1.3234121978421584e-05
RNF157-AS1,1.3225355730722929e-05
USP30-AS1,1.3219807588322232e-05
LRP3,1.3208232746523302e-05
ZFP3,1.320025286118966e-05
LANCL1-AS1,1.3194702584795307e-05
MLX,1.3166141560900398e-05
IFI30,1.31642895147744e-05
LAMTOR5,1.3162887405512482e-05
GCNT7,1.3138917232682446e-05
VRK2,1.3136802430606344e-05
CWC15,1.313377868442646e-05
FOXC1,1.3127017940427035e-05
PTK7,1.309222050966377e-05
TNNI2,1.308065064705016e-05
GPR183,1.30614193298527e-05
CKM,1.305900034317324e-05
DNER,1.3058584104521072e-05
FOXN3-AS1,1.3054761822167598e-05
SGPP2,1.304028534138388e-05
RNF166,1.3032119572696384e-05
HM13-IT1,1.3031525099221144e-05
LYL1,1.3025802777548707e-05
MUC19,1.3021918067712148e-05
NALT1,1.3016983609988047e-05
ZNF658,1.3015843439672767e-05
CCDC114,1.301303645003449e-05
UQCRHL,1.301008209306586e-05
CYP2J2,1.300750473999056e-05
FBXL18,1.2986805849053918e-05
ATG4C,1.2982268007688798e-05
APTX,1.2980774934417344e-05
MAOA,1.2960701126356428e-05
FAHD2A,1.2945583561560606e-05
PAPOLA,1.2941414190884786e-05
HIST1H4H,1.2933350465509537e-05
MCRIP1,1.2930521974163756e-05
CLEC14A,1.2915408079464925e-05
SENP6,1.2903699543804832e-05
DIP2A-IT1,1.290307795304585e-05
NRBF2,1.2901831099262136e-05
GGA2,1.2900265861110925e-05
STK26,1.2893808290146102e-05
HNRNPH3,1.2893275114932712e-05
SUDS3,1.2890627050772883e-05
GABRB2,1.287598867310837e-05
ORAI2,1.287544371377862e-05
WWC3,1.2860890249245532e-05
STOML1,1.2860855435520832e-05
ZNF213-AS1,1.2851726730322672e-05
RTF2,1.2847382084771856e-05
MCTS1,1.284587441966971e-05
SLC11A2,1.2835088483820207e-05
RASSF10-DT,1.2832123565086208e-05
ZBTB5,1.2814523842255463e-05
NANOS1,1.2813638078180773e-05
SAR1B,1.2809306849494853e-05
NSUN4,1.2809082939077747e-05
TRMT12,1.2808428036440124e-05
RNF43,1.280701390796546e-05
THAP3,1.280328246217302e-05
CHKB,1.278232594297376e-05
UNC93B1,1.2769897774645838e-05
PPP2CA,1.2748218152750292e-05
PGBD4,1.274769387457555e-05
BBS12,1.2735977667685391e-05
MTHFD2L,1.2730449470949954e-05
FAM229A,1.2715528355872896e-05
LRRC37A2,1.2696001313086989e-05
AP2A1,1.2682119316001862e-05
DMWD,1.2673573652386847e-05
SLC2A7,1.2642183456287949e-05
DRICH1,1.2630699784594423e-05
SCD5,1.262323583963997e-05
CDS2,1.2606611612881998e-05
SCML4,1.2597069723191154e-05
TMEM204,1.258293035015313e-05
LFNG,1.2556390504216745e-05
MAP6D1,1.2551316969387084e-05
SH3BP4,1.2533050574986307e-05
UTP23,1.2523404574647638e-05
ZNF268,1.2507487155908672e-05
GSTK1,1.250637188762776e-05
PRAG1,1.2505612529418976e-05
MED7,1.2500459851534688e-05
DPF2,1.2489396365354448e-05
CREB3L3,1.247960721997567e-05
KIAA1217,1.2476645281056118e-05
SNHG18,1.246908584147376e-05
ZKSCAN5,1.2461606698435183e-05
CPNE2,1.2460044658980284e-05
AP4M1,1.2455036899494668e-05
TBC1D2B,1.245360410638817e-05
ABCC8,1.2432110223510378e-05
WDR83,1.2419765844339925e-05
ZCRB1,1.2418129011722834e-05
IDH3G,1.2387176712350057e-05
C19orf38,1.2377159833828104e-05
ENKD1,1.2375890316337663e-05
C9orf153,1.2363307747732097e-05
LYPLA1,1.2351679936332908e-05
URGCP,1.235013097564934e-05
TENT5B,1.2340708188733226e-05
CTHRC1,1.23343684007119e-05
SPRYD7,1.233231148605844e-05
AP000866.5,1.2289563318527352e-05
ESRRB,1.227700040398201e-05
AHCTF1,1.2263152689885611e-05
PRDM15,1.2251168518470146e-05
ZNF514,1.2243677281314653e-05
NFX1,1.2243304061982164e-05
YARS2,1.2235496919863382e-05
HR,1.2235310484722883e-05
C12orf56,1.2228604227295594e-05
THAP2,1.2223599076502449e-05
ERCC4,1.2210425707345231e-05
TCTE3,1.2210173256067028e-05
BDKRB2,1.2199133697761036e-05
TST,1.2198894972723415e-05
DALRD3,1.2195089064141678e-05
ASTN2,1.2186766669356736e-05
B4GALT6,1.2179941945673224e-05
TMEM41B,1.2179280392765826e-05
SLC37A3,1.2170477455785847e-05
SZT2,1.216332169550061e-05
THUMPD2,1.214793024906243e-05
EPHX3,1.2144653346317009e-05
LMAN2L,1.2128996815504752e-05
CHRNE,1.2116986979783343e-05
CSK,1.2111252788803202e-05
AP001267.3,1.2099991808799704e-05
SLC20A2,1.2098756076930009e-05
SFXN3,1.2082841492595185e-05
ULK4,1.2079942760690324e-05
KIAA1614-AS1,1.2075949064030454e-05
GNA15,1.2070869475376649e-05
FO704657.1,1.206807214424075e-05
POU5F2,1.2067874848725393e-05
TXNL4B,1.2067542642555086e-05
TCEANC2,1.206292851693054e-05
AKR1C3,1.2059823910139776e-05
CNOT3,1.204952702935054e-05
SMAD5-AS1,1.204836438303332e-05
LRRN1,1.204279911018658e-05
REM2,1.2042584872589976e-05
MIOS,1.2032670447165072e-05
C8orf76,1.2032526439903034e-05
FOXP4,1.2024493198044196e-05
ZNF558,1.2003123487325e-05
NMT1,1.1997382421715948e-05
BACE1,1.1993695516225466e-05
CDK19,1.1993590850848638e-05
DNAJC17,1.1979771397509676e-05
APTR,1.1975424811564902e-05
TTC23,1.19515745167027e-05
WDR55,1.1941149826294664e-05
SUCLG2-AS1,1.1940313026145012e-05
VWCE,1.193632520374014e-05
ZNF17,1.191457650840549e-05
RELA,1.191305100762896e-05
ALKBH7,1.1911652004081662e-05
CCDC58,1.1907870803457505e-05
GRIN2A,1.1904136882824169e-05
SLC45A3,1.1895505090764597e-05
LHFPL5,1.1886847956020588e-05
UTP11,1.1885481250864252e-05
MSH3,1.1873686026024287e-05
MAP2K2,1.1873354210717416e-05
FAM81B,1.187173008888729e-05
DEF8,1.1868318727105046e-05
Z95114.1,1.185318871721708e-05
GRTP1-AS1,1.1851768828931433e-05
UTP3,1.1840210084409023e-05
KATNA1,1.183149407260945e-05
CTBP1-DT,1.1811788943455923e-05
SCYL1,1.1805928807531542e-05
ITM2B,1.1803526893295713e-05
BOK,1.1798839568169092e-05
SRI,1.178923775051372e-05
SIAH1,1.1787978710761688e-05
SMU1,1.1764811531852228e-05
CIPC,1.1759576696113471e-05
IL17RA,1.1754106649093544e-05
GSEC,1.1753476302613355e-05
NCKIPSD,1.1741073488418448e-05
KCNH3,1.173233923648894e-05
RAB3D,1.1727329123313436e-05
DDX47,1.17155933920342e-05
MORN4,1.1714247131309086e-05
CCDC9,1.1712354848709004e-05
B3GAT2,1.169437758796699e-05
TMEM91,1.1689831031889872e-05
PLRG1,1.167668667044136e-05
FBXO27,1.1662397205363843e-05
TGM1,1.1658662485083158e-05
AP003120.1,1.165297472170729e-05
STK36,1.1647844161552184e-05
RAMAC,1.1643621675309584e-05
TCEAL4,1.1641797251526364e-05
IGFL2-AS1,1.1626417853158777e-05
SOX12,1.1622103290911792e-05
EBF4,1.1591284490207243e-05
ELP5,1.158536773585032e-05
DYRK2,1.15778602129705e-05
AKTIP,1.157590127884476e-05
RRP8,1.157270970497635e-05
GPR153,1.1551667197705413e-05
SS18L1,1.154376754514612e-05
POLN,1.1529451908830372e-05
GABRG3-AS1,1.1521222351823096e-05
SEPTIN6,1.1517945148032496e-05
DYNLT3,1.1516926504820924e-05
CDH9,1.1506337840879647e-05
GORAB,1.1466261127829082e-05
DHFR2,1.1452031266803802e-05
SCAPER,1.1446142346339426e-05
TMEM50A,1.1426907581150398e-05
SPINT1-AS1,1.141450882690334e-05
TMEM68,1.141306534297117e-05
MUL1,1.1403172389007909e-05
CLMP,1.1381490991239113e-05
ZNF32-AS3,1.1379779322854104e-05
WDR46,1.1373211387130743e-05
ERMP1,1.1369192954397124e-05
FIP1L1,1.1357222207909337e-05
TMEM167B,1.1353137997967032e-05
PRH1,1.1332838140803554e-05
SUOX,1.1332647773169098e-05
CAAP1,1.1330057873714046e-05
INPPL1,1.1324500064590114e-05
NECAB3,1.1323729753148424e-05
SLC25A5-AS1,1.1310933036298066e-05
DOK1,1.130411359321234e-05
EFCAB13,1.1297746084758853e-05
INO80-AS1,1.1294564702431364e-05
LRRC8C-DT,1.128955041891036e-05
SALL4,1.1288651752478571e-05
Z69720.1,1.1262707323827623e-05
ZNF276,1.124381227092768e-05
ZDHHC14,1.124214277644368e-05
SLC25A30-AS1,1.1238330435033483e-05
SAMM50,1.1202700793067343e-05
FAM66A,1.1181748454390892e-05
EZR-AS1,1.1177725739038713e-05
CATSPER4,1.1164015580951512e-05
LAG3,1.115683915455578e-05
SSSCA1-AS1,1.1153769853390992e-05
FAM156A,1.1143999432697068e-05
RALGAPA2,1.1127046355419717e-05
ZNRF3-AS1,1.112599774860704e-05
HNRNPH2,1.1121228287060688e-05
AS3MT,1.1113862219528671e-05
ARSG,1.1105665921732495e-05
FKBP7,1.1103058624946676e-05
HACD4,1.1096447014157212e-05
TAS2R14,1.1095623994666693e-05
ZNF608,1.1089894417052214e-05
POLDIP3,1.1079133690223978e-05
ZADH2,1.10724131832052e-05
C2orf68,1.1071451328518666e-05
SP4,1.1051086021102437e-05
SLF2,1.1048270130272107e-05
HYAL3,1.1043731052468482e-05
SETDB1,1.1022462182291198e-05
AP003392.1,1.1008077604060277e-05
NIPSNAP3A,1.1001690281938456e-05
PIGC,1.0988965748057944e-05
CYP2R1,1.0979750233200731e-05
FZD4,1.0977955515313995e-05
JRK,1.0976855523557116e-05
DLX4,1.0975529305488729e-05
ATG16L2,1.0972517529154782e-05
PRR12,1.0963009888436996e-05
MEMO1,1.0959594689104108e-05
NCMAP-DT,1.0950754496734916e-05
TGFBR2,1.0941510313153348e-05
TEX48,1.0940828306297856e-05
HOGA1,1.0934414823509189e-05
GGT1,1.09152201665712e-05
SRCAP,1.0914682427036902e-05
KIAA0753,1.0911554078858964e-05
SERP1,1.0906347953661174e-05
ARID1B,1.090298439775922e-05
IRS2,1.0901483882936076e-05
USP18,1.089930911898513e-05
TUBB1,1.0880946138885689e-05
STRN4,1.0862241616378787e-05
PMM1,1.0861207063086471e-05
IL18BP,1.0858864176337616e-05
PRKAB1,1.0847130090005222e-05
CCR4,1.0842486079612273e-05
CARD10,1.0842124275726327e-05
CMTM6,1.0838956530852596e-05
C1QTNF2,1.0838891265487938e-05
DENND6B,1.0827911967899348e-05
KCNG3,1.0822917264216269e-05
CHD3,1.0817780230126016e-05
GALNT11,1.0793651251015413e-05
ACOT6,1.0763452150076273e-05
IGFLR1,1.0749387630670307e-05
FEM1B,1.0745113441610783e-05
DNASE2,1.0738975629994109e-05
GPATCH2L,1.0738035238043331e-05
KCTD9,1.0737616664598013e-05
KCNH4,1.0737004464383757e-05
HDAC3,1.0730869494737316e-05
EIF3CL,1.0730325264251518e-05
GTF2I,1.072822851572381e-05
ARHGAP39,1.0710281300721207e-05
ZNF81,1.0704131624951858e-05
POLR2A,1.0699826691757102e-05
MTIF2,1.0698546172982947e-05
TAB1,1.0695033001119265e-05
MXD4,1.0689041264736329e-05
UBALD1,1.0652135788390446e-05
SMAD1-AS1,1.0639786690969838e-05
UBR1,1.0638432886956057e-05
PLBD1-AS1,1.0635773338986938e-05
AP001372.2,1.06356157043606e-05
MAN2B1,1.0621422607567998e-05
MVB12A,1.060659371900417e-05
IL18,1.06027701058448e-05
ATF6,1.0602616425425995e-05
NCR3LG1,1.0601638764030324e-05
SLC24A1,1.059014050431729e-05
PSMC4,1.0584999531091886e-05
FRAT2,1.0579559066808984e-05
GLYCTK,1.0569911291126222e-05
C2CD2,1.0548268935218712e-05
FAM41C,1.0544702510239211e-05
ACSF3,1.0544284301577654e-05
BCL11B,1.0541115094844518e-05
ITFG1-AS1,1.0533435367603833e-05
MLH3,1.0528769060177791e-05
CNNM2,1.052561332641822e-05
SENP8,1.051848265422798e-05
FIBP,1.0499287849960072e-05
TRUB2,1.0496415881085914e-05
ALG2,1.0479346752802887e-05
Z93930.3,1.0472341161609404e-05
VPS16,1.0464547670518104e-05
MRM1,1.045024876103403e-05
HOXA-AS3,1.0439123791179757e-05
SYNGAP1,1.043873023523653e-05
CLGN,1.0438141476676297e-05
CELA3B,1.0437742542652637e-05
DPYSL2,1.0433958155727669e-05
BOK-AS1,1.04221589289105e-05
TRAPPC1,1.042138009573728e-05
ATP5MGL,1.0419715357614074e-05
ZNF391,1.0417676568031544e-05
PMPCB,1.0415069236237604e-05
XYLT2,1.040527946555553e-05
DVL3,1.040121010035367e-05
ZNF835,1.0379747472016893e-05
FBXO41,1.037223454292492e-05
ZBTB37,1.0369925281854076e-05
DLEU2L,1.0364605944987128e-05
ACOT13,1.03608905930622e-05
ASTN2-AS1,1.0353510773961948e-05
SULT1A2,1.0349365940887078e-05
CHURC1,1.0343461194799834e-05
LRRC3,1.033432706877088e-05
FAM172A,1.0333455329420514e-05
MBD3L1,1.0322705020287771e-05
SPCS3,1.0316243652080207e-05
SMARCA4,1.0278112275199912e-05
ZNF436,1.0278040717216532e-05
FXYD6,1.0271476503818312e-05
PCF11-AS1,1.0271216621593885e-05
PGS1,1.0232789623491582e-05
KMT2B,1.0226431621947662e-05
ABCD1,1.0221662176794789e-05
SUPT7L,1.0221641033074232e-05
TFIP11,1.0211875665436522e-05
ADAM10,1.0187413843252211e-05
IL31RA,1.0160392659737864e-05
ZNF740,1.015956196369963e-05
HCST,1.0159133305016508e-05
KCTD15,1.0144081526051172e-05
NINJ1,1.0143446082999296e-05
RYK,1.0141516093069647e-05
ADAM22,1.0140626432636091e-05
ZNF57,1.01310409998708e-05
THORLNC,1.0113226710974271e-05
MON1B,1.0101986112903196e-05
CIDEB,1.009424598193498e-05
AKT2,1.0093829405362578e-05
LOXL1-AS1,1.009267441182446e-05
GMEB2,1.007310271002692e-05
PTGER1,1.0071546219005118e-05
ZBTB44-DT,1.006902421573626e-05
WDR45,1.0064587391785713e-05
TMEM80,1.0063184245746952e-05
PRICKLE3,1.004891733379326e-05
ATP6V0E2,1.0044213766334031e-05
B3GNT4,1.0039043263478136e-05
KCTD2,1.003743153663023e-05
ANKHD1,1.003436669455428e-05
ACOT12,1.00317002507698e-05
UCN,1.0013451985605172e-05
NHEJ1,1.001103545356192e-05
CCL5,9.96739385560814e-06
ENTPD2,9.96095173809988e-06
CFAP58,9.95663513969323e-06
MLF1,9.955568663533426e-06
MFSD4B,9.95370326021727e-06
SLC22A18AS,9.936830523477078e-06
CELSR2,9.934970316915456e-06
PIGH,9.922745876257482e-06
LAPTM5,9.921347466444162e-06
HSF4,9.917888404788285e-06
CDK5R1,9.91312581430084e-06
PPP6C,9.904702970751288e-06
NRL,9.904677729963864e-06
SECISBP2,9.900676345665592e-06
ZNF575,9.88947655795919e-06
DNAJC14,9.888061823829814e-06
ATN1,9.881585671614671e-06
LMNTD2,9.877162186794758e-06
BOLA2,9.874895852037735e-06
MTRNR2L1,9.863645208148814e-06
ELP3,9.854845240891414e-06
GKAP1,9.84691600196852e-06
ZNF532,9.84582174527226e-06
SGTB,9.844062277036944e-06
FAM186B,9.818630462786668e-06
LYN,9.815463790493462e-06
SMARCC2,9.814029379231738e-06
PPP2R1A,9.79946014657346e-06
CD226,9.76769199587944e-06
DPM2,9.767318843685468e-06
ECH1,9.75736180825045e-06
MCPH1-AS1,9.75461152040996e-06
ZBTB41,9.75412185913044e-06
QRICH2,9.751182838038474e-06
RTL5,9.724664452524843e-06
AP000708.1,9.70024754088672e-06
PTRHD1,9.687797697291884e-06
TIGD6,9.678650673273484e-06
PDE4DIP,9.665858304814347e-06
ABHD15-AS1,9.651913306964309e-06
TEX43,9.63956482728844e-06
BCL7C,9.611068764585402e-06
RGMB-AS1,9.599637620726564e-06
WDR6,9.567856739607912e-06
ZNF212,9.554948183343688e-06
SEMA4B,9.54174260347878e-06
ZKSCAN2-DT,9.541337998358904e-06
KIAA2012-AS1,9.539958512178738e-06
SEMA6C,9.535777614717565e-06
CCDC71L,9.533590840916537e-06
RSBN1,9.515611964289096e-06
MAPK8IP3,9.5126073855592e-06
CAP2,9.508318266718287e-06
ASB1,9.507114496504594e-06
EGFR-AS1,9.478326350704568e-06
TRDN,9.47308893250026e-06
PANX2,9.437901582983885e-06
TRIM46,9.431219945823276e-06
ZSCAN16-AS1,9.389580463919313e-06
DDX6,9.387337831618811e-06
PACRGL,9.386624789407215e-06
UBXN11,9.386058213177388e-06
SLC46A2,9.380731560007738e-06
KREMEN2,9.372088151933016e-06
NOMO1,9.364800487836177e-06
FSD2,9.343220313198264e-06
ZNF155,9.341298029702792e-06
JAM3,9.338952170214376e-06
GPN2,9.335119099953223e-06
TTC27,9.313210988901493e-06
CFAP77,9.311674919485304e-06
TSPEAR,9.309771212287804e-06
DGCR11,9.30132264227643e-06
TULP1,9.300890238161508e-06
ACBD5,9.288194796635722e-06
SDE2,9.281968167865695e-06
APLF,9.278965664709142e-06
USP12-AS2,9.264303473262997e-06
ASPSCR1,9.260264995759004e-06
WBP2NL,9.2128844608664e-06
GART,9.20528674444309e-06
ZFX-AS1,9.201478479217258e-06
KYAT3,9.19897935245174e-06
PLS1,9.1924508366828e-06
TNFRSF6B,9.181793094434158e-06
CCN6,9.173182280972256e-06
GRIK2,9.166944409285375e-06
LAP3,9.159618743692202e-06
CNOT4,9.153065087727538e-06
EFNA2,9.151833134807844e-06
ZC3H12C,9.150682881769072e-06
SIKE1,9.140428907312516e-06
FARP2,9.114610388311436e-06
AP000866.2,9.10939216339774e-06
AP003419.3,9.102556750976246e-06
FAM222A,9.080877136290922e-06
HHIP-AS1,9.076738456776775e-06
SLC26A1,9.076405183962477e-06
FAXC,9.070934119495852e-06
ZNF34,9.0705174116489e-06
B4GALT1-AS1,9.057557773225622e-06
TBX6,9.055484338143394e-06
CAT,9.05073531979638e-06
TCAF1,9.048554666689434e-06
MED13,9.033251730710515e-06
TCEAL1,9.02659233089967e-06
ADORA2A,9.021768693899678e-06
BNIPL,9.004683995450298e-06
HARS2,8.969948653609348e-06
HS6ST2,8.946057524294154e-06
HHIPL2,8.94508434415164e-06
GPKOW,8.932388899713003e-06
BBS4,8.920535471273498e-06
PIDD1,8.920329869128934e-06
UXT-AS1,8.910207980779733e-06
NADK,8.908878870709165e-06
WT1-AS,8.906557502052799e-06
HDAC11-AS1,8.905477495161033e-06
C6orf89,8.902259399951264e-06
RAB11FIP5,8.893544710508539e-06
PSMD13,8.884959770792093e-06
RAB3GAP2,8.879591598797802e-06
MMP24,8.878647673789084e-06
NUP133,8.875110123016728e-06
PPID,8.873318969063642e-06
NYNRIN,8.863135304286223e-06
ASB2,8.862485936559006e-06
TANGO6,8.851801350982352e-06
WDR7,8.849755612480655e-06
PLPP7,8.835169713112823e-06
PET100,8.825339406671038e-06
ZNRD1,8.810883189074663e-06
HEATR9,8.800843770016685e-06
C11orf71,8.788868564936726e-06
UBTD1,8.782765579702164e-06
MITF,8.775094723031766e-06
PPFIA3,8.774510878352935e-06
RAB40C,8.771751443136442e-06
ZFAND2A,8.758864810146543e-06
STARD3NL,8.752872302882674e-06
SLC30A5,8.706382799705767e-06
SERHL2,8.6829396593849e-06
TBX1,8.672678438707085e-06
IDH3A,8.671808401547342e-06
WDR33,8.668956574173922e-06
OOEP-AS1,8.660752726874902e-06
ZNF215,8.648196946671991e-06
MEGF8,8.64590748023566e-06
AP001977.1,8.640634924227647e-06
TMEM51-AS1,8.639525125095171e-06
PTK2,8.612543847965058e-06
HILPDA,8.612282620635258e-06
LRRIQ3,8.598599741575082e-06
PDE6C,8.58822971226292e-06
C3orf38,8.57352783140433e-06
TMED1,8.558258875103244e-06
ZNF703,8.521311030755386e-06
HGS,8.49885935274824e-06
SHLD3,8.489380341636722e-06
EHD2,8.447241375093474e-06
SPATA18,8.429193871876312e-06
IQCG,8.419371938363272e-06
PDSS2,8.413777405526952e-06
ATG16L1,8.397497763949741e-06
AHNAK,8.390292398706079e-06
TRIM71,8.337471918367575e-06
CSAD,8.324420106902437e-06
EPHX2,8.31544368528206e-06
PLEKHB1,8.315416999721075e-06
ITPRIPL1,8.311797733231376e-06
PNPLA4,8.29552552331735e-06
DPY19L3,8.284573577241124e-06
WASL,8.281703312352206e-06
INTS1,8.26818276496053e-06
LRATD2,8.245788349950614e-06
MAP2K7,8.23450450348187e-06
TNFSF9,8.222642079810648e-06
SEC62,8.222343463750703e-06
KLF11,8.21708705286553e-06
SEMA4C,8.181952983993048e-06
TIMM29,8.181144554994975e-06
TOB2,8.180851260637172e-06
NBPF3,8.17467966003256e-06
PBDC1,8.167744873431859e-06
ARG2,8.128992688656005e-06
AP005136.3,8.116619151250201e-06
VAMP1,8.084732238699516e-06
PARD6G-AS1,8.075482754799214e-06
MIR4453HG,8.060297207380335e-06
RANBP9,8.056315037756257e-06
DIS3,8.046161708611801e-06
HTATIP2,8.026879832068767e-06
CASTOR2,8.026050539661083e-06
EMC2,8.025661973177654e-06
SRRD,8.013701852659306e-06
SYCP3,8.011979245408887e-06
HM13-AS1,8.006662678046901e-06
PLAAT2,8.002815534602332e-06
CYP4F22,7.978924762651545e-06
ECPAS,7.9622577756901e-06
TMEM99,7.958436083284958e-06
UBC,7.950598216735588e-06
MECP2,7.938312981497896e-06
TTC30B,7.926904017237444e-06
PRSS16,7.926646446018812e-06
PITPNM3,7.925074146514001e-06
PYM1,7.921229491251598e-06
MATR3,7.915606305585464e-06
CLEC10A,7.900107124858315e-06
HIST4H4,7.895997065557366e-06
MED20,7.876594696408475e-06
CDC42BPG,7.874078321060594e-06
ZNF789,7.867012736473937e-06
PANO1,7.855185055644846e-06
CCR3,7.851385906564586e-06
SMN2,7.851288209196199e-06
NTNG2,7.827297213026737e-06
MED9,7.783730248854562e-06
NPDC1,7.782116835708181e-06
AMZ1,7.778638168324076e-06
ATP2B1,7.768826741839604e-06
MTERF2,7.762708177435802e-06
RASL12,7.754653611658856e-06
MRTFA-AS1,7.752836972011756e-06
MOSPD2,7.743067908077382e-06
IPP,7.734830052523793e-06
RHOBTB2,7.7118722116708e-06
RN7SL832P,7.704370493381033e-06
PLCXD2,7.703577739078106e-06
ARHGAP18,7.703518601628188e-06
SCARB2,7.702488443027244e-06
STPG3-AS1,7.681934938718007e-06
MTX1,7.681889237964889e-06
SEPSECS-AS1,7.660639739579743e-06
PPIL4,7.654756547144015e-06
ARHGAP5-AS1,7.637561772587651e-06
ZNF77,7.631670015940623e-06
LARS,7.626171380984823e-06
AAMP,7.618790330041873e-06
EXTL2,7.618581517944013e-06
ZCCHC8,7.615313356083014e-06
ACTR10,7.60232690192399e-06
DBT,7.599322624673517e-06
DNAAF3,7.585285343550054e-06
SART3,7.574645069195924e-06
PLCD4,7.561858639072114e-06
IAPP,7.560988475948705e-06
APOM,7.546672800245657e-06
ARHGEF3-AS1,7.529724797851903e-06
ZNF624,7.507344459376666e-06
DENND4A,7.499019861645101e-06
AF001548.2,7.4880044073110836e-06
COL10A1,7.479840772843358e-06
MFAP3,7.476239079171432e-06
DCUN1D2-AS,7.469174353579012e-06
DNAJC27,7.466716012683948e-06
ANKRD33B,7.437618526708032e-06
AP001269.4,7.433920709866789e-06
ZBTB11,7.433502461327651e-06
ZNF23,7.420975639684551e-06
BLVRA,7.415301417250049e-06
ARFGAP2,7.38669250572694e-06
HYI-AS1,7.385420311332707e-06
TMOD2,7.383141128507254e-06
MOSPD1,7.373484786571564e-06
KPTN,7.365440352946933e-06
NIBAN2,7.362502515191724e-06
KCNJ13,7.322663397845477e-06
ARFGEF2,7.304452122762945e-06
FBXL16,7.283359663224546e-06
SYDE2,7.280237859649784e-06
EGLN1,7.274687771475509e-06
LZTFL1,7.261894536295778e-06
ZBTB26,7.257131470564567e-06
HIGD1A,7.254934914186709e-06
RAB21,7.242098044254597e-06
AMPD2,7.22924248785899e-06
ADPRM,7.228849311522551e-06
FUT2,7.22778117693597e-06
TTC39C-AS1,7.225980616554269e-06
STK17B,7.214317373839183e-06
FRMPD4,7.20944383334479e-06
TMEM25,7.18212296688048e-06
MYSM1,7.179474493147768e-06
AP003393.1,7.16295856620818e-06
MIA2,7.148825016581281e-06
ZSWIM1,7.14189140008647e-06
ADRA2A,7.122847494431069e-06
SPPL2B,7.115805140413218e-06
ALG1L2,7.114226437424467e-06
TNFAIP6,7.108565388676059e-06
SIGLEC11,7.093807644102929e-06
RABL2A,7.08135587716581e-06
GJC1,7.080124351077732e-06
RNF25,7.0728266703437e-06
CLTCL1,7.067215873946779e-06
MYT1,7.051109838051099e-06
CAGE1,7.0311067256547896e-06
AP001816.1,7.027611360788695e-06
NXPE3,7.025671113205103e-06
ZC3H13,7.008269074460993e-06
CD180,6.994297831287248e-06
VPS33A,6.976876145789537e-06
ATP2A1,6.968808803673447e-06
SPESP1,6.937698228930153e-06
NXN,6.936017083603498e-06
KITLG,6.895181378466179e-06
NSUN7,6.889716235509893e-06
CEBPB-AS1,6.865789064095327e-06
VAV3,6.863092781777124e-06
KCNAB1,6.856328819744952e-06
VASH2,6.852170505018322e-06
FAM47E,6.844164816704163e-06
ORMDL3,6.829834262606087e-06
ADCK5,6.826588674688485e-06
CUL3,6.816942893788177e-06
ZC2HC1A,6.806471461470566e-06
ID2-AS1,6.802069635796626e-06
TBCE,6.7983166033866044e-06
YIPF2,6.796031101146184e-06
SOWAHC,6.79118982169155e-06
SLC7A9,6.790090172070895e-06
USP46-AS1,6.78830774772934e-06
ASIC1,6.786370570621277e-06
HCP5,6.782177288023553e-06
ELF3-AS1,6.780992677129364e-06
B3GALT5-AS1,6.768378989157152e-06
AP001160.4,6.75971201775798e-06
GIMAP6,6.754097263741277e-06
SPEG,6.750434287100286e-06
NCMAP,6.748678588315389e-06
FAM167B,6.74549898918591e-06
NECTIN3-AS1,6.742840348158489e-06
KIF3A,6.729161505935375e-06
MRPL2,6.724732338619575e-06
DGCR6L,6.723202885392386e-06
NUDT9,6.714538439601706e-06
AP000944.7,6.698409028540809e-06
PLCE1-AS2,6.684773336165344e-06
NFKBIL1,6.666474848933399e-06
PRPF6,6.658002442370801e-06
CDHR4,6.6570187636382575e-06
IDI2-AS1,6.655417159898459e-06
C4orf36,6.643757952253516e-06
PITX1,6.6413406721738285e-06
DNAJC1,6.63465701705313e-06
FAM167A,6.631988116076813e-06
TAS1R3,6.629792456017914e-06
TRPM2,6.6177023932751e-06
DLG4,6.613291073271356e-06
LMTK2,6.609891988272863e-06
CREB3L4,6.608450555361285e-06
ZBTB11-AS1,6.60624685941656e-06
ITGB5-AS1,6.598551153953933e-06
VAX2,6.593934077179619e-06
VAMP3,6.5734014733693845e-06
FYCO1,6.56958791873928e-06
SIRT1,6.567072780474239e-06
NFKBIB,6.557486396473026e-06
CACTIN,6.556222669531225e-06
ITGAM,6.5559875033704444e-06
EGFL6,6.536034848804079e-06
PCBP4,6.531451441564902e-06
ABCA12,6.5306030642688126e-06
SALL2,6.5263033315455926e-06
ARL5A,6.524337116181437e-06
CCNT2-AS1,6.50450580613042e-06
ARSF,6.490909825294439e-06
LAPTM4A,6.464708286027207e-06
CU633967.1,6.4524217084378405e-06
MRPL39,6.447599437800239e-06
ALKBH1,6.442642160198963e-06
SSH1,6.437923235077846e-06
ICA1L,6.426184200941076e-06
CLIP1,6.392259449119159e-06
MYOCOS,6.384735108604983e-06
ARR3,6.374730687156305e-06
ARPC3,6.373998943369136e-06
CROCC,6.373992147577773e-06
COX18,6.369598892098389e-06
LRRC27,6.362778402057432e-06
NMI,6.361692562213579e-06
TANC1,6.357975881678929e-06
CARD16,6.344620075103489e-06
C10orf67,6.342880622746675e-06
FGL1,6.311198440545381e-06
NRG4,6.309019160287577e-06
DRP2,6.308535959071568e-06
AMIGO1,6.304880449037003e-06
C12orf60,6.297803086910118e-06
SMAD4,6.292035632069712e-06
C18orf21,6.290210370496067e-06
LOXHD1,6.288748447966469e-06
OLFML3,6.282758095076627e-06
BACH1-IT1,6.282367923137178e-06
TMEM265,6.278450988666263e-06
UPK3BL2,6.277362721687308e-06
NPTX2,6.260380106328194e-06
TRIM23,6.258843550106887e-06
EBAG9,6.256457324345697e-06
NDUFAF5,6.236607598369408e-06
NEK3,6.223655044793129e-06
SLC17A9,6.212785722642528e-06
AP003486.1,6.209512754334461e-06
MAP3K1,6.193438657969208e-06
RBKS,6.189080933137568e-06
ZBED5-AS1,6.182581981344918e-06
IFT43,6.177654139931898e-06
MPL,6.175058637725278e-06
FUBP3,6.170561639321181e-06
AP001266.2,6.167080768110427e-06
MGAT1,6.1631281122756845e-06
DCAF4,6.1488921198449285e-06
MEX3C,6.142499619527037e-06
MIER1,6.14158190129302e-06
SNAPC3,6.139545132721898e-06
LRRC8A,6.135523894894648e-06
RAD51AP2,6.118841889248522e-06
MFSD5,6.117194488400778e-06
PIK3R4,6.09216296531149e-06
CSRP2,6.0710686787800905e-06
CDC34,6.058294979606286e-06
SLCO1B1,6.0543227096287135e-06
GAD1,6.0456069987462025e-06
PHKA1,6.0408931482333484e-06
ZDHHC18,6.036169273422567e-06
ZNF133,6.016844936450808e-06
PRR34,5.996225833250878e-06
ZNF579,5.992443763276182e-06
DDX4,5.990553760387348e-06
AP001107.9,5.98794605979233e-06
VEGFB,5.983003850923769e-06
OCIAD1,5.9743825937209874e-06
CABYR,5.957485211662584e-06
ST8SIA6,5.950262126947716e-06
C15orf40,5.945421119189231e-06
ZFYVE21,5.919059049073444e-06
ZNF500,5.90876740462146e-06
LACC1,5.904587098398843e-06
DNMBP,5.901413542496522e-06
TSC22D1,5.901076852649234e-06
SCX,5.896973689705922e-06
NPIPA2,5.892396167317546e-06
JRKL,5.887046493541697e-06
B4GALT3,5.883873986858138e-06
GALNTL6,5.880275338180569e-06
NEURL2,5.87980234102803e-06
ZNF490,5.867464060702077e-06
MFSD9,5.860008192662483e-06
LIPE,5.844059552029459e-06
DAZL,5.823538984150365e-06
CUL7,5.805572237014441e-06
DOCK9,5.805462718357965e-06
TEN1,5.802551503361249e-06
CLCN6,5.798093336235133e-06
NKAP,5.791143074749015e-06
SYVN1,5.78512474364678e-06
PELO,5.778799192228432e-06
AD001527.1,5.776634460214127e-06
TMEM259,5.774410699015906e-06
MANCR,5.759978959234083e-06
ABCC11,5.757476377995173e-06
ETFA,5.74837973857925e-06
HMGN3-AS1,5.733203968817483e-06
PKNOX1,5.732535112102412e-06
GDF9,5.731625686416008e-06
PIH1D2,5.727135799584819e-06
CMTR1,5.70194387104471e-06
RXRA,5.698295714567806e-06
BPHL,5.683208547191036e-06
ZNF28,5.683114790049189e-06
PLEKHG3,5.682764905993236e-06
PSMD6,5.664502026805347e-06
DOK7,5.6598582479085306e-06
SF3A1,5.65774419620721e-06
SKIV2L,5.6445965576461e-06
MAD2L2,5.638831259559033e-06
INTS6L,5.630420908445126e-06
PGBD2,5.61549921505133e-06
PICK1,5.61427126129779e-06
OSR1,5.611273537946066e-06
SMIM12,5.581004611061348e-06
SIPA1L2,5.577522650446313e-06
ANKRD36C,5.57382193361426e-06
MED26,5.5736020966496e-06
ATF6B,5.551129653345937e-06
EIF4EBP3,5.544037082559247e-06
LPCAT2,5.539341134027429e-06
COPS2,5.536814158967572e-06
KIAA0825,5.521968006700677e-06
SLC2A6,5.518418943168782e-06
AF230666.2,5.516644001238152e-06
CIAPIN1,5.507122534204294e-06
CRTC3-AS1,5.506951069041303e-06
UBR5-AS1,5.506076378697172e-06
UHRF2,5.469123277825258e-06
MEIS3,5.466582644668492e-06
CSNK1E,5.452292937846162e-06
PES1,5.451515411811379e-06
TMEM30A,5.4324704807223325e-06
CIC,5.428474223013092e-06
PPP1R12A-AS1,5.401339523756986e-06
ANXA1,5.3972346168860125e-06
GPC6-AS1,5.386777924613255e-06
BCAT2,5.38277244189954e-06
PSMD6-AS1,5.372856075485891e-06
MYCL,5.371975289651179e-06
Z99572.1,5.363709428977417e-06
SNW1,5.359854303772896e-06
PFN2,5.328893342853008e-06
MPLKIP,5.3092108458398825e-06
LRRC74B,5.301754120919687e-06
TLL2,5.295928841583473e-06
ZNF549,5.29040481820802e-06
TKFC,5.290052388772362e-06
C7,5.281171466160792e-06
WDR5B,5.275238475225222e-06
FAM161B,5.272205895865065e-06
MS4A4E,5.269576809484831e-06
RASL10A,5.2527133513320915e-06
CDK5,5.2114455968121695e-06
AP1M1,5.20858883940447e-06
PHF2,5.200499960646992e-06
TTLL6,5.181956385581622e-06
GOSR1,5.18013764295541e-06
PHKG2,5.171540147456439e-06
MBLAC1,5.162550247335944e-06
VTI1A,5.161219433517354e-06
NUCB1,5.147009045475234e-06
PIAS2,5.142133705998012e-06
LTB4R,5.136832981458371e-06
MPPE1,5.124895942701221e-06
TSNAXIP1,5.1135991966006485e-06
DBNDD1,5.104776222411868e-06
MED11,5.085078202884023e-06
GEMIN7,5.08484035340798e-06
UBE2L6,5.070325796352348e-06
ELP2,5.068807296240935e-06
C3orf14,5.034393989087717e-06
PHKA1-AS1,5.016151593408629e-06
GNPTAB,5.015934847447664e-06
RB1-DT,5.015761864233116e-06
PLAC1,5.006210758554915e-06
PPIL2,5.005397472603371e-06
PRDM4,5.0037785736347465e-06
ZNF628,5.00064160893598e-06
LIAS,4.999670676849873e-06
EIF3J-DT,4.997921976128374e-06
NIPAL1,4.98834252965899e-06
CCDC97,4.980686616083735e-06
ZFAND2B,4.979007212669536e-06
POLR1E,4.9718270374612485e-06
COG1,4.965042789594153e-06
BX088651.4,4.957275594826503e-06
RFX2,4.952243455146409e-06
ZNF195,4.9515943315061564e-06
FAM107A,4.950367231840826e-06
NAV2-AS3,4.945315056088916e-06
FITM1,4.942420963404173e-06
WWOX-AS1,4.941782857541422e-06
SLC44A1,4.923640602026599e-06
KATNAL2,4.9144009020232206e-06
PIGA,4.912337656630774e-06
SCARNA9,4.909088277267111e-06
CASC1,4.9034482297279866e-06
C1orf198,4.8964589327858816e-06
C22orf24,4.887134015164838e-06
ZNF157,4.881760512929619e-06
BX649632.1,4.881719708738669e-06
ACSM6,4.870458507000521e-06
ARHGEF35,4.861237248447993e-06
ATP2C1,4.858534470294494e-06
Z84484.1,4.841313767323911e-06
TRIM56,4.826093272793863e-06
TRAPPC2,4.820455289905806e-06
MAP1S,4.813163953702192e-06
TARBP2,4.8067769917405824e-06
CHST6,4.796904755012142e-06
C11orf58,4.7932005087010085e-06
CTRC,4.774538287978318e-06
SNAPC1,4.766068496531426e-06
SDR42E1,4.7616238130740054e-06
SMG8,4.760672694365403e-06
MRPL10,4.758444894540891e-06
PXK,4.756388548093068e-06
POPDC3,4.743273637253064e-06
DMBT1,4.723604071621158e-06
ZNF295-AS1,4.718189042468561e-06
CCDC196,4.713092074565583e-06
U47924.3,4.709988106032582e-06
HAGH,4.702089115406722e-06
SEC14L5,4.699699685618695e-06
FKBP8,4.670541402731451e-06
SUGP1,4.665365619253821e-06
ZNF485,4.663279343921351e-06
GIN1,4.636447972581354e-06
RTN2,4.617737857594889e-06
SOS1-IT1,4.592830423758392e-06
NME9,4.5652754355065935e-06
COMMD8,4.53866967197594e-06
DUS2,4.532198147817429e-06
SNAI3,4.524062008913208e-06
SULT1A4,4.50336829192365e-06
TNFSF14,4.481544963888208e-06
TMEM42,4.470426589208801e-06
MYLK3,4.464879087911374e-06
RTL8B,4.460271526962043e-06
BCL2L2,4.455382257071424e-06
RSPO4,4.430042568953922e-06
SND1,4.426803259680445e-06
CYP11A1,4.425280108049595e-06
CCDC121,4.421286098461693e-06
ACE2,4.420505765543334e-06
ACBD4,4.41695243520224e-06
GHRL,4.41691839727661e-06
CSNK2A1,4.414680036837851e-06
HIST1H3D,4.3917659068242594e-06
SPATC1L,4.379884765197515e-06
LAT2,4.378879840923165e-06
KCNK2,4.357465245905245e-06
DNALI1,4.348293475106004e-06
IL17RD,4.344559639464893e-06
RPH3A,4.3395758795852415e-06
TPTE2,4.338998059737735e-06
KDM4A,4.332906747465983e-06
SPTY2D1OS,4.332098571677968e-06
AP4B1,4.330499739648707e-06
C8orf86,4.3283882455814665e-06
SH3PXD2A-AS1,4.31086249155988e-06
CARD18,4.302228358442451e-06
PTPRG,4.299433863742083e-06
C12orf42,4.294479513387537e-06
BEGAIN,4.292065529557861e-06
RNF208,4.28609184719059e-06
RAB3C,4.285590046553776e-06
ZMAT3,4.2831510004937525e-06
WDR60,4.247126507794828e-06
CDKN2AIP,4.246519372306472e-06
TTN-AS1,4.244495384831225e-06
OCIAD1-AS1,4.243794132600504e-06
ZNF451,4.242792587896876e-06
MUSK,4.240919249513881e-06
PLEKHF1,4.240123873757424e-06
AP003068.2,4.216985968221938e-06
TMEM178B,4.202460357866888e-06
SLC44A2,4.197219600392919e-06
CCNJ,4.189165199358836e-06
ADGRB1,4.175592195869913e-06
SLC16A5,4.174312880331501e-06
PKIA-AS1,4.167948724696781e-06
GACAT2,4.165345083079228e-06
PRCC,4.16447816785471e-06
CXCL17,4.139405481618683e-06
INKA1,4.10095463750003e-06
PTGR2,4.097962697619728e-06
MCEE,4.09564262568691e-06
YJU2,4.094023073331409e-06
ZNF184,4.0854546865594e-06
LOXL3,4.077903299755566e-06
CSPG5,4.07548435917723e-06
P2RY2,4.07437907596365e-06
CCDC192,4.067420035898144e-06
ZNF48,4.061521614530546e-06
LRRC42,4.059314974740074e-06
PALD1,4.052393274514914e-06
PIPOX,4.032044297339657e-06
MAP1LC3A,4.0314886093608936e-06
GRAMD2A,4.012227515477461e-06
BHMG1,4.011376039805497e-06
SOCS5,3.992928972471336e-06
SRR,3.985205394088363e-06
MYCBPAP,3.980291092614273e-06
DDAH2,3.979011370323765e-06
NCK1-DT,3.965093467244932e-06
COL22A1,3.961904544591991e-06
AP002518.2,3.957842843570183e-06
COPS5,3.9418389256613385e-06
UBE2F,3.92877943332974e-06
FLYWCH2,3.925949690694403e-06
OAZ2,3.915567890162997e-06
CCDC71,3.894713229195011e-06
ABCB5,3.889922654631835e-06
NCOA6,3.88951254340687e-06
AP005328.1,3.883992111878795e-06
TNC,3.847399216847244e-06
ACP2,3.819529144485216e-06
GTPBP10,3.816783131231031e-06
SRPK3,3.8149428134410025e-06
KTN1-AS1,3.810571256494932e-06
CMTM4,3.7890414663317874e-06
RINL,3.784335128685774e-06
ZBED1,3.7794396525215504e-06
RAB28,3.7738664598531176e-06
DTWD1,3.772956560638781e-06
DEPDC5,3.7701896630993216e-06
CASP3,3.760536035275441e-06
PKN3,3.748595007020278e-06
RNF17,3.7420998478118753e-06
CMBL,3.7352110086442536e-06
DMPK,3.732140547429984e-06
KIAA1586,3.730115976360175e-06
PKD2L2,3.718341870272497e-06
LCA5,3.698060661320897e-06
KIAA0895L,3.697266771143943e-06
SLC36A1,3.687859849751004e-06
CLEC9A,3.685614548478781e-06
DGKQ,3.685558733960669e-06
HSD17B7,3.663911228368856e-06
MFSD3,3.662553467794728e-06
CHML,3.644147756013425e-06
DACT3-AS1,3.6438247597326575e-06
WARS2-IT1,3.623647855602554e-06
GJB7,3.618330268689265e-06
CCDC200,3.611530281151728e-06
U47924.2,3.611331548594881e-06
SLC38A6,3.606657794056873e-06
OPA1-AS1,3.6006798453991517e-06
C8orf37,3.60050201198088e-06
FAM245A,3.594781152373716e-06
COMMD9,3.584018692892097e-06
DNAI2,3.5483142832857942e-06
HNRNPA1L2,3.536968910831703e-06
FBXO10,3.531695733224996e-06
ZRANB2-AS1,3.5169991658332485e-06
CCDC38,3.512949256966001e-06
ADM2,3.5100569094351843e-06
PANK4,3.508121606097299e-06
FDXR,3.497679884676592e-06
ZNF143,3.47769375797431e-06
FGGY,3.463795323671037e-06
STAR,3.4629289057178457e-06
BLOC1S6,3.461648985573649e-06
LACTB2-AS1,3.4603303299381995e-06
NUDT22,3.4420475059590637e-06
RBM15-AS1,3.435493772885505e-06
CLN3,3.4183962159158744e-06
IL20RB-AS1,3.4156341467441163e-06
SPEF2,3.405872752381224e-06
MAATS1,3.400072831606242e-06
AP001341.1,3.389499623045289e-06
PPP6R2,3.3885437600274127e-06
PLAC8L1,3.3799288964847733e-06
GABPA,3.354882642732146e-06
GHRLOS,3.3489869460456435e-06
CCAR2,3.3468832094326548e-06
TPRA1,3.34484368793596e-06
IWS1,3.3436903016048266e-06
AGAP4,3.3250227254348613e-06
AP001442.1,3.319360762700114e-06
BCDIN3D,3.3169993477794728e-06
PNMA8A,3.312648213312381e-06
CORO7,3.3086420731759377e-06
OTX2-AS1,3.2989858260442025e-06
ARHGAP35,3.2959692137517632e-06
SLC30A8,3.2888949510856414e-06
CLIC2,3.2868591998198103e-06
PRR15L,3.2858634193054046e-06
GSTM4,3.2581422701327737e-06
AIFM3,3.252044264247299e-06
SPAG6,3.240673193265205e-06
MISP3,3.2339494415198573e-06
DLL1,3.2056410832316973e-06
ZNF761,3.20554130621022e-06
CCAR1,3.183580547085572e-06
TGM4,3.179670011816964e-06
PRICKLE4,3.1770879103171893e-06
ZNF724,3.170904320675873e-06
STIMATE,3.1381929892589885e-06
MIER2,3.1055549590160133e-06
RFXANK,3.1044014271918e-06
DIO2-AS1,3.099415073950484e-06
CMYA5,3.0941917520873195e-06
EXOSC10,3.088578006463757e-06
ENPP4,3.081564384806393e-06
SPECC1L,3.048461148052172e-06
CTBP1-AS,3.039885222245776e-06
PLPP6,3.028682509162792e-06
TRIM36,3.025164061422946e-06
ELK4,3.018798709396325e-06
LYPD6,3.0117120927198795e-06
DCDC1,3.000024397078864e-06
QDPR,2.9635698903152493e-06
MAPK1,2.925427698443737e-06
NDUFA10,2.924737384401804e-06
CDK20,2.908896010502918e-06
BTG3-AS1,2.903831032394249e-06
ZBED3-AS1,2.881667493083387e-06
NKAIN4,2.874958456321985e-06
KRBOX4,2.865918524817783e-06
IL13RA1,2.8616865783828007e-06
ANKUB1,2.861426429937267e-06
SAMD13,2.853261035192681e-06
ROGDI,2.8516544998806957e-06
METTL14-DT,2.840568456376541e-06
AF131215.2,2.840281958843181e-06
AP000779.1,2.838267270007464e-06
ZFP37,2.774566610472637e-06
CCT6B,2.735729347530528e-06
ARMCX5-GPRASP2.1,2.727948227948365e-06
WIPI1,2.7257600383338584e-06
FREM3,2.7219132109587003e-06
C1orf226,2.7147556106678964e-06
ZNF2,2.705909291009581e-06
AP000640.2,2.700562473092743e-06
EP400,2.6954036810214805e-06
KCTD14,2.692019939224076e-06
LDHAL6A,2.683255741805233e-06
ZMYM4-AS1,2.664770189959895e-06
PINK1-AS,2.64916253094391e-06
DNLZ,2.648441259200113e-06
SLC26A5,2.6458185941704976e-06
OTOGL,2.6331052308644013e-06
ATG4B,2.630339592437101e-06
LYSMD3,2.626253841549834e-06
AKAP1,2.6196815396259367e-06
OTUB1,2.6165783143729503e-06
SACM1L,2.6165347366845247e-06
ESS2,2.6112807393233074e-06
POLRMT,2.609540553328368e-06
ARAF,2.5975669204691057e-06
TRAPPC3L,2.576222557834477e-06
ZNF572,2.5711889611327005e-06
MSRB1,2.566095834422389e-06
VEZT,2.562491192758569e-06
VPS37D,2.544500472983025e-06
PNP,2.54269341319922e-06
STAG3,2.5273914122913424e-06
FOXK2,2.526722443458312e-06
SARNP,2.517718866867671e-06
ARF4,2.5092820919808203e-06
NNT,2.5056278878000483e-06
ATP1A4,2.493342391225147e-06
ABCC1,2.4932685245084164e-06
VPS45,2.493157019368871e-06
STARD4-AS1,2.486897863787064e-06
PDK3,2.471842897006667e-06
BAIAP2-DT,2.4595678323014102e-06
IRAK1BP1,2.4479305561344616e-06
HCG27,2.4469921617039016e-06
TGFBRAP1,2.420595914419545e-06
BFSP2,2.412659703741727e-06
AUXG01000058.1,2.411916286683085e-06
TRIM4,2.385954200185681e-06
STX5,2.385551610390284e-06
MBNL3,2.3719693208834566e-06
KCND1,2.349799912678444e-06
GRIN2C,2.3325560375888005e-06
PPM1F,2.3210442036968792e-06
ZNHIT3,2.3183426732105893e-06
DTNB,2.3089765334989856e-06
SNX10,2.2983480349982e-06
ZNF397,2.29337382348192e-06
C20orf144,2.292207931014442e-06
GPATCH1,2.2668802811458466e-06
GHET1,2.263597256991375e-06
NXT2,2.2632112765490853e-06
GINS3,2.2588861839230872e-06
PARD3,2.25649413032095e-06
LYPLAL1-AS1,2.2557795848421457e-06
KBTBD11-OT1,2.2424716680023097e-06
COX16,2.220674490387527e-06
PPM1M,2.2197512075746064e-06
ZNF284,2.2173291751202435e-06
SIM2,2.1877846401675328e-06
TDG,2.1762393316809104e-06
TIGD7,2.16786448026018e-06
STK19,2.1553699460248373e-06
RABAC1,2.1538187583893862e-06
PIP4K2C,2.14498680206162e-06
CORO1B,2.1395885137145044e-06
ZNF776,2.1273103571945166e-06
SPTBN4,2.12471180896586e-06
ZNF449,2.122708617543248e-06
GPER1,2.0949584092914438e-06
WWC3-AS1,2.0927363439150824e-06
LNP1,2.089443096241992e-06
COMMD7,2.081515524549683e-06
MUSTN1,2.080591461704137e-06
TNFRSF9,2.080352740507131e-06
EIF2AK3-DT,2.0730630329448837e-06
CD302,2.0711358261611286e-06
NPHP1,2.068087367137037e-06
OSTM1-AS1,2.0678737062826653e-06
DNAH17-AS1,2.064157640942452e-06
PRSS53,2.062308509378301e-06
SDSL,2.051762247205513e-06
ABRACL,2.049188785902463e-06
MED15,2.0479288471460294e-06
ASB16,2.033961336479268e-06
TRIM52-AS1,2.025887598277935e-06
FRG1-DT,2.023598173591281e-06
C10orf25,2.022018476076985e-06
ZMYND12,2.0145953677916675e-06
RILPL1,2.0133572133538008e-06
ENTHD1,1.992550815579571e-06
BRK1,1.990821805432331e-06
ERICH6B,1.978618198224081e-06
TTC34,1.9743223640670724e-06
CLVS1,1.967508649986407e-06
SLC16A8,1.948733968269517e-06
TRAM2-AS1,1.9368944652545776e-06
MINDY2,1.9284712792354742e-06
RBM22,1.9282046027561776e-06
ZNF219,1.926034090557454e-06
INTS3,1.910602477070023e-06
TSPAN6,1.907014796838978e-06
LZTS3,1.9038620548661453e-06
UNC93A,1.887943953015717e-06
GFOD1,1.87028820123614e-06
PRPSAP2,1.852758643846132e-06
C19orf18,1.8498468031477076e-06
LAMP2,1.839044737765157e-06
NDRG3,1.806369379876172e-06
CASC11,1.7661318181656952e-06
JMJD7,1.756827813336639e-06
GEMIN8,1.7564411319634933e-06
HORMAD1,1.754186680377174e-06
CLASP2,1.7441480855344208e-06
RAB20,1.7381207642890757e-06
PSMB8-AS1,1.7347865760328567e-06
LDB1,1.7333699688292454e-06
LCN12,1.7288787151571808e-06
SEMA4F,1.7190280145596128e-06
TFPI,1.707478101111422e-06
PART1,1.6943294980120815e-06
PPP3R1,1.6930685673572687e-06
CAPZA1,1.6876906481459284e-06
MNDA,1.6786380761580872e-06
TOPORS,1.6761849935481508e-06
ANKS1A,1.6604986186773967e-06
SIPA1L1,1.652059580314756e-06
ATP1A3,1.6416409155547968e-06
NSRP1,1.6325989430564504e-06
DHRSX-IT1,1.6213143568977156e-06
ALDH5A1,1.618471908967973e-06
PGM1,1.61555351856948e-06
CAMK1,1.5986497079121772e-06
IPPK,1.5979917664226472e-06
BDP1,1.5938367631297565e-06
CEBPG,1.5839192948200212e-06
ZNF468,1.577343311992484e-06
CNMD,1.556768641243645e-06
AP001160.3,1.5501970829369478e-06
ARL5C,1.5438658913483283e-06
BVES-AS1,1.5426514940452577e-06
KMT5C,1.5353673027769555e-06
MXRA7,1.5326156663159749e-06
RNFT1-DT,1.5320801191808569e-06
Z97989.1,1.519570462665294e-06
SUSD2,1.5004164070165434e-06
DHX36,1.496135823928593e-06
IGSF5,1.4925589567024225e-06
MKNK1-AS1,1.4919397673760212e-06
SEC14L2,1.482383303057409e-06
COL28A1,1.4773412299021068e-06
C9orf139,1.454365623370507e-06
TMEM79,1.451313990722247e-06
P4HA3,1.439073839333304e-06
TMEM169,1.4329445272840003e-06
KANSL1L,1.4316570685900191e-06
EHF,1.430495662576347e-06
COPS7A,1.4179268743815086e-06
SNPH,1.355468907764315e-06
U52111.1,1.3554114190772433e-06
NEK5,1.3534136559605503e-06
COPS4,1.3509511946307304e-06
C1QTNF12,1.3408518343695602e-06
FRS3,1.335721647757617e-06
FAM114A2,1.333949299650974e-06
SLC2A1,1.3230143948622154e-06
NRG2,1.321436959258048e-06
SYN1,1.3169935204365716e-06
RHOBTB3,1.3167611414115009e-06
GIGYF2,1.3143093381737415e-06
ZNF322,1.2992512017102125e-06
EFHC1,1.293565007313152e-06
AP005329.1,1.289962107487619e-06
ANKRD20A4,1.2796787577236422e-06
CHD9,1.2573617140108076e-06
SOX15,1.2378011148304962e-06
DNM1,1.2340318351790805e-06
FGF22,1.2244457157243728e-06
THAP8,1.22290937680381e-06
FUNDC1,1.2101428020471585e-06
PRRX2,1.1793488712852411e-06
TMEM9B,1.1781770783529062e-06
SLU7,1.1709339875312502e-06
DESI2,1.1698511601768976e-06
RANBP3L,1.1677212723773218e-06
EDDM13,1.1582726620200735e-06
TICAM2,1.1440833144141729e-06
MYBBP1A,1.1323773797802217e-06
NEPRO,1.1264810258269712e-06
STRADB,1.123716695116282e-06
CYP2W1,1.1236015784496234e-06
SLC46A1,1.1213304556882522e-06
PRKAR2A-AS1,1.1181396286645714e-06
PAPOLG,1.1115668623583262e-06
H6PD,1.1070281280571554e-06
PSMD1,1.0518805046883943e-06
CYP2U1,1.0473983272698563e-06
SWI5,1.038950821687661e-06
DCUN1D1,1.0244658313493337e-06
C16orf71,1.0227727225558642e-06
ATXN7L3B,1.0217614796561446e-06
FIS1,1.020943412057003e-06
CACNB3,1.0201138385302022e-06
P2RX5,1.000920194084524e-06
ALOX12B,9.867622210492282e-07
HHEX,9.850039015528565e-07
COQ3,9.791851918791576e-07
Z99127.4,9.771879834326029e-07
KLHDC10,9.7103228721651e-07
ZNF496,9.60140454979276e-07
ADNP-AS1,9.508167827981714e-07
PINK1,9.487835052418866e-07
PTPRG-AS1,9.359792400576152e-07
HAS3,9.329983687052958e-07
SCNM1,9.313741218594256e-07
NIPSNAP3B,8.94453566875079e-07
XPC,8.892903417179709e-07
NEB,8.630355971400581e-07
TRIM52,8.602802299976305e-07
OTULINL,8.444948047055117e-07
SLC66A2,8.38446300016231e-07
ETV5,8.384236141678597e-07
APBB1,8.288554753071021e-07
SLFN12,7.988451395617677e-07
NRAS,7.883176169461401e-07
AF131215.4,7.87839754060777e-07
C21orf91,7.852618711003806e-07
NT5C3B,7.83152040882439e-07
ICK,7.797038285851992e-07
PCYT1B,7.701273136972459e-07
SLC48A1,7.671052490644225e-07
HSD17B11,7.332165318107422e-07
RAB33B,7.328020377213448e-07
PRKG1-AS1,7.287100802499832e-07
SMG7-AS1,7.247255201462929e-07
SAMD15,7.246766025972939e-07
ART3,7.228908252325588e-07
LUCAT1,7.182875457514335e-07
ACVR1C,7.000528048371142e-07
CDK10,6.979652329761377e-07
SPTSSB,6.924390201631765e-07
ISYNA1,6.809065535348482e-07
CNOT10-AS1,6.725468033731749e-07
ARHGAP28,6.629642985499354e-07
ANO8,6.612241229410046e-07
AD000671.3,6.595453412628869e-07
OSGEPL1-AS1,6.563176345044329e-07
SLC7A14,6.521599555121869e-07
KCNS3,6.495488366909525e-07
DCUN1D4,6.433668274938085e-07
GNMT,6.24923442608909e-07
SMARCAL1,6.066038523400459e-07
MYLK-AS1,6.062894131320965e-07
EML3,6.04737107896529e-07
SNX15,6.037146983792349e-07
TUG1,6.0211409611289e-07
DLD,6.002800960789831e-07
SNAI3-AS1,5.928491515135198e-07
SMARCD3,5.813729625089008e-07
C7orf69,5.791227962463623e-07
ADGRE1,5.751985368215897e-07
CCDC81,5.702924791008357e-07
LONRF1,5.542697010886988e-07
WAC,5.527009460593392e-07
HLA-E,5.493438054777617e-07
PDZD7,5.471286736633757e-07
CNR2,5.380084813755146e-07
PCBP2-OT1,5.203271902652527e-07
SMAGP,5.147322195587567e-07
C4orf33,5.080680628624657e-07
SDHAF2,5.075440925642189e-07
GLIS2-AS1,5.063192766441161e-07
ACBD7,4.932561152096544e-07
ATP6V1E1,4.927052157299157e-07
TMEM63A,4.763507405265202e-07
MIR217HG,4.7616336952775334e-07
PCA3,4.6606740060706077e-07
PCDHGC3,4.43837813845289e-07
TPST2,4.324784866399544e-07
FAM124A,4.2617854845437044e-07
CCER2,4.028225620457979e-07
PPFIA1,3.9973619157824933e-07
TENM3-AS1,3.988462233137075e-07
ATP6V1G1,3.954561736017377e-07
UPP2,3.930264532167973e-07
SLC5A4-AS1,3.7652017123099756e-07
UBE2L5,3.706054251726834e-07
DRAXIN,3.6704543484425177e-07
AP002892.1,3.582990207336473e-07
DEGS2,3.4574026666966857e-07
QPRT,3.411663020997053e-07
PIGB,3.259465714310369e-07
MROH8,3.157969909052045e-07
GORAB-AS1,3.145210289400175e-07
MAP4,3.0182431213075426e-07
BECN1,2.9578235164103255e-07
CCDC85C,2.857067830710993e-07
CCL20,2.795946439724082e-07
VPS52,2.750540671686943e-07
CRK,2.7190065604515066e-07
OR7A17,2.5668325643127746e-07
HLA-DOA,2.503502640643645e-07
HRH4,2.497947645864964e-07
TREM1,2.476918248624827e-07
ZNF546,2.2143009309316845e-07
BCKDHA,2.116336220333837e-07
MFAP5,2.1030348609057227e-07
ZFYVE19,2.0850951329788999e-07
WEE2-AS1,2.080168769158385e-07
SNRNP70,2.0750216437092077e-07
OTOF,1.9550825339432242e-07
ZBTB6,1.9190045244518042e-07
TEX10,1.866420993458304e-07
CAMTA1-DT,1.8185326205220855e-07
POC1B,1.745827424034607e-07
AP001574.1,1.7234339700911157e-07
DNAJC13,1.6883896172345697e-07
ARFIP2,1.412017510910837e-07
PLCH2,1.3814135773304898e-07
FNBP4,1.3751581151099277e-07
SDR42E2,1.175719651191233e-07
NUS1,1.1743251788252877e-07
PCOTH,9.302693819374005e-08
FPGT,8.712961100507409e-08
ALDH6A1,8.57219814517772e-08
SKAP1,8.436689559552162e-08
TRIM39,7.98544663258816e-08
CINP,4.6571373398702574e-08
TTYH2,4.367586729589225e-08
DTWD2,2.709495103287517e-08
AP000753.2,1.922267329532581e-08
CEP68,1.0019626835969585e-08
RNF111,-6.787810370197993e-09
LYSMD4,-1.0288227905388068e-08
PHETA1,-3.0902377305701224e-08
LERFS,-4.26072445505506e-08
ACP7,-4.940629035004108e-08
PCDHGA8,-5.6317414070156834e-08
PPP1R18,-5.8827546898834144e-08
HLA-A,-6.29048857920585e-08
SLC16A7,-9.840685864524925e-08
BNIP1,-1.0670167973066633e-07
SENP2,-1.197396329433119e-07
RAMP2-AS1,-1.2655206156666021e-07
ZNF526,-1.2731756338964353e-07
LAMTOR2,-1.3110149955740182e-07
FGFR1OP2,-1.3117979665135445e-07
BRI3,-1.332391876288163e-07
COA6-AS1,-1.433174688907621e-07
THOC5,-1.6243764846451597e-07
COX7B,-1.91174382726717e-07
PCYT2,-1.9586407873962118e-07
NUCB2,-1.981862553134965e-07
CD109,-2.101299257388462e-07
SLC27A3,-2.1049410153415978e-07
ARHGEF40,-2.1435387016908958e-07
EYA3,-2.204321395684229e-07
IQCE,-2.2090506532887825e-07
BTLA,-2.2529036320130426e-07
KLHL13,-2.2612176545949117e-07
SEC31B,-2.3088200644650067e-07
LYPLA2,-2.3366616566303874e-07
MMEL1,-2.380548761766323e-07
PGAP3,-2.3961449787771605e-07
ABCB9,-2.4475815179340824e-07
LRRC37A3,-2.616376096385995e-07
PRORP,-2.647028650658788e-07
NCSTN,-2.733259053179344e-07
SEC13,-2.757471603269631e-07
CFAP54,-2.7900673974340205e-07
TEX45,-2.827520146200859e-07
CD101,-2.9029102065099377e-07
DAB2IP,-2.933446418828987e-07
TMC1,-2.938973641936087e-07
NBPF14,-3.023288563100184e-07
C5orf15,-3.041380990206513e-07
CLIC4,-3.070853209288933e-07
RTN4,-3.166526957866877e-07
B4GALT5,-3.3629265085113585e-07
SPATA41,-3.435363775876498e-07
VAT1,-3.970545608503408e-07
LRRC47,-4.0011124876503923e-07
RABL3,-4.097731812378086e-07
LAMC1-AS1,-4.157107489364582e-07
DOK3,-4.162345943828642e-07
COPS7B,-4.1635767050290805e-07
ARMCX5,-4.202208339379817e-07
TMEM106A,-4.2119858281547634e-07
SLC19A2,-4.256076320972038e-07
USP11,-4.316962893967549e-07
FXYD1,-4.330688602917806e-07
C19orf25,-4.352371024874605e-07
MSRB2,-4.45875110607578e-07
Z98200.1,-4.4969902411101284e-07
TUBA4B,-4.501085413900236e-07
Z82243.1,-4.61373963513657e-07
ZNF530,-4.624349867398769e-07
SEC23IP,-4.720735025403952e-07
MAPK6,-4.759339118439149e-07
FO393419.2,-4.912419220218821e-07
C3orf62,-5.037990699070221e-07
TRNAU1AP,-5.10565768943993e-07
SLC9A3-AS1,-5.207887369261581e-07
GNG12,-5.228108154007697e-07
GGACT,-5.417301036415079e-07
KCNQ2,-5.424058034400033e-07
CRYBA1,-5.454911790622454e-07
SCRN2,-5.588125360315742e-07
RAB34,-5.739090673131507e-07
MTG1,-5.819276014053086e-07
GPX8,-5.941430845256091e-07
TMED6,-6.021529650290547e-07
ZNF20,-6.067857223215969e-07
NUDT18,-6.229254378565037e-07
LOXL1,-6.287130507423669e-07
CRAT,-6.343948514013811e-07
FZD1,-6.500547893427302e-07
ZNF234,-6.510042378505191e-07
SLC22A15,-6.613885585239605e-07
NKILA,-6.877277324674406e-07
TTBK1,-7.04782980535564e-07
ODC1-DT,-7.099534981919441e-07
FAIM2,-7.132005170854151e-07
CBX4,-7.228737132302794e-07
COL11A2,-7.545978099266652e-07
WIZ,-7.567847442447017e-07
MR1,-7.64978957051822e-07
WDR88,-8.012747881376402e-07
GNG10,-8.043919637017641e-07
AP003307.1,-8.11329735212929e-07
GTF2H1,-8.332933794180099e-07
ZNF222,-8.342564390913596e-07
ZNF614,-8.353534194354052e-07
CRYZL1,-8.371442484354931e-07
C17orf67,-8.573474123407011e-07
NPIPB8,-8.599944906375314e-07
C12orf50,-8.641022148511122e-07
SATB2,-8.795577837833008e-07
LRRC8E,-8.871555975011652e-07
ATCAY,-8.949027093602432e-07
LRATD1,-8.960317681250249e-07
IGFBP7-AS1,-8.976391810363445e-07
CCDC107,-9.06873361555652e-07
BAIAP2L2,-9.164356760386996e-07
MRPS22,-9.16630560221658e-07
ARID1A,-9.214884721507632e-07
FOXO3B,-9.217033254468712e-07
FKBP1B,-9.381775171828936e-07
FOXN2,-9.40108327602838e-07
DM1-AS,-9.426555154097638e-07
PROSER1,-9.498171260943444e-07
RPRD2,-9.536016651866938e-07
RCAN3AS,-9.596347855991076e-07
VSIG10,-9.793043490785848e-07
SOX6,-9.800223837127066e-07
CHD8,-9.991416717996562e-07
ZNF41,-1.0053505162590873e-06
SLC44A3,-1.0059179810143173e-06
PBLD,-1.0079304765614712e-06
SMIM1,-1.0155616548497334e-06
CLEC2D,-1.0219317737652065e-06
METTL14,-1.0230603032568552e-06
ADCY10,-1.0502955373264568e-06
C2orf15,-1.0507949989077913e-06
CEP104,-1.0515036206087414e-06
RC3H2,-1.0595959010229894e-06
RBM34,-1.0597604767513142e-06
PBOV1,-1.0725021500473426e-06
HNF1A-AS1,-1.0922208751644082e-06
TOB1-AS1,-1.0958128231585254e-06
PPM1L,-1.109531973899283e-06
FAM199X,-1.112971709014491e-06
ALG11,-1.116228300246557e-06
ST7,-1.1166985293414753e-06
ST6GALNAC4,-1.1167148906308666e-06
SEPTIN10,-1.1278715984058689e-06
AP1M2,-1.1344649905237475e-06
STAC,-1.1435506545785003e-06
ANXA4,-1.146014699251195e-06
BTN3A2,-1.146624002054716e-06
NCBP3,-1.1480269875787738e-06
REPS1,-1.148479226863594e-06
SMIM31,-1.162854641652647e-06
LAMA5,-1.1768089316902554e-06
LIX1-AS1,-1.1782019786452343e-06
CXorf65,-1.1893651060303929e-06
ATF1,-1.1920639949591763e-06
NT5C1B,-1.227941975473029e-06
ZNF70,-1.2350046449761597e-06
ZNF677,-1.2395738261320004e-06
CP,-1.2428781261031136e-06
TM4SF19,-1.2432471407912344e-06
TMEM236,-1.2463850676702891e-06
R3HDML,-1.2537364767436165e-06
SPRED1,-1.2565784408968617e-06
LCMT1,-1.2707088413483835e-06
KCNC4,-1.2833528181174174e-06
SLC35E3,-1.2837544148473568e-06
TRMO,-1.2838033015317153e-06
MTUS2,-1.2843783295221772e-06
NAA15,-1.2933607188540254e-06
DGAT1,-1.2994399110415805e-06
TC2N,-1.3019321456239791e-06
SELENOO,-1.3036501111408208e-06
TRIM29,-1.3315429933328171e-06
ANKRD30A,-1.3336040221730342e-06
HPX,-1.339805842921433e-06
PNMT,-1.3462526128800757e-06
AF235103.3,-1.3466814783418143e-06
SH3GL2,-1.3560870243399592e-06
ICAM3,-1.3621074722515265e-06
H1FX-AS1,-1.3706215328179435e-06
RAD23B,-1.3733261837973348e-06
RUBCN,-1.3968973288893496e-06
ADAMTS16,-1.402800432877179e-06
PCDHGA6,-1.4091157523293662e-06
TSPAN33,-1.411425715003321e-06
CYB5A,-1.4205238966692677e-06
NPB,-1.420536578806658e-06
MAP3K15,-1.4366623418983672e-06
MBOAT7,-1.4524307804424647e-06
ITGB1-DT,-1.4652899699106457e-06
CDK2AP1,-1.4817811953505992e-06
RAD50,-1.497130961514124e-06
MMP24OS,-1.4991203161244615e-06
BBOF1,-1.5070687232312028e-06
MTA1,-1.5111448484661238e-06
ZNF547,-1.524727255619815e-06
MOB3A,-1.5297522805889522e-06
ELF4,-1.5455607102350153e-06
CARD9,-1.5647062088888955e-06
EPN2,-1.5652981649247128e-06
KAT5,-1.5726102707665904e-06
TSPO,-1.5782791246409518e-06
PCP4L1,-1.5870746979139426e-06
SAFB2,-1.5881455776426462e-06
CHRNB4,-1.6067434370419655e-06
GPAT4,-1.6109533590552848e-06
USP2,-1.62087407368547e-06
INTS6,-1.6224985736469472e-06
ZNF653,-1.6369102435776404e-06
HIPK3,-1.6452420028097193e-06
LRRC56,-1.6524771310142878e-06
APOOL,-1.6560634909091374e-06
GDPGP1,-1.6577413200597065e-06
PHYHD1,-1.6799301114078875e-06
HGF,-1.7046028439094927e-06
ARGFX,-1.7083677740421846e-06
DLGAP1-AS4,-1.709898724691333e-06
ERICH6-AS1,-1.716919490231094e-06
FAM234B,-1.7200403701049215e-06
TRIM54,-1.7369215560674163e-06
CASC16,-1.7372885081747671e-06
SNAP29,-1.757997529178501e-06
SMIM30,-1.7645038898443926e-06
CNBD2,-1.770760968347089e-06
ZNF773,-1.7714694556061712e-06
ARSE,-1.7744129577716409e-06
SHISA4,-1.7788414260079678e-06
C2orf16,-1.7875021950861516e-06
ATP6V1FNB,-1.8075379376934785e-06
ZNF426,-1.8080794517399995e-06
SAMD5,-1.8153570969347216e-06
BEND6,-1.818768170948165e-06
OTUD1,-1.8193043893906544e-06
ZNF611,-1.822306508463387e-06
AKNA,-1.8288063639780531e-06
GPS1,-1.84224902904046e-06
MBIP,-1.8426141590686336e-06
ITGAE,-1.8475216939456715e-06
BTBD18,-1.8498875085571716e-06
PROCR,-1.8608728094832115e-06
ADPGK-AS1,-1.8731860064243647e-06
NPIPB11,-1.8748433298724653e-06
USP38,-1.8803559587305504e-06
ZNF286A,-1.883386608602352e-06
CYP4B1,-1.8873975456109077e-06
SYNJ2,-1.8976596445241857e-06
FGD1,-1.9017639649106475e-06
COL9A3,-1.907089073902788e-06
SMIM18,-1.907680940332061e-06
SH3BP5-AS1,-1.9145266367855203e-06
SLC25A12,-1.921524843125696e-06
ZNF599,-1.9268472927480944e-06
LTF,-1.9325808526562933e-06
SPATA22,-1.9330874227012705e-06
CBX7,-1.945675034941568e-06
ZNF888,-1.9494512242476235e-06
SLC45A2,-1.9534654189329138e-06
THADA,-1.9604401933486925e-06
TMEM51,-1.964821309384936e-06
C16orf58,-1.9683774502473398e-06
CYB5R1,-1.9687212154200613e-06
DOC2A,-1.9879879861987297e-06
ATG13,-1.9913795854336708e-06
CFAP410,-1.994955155057337e-06
TAF2,-2.0293828878710657e-06
TSPAN11,-2.042425110836648e-06
RALY-AS1,-2.044897934699001e-06
CXCL14,-2.0680520675580194e-06
CERS4,-2.0695252340261107e-06
DOCK8-AS1,-2.073958420418835e-06
IFT46,-2.081563453867812e-06
LYG2,-2.0922941235088045e-06
RNF2,-2.116380702728028e-06
GASK1A,-2.1240039105124434e-06
IPMK,-2.1392053012517927e-06
CLP1,-2.1446590703384146e-06
KLHL9,-2.1523055536779803e-06
TERB1,-2.1573701425724877e-06
TSKS,-2.158268592963216e-06
CCDC65,-2.160668527879854e-06
PPIL3,-2.180473296027934e-06
ABCG2,-2.1832515840204123e-06
SLC9A7,-2.199538717984193e-06
SHLD2,-2.199812087021402e-06
DDX25,-2.200955323782129e-06
ELOVL5,-2.206513239445178e-06
INTS12,-2.2181529024424263e-06
CASP7,-2.219660948422948e-06
PRPF31,-2.2301901299387924e-06
CAMK2B,-2.230807305331988e-06
C6orf201,-2.2321472911079737e-06
CBL,-2.2447301620524794e-06
MRPL52,-2.26097737884375e-06
MTCH1,-2.265172779149762e-06
RAD52,-2.2687549917176115e-06
IL15RA,-2.2796274283039685e-06
ZNF7,-2.2801200410207618e-06
CAHM,-2.2882698504379278e-06
F13A1,-2.303432529598734e-06
RBMS1,-2.332518360619198e-06
ECT2L,-2.3448736699561315e-06
TLX1NB,-2.351674951056323e-06
SAMMSON,-2.3752435174021877e-06
MAPK8IP2,-2.383160789338322e-06
MPV17L,-2.4048024213075247e-06
SPRYD3,-2.40710991356971e-06
PAXBP1-AS1,-2.4077733022684527e-06
GATAD1,-2.4087531452060957e-06
PARP11,-2.4116576498516003e-06
ZBED6,-2.435866431468848e-06
MRPS9,-2.4447610418093488e-06
LY6G5B,-2.4468040537193777e-06
GLRA1,-2.454508241363797e-06
C11orf42,-2.467511470477557e-06
PEX1,-2.476271618413523e-06
ADPRHL1,-2.48179498386963e-06
PDE6A,-2.482897634682934e-06
CCR6,-2.4961018951509653e-06
TMCO3,-2.499052566026757e-06
FAM20C,-2.511468061404593e-06
SMIM10L2B-AS1,-2.516700947789031e-06
BTBD7,-2.5317731702286103e-06
APC2,-2.5381561815402544e-06
TERF2,-2.538533550617713e-06
TOR1AIP1,-2.549995822558583e-06
NDST1-AS1,-2.5517108432360534e-06
HADHA,-2.606928655785077e-06
SLC2A5,-2.6141228537098745e-06
SLC25A26,-2.6147703449367947e-06
HTT,-2.624857668108462e-06
SLC28A2,-2.641096357212588e-06
RASSF3,-2.679435136058381e-06
ZBTB20-AS4,-2.680725373510905e-06
ZBTB22,-2.6884986114498096e-06
OCEL1,-2.690688538098998e-06
Z97832.2,-2.69456458525074e-06
MYPOP,-2.701655989373347e-06
STYX,-2.7016741033365072e-06
STK25,-2.7046921958233625e-06
RSBN1L,-2.7195719527577778e-06
TVP23A,-2.738275685017184e-06
VSTM2L,-2.7441223853825937e-06
TMEM8A,-2.75185176885872e-06
IGFL4,-2.751865222513153e-06
LARP7,-2.761103982847036e-06
ZNF426-DT,-2.7658382047692067e-06
OXSR1,-2.7671532389172854e-06
TAF1C,-2.782791511126281e-06
RELA-DT,-2.7851972180490694e-06
TCAP,-2.8230267766457454e-06
AOC2,-2.8277775414647102e-06
SPATA24,-2.838063747474931e-06
DZIP1L,-2.845991843260956e-06
BFSP1,-2.852704514893547e-06
TADA1,-2.855165774982103e-06
TSR3,-2.8571127213284743e-06
ETV1,-2.8742992686187542e-06
AKAP8,-2.875160180387433e-06
RPAIN,-2.893674246353949e-06
CORO1C,-2.894467077033632e-06
AP002954.2,-2.89622714916372e-06
USP39,-2.8973389471789223e-06
EID1,-2.9010229654124026e-06
HSF2BP,-2.911567420257921e-06
C12orf76,-2.929973823213373e-06
NOXO1,-2.935465116808327e-06
PCDHGA10,-2.936661751112494e-06
ITGBL1,-2.9374233398781344e-06
TPTE,-2.939193017042505e-06
PDE7A,-2.9443612160405213e-06
TATDN3,-2.947164778343164e-06
KCNK12,-2.952025359725909e-06
TBC1D13,-2.9537018725706463e-06
PHYHIP,-2.953902155254144e-06
RNF135,-2.9557036369962187e-06
POLR3E,-2.9586847634311512e-06
RHBDD1,-2.9753082274489385e-06
ZNF112,-2.978139361650801e-06
LCMT1-AS2,-2.9825204613970097e-06
KIF9-AS1,-2.98489632402994e-06
Z93022.1,-2.993282580812798e-06
TMPRSS11D,-2.9940623273385782e-06
ZNF778,-2.995477565968833e-06
CHMP4B,-2.9958390361621296e-06
FGFR3,-3.0041201315694188e-06
GNRHR,-3.026071943907843e-06
KLHL1,-3.0263127773635806e-06
ZFHX2-AS1,-3.027343257037602e-06
TTLL10,-3.0316029457598837e-06
ZNF200,-3.0370728348588868e-06
TRIP10,-3.043148614895341e-06
FSD1L,-3.070383977619524e-06
ERICH6,-3.071540617733625e-06
XXYLT1-AS2,-3.091476429871026e-06
SCN4A,-3.0989451689825515e-06
CRPPA-AS1,-3.1062056956842743e-06
SCNN1D,-3.1068740636459383e-06
AFAP1-AS1,-3.1163041008524304e-06
RARRES1,-3.1170600659330327e-06
EDAR,-3.135309013514343e-06
DYRK1B,-3.1377784853207447e-06
APOC4,-3.1401687574170774e-06
ZNF384,-3.1423860105712365e-06
BX322562.1,-3.155913353414292e-06
NIFK-AS1,-3.1593785220685584e-06
MTMR1,-3.1773078815690386e-06
OSCP1,-3.1779012497410283e-06
SYNJ2BP,-3.1815866216979084e-06
PITPNM2,-3.196615162933551e-06
VSIG8,-3.21615695940348e-06
ZSCAN2,-3.2331418981125505e-06
KCNK17,-3.2373117171192355e-06
GPBAR1,-3.239656497448128e-06
ZFP90,-3.2501814586159243e-06
FKRP,-3.2680097091480565e-06
NDUFV3,-3.274683511739404e-06
RERE-AS1,-3.2864841381118097e-06
HIST1H2BE,-3.286728270217754e-06
Z92544.2,-3.298832617819969e-06
DRAIC,-3.303605959334564e-06
COMMD5,-3.326255096851698e-06
SMTNL1,-3.3280492554974504e-06
FRG1,-3.330026936896718e-06
MRPS5,-3.33421849226561e-06
DEAF1,-3.336021725716598e-06
GPR35,-3.338640544582743e-06
GCC1,-3.3672188869774517e-06
ZNF230,-3.370595089926106e-06
NPR2,-3.3724807097693136e-06
FADS2,-3.381004675190508e-06
TMEM43,-3.392620584985172e-06
PRKAG2-AS1,-3.4137843680975463e-06
CUL5,-3.436401091846225e-06
MYL12A,-3.453570808823813e-06
GOLGA8R,-3.474372033228917e-06
SNAP25-AS1,-3.4780002052895864e-06
PYCARD-AS1,-3.479388750318266e-06
SLC52A1,-3.501124859270968e-06
MITD1,-3.5178947251681416e-06
SMARCAD1,-3.518940784912091e-06
DDX43,-3.570105191336564e-06
SIGLEC15,-3.5715584150831e-06
FAM217A,-3.5783571366676117e-06
RGS17,-3.5874601199428788e-06
MCM3AP-AS1,-3.592386176437543e-06
FAIM,-3.600770495192105e-06
ARMC4,-3.611414544770955e-06
MRPS18A,-3.614451123536909e-06
ACAD10,-3.644408008742001e-06
AP001042.1,-3.650851233825152e-06
NOCT,-3.653842871039173e-06
RLIM,-3.6701037420118128e-06
RERE,-3.680282683348304e-06
SLC38A9,-3.6832861162680817e-06
IZUMO4,-3.695346512625936e-06
EMILIN2,-3.695659719495335e-06
GPR156,-3.696413005715341e-06
TAF13,-3.696590498498149e-06
KIN,-3.709851469217352e-06
HRCT1,-3.733604605559306e-06
NTN5,-3.733790149346569e-06
FRMD8,-3.7871260862907514e-06
BORCS7,-3.7906120325134424e-06
TACR1,-3.7918766759923498e-06
PDE6G,-3.800809116934549e-06
EXOC6,-3.8073792759353735e-06
RAI1-AS1,-3.836708908852067e-06
CAMKK2,-3.8370192216089566e-06
CLUL1,-3.845845494799117e-06
RMDN1,-3.846559631743946e-06
HYMAI,-3.8532948777767326e-06
NPIPA5,-3.87302598778219e-06
TMEM251,-3.884563457529695e-06
C11orf52,-3.8862183954737126e-06
SDHC,-3.887451462362788e-06
MYLK4,-3.892417322938032e-06
ARL1,-3.913870261911259e-06
NDUFAF1,-3.914987300605672e-06
PM20D1,-3.919784094082892e-06
FBXO16,-3.92248393938807e-06
PCCA-AS1,-3.929562732503493e-06
ZSWIM8-AS1,-3.9347480688118464e-06
CCND2-AS1,-3.937685006026201e-06
YES1,-3.944850516660521e-06
ZKSCAN4,-3.949262779597992e-06
MIR600HG,-3.955009541155018e-06
ZNF512,-3.968769907713217e-06
ITGB7,-3.975471993827455e-06
GPC6-AS2,-3.9823184028887565e-06
NRIP2,-3.991950517562113e-06
SULT6B1,-3.993015904061441e-06
CRLF2,-3.9937386596331895e-06
GRIA1,-4.001673471525431e-06
SMPD2,-4.013361444960547e-06
AATK,-4.03244057457892e-06
GTF2H2C,-4.038640497139401e-06
DUSP16,-4.045635290910055e-06
BRF2,-4.046105376091161e-06
AGAP9,-4.047172520419695e-06
CUEDC1,-4.050678069525282e-06
ZNF595,-4.052133488063071e-06
TRIM61,-4.063758449338038e-06
SERPINB5,-4.0659135516632e-06
PC,-4.082398199618542e-06
CACNA2D2,-4.084931370979641e-06
CNGA1,-4.088296542934538e-06
RASAL2,-4.091260698227442e-06
NIN,-4.10882373986311e-06
AP001020.2,-4.115391335106985e-06
ASL,-4.127380546345913e-06
MCM3AP,-4.136061577427695e-06
INAFM1,-4.1397927003919085e-06
CCDC36,-4.1506604880376885e-06
C3orf49,-4.153670516629686e-06
SUCLG1,-4.15756414758774e-06
ZNF805,-4.164851888666056e-06
HAP1,-4.167766324745171e-06
APOBR,-4.178118937230256e-06
ZNF132,-4.183967457317189e-06
NOSIP,-4.184875743590873e-06
NBAS,-4.185789496144239e-06
Z84485.1,-4.189766068815392e-06
CACUL1,-4.196118847366783e-06
ZNF630,-4.200145974839689e-06
LIN37,-4.203886504757235e-06
CCDC191,-4.211163745683697e-06
FST,-4.224159370604221e-06
BCL9L,-4.228182071677828e-06
SYT14,-4.232539283631974e-06
SPRYD4,-4.243419895329605e-06
ACSBG2,-4.249278831072924e-06
SLC2A1-AS1,-4.2525471714145935e-06
SLC66A1,-4.257656236541396e-06
MRI1,-4.26610393463455e-06
AFAP1L2,-4.266122384292184e-06
OSBPL11,-4.266132071238184e-06
INCA1,-4.276319493153743e-06
KCNK5,-4.285621164672845e-06
LUC7L,-4.2919679439186665e-06
CBR4,-4.296439070072996e-06
GRHL1,-4.299103574801247e-06
RGS6,-4.299990880897832e-06
TWF2,-4.3086452149458745e-06
LARP4B,-4.311933003324883e-06
HSD11B2,-4.335070025373719e-06
AP001631.2,-4.339354603682517e-06
PHETA2,-4.339435478132262e-06
ABCA3,-4.342967197806545e-06
CAV1,-4.354875192443923e-06
CCDC61,-4.358042868283413e-06
MFSD1,-4.3697497781687576e-06
ZSCAN25,-4.370455736162499e-06
RRAGB,-4.374045217521204e-06
CCDC157,-4.388144176713411e-06
CCDC194,-4.389785167914624e-06
SEPTIN14,-4.393096677140242e-06
AF241728.2,-4.394740474188824e-06
UCK1,-4.415119284884591e-06
B3GALT4,-4.4175778101307646e-06
ZNF316,-4.419512720177046e-06
DYNC1LI1,-4.426850130596275e-06
ZNF441,-4.427969552200759e-06
EFL1,-4.439353588359239e-06
KLHL35,-4.44012618374399e-06
ZNF267,-4.4441281889678695e-06
SRRM5,-4.447394015413101e-06
RBM48,-4.455559569894739e-06
SYNGAP1-AS1,-4.463468346895242e-06
NES,-4.487172234940168e-06
SPATA32,-4.492315369577999e-06
WAC-AS1,-4.5042767972957575e-06
SNAP47,-4.508673895121538e-06
FBRS,-4.511288368889803e-06
TNFRSF13C,-4.526086336736908e-06
ASH1L,-4.53071223645067e-06
SMIM8,-4.536149348322116e-06
DRD3,-4.55309450799725e-06
SCN1A,-4.559695586591944e-06
RCOR3,-4.562521431186513e-06
PSMC2,-4.569278328674473e-06
IKZF5,-4.577982405938092e-06
DCTN4,-4.581789124295248e-06
BBS10,-4.583646124662673e-06
NINJ2,-4.586697732599628e-06
Z98885.3,-4.597893588906087e-06
SPATA6,-4.609038385789482e-06
PAK3,-4.611553479844095e-06
C7orf61,-4.612810171760601e-06
PCDHB7,-4.6130082246769054e-06
MBNL1,-4.620152084973833e-06
IL23R,-4.622771282578971e-06
HLF,-4.6271390523332566e-06
FLNB-AS1,-4.634404537572506e-06
FADS3,-4.641827357597313e-06
RSPH10B,-4.647994790551032e-06
ZNF605,-4.649500045755261e-06
TMEM175,-4.655730321540914e-06
USHBP1,-4.674779549901977e-06
MPST,-4.677548857274481e-06
LRG1,-4.681320932715788e-06
PPP2R3C,-4.691131075221916e-06
GZF1,-4.693464358469855e-06
GPR107,-4.700023895470201e-06
FAM106A,-4.708602109449977e-06
ARSA,-4.7167095488428245e-06
HOXB5,-4.721227035890311e-06
BRD1,-4.726729972317278e-06
C1orf146,-4.741702596557989e-06
HIC1,-4.742493341801501e-06
DNAJC4,-4.746120789329485e-06
DLGAP1-AS1,-4.764321577673868e-06
CCDC122,-4.775985256890531e-06
CAPN11,-4.786508220190062e-06
HYPK,-4.795508337206542e-06
MORC2-AS1,-4.800624742830698e-06
FABP6,-4.820197447731216e-06
Z99496.2,-4.82149041171049e-06
SLC25A44,-4.827353926185898e-06
GDF7,-4.829424657943426e-06
VPS36,-4.838763569779782e-06
ZNF527,-4.845837013622281e-06
CXorf38,-4.845966842994479e-06
PAQR7,-4.853171786402815e-06
ABHD11,-4.871424485519266e-06
ZNF275,-4.876072880333781e-06
GLOD5,-4.8760947722905525e-06
IL3RA,-4.880541768171775e-06
PHC1,-4.884096058720358e-06
P3H1,-4.8858903853022165e-06
NAA11,-4.893739045576357e-06
MFNG,-4.898609525456063e-06
TEX22,-4.912311311576751e-06
FLJ45513,-4.918985313518551e-06
ZNF582-AS1,-4.921779130358737e-06
EFCAB3,-4.936505664795165e-06
CCNYL1,-4.938718998266589e-06
ZNF236-DT,-4.940149542874612e-06
DRC1,-4.941462349851002e-06
MARCH5,-4.987202329365151e-06
GFI1,-5.0047175805305445e-06
TSPOAP1,-5.0113897357146135e-06
MAB21L3,-5.01605407272139e-06
NKD1,-5.019053984334145e-06
SPHK1,-5.028824361999604e-06
TMCC2,-5.066282485474552e-06
MPP2,-5.071764062946026e-06
WDR11-AS1,-5.075949205705574e-06
TRIM47,-5.080504565385298e-06
MAGIX,-5.084052646018684e-06
SLC13A5,-5.084718920938106e-06
NSG2,-5.092867100706448e-06
PCDH11Y,-5.095675201663743e-06
APOA1-AS,-5.097705727448028e-06
SPOCD1,-5.104262371094281e-06
STK31,-5.104674494780657e-06
SPON1-AS1,-5.105089007382947e-06
ITGB3,-5.1095206026556526e-06
MAP3K12,-5.12548504944624e-06
SEC23A-AS1,-5.130924163539724e-06
TMEM212,-5.133940663737861e-06
AHCYL1,-5.147408040664899e-06
TDRD5,-5.158114197324063e-06
FRAS1,-5.162798667044592e-06
ZNF469,-5.168111994337667e-06
SLC47A2,-5.169813446415919e-06
HIST1H4E,-5.1770667548845305e-06
TMEM202-AS1,-5.178872631491195e-06
LTBP4,-5.180165673421405e-06
OLAH,-5.181914618044124e-06
PLPP4,-5.202860803437523e-06
H19,-5.204272594494131e-06
COPG1,-5.208227354794179e-06
NPIPB4,-5.211576797327326e-06
GRM7-AS1,-5.213553531052456e-06
MLLT11,-5.220406842131706e-06
WNT9A,-5.2333916802521465e-06
AP002840.2,-5.256674445486777e-06
C17orf97,-5.260015085220294e-06
DPF1,-5.260366873228804e-06
TBL1Y,-5.2653584566745056e-06
SETD2,-5.27055509140872e-06
CCDC195,-5.2717286774863795e-06
NANOS3,-5.278567726836712e-06
TPPP3,-5.2869863036368726e-06
C6orf52,-5.302547958640894e-06
P3H2,-5.306519123837028e-06
CYP3A7,-5.307208897184885e-06
TTC22,-5.310609735792283e-06
OSER1-DT,-5.3148160296961e-06
APH1B,-5.33263869209245e-06
LNCOC1,-5.359466440695378e-06
R3HCC1L,-5.359898572004306e-06
SNCAIP,-5.367894034419965e-06
SLC25A38,-5.368653196154093e-06
WDR41,-5.369168292667293e-06
FXR1,-5.369873825559544e-06
ZNF418,-5.387530166705177e-06
FAM189B,-5.391020457485529e-06
NDUFA6-DT,-5.397899896336919e-06
BTBD6,-5.40736310122437e-06
FAM13A-AS1,-5.432016365103968e-06
RBM33,-5.462408693910701e-06
LTB4R2,-5.489416333501088e-06
TRGC2,-5.495445427188992e-06
PIM2,-5.5088652138811055e-06
IQUB,-5.51390570802441e-06
SNTN,-5.516683917625279e-06
MCF2,-5.52319913522641e-06
EWSR1,-5.523299781331174e-06
AXIN1,-5.530725156981864e-06
SCGB1B2P,-5.5333867810323495e-06
Z97192.1,-5.563463582065491e-06
ZNF443,-5.563636331945585e-06
HCG17,-5.577029148690057e-06
ABCF3,-5.580996924498536e-06
TRABD2B,-5.588122692949905e-06
AP4B1-AS1,-5.591282526379942e-06
ACER1,-5.607347303115101e-06
RHPN1,-5.611450547748633e-06
DNAJC3,-5.614892958465018e-06
ATP6V0E2-AS1,-5.633660542412829e-06
ZNF256,-5.648699312221521e-06
TMSB15B,-5.651176855170113e-06
ALDH3A2,-5.651344795970217e-06
ZDBF2,-5.657592884095108e-06
HNMT,-5.674414668497183e-06
MYEF2,-5.686206210809805e-06
RSF1-IT2,-5.689388797415642e-06
RAD51B,-5.689587655505279e-06
ANKRD13A,-5.698718570906159e-06
PJVK,-5.6988652656903415e-06
HLA-C,-5.699561444498902e-06
ANKRD44,-5.7069597736691215e-06
DNAJB5,-5.746097075709883e-06
FP565260.6,-5.752715574100018e-06
DYRK3,-5.772242003332271e-06
SAMD8,-5.778999077177138e-06
NUAK1,-5.782835398692511e-06
MYNN,-5.786080271026034e-06
PLCXD3,-5.795197666289246e-06
PRRT1,-5.8072468073579164e-06
ABCD4,-5.824799272643225e-06
IBA57-DT,-5.826104320141785e-06
POLR2B,-5.863541764998112e-06
ARG1,-5.864364281679443e-06
TLN1,-5.866274472980708e-06
BAAT,-5.888192744515447e-06
METTL7B,-5.8895093080262855e-06
DNPEP,-5.903148069856204e-06
ESRP2,-5.906618106530266e-06
ACTN2,-5.911882368399735e-06
RARA,-5.913552292530964e-06
ZNF562,-5.918550011519031e-06
AQP3,-5.9220608916925605e-06
BAIAP3,-5.9236016709259e-06
TMEM132C,-5.926623788872759e-06
CUL4A,-5.934848691216934e-06
DPH1,-5.934995961193471e-06
MFSD2B,-5.954053116998297e-06
RASAL2-AS1,-5.959368767500313e-06
SGSM2,-5.969589554072514e-06
ZKSCAN2,-5.979195988685591e-06
SPDYE21P,-5.981111912679203e-06
ZSCAN12,-5.982736994414949e-06
PURPL,-5.991239929815833e-06
AP002336.2,-5.999325468809099e-06
GOLGA6L10,-6.002784345149726e-06
PFKFB4,-6.010656994955679e-06
ZNF404,-6.013044759649786e-06
LHPP,-6.018311741070793e-06
EXTL3-AS1,-6.0192817529261145e-06
TAPT1,-6.024987885185608e-06
RHOV,-6.042280455601679e-06
GTF3C1,-6.04295091015698e-06
SPATA25,-6.050296947047077e-06
SCUBE3,-6.060783887296213e-06
TBXA2R,-6.063012188302003e-06
SGSM3,-6.067547661463154e-06
TUBB3,-6.068779963559447e-06
UBE2D3-AS1,-6.073904299222756e-06
CDKL2,-6.10058771929531e-06
BTD,-6.119509445562621e-06
SLC9A3R1,-6.12562818258529e-06
CARD14,-6.126845098498707e-06
TMEM139,-6.144502881485387e-06
TTLL11,-6.164444301136358e-06
CCDC142,-6.172325540462692e-06
TACR2,-6.173423371812417e-06
FABP3,-6.196206756928138e-06
KDM8,-6.210153037907259e-06
LYSMD1,-6.2277619130612855e-06
EAPP,-6.228189548491371e-06
MAP10,-6.2288032564458505e-06
INPP5K,-6.230404850228443e-06
HLA-DRA,-6.238339604146135e-06
GRIN3A,-6.259497922235991e-06
PIK3CD-AS2,-6.2692286369008265e-06
VARS2,-6.27030456007259e-06
FES,-6.27759636675833e-06
TMEM44,-6.282954208411456e-06
MRGPRF,-6.284430985316108e-06
ZXDA,-6.2846989396763565e-06
ITM2C,-6.291434364027824e-06
MIR31HG,-6.297723839273534e-06
NLGN2,-6.299214323958197e-06
NPHS1,-6.308116384266611e-06
PTBP3,-6.315070328171581e-06
CYP2D6,-6.317379352214139e-06
GPBP1,-6.3244171273303004e-06
SERP2,-6.324848163261049e-06
ST7L,-6.3290527513661e-06
JAG2,-6.333383087031508e-06
OVOL1,-6.339399284280984e-06
AP000873.4,-6.342699609011887e-06
NSMCE1,-6.347444059183354e-06
TTC30A,-6.350774347317568e-06
TMSB4X,-6.35504294045892e-06
PPM1N,-6.369388263385509e-06
TEX9,-6.3702201846506e-06
SLC22A18,-6.375414472839253e-06
FSCN3,-6.37720864875773e-06
TEPSIN,-6.387230774119874e-06
CRB3,-6.394008927055982e-06
OLFML2A,-6.396023932652742e-06
HHLA1,-6.397930337713146e-06
MCF2L-AS1,-6.416545253359587e-06
TMC3,-6.44130196680942e-06
COQ10A,-6.443828803309296e-06
RBM18,-6.448381797606903e-06
ELAVL4,-6.450859128995031e-06
ZFYVE16,-6.463309981338867e-06
KLHL10,-6.4672846748402575e-06
GAP43,-6.484786161478219e-06
TERC,-6.506558568406177e-06
A1BG,-6.510294326870579e-06
ZNF597,-6.5302041827591735e-06
MOB3B,-6.544609781760908e-06
AP000593.4,-6.550654702055851e-06
KIAA2012,-6.566289095281473e-06
ZNF792,-6.5673073263195376e-06
MED10,-6.58222382838012e-06
FBXL22,-6.596390528880353e-06
NXNL2,-6.600916119207767e-06
OR3A2,-6.601575992512829e-06
KMT2E-AS1,-6.61348575356481e-06
PEX19,-6.614501104201578e-06
FNTA,-6.6161026725902765e-06
CYSRT1,-6.616915138053179e-06
WDR91,-6.640949236032714e-06
CYP2C8,-6.647032733213433e-06
MFSD10,-6.647598184176239e-06
MAP11,-6.661391768194858e-06
SNIP1,-6.668056721789008e-06
TMPRSS5,-6.671029920069915e-06
BHLHE40-AS1,-6.683169639977096e-06
AP000842.2,-6.688076006063174e-06
EIF4E2,-6.691521496594497e-06
RBM5-AS1,-6.693176727172506e-06
B3GLCT,-6.6981227469596566e-06
AP002762.3,-6.702961875051849e-06
TM4SF1-AS1,-6.708046207314805e-06
CELF4,-6.708431951381245e-06
GPRASP1,-6.709887835866189e-06
BAHD1,-6.720162697411838e-06
ZNF324,-6.741836110743955e-06
MGAT5B,-6.74333129935674e-06
SH2D4A,-6.749068097719486e-06
GRSF1,-6.750006140735766e-06
PREP,-6.764242128965093e-06
ZSCAN16,-6.767488581312071e-06
ZNF337,-6.769914984604713e-06
NCK1,-6.771299297655378e-06
KLF5,-6.77163670575288e-06
TMEM267,-6.784391016444089e-06
ADA,-6.7851832393601946e-06
POGK,-6.792323221744061e-06
TM2D1,-6.80084573775321e-06
TRIL,-6.806974523919447e-06
RBM44,-6.808736647930426e-06
CLRN1-AS1,-6.810653858289659e-06
PACS1,-6.826315691016089e-06
ZAN,-6.828236657225707e-06
TRABD2A,-6.831808398975342e-06
ANKMY2,-6.8357786914763135e-06
TBC1D2,-6.835877505280991e-06
GPSM3,-6.846015014339436e-06
SV2A,-6.850228731164656e-06
FBXL12,-6.855642694036909e-06
COPA,-6.868345111393062e-06
CSGALNACT2,-6.873875916154703e-06
PRR15,-6.875861303481201e-06
SCN8A,-6.878731098003841e-06
IL20RB,-6.922450634295227e-06
BLVRB,-6.927672968679326e-06
ENO3,-6.927965826996721e-06
FAM78A,-6.929187061578276e-06
PARP6,-6.94240545733337e-06
MTMR7,-6.948475706591766e-06
DYNLRB2,-6.955612809407943e-06
PCDHGA1,-6.963276623510636e-06
USP43,-6.968504021219473e-06
RFC1,-6.975293613720148e-06
BX470102.2,-6.986100463093012e-06
SUSD4,-7.004168718051575e-06
CERNA2,-7.005790971958953e-06
MRS2,-7.011427566696491e-06
TFF3,-7.026634124292002e-06
SIX1,-7.033437338250476e-06
HMGCS2,-7.055043446149572e-06
TBCE.1,-7.066015376726423e-06
SNX21,-7.066607506127752e-06
ZNF207,-7.069312849706483e-06
PNLDC1,-7.080740581612597e-06
AMER1,-7.081153860545114e-06
TDP2,-7.10339087047835e-06
PCDHB9,-7.134278740471896e-06
GAL3ST4,-7.142281646247201e-06
EIF2B4,-7.144260569840805e-06
ZNF774,-7.152813800045705e-06
ATP11C,-7.165184224315867e-06
ROM1,-7.1788426862022975e-06
RP1,-7.183431566627402e-06
ID3,-7.194648868725268e-06
GAPDHS,-7.2049979273371685e-06
GON4L,-7.209999491874575e-06
CROCC2,-7.231269957325907e-06
SNX4,-7.233970633209719e-06
ZNF148,-7.246134908594439e-06
ELOVL2-AS1,-7.247649855764096e-06
SSC5D,-7.251042169142647e-06
WSCD1,-7.261025191672093e-06
GSPT2,-7.266484925675319e-06
GORASP1,-7.26845715474794e-06
CFAP69,-7.269057917890787e-06
APCDD1L-DT,-7.273196662625854e-06
RAB24,-7.283233785752362e-06
MYRIP,-7.290828018170851e-06
NLRP7,-7.294192837461901e-06
ANKRD34A,-7.295959235180678e-06
KMT2D,-7.327503647244829e-06
ZNF627,-7.338971895118866e-06
AF064860.1,-7.3406697692823e-06
FZD8,-7.343160180670098e-06
RNF112,-7.358658207459923e-06
DDT,-7.367915213279842e-06
GUCA1B,-7.369252792601824e-06
ZNF329,-7.387957292815839e-06
DAPK3,-7.403036541722156e-06
AP001781.1,-7.412945792946767e-06
RRAS2,-7.413995744309433e-06
ZNF580,-7.426972424066296e-06
PTPN9,-7.445178420225622e-06
COA8,-7.47525531048007e-06
P3H3,-7.489878213549284e-06
SPIB,-7.506299935269661e-06
MAPT-AS1,-7.506301502825385e-06
PNPLA6,-7.513141818514059e-06
SEPTIN9-DT,-7.525075246065615e-06
C10orf55,-7.529791784910527e-06
AP001116.1,-7.531603564640228e-06
ARHGAP4,-7.53261686570055e-06
PORCN,-7.543217993783249e-06
TUBGCP6,-7.555054356224208e-06
ZNF214,-7.566841219437314e-06
PACSIN1,-7.572738418992412e-06
NNMT,-7.575890265722914e-06
CYB5R3,-7.581731013782949e-06
FAM110D,-7.6019006214763565e-06
LZTS1-AS1,-7.609297319260307e-06
ARMH1,-7.649303674181203e-06
ABHD8,-7.660075980322912e-06
CCDC110,-7.660394398439903e-06
TMEM81,-7.665030355268955e-06
LBX2-AS1,-7.668779611789901e-06
PRCD,-7.682833950865723e-06
GAA,-7.687670480310025e-06
NAT1,-7.694958659133804e-06
SYDE1,-7.702830017170178e-06
ZSWIM7,-7.703352690229117e-06
HFE,-7.703464649555413e-06
EPN2-AS1,-7.70811755860763e-06
IL27RA,-7.719015974984312e-06
TET3,-7.731165063821284e-06
ZNF692,-7.739736210882156e-06
ARFGAP1,-7.755226473539477e-06
TOLLIP,-7.755245011920384e-06
TBX21,-7.759429874339895e-06
ANKRD30B,-7.759664207990324e-06
AP005230.1,-7.763343730978817e-06
WBP1,-7.764274842470906e-06
ADH4,-7.76814743104597e-06
CHD7,-7.768923521272359e-06
TRPM2-AS,-7.794947497052331e-06
DGCR9,-7.799944563957931e-06
RNASE6,-7.817262903015055e-06
ZNF839,-7.817859711460414e-06
PER2,-7.819481273122552e-06
NXF1,-7.823936887285833e-06
NRBP2,-7.829471566940787e-06
AP003119.3,-7.833314530316415e-06
IGFBP2,-7.836100624066255e-06
CAPN10,-7.85178769464237e-06
POLR2J2,-7.858385310722132e-06
CLTC,-7.864758517381808e-06
TLE1,-7.869916964976872e-06
TF,-7.874574518071274e-06
HHIPL1,-7.885298101059874e-06
TRPV2,-7.904266585762584e-06
TNRC6C,-7.913273424717635e-06
SERINC2,-7.91840912925575e-06
PRSS8,-7.919638636871366e-06
SLC25A13,-7.921137073987043e-06
ADAM20,-7.925955298349878e-06
TRAPPC2B,-7.933376775545938e-06
GCNT1,-7.934199646874581e-06
PPP4R3B,-7.934433684901112e-06
SMIM17,-7.976263709932553e-06
FOXP3,-7.982292457303958e-06
LUADT1,-7.992211719299135e-06
ZNF574,-7.993998789263826e-06
SLC9B1,-8.004550069600275e-06
HEY1,-8.005017313880083e-06
WDR72,-8.014050499114701e-06
MIR3659HG,-8.037215293808019e-06
FIZ1,-8.042355237050566e-06
SLC18B1,-8.043433675687273e-06
IGDCC3,-8.048942934296292e-06
CEPT1,-8.065156314091279e-06
NDUFA4L2,-8.065503981028573e-06
ATOH8,-8.073337503402698e-06
NGB,-8.073375188395008e-06
SMIM10,-8.076171497593182e-06
MFF,-8.077411219794294e-06
LAT,-8.080435192759966e-06
NBR2,-8.083099395636872e-06
HTRA4,-8.10186345817547e-06
AD000090.1,-8.1021849338973e-06
CACNB1,-8.124477530151313e-06
ZNF416,-8.124797528899928e-06
SMNDC1,-8.13178162624904e-06
IGBP1,-8.133886593263252e-06
AP001830.1,-8.134466156296886e-06
HVCN1,-8.141271077429616e-06
CORO6,-8.148713697832452e-06
CASKIN2,-8.155616989403576e-06
BCL7B,-8.164076096997862e-06
SMTNL2,-8.167859361258185e-06
ZCWPW1,-8.168467126230892e-06
LRRC8C,-8.183425524334017e-06
USP19,-8.18571958361071e-06
RUSC1-AS1,-8.19486152422384e-06
AGA,-8.195243077474556e-06
P2RX1,-8.196807277415228e-06
CKMT1B,-8.198363744126957e-06
TRMT2B,-8.208653136716113e-06
ERLEC1,-8.208808805327766e-06
PEG13,-8.223500543244315e-06
SLC5A5,-8.238329955774727e-06
RHOC,-8.244475429353668e-06
USE1,-8.249119631706456e-06
STX6,-8.255867000596758e-06
PSTPIP2,-8.258728265149291e-06
LRRC69,-8.264810610791182e-06
ARMC2,-8.268349125563042e-06
DIRAS3,-8.295203336888894e-06
NUDT7,-8.296844026433063e-06
FBXO36,-8.304986424243593e-06
CAPN15,-8.307028438550336e-06
AP005203.1,-8.322399222364218e-06
ARL8A,-8.324548571649955e-06
GPC2,-8.327616582670437e-06
C1QTNF3,-8.340730568896276e-06
CLIP1-AS1,-8.344073947609233e-06
PLAT,-8.349952354368493e-06
CLDN11,-8.352310631412263e-06
ZNF782,-8.358628280780392e-06
NAXD,-8.360210278110464e-06
SMURF2,-8.365099246680808e-06
ANKRD61,-8.371279833894528e-06
NPIPB13,-8.37524768695558e-06
DUSP22,-8.376417410726596e-06
LHFPL3-AS2,-8.378209716764791e-06
TMEM181,-8.379414971675161e-06
CFAP61,-8.385382504219432e-06
SUN3,-8.388735143466868e-06
GSTM3,-8.39515258815678e-06
TUBA8,-8.399113379630278e-06
TESC-AS1,-8.406825617681337e-06
MFSD8,-8.41234289222308e-06
PNOC,-8.423831787907038e-06
MAP1A,-8.434395289888957e-06
TMEM150A,-8.438696242234155e-06
PPP4R4,-8.43909064091433e-06
NPM2,-8.468959616910214e-06
AGFG2,-8.472069279198693e-06
IK,-8.510001635665803e-06
WWTR1-AS1,-8.5106757793197e-06
MCMDC2,-8.512608583792696e-06
PLA2G4F,-8.529689575209153e-06
AMT,-8.531953435820402e-06
BACH1-AS1,-8.535755026873188e-06
SPEGNB,-8.536943289034271e-06
SMIM11B,-8.538380620819571e-06
TXNRD2,-8.544361479802173e-06
TMPRSS9,-8.548763400675423e-06
RRAS,-8.561143622345257e-06
NAGS,-8.569219637550188e-06
SIAH2-AS1,-8.576071352206364e-06
C5orf47,-8.583437080016139e-06
KCNK6,-8.593648937796051e-06
PTPRO,-8.593793310940787e-06
PLCD1,-8.599694318010777e-06
MYORG,-8.615655743108118e-06
ZNF578,-8.625146352420081e-06
ARL2BP,-8.625367013589041e-06
GPR146,-8.628038569797971e-06
ZNF571,-8.639095820837636e-06
FAM219B,-8.64030598046668e-06
PPM1E,-8.64158756253264e-06
SHKBP1,-8.643791056154568e-06
PHYH,-8.67442992539519e-06
ZNF252P-AS1,-8.699783044279092e-06
PPP1R12C,-8.703236043532274e-06
SPDYE1,-8.703252581427107e-06
MBTPS1,-8.710421718341595e-06
USP20,-8.712671319846218e-06
SOX10,-8.731571569380675e-06
CXorf40B,-8.741017050760877e-06
SAMD11,-8.754412721500266e-06
SLC25A37,-8.76260052085172e-06
SERPINE1,-8.766874548845352e-06
RHD,-8.768737511920094e-06
CPLX1,-8.778822899713224e-06
CCDC106,-8.810460666471996e-06
MYOSLID,-8.826415642047727e-06
GLRX2,-8.840971036060262e-06
AP002813.1,-8.8431087421602e-06
NAGLU,-8.847538878204487e-06
NEK8,-8.856114471102918e-06
FBN3,-8.864684365666381e-06
PRKCG,-8.87958169405624e-06
DPT,-8.88413725641334e-06
HSPA2,-8.885337991259238e-06
ZFYVE9,-8.89559399609268e-06
CD80,-8.899033059096526e-06
MEF2B,-8.915958196220257e-06
HCG25,-8.918943524152053e-06
ID2,-8.939088668596071e-06
DCTN5,-8.943880379659584e-06
ADAMTSL5,-8.944560341471883e-06
ETFBKMT,-8.94480788942157e-06
TAF7,-8.945247552252075e-06
ALPK1,-8.995740478629549e-06
AP001626.1,-8.997867580223787e-06
HRK,-9.015893797135333e-06
PHLPP2,-9.03283899982487e-06
OSBPL10-AS1,-9.039311302317157e-06
DDX19B,-9.040692598219165e-06
USP16,-9.041338012981373e-06
ZNF557,-9.043602415392074e-06
GDPD4,-9.044747504794318e-06
RIT2,-9.045094121373832e-06
LOXL4,-9.046972251169225e-06
MMP25-AS1,-9.055664254672484e-06
CNTD1,-9.0633183539644e-06
TCEAL3,-9.075942387611224e-06
TRIM8,-9.081289118027438e-06
ZNF225,-9.106833532355651e-06
CPT1C,-9.10940871862559e-06
UBXN6,-9.113923162538017e-06
HLA-DRB5,-9.116980297464876e-06
C1orf220,-9.117416755048604e-06
TMEM255B,-9.121414307776894e-06
CD58,-9.123044485275802e-06
BTAF1,-9.124933170273036e-06
DVL1,-9.136336833325545e-06
TMEM50B,-9.136455769240049e-06
APOBEC3F,-9.145277308623826e-06
SNX24,-9.15840601312884e-06
GLI1,-9.163730345238544e-06
CTNNBIP1,-9.16447059358853e-06
NPIPA8,-9.171972571776375e-06
Z93241.1,-9.188966055470658e-06
UBE2U,-9.196804065467457e-06
GZMA,-9.20299722724498e-06
ZNF442,-9.20321536783867e-06
C11orf53,-9.205186007688016e-06
AP001107.1,-9.21475896650083e-06
RFX3-AS1,-9.217381827234452e-06
PLK3,-9.219124917415354e-06
ABHD1,-9.227565145778628e-06
BAMBI,-9.259450502035311e-06
CXXC1,-9.260540702190364e-06
C1RL-AS1,-9.269123269291268e-06
TM4SF5,-9.270314682791754e-06
B3GNT3,-9.27568810485738e-06
TMCO2,-9.27870686659331e-06
GFPT2,-9.281674823024171e-06
AP001972.4,-9.288359474311236e-06
C9orf129,-9.30726158382203e-06
FRAT1,-9.31866242854748e-06
CARD8,-9.319181789993256e-06
SLC5A10,-9.320640583919865e-06
PIK3IP1-AS1,-9.33547579960044e-06
NPIPB12,-9.341022687051728e-06
SPDYE6,-9.350740502622976e-06
ZNF25,-9.351698204286336e-06
NFIC,-9.356009811203638e-06
ZNF182,-9.365341123973154e-06
AARS,-9.3660923485875e-06
PKHD1L1,-9.367259953177069e-06
CCDC80,-9.368172679333586e-06
ZNF649-AS1,-9.370564203041171e-06
HTR2C,-9.403361798805526e-06
KL,-9.427513826599876e-06
CABP4,-9.436998104475963e-06
QPCT,-9.440325720751136e-06
TNK1,-9.442240597807596e-06
ATP7A,-9.46082344027991e-06
SLC26A4-AS1,-9.462804671872896e-06
EFNB1,-9.470184328143363e-06
GLI4,-9.471526692356654e-06
FAM91A1,-9.471943098269157e-06
ZNF341,-9.482897453550446e-06
STAP2,-9.492910568408784e-06
QRICH1,-9.496067469814892e-06
ZNF83,-9.5026752344968e-06
FAM149A,-9.507230378098763e-06
TCAF2,-9.50921761182135e-06
FSIP1,-9.521870880914124e-06
UBOX5,-9.522999324821686e-06
ATL1,-9.523059449401524e-06
MAD2L1BP,-9.525493487886805e-06
ZKSCAN7-AS1,-9.527905799754209e-06
MGRN1,-9.52911993892868e-06
WDR45B,-9.533473120982238e-06
STK17A,-9.538681889567347e-06
ZNF257,-9.547972911362646e-06
CYB5R2,-9.563755079629444e-06
MINAR1,-9.605033542776984e-06
NRIP3,-9.618806908463146e-06
C2CD4B,-9.6329054760806e-06
CLMAT3,-9.641844471653864e-06
HSPA13,-9.642116686478153e-06
TSPAN16,-9.66601618203979e-06
CCDC112,-9.679590101887156e-06
PLEKHO2,-9.683823852078063e-06
PPP2R5E,-9.684505886608933e-06
CRYBB3,-9.700680028467207e-06
FGF7,-9.703542833089409e-06
NPIPB3,-9.712033253411033e-06
ZNF208,-9.71717844892613e-06
ANAPC4,-9.736051606210583e-06
PPP5D1,-9.744161156374202e-06
MIR5689HG,-9.760389071376048e-06
GPATCH3,-9.762380832029897e-06
TNRC18,-9.763154949820191e-06
DHX34,-9.764953200142004e-06
YIPF4,-9.768098790532057e-06
MAVS,-9.769047764828862e-06
AP001432.1,-9.77983631737088e-06
HOXB-AS1,-9.781956411371765e-06
TRIM16,-9.783656970417622e-06
ZYG11A,-9.789925349073424e-06
BPNT1,-9.790562708355168e-06
RILPL2,-9.792783152619856e-06
KLF9,-9.79776111004442e-06
OOSP3,-9.80535681411172e-06
ERVW-1,-9.807708117505324e-06
HK3,-9.819654292261916e-06
KIFC2,-9.823274459901782e-06
USP12-AS1,-9.824242127161402e-06
TNFSF15,-9.828604388926411e-06
CCDC28B,-9.833686805772575e-06
CRABP2,-9.834674898841248e-06
GCLC,-9.838232703017743e-06
POMC,-9.85216951290847e-06
OSBP2,-9.85703748503518e-06
CHTF8,-9.86631089012213e-06
SMOX,-9.899362717853989e-06
AGBL4,-9.905544139141068e-06
SPECC1,-9.944692120723255e-06
MAMDC4,-9.960389924110896e-06
PTCSC3,-9.964203263611027e-06
C16orf54,-9.974262959638373e-06
GREB1,-1.0007559338306907e-05
FAT2,-1.001005069617591e-05
CD82,-1.0026698087343423e-05
TIGD2,-1.0027215700226629e-05
SNX19,-1.0033153921873772e-05
PEX16,-1.0040131218706223e-05
ARFRP1,-1.0042844549143723e-05
TNFRSF19,-1.0043728286957824e-05
TRMT1L,-1.005712563199964e-05
PLCB3,-1.0058955792923998e-05
CDK3,-1.0061684292097042e-05
CCPG1,-1.0066083195442407e-05
MZF1-AS1,-1.0073285017131083e-05
TPMT,-1.008059153958743e-05
LIX1,-1.0082626391630837e-05
BST1,-1.0085577945735697e-05
ZNF460,-1.0087567027151197e-05
GALNT18,-1.010128790342136e-05
YIPF5,-1.0110129583434537e-05
MED17,-1.0114104989383793e-05
SAP25,-1.012045274740207e-05
C17orf82,-1.0137329640653076e-05
TRPC1,-1.0146661183250817e-05
GYPE,-1.0149106437062467e-05
ACSF2,-1.0164719394029491e-05
PIP4P1,-1.016889517469839e-05
SMOC1,-1.0168963203154533e-05
SNRNP35,-1.018848863927344e-05
PLCB4,-1.0193850634095612e-05
AGGF1,-1.019576160673026e-05
ANAPC2,-1.0197536626100426e-05
COQ4,-1.0213811931410836e-05
AP001363.2,-1.0218253100852972e-05
CNNM4,-1.0220693119687015e-05
TM7SF2,-1.023441213915719e-05
TLR5,-1.0238647506607472e-05
IL6,-1.0257321429595804e-05
OMA1,-1.0264963905161532e-05
ATP6V0D1,-1.0271065255629985e-05
PSMA5,-1.028451112340246e-05
INE2,-1.0292508967985082e-05
ZNF433-AS1,-1.0298312714348587e-05
FOXC2,-1.0298531753687465e-05
TBX19,-1.0299512823950632e-05
CCDC69,-1.0302271848293465e-05
NSD3,-1.0310465088451647e-05
KCNK4,-1.0323044023403754e-05
ILDR1,-1.0325211570505964e-05
FAH,-1.0335911126365056e-05
CD52,-1.0342771500210314e-05
AZIN1-AS1,-1.0346914391626644e-05
UBOX5-AS1,-1.0362787857870655e-05
CCDC144NL-AS1,-1.036407667373252e-05
BISPR,-1.0429626719743857e-05
OIT3,-1.0436982618436928e-05
AP005899.1,-1.0442431585641106e-05
ABHD17A,-1.0455462708097214e-05
LTC4S,-1.046487141394679e-05
CCDC180,-1.0468522166481978e-05
ARHGAP29-AS1,-1.047102490862786e-05
OTUD5,-1.0481421518868475e-05
PRSS35,-1.0495588255670895e-05
FIBIN,-1.0500823470559776e-05
ZFP36L2,-1.0510866582230798e-05
DNAJB4,-1.0514984710312715e-05
PPP1R36,-1.0520112974388927e-05
CPSF4L,-1.05215114456176e-05
PSD,-1.0539327832796685e-05
TPK1,-1.0540496765378411e-05
ZFHX2,-1.0541938846051538e-05
BIVM,-1.0555995035986676e-05
TACO1,-1.0556591914437195e-05
SRRM2-AS1,-1.055860137841397e-05
SLC6A17,-1.0569218645169935e-05
PSG9,-1.058566252643659e-05
KDM5C,-1.0588179698948976e-05
PBRM1,-1.058917215062285e-05
PAPLN,-1.0595553425758026e-05
CPNE8,-1.0602202908098612e-05
CALHM6,-1.0610353286400848e-05
FAM3C,-1.062417221329741e-05
SLC6A11,-1.0636211415363563e-05
PDLIM4,-1.0653098186678856e-05
MZF1,-1.0659691198886491e-05
AGPAT3,-1.0674620348401937e-05
CIART,-1.067979481221786e-05
ROCK2,-1.0689265401660778e-05
ITFG1,-1.0701459650055478e-05
RAP2B,-1.0724156289798909e-05
KIF6,-1.073053871259643e-05
AP001528.1,-1.0738274032908411e-05
C3orf20,-1.075223652917811e-05
ZNF598,-1.0753643800870625e-05
GAS6-AS1,-1.0755356550836391e-05
COL4A4,-1.0765754035435366e-05
CCR7,-1.0778627965831323e-05
PLBD1,-1.078108605886218e-05
LRRC74A,-1.0781843612825224e-05
GLIPR1,-1.0783560798873612e-05
GLIS3,-1.07875747971649e-05
BCO2,-1.0800831482004652e-05
OTC,-1.080514508865484e-05
EXD2,-1.0816515226865964e-05
ZNF780A,-1.0817394653178086e-05
ISM2,-1.081818372220388e-05
FRMPD1,-1.0818267967884245e-05
ORC4,-1.0833690139684873e-05
EGLN3-AS1,-1.0841893733544687e-05
C19orf73,-1.0843002599036832e-05
AKR1C8P,-1.0859297418946792e-05
AMN,-1.0860878789315698e-05
TMEM269,-1.087172890268029e-05
TMEM120B,-1.087367372934608e-05
CHRNG,-1.0881275530709398e-05
KNDC1,-1.0884481948901472e-05
Z69666.1,-1.0920914546124007e-05
FAM153A,-1.0921722226803955e-05
SIRT5,-1.094135243766097e-05
RTN4RL1,-1.0941451286965572e-05
MKLN1-AS,-1.0942643145828008e-05
ZBTB8B,-1.0943574704919655e-05
ABHD16A,-1.0962368655514649e-05
IGFN1,-1.096682799858109e-05
SIK2,-1.0975304557205324e-05
ZMAT5,-1.0980948322451436e-05
SCRN1,-1.100206485446578e-05
ZNF483,-1.1006387469225486e-05
PKLR,-1.1010130100438308e-05
PLEKHA1,-1.1018967628662413e-05
SPIN3,-1.102222116244178e-05
GPHN,-1.1026996895056722e-05
DBN1,-1.1029214143920052e-05
AP000350.7,-1.1036886650188665e-05
SH3TC2-DT,-1.1046633245406506e-05
UNC13A,-1.1052467936845744e-05
MICA,-1.1053650281422862e-05
PCK1,-1.1065043930992307e-05
AF129075.1,-1.1071264323580118e-05
CPN1,-1.1074515955718563e-05
MIR2052HG,-1.1078377194549373e-05
SATB1-AS1,-1.1081318073494156e-05
GRXCR1,-1.1114000714330209e-05
ZNF66,-1.112322432939995e-05
TBC1D14,-1.1124028474425882e-05
MYZAP,-1.114152658748044e-05
IDI2,-1.1142366070673504e-05
METTL22,-1.1142401500725442e-05
CDK12,-1.1177463434767007e-05
ZNF365,-1.118425199855841e-05
EXOC3L1,-1.1191070910728326e-05
FOLR2,-1.1200955245507057e-05
FAM180A,-1.1214264637590883e-05
TYW1,-1.1216791350058024e-05
ZNF181,-1.1228696875010104e-05
DNAJC18,-1.1240472238004371e-05
TPRX1,-1.1241443901229378e-05
MYH15,-1.1242027668400005e-05
LIPE-AS1,-1.1259903353971129e-05
NTAN1,-1.1260194290295648e-05
DNAAF4,-1.1264371383401634e-05
GGA3,-1.126590317892564e-05
XKRX,-1.1267754550507344e-05
HBEGF,-1.127514480786231e-05
ZNF674,-1.128969510303711e-05
NDST3,-1.1297259245295575e-05
THUMPD3-AS1,-1.1299943822786728e-05
TPGS1,-1.1301585833078106e-05
GJA9,-1.130973318098568e-05
PRKACA,-1.131690940239627e-05
GLRA2,-1.1345101605786451e-05
KCNQ4,-1.135051459144078e-05
AF111167.1,-1.1352024096564532e-05
LURAP1,-1.13633965695456e-05
HEMK1,-1.1366849181529164e-05
PRKAR2B,-1.1367436947346872e-05
PHF8,-1.1367490315350644e-05
C9orf72,-1.1370850616447602e-05
RIPK1,-1.1382744268579784e-05
CHRM5,-1.1395100510714504e-05
RCAN3,-1.1395101030444885e-05
SH2D4B,-1.1403418564278204e-05
CBLN3,-1.1405242555027524e-05
LEAP2,-1.1422634371155502e-05
ANKRD13C,-1.1427383852775414e-05
ZC3H11A,-1.1432915788686697e-05
SERINC5,-1.1443827451272552e-05
FZD7,-1.1445730414914347e-05
DENND1C,-1.1450605022051577e-05
RARS2,-1.1451717167631395e-05
ZBTB49,-1.1453661900040147e-05
TGFB3,-1.146981761908322e-05
ZCCHC18,-1.1475526545956802e-05
GCSAML,-1.1476521799928114e-05
MAN2B2,-1.1487723690908088e-05
GALNS,-1.1493400553272208e-05
NQO2,-1.1510186107914385e-05
MTMR4,-1.1540003693387946e-05
MED30,-1.15501805088234e-05
RABIF,-1.1562280930127784e-05
WDR97,-1.156514061656708e-05
LPGAT1,-1.156646175100131e-05
YBEY,-1.1568343909654423e-05
THEGL,-1.1580273892198915e-05
AP000266.1,-1.158192859622329e-05
RAB38,-1.1584034177277802e-05
IFITM3,-1.1590838576942063e-05
SERPINB8,-1.1598189912583438e-05
DSG2-AS1,-1.1606992130297104e-05
AP001001.1,-1.1639230088895524e-05
TRAT1,-1.1646535617219309e-05
CRLF1,-1.1648126217399728e-05
FCSK,-1.1676709054961348e-05
CHADL,-1.167998351365445e-05
PKN2,-1.168256563143295e-05
TTLL13P,-1.168322705804449e-05
TTC21A,-1.1687008430788304e-05
PHF21A,-1.1692783238130771e-05
SPDYE16,-1.1697579539999754e-05
ITGB5,-1.1702297294515094e-05
AP000697.1,-1.1715045654406832e-05
BCL2L15,-1.1719014867479908e-05
CCDC158,-1.1724449319536742e-05
CREM,-1.1725610287119426e-05
AMOT,-1.172853534855164e-05
SLC19A1,-1.1729923291678254e-05
ALDH1A2,-1.172992769177599e-05
EPN3,-1.1747973365754516e-05
SIL1,-1.1759292947761634e-05
WDSUB1,-1.176341415623179e-05
CLCA1,-1.176395569104272e-05
COL13A1,-1.177566069384877e-05
ARHGEF33,-1.1780546330024247e-05
USP12,-1.1783807882493256e-05
MILR1,-1.1785207532770216e-05
CHRFAM7A,-1.1807920810283344e-05
SLC4A1AP,-1.1813276282765326e-05
HCG9,-1.1836698423039503e-05
EXT2,-1.1836733248552137e-05
CA11,-1.1837822694316172e-05
CD81,-1.1838360214932878e-05
HULC,-1.183893450060475e-05
DOCK9-DT,-1.185949742393416e-05
TAPT1-AS1,-1.1884427619935616e-05
TP53TG5,-1.1884553375611623e-05
U73166.1,-1.189327737470371e-05
C10orf90,-1.1895813624323048e-05
ASCC2,-1.1913324499043709e-05
SHOX2,-1.1915946299842783e-05
CEP350,-1.191856563916748e-05
TRIM21,-1.1920865676204033e-05
COQ10B,-1.1923564652075054e-05
PTCSC2,-1.194450645314244e-05
SERPIND1,-1.1946120422394267e-05
ARMC7,-1.1947094948065932e-05
SLC16A13,-1.1965748198513057e-05
ACSBG1,-1.1965964434004642e-05
SRRM4,-1.196736475286635e-05
RNASET2,-1.1968388276939785e-05
WASF1,-1.1988767186549533e-05
UGT2B15,-1.199733701914357e-05
AP006545.1,-1.199891770189672e-05
TMEM170B,-1.2000775275526496e-05
PIGN,-1.2006877814840083e-05
NRBP1,-1.200733128706549e-05
JSRP1,-1.2008560518748874e-05
CXCL12,-1.2017656246372463e-05
VASN,-1.2021562365332184e-05
MED12,-1.202522205241943e-05
SFTPD-AS1,-1.2030424630518592e-05
RBBP8NL,-1.203378537641372e-05
ZNF354B,-1.203856465649473e-05
OSGIN1,-1.20434138333355e-05
GXYLT2,-1.2048927131364008e-05
EPHA10,-1.2083772654712888e-05
VPS28,-1.2089041461200949e-05
KDM2B-DT,-1.2098078505071091e-05
ERP27,-1.2102196779438922e-05
ARMCX6,-1.2106232831694245e-05
TDRD3,-1.2115592006794718e-05
NKAIN3,-1.2127149277035002e-05
APLP1,-1.2137284601203645e-05
KLHL14,-1.217592775645783e-05
MMP11,-1.2179012805027847e-05
POLI,-1.2179599817983388e-05
ATP6V1C2,-1.218531381533491e-05
PVALEF,-1.22012275745346e-05
AP002852.1,-1.220308659045626e-05
RCAN1,-1.2203180607701515e-05
CCDC152,-1.2205103235150543e-05
SUCLG2,-1.224737114829156e-05
SLC35A5,-1.225853638415844e-05
ISLR,-1.22721106383866e-05
KIRREL1,-1.2284557180617425e-05
PCSK4,-1.2285780330202929e-05
SLC35E4,-1.2286789830133168e-05
LYPD5,-1.229168133666885e-05
SCAP,-1.2295811515638447e-05
MACC1-AS1,-1.2305421836169104e-05
PDXK,-1.2309649545271475e-05
HEATR4,-1.2311408358250326e-05
DKKL1,-1.2339462204911175e-05
CD81-AS1,-1.2343495205650014e-05
LHFPL4,-1.2356369434164656e-05
WFDC3,-1.236023050801977e-05
OGFOD3,-1.2360790251339097e-05
TMEM212-AS1,-1.2369688518011732e-05
CCL18,-1.236973781271904e-05
RNF123,-1.2379981071927278e-05
SRL,-1.2381042168334582e-05
BBX,-1.2381272199555226e-05
IL17RC,-1.2384003587763872e-05
SPATA20,-1.2387600643836416e-05
PIH1D1,-1.2397245601895927e-05
PRR34-AS1,-1.240186555454362e-05
CX3CR1,-1.2410247471769812e-05
AQP8,-1.24152887934971e-05
PLAC8,-1.2418047216126429e-05
USP40,-1.2418395510440271e-05
DMTN,-1.2419760411520866e-05
MMUT,-1.2426421540507476e-05
TTC21B-AS1,-1.2432607505593405e-05
GRK7,-1.2441690384529743e-05
BACE1-AS,-1.2442786454375048e-05
PIM1,-1.2462557288811691e-05
APBB3,-1.2478515790454536e-05
DHX40,-1.2479756628927942e-05
OXSM,-1.2482063199647543e-05
STRC,-1.2482497286492175e-05
ZNF853,-1.24831848736465e-05
TRIP11,-1.2493545878887623e-05
TSSK6,-1.2504356684870947e-05
NSMAF,-1.2506916444462556e-05
CRAMP1,-1.2510800088656117e-05
HARBI1,-1.2513825960246807e-05
TLCD5,-1.2539920858061656e-05
SCN11A,-1.254103720428586e-05
MTMR9,-1.2543552704288566e-05
PPP1R13B,-1.254987289804507e-05
CRYM,-1.2558141715855294e-05
EPHA2,-1.255979307048275e-05
NHLRC4,-1.257406442686538e-05
ASPRV1,-1.2574155258618004e-05
TMEM161B-AS1,-1.2576919933923532e-05
GLMP,-1.2588501779311914e-05
TMEM242,-1.2589954822463348e-05
KCNB1,-1.2596397278816282e-05
TMPRSS12,-1.259713551844234e-05
APOBEC3G,-1.2605085023804797e-05
EFCAB10,-1.2608800464803945e-05
WNK2,-1.261405888113925e-05
ATP9B,-1.2615460763162408e-05
LVRN,-1.2620400902984529e-05
BRWD1-AS2,-1.2620891287245954e-05
FHL3,-1.263065478150798e-05
GPR22,-1.2638398622246904e-05
METTL1,-1.2659903203341528e-05
NECAP2,-1.2662296933438444e-05
AP005482.1,-1.2663582389367704e-05
SAP30BP,-1.2681150928005422e-05
FAAP100,-1.2691585277041004e-05
TYK2,-1.2698293762645476e-05
NOVA2,-1.2725572897434356e-05
TRMT2B-AS1,-1.2728866733232614e-05
CRIM1-DT,-1.2736358788166858e-05
SYT16,-1.2738448644199173e-05
SPTBN5,-1.2745041240380486e-05
RGPD4,-1.2745445871342184e-05
PTS,-1.2746584177745292e-05
Z69733.1,-1.2760462336639096e-05
POMT1,-1.2771598323066912e-05
PTGIS,-1.2774294301086122e-05
UNC5B-AS1,-1.2779352220336136e-05
BCL9,-1.2780522601195488e-05
RNF32,-1.2788859960924606e-05
LINP1,-1.2791008921660104e-05
ZNF341-AS1,-1.279140244566538e-05
SIGLEC5,-1.279218731007148e-05
MDGA1,-1.281216771986029e-05
CNTNAP3,-1.282503202979753e-05
PHLDB1,-1.2835049638238147e-05
PNCK,-1.2869330210328451e-05
GATA6,-1.2887826662283044e-05
CA6,-1.2898797385050628e-05
ZMYM1,-1.290421716537755e-05
MIER3,-1.2907776115731046e-05
CLEC4C,-1.2909872604325583e-05
FBXO6,-1.293204874067316e-05
SLC38A8,-1.293783763323892e-05
EDA2R,-1.2939120644304493e-05
SSUH2,-1.294537706335058e-05
DNAAF1,-1.2957541287640191e-05
APOBEC3D,-1.2963393822268812e-05
NECAP1,-1.296615369019308e-05
PDE1B,-1.296835806110915e-05
FAM8A1,-1.2970244777210272e-05
EFHD1,-1.297055316751866e-05
NPL,-1.2976853744700562e-05
DRAM1,-1.2987660374461944e-05
COG2,-1.3012759394055204e-05
AP001267.1,-1.30148110113094e-05
MAP3K2,-1.3015358597708853e-05
VPS26C,-1.3021469980427556e-05
ZNF654,-1.303463747944773e-05
SLC44A5,-1.3040527557693147e-05
PLD3,-1.3067145447652385e-05
RMDN2,-1.3070707013679629e-05
SHPK,-1.3090798284602977e-05
DARS-AS1,-1.3099365771764644e-05
CD3D,-1.3114997835819958e-05
COQ8B,-1.3115109942515833e-05
TNFRSF10B,-1.3127648553102497e-05
FIRRE,-1.3128665676954669e-05
OLFM4,-1.313551210970997e-05
TRIM14,-1.3139050286529348e-05
LIN28A,-1.3144857897036208e-05
LRIF1,-1.3145157032855036e-05
BPI,-1.3145184448779713e-05
U91328.2,-1.3147165387750703e-05
GCH1,-1.3150262351087626e-05
DIPK1A,-1.3164801500867654e-05
TTLL9,-1.3186126365063516e-05
PAX7,-1.3186475724552108e-05
ACSL4,-1.319522690948769e-05
SPTBN1,-1.3201769010661891e-05
PWWP3A,-1.3208954387336363e-05
CCDC126,-1.3210664457008296e-05
LDLRAD2,-1.3222241682288558e-05
C15orf62,-1.3223374078935566e-05
DACH1,-1.3223561513275505e-05
ZNF486,-1.3229498112069896e-05
PUS10,-1.3229509159878049e-05
TOGARAM1,-1.3237062064220292e-05
ZCCHC9,-1.3238980514247888e-05
SLC15A2,-1.324712494479389e-05
NR2E3,-1.3247554599610975e-05
FAS,-1.3262916558544122e-05
USP4,-1.3267728752154596e-05
HLX,-1.3268224779623096e-05
DCAF4L1,-1.3296753812304704e-05
TPH2,-1.3308157947048116e-05
STK39,-1.3323431570171907e-05
MAP7D2,-1.3339309333355702e-05
VAC14-AS1,-1.3341440395568811e-05
LRWD1,-1.3342927362213609e-05
FGD3,-1.3355229572211644e-05
TUBGCP2,-1.338760098051407e-05
FAM66B,-1.3394392187311277e-05
PPARGC1B,-1.3394735982874877e-05
INVS,-1.3406893608531749e-05
KCNK15,-1.3428702807098906e-05
PPIP5K2,-1.3434144455770356e-05
SEMA7A,-1.3464693369208506e-05
NEK11,-1.346469518116689e-05
PGLYRP1,-1.3480034932646336e-05
COX19,-1.348052931837303e-05
PTPRD-AS1,-1.348200893068702e-05
SYN2,-1.3496154077469088e-05
TM4SF20,-1.350078067719326e-05
ANKLE1,-1.35045092780146e-05
HABP2,-1.3509511251900362e-05
SLC25A42,-1.351120477925224e-05
MADD,-1.3513189013544427e-05
CCDC168,-1.3515966262193156e-05
P2RY10,-1.351775797724132e-05
XKR8,-1.352815801701904e-05
KCNMA1,-1.3546144301956825e-05
PAPSS2,-1.3560390657468086e-05
ITIH4,-1.35605973506638e-05
FRMPD3,-1.357952494796594e-05
HECTD3,-1.3581134674750345e-05
TMEM132A,-1.3581406239525498e-05
TXNDC15,-1.358671151492567e-05
MIR548A1HG,-1.3590770628931762e-05
MAP7D3,-1.3598989478442225e-05
ZNF564,-1.360209212537252e-05
CYTH2,-1.3613677319653922e-05
CACNA1B,-1.3621146364731828e-05
VTI1B,-1.3630074903389918e-05
ZNF665,-1.3653695350655109e-05
Z82188.2,-1.3656270416156646e-05
KCNK13,-1.365967833553339e-05
RGS20,-1.3662522353505796e-05
JOSD2,-1.3669626493020756e-05
IQSEC2,-1.3671565605795908e-05
TNFSF12,-1.368689959813895e-05
AKIRIN1,-1.3688952258353796e-05
TIA1,-1.3690555428293374e-05
VWA5B1,-1.3696117707967192e-05
ZC3H6,-1.3702745978574689e-05
ASIC4,-1.370513256525848e-05
ZBTB34,-1.3707924698083191e-05
BET1L,-1.3710134829998128e-05
DYNLT1,-1.3711764293401355e-05
SNAP25,-1.371737306541865e-05
KLK14,-1.3718841902505286e-05
AP002336.1,-1.3724774839091371e-05
SASH1,-1.3728823389460744e-05
TOP3B,-1.3743781955116667e-05
LOX,-1.374396685728192e-05
GNPDA2,-1.3745882314851886e-05
BFAR,-1.3752250195850332e-05
CTRL,-1.37544764007284e-05
SATB2-AS1,-1.3754619040868133e-05
BIK,-1.3758920379148411e-05
COL8A2,-1.3762707423243762e-05
ELMO2,-1.3763480572855756e-05
AP002784.1,-1.3772045286777086e-05
FBXL2,-1.3775165455481175e-05
MEDAG,-1.3778296944324043e-05
CBWD1,-1.379671421155738e-05
CAMSAP1,-1.3809816056384752e-05
ZNF461,-1.3816786444982678e-05
MYOM3,-1.382097506249619e-05
CA10,-1.3824812646284416e-05
ZNF12,-1.383941043700454e-05
CBWD6,-1.3842636420586734e-05
CATIP,-1.3843032606336172e-05
CERCAM,-1.3845753327271505e-05
GRM6,-1.3846783478194811e-05
MEAK7,-1.38604208508891e-05
TMEM59L,-1.3868706803334051e-05
LANCL3,-1.3871311151716426e-05
STX10,-1.3891180008574982e-05
HSF5,-1.3908406254055115e-05
HSD11B1L,-1.3933485979000084e-05
TSPAN10,-1.3946555875425158e-05
ART4,-1.3948922728707631e-05
SMN1,-1.3950540558217497e-05
EHMT1,-1.3964282503860696e-05
SLC9A3R2,-1.396781469917163e-05
FAM118B,-1.39739323264687e-05
CASR,-1.3975175399472637e-05
PSMC6,-1.399027847884718e-05
COL18A1-AS1,-1.3993885744762932e-05
PAX5,-1.399408915558834e-05
ADAM8,-1.3998438019792616e-05
FBXO44,-1.4018324627939346e-05
CRTAM,-1.4018737252347906e-05
SGSH,-1.4018935278451497e-05
WDR63,-1.4033007291212806e-05
NDST2,-1.4036942506157973e-05
FAM90A1,-1.4042136354227058e-05
EGFLAM,-1.4044417939654684e-05
MSANTD4,-1.4046163041245302e-05
PCDH11X,-1.4048391539777022e-05
TULP4,-1.4056022024676164e-05
TGFB1I1,-1.4061313775033132e-05
HIST1H3E,-1.4062647895648856e-05
CD33,-1.4075949035158477e-05
ABCA13,-1.4086540017707175e-05
TNFAIP8L2,-1.4087398498366994e-05
CRTC2,-1.4092041714213475e-05
ZC3H11B,-1.4115800393771204e-05
DPP9,-1.4122893715144433e-05
DIO2,-1.4147404896918702e-05
CARMIL3,-1.414931882423266e-05
GALNT16,-1.415296955831791e-05
RASL11A,-1.4165887278272052e-05
HOPX,-1.4170528715510736e-05
PPIAL4G,-1.4219506767363606e-05
EGR2,-1.4220760618033489e-05
ZFP82,-1.4223139389829376e-05
GDNF,-1.422894752051967e-05
NDRG4,-1.424154250586742e-05
AP001437.2,-1.4246886531898284e-05
SMO,-1.425040239944882e-05
LPP-AS1,-1.4258266214928768e-05
C3orf79,-1.4261973691038003e-05
P2RY13,-1.426736193233248e-05
CKMT1A,-1.4273140187679331e-05
NADSYN1,-1.4308089171496409e-05
TNFRSF1A,-1.4312404413238628e-05
DUSP3,-1.4345957301821458e-05
ZNF99,-1.4349621604241508e-05
ZNF621,-1.4350964317893156e-05
ZFR2,-1.435440275396749e-05
LILRB5,-1.435540054829119e-05
ZNF317,-1.4365654396054649e-05
ZYG11B,-1.436938755012638e-05
LPXN,-1.4370886654010408e-05
EIF4G2,-1.4371752772822025e-05
KCNJ5,-1.437381983160586e-05
ADCY8,-1.4381347498396217e-05
GRASP,-1.4381513663906648e-05
SLC24A2,-1.438854779161073e-05
ADGRL3,-1.438978258403245e-05
FBLN2,-1.4395548667325064e-05
MS4A14,-1.4402652041068644e-05
TPD52L1,-1.440338414680595e-05
CEL,-1.4412778384481838e-05
GNPAT,-1.441503039545457e-05
SLC7A13,-1.4425470911120282e-05
GARS,-1.443886850214511e-05
DNASE1L1,-1.4444637462986978e-05
PEAK3,-1.4472003629353541e-05
TXNRD1,-1.447260956217335e-05
EEF1A2,-1.4474370754423375e-05
PIK3AP1,-1.4477982303656057e-05
ZNF3,-1.4480911000924064e-05
SLC22A2,-1.4483052295880918e-05
UPK2,-1.4488029538238508e-05
AP001267.2,-1.4489813903737633e-05
DSTYK,-1.4491707640162089e-05
PUM2,-1.4505270058668686e-05
PGBD1,-1.4520999745431753e-05
C5orf64,-1.4527506334587536e-05
NUTM2G,-1.4550308669576166e-05
SPIN2A,-1.455047639565099e-05
FAM184B,-1.4553162567098949e-05
MIR133A1HG,-1.4554286044343583e-05
PRRC2C,-1.456532186907629e-05
CCDC151,-1.4566582869883084e-05
BTN2A1,-1.457241536520828e-05
TMEM192,-1.457506227880452e-05
ALDOC,-1.4580502895255223e-05
PPP1R26-AS1,-1.4584342286591458e-05
MTF1,-1.4597916435062365e-05
MPP3,-1.4606769760013487e-05
POLD4,-1.4612185444726278e-05
KRBA1,-1.4625933104810034e-05
GREB1L,-1.4627253910316332e-05
DNAI1,-1.4627925900105976e-05
PCNX1,-1.4641499069090778e-05
ZNF646,-1.4661889480012812e-05
MEGF10,-1.468471530578416e-05
CHRM2,-1.4685166586727718e-05
ADNP2,-1.4686876168311489e-05
DPP9-AS1,-1.4697253779650352e-05
IFIT5,-1.4717806516094344e-05
BPIFC,-1.4724540326283336e-05
LEPR,-1.4740794168364268e-05
EPHX1,-1.4743879783869049e-05
PIK3R6,-1.4748570935780192e-05
SLC9A5,-1.4751428249850602e-05
MTTP,-1.4752122746828258e-05
C1orf61,-1.4761126996532182e-05
ACADSB,-1.4764710545633891e-05
RFPL3S,-1.4775690091371522e-05
RESF1,-1.4789176884140483e-05
SERTAD3,-1.4789432443675894e-05
EVI2B,-1.47949696421631e-05
ZNF846,-1.4798134683135056e-05
CHRNB1,-1.4804775362671116e-05
USB1,-1.4805688966930842e-05
SHCBP1L,-1.4814071273181124e-05
SLC25A43,-1.4821104522616732e-05
SLC3A1,-1.4823652435690143e-05
CARNS1,-1.4828903162194756e-05
PLEKHG4B,-1.4847611245130442e-05
GABRA3,-1.4856305333956543e-05
KLHL41,-1.4869015051309902e-05
SLC7A10,-1.4880542023229696e-05
CHRNA6,-1.488093810732464e-05
SHF,-1.4886042824630772e-05
MMP20,-1.4887982377774256e-05
ONECUT3,-1.4912240302064716e-05
ZBTB46-AS1,-1.4924975653639235e-05
SIRT4,-1.49462324827425e-05
COL26A1,-1.4949039556605393e-05
ABHD12B,-1.4958774974243171e-05
TRPM8,-1.496937166376224e-05
SLC7A7,-1.497227188204878e-05
CCDC32,-1.4985776994520248e-05
PSMG3-AS1,-1.49872417008396e-05
MRPS28,-1.4989930849648543e-05
AP003467.1,-1.4992714013726358e-05
NR4A2,-1.4997826971164211e-05
AATBC,-1.4997828295972464e-05
ZNF227,-1.4998134842265284e-05
CXCL13,-1.4999955184820211e-05
PRRG1,-1.5001985655284688e-05
SCARA3,-1.5008733290550644e-05
TNKS,-1.5008799907526451e-05
NAB1,-1.5009596535542858e-05
GHDC,-1.50256961754629e-05
XKR4,-1.5033612523289722e-05
NKPD1,-1.5035246729929957e-05
NDUFS2,-1.5044057337783652e-05
UBAP2,-1.5052141258644927e-05
AP003168.2,-1.506040514369264e-05
RAD54L2,-1.5061770626562228e-05
IL26,-1.506404575081462e-05
ZNF383,-1.5064955181821611e-05
AJ003147.2,-1.5076209584443277e-05
GJA1,-1.5080953150730612e-05
ARPC1A,-1.5083196676578087e-05
KLHDC8B,-1.5089351425798398e-05
SPSB3,-1.509393388909456e-05
C8orf31,-1.5094811871905833e-05
BCL2L14,-1.5128660744455352e-05
CA4,-1.5137478933442014e-05
FALEC,-1.513872957536986e-05
PHACTR2-AS1,-1.5139822949025598e-05
IFNAR1,-1.514671550158888e-05
PLAGL1,-1.5156266503269186e-05
AP003119.2,-1.5162116546524162e-05
MAP1LC3B,-1.5165028381841004e-05
C9orf152,-1.5165083872364016e-05
LRRC25,-1.5182332884743958e-05
ZNF185,-1.5182685348864584e-05
RBFADN,-1.5184999396220818e-05
CTDSP1,-1.5190707945839414e-05
COQ8A,-1.519459187143938e-05
MIR4458HG,-1.5204969853273596e-05
ETV2,-1.5214441759939896e-05
TMEFF1,-1.5233259078909748e-05
C1QTNF4,-1.523999119042483e-05
ASB14,-1.5262566987668164e-05
SLC35G5,-1.5277499114931662e-05
FAM83G,-1.5282030976755077e-05
IFT20,-1.5287905627872263e-05
GLRA3,-1.5292516092969503e-05
DAPL1,-1.531363069842737e-05
UCHL1-AS1,-1.5314809609748565e-05
ETV7,-1.531612738889641e-05
KRT23,-1.533311641917437e-05
SSPO,-1.534251792599037e-05
ALPK3,-1.5343569286234475e-05
NELFA,-1.5361728755313047e-05
SIGIRR,-1.536544946424513e-05
ZNF358,-1.537359073044612e-05
HOOK2,-1.538075164046187e-05
SMCR5,-1.5383463883537883e-05
NPIPB6,-1.5387681137699002e-05
GIMAP5,-1.5410187151829576e-05
SATL1,-1.5411326816480002e-05
ZRANB2,-1.5420368824951003e-05
BAIAP2,-1.5426373060921382e-05
RNF215,-1.543327760973506e-05
TAS2R19,-1.5437040237266198e-05
TMC3-AS1,-1.544588125397668e-05
MYBPC2,-1.5449429956501328e-05
PPP1R2,-1.545889020052024e-05
KLHL2,-1.5465721952455184e-05
NEXN,-1.546595121977566e-05
FAM178B,-1.5466060368209533e-05
HCAR1,-1.5468480364826e-05
CAPN7,-1.54775487022498e-05
ANKRD23,-1.5483063957607904e-05
NSUN3,-1.5485228592085173e-05
IFI27L2,-1.549889114216076e-05
AFMID,-1.5501319238307474e-05
ABCD2,-1.5505626989099638e-05
CDH26,-1.5507385670741297e-05
SLC29A4,-1.5508399493188694e-05
POLR3GL,-1.551084927787789e-05
CLTRN,-1.5514676094293124e-05
CCDC12,-1.5529043985355532e-05
MAP1B,-1.5532979274772505e-05
ZNF396,-1.5536343046173335e-05
CCDC17,-1.5549768002008448e-05
IL17B,-1.555084232922286e-05
OBI1-AS1,-1.5555227191718573e-05
JRKL-AS1,-1.5567599427861004e-05
SLC6A12,-1.5574948299381668e-05
NTRK1,-1.558635106140704e-05
CDK9,-1.558705318813155e-05
TRAK2,-1.5593602004656413e-05
TREH,-1.559577526428408e-05
PTGFR,-1.5605339391601527e-05
CENPC,-1.5606183856582302e-05
PCDHB10,-1.560851846932882e-05
IL5RA,-1.561237009536539e-05
MLC1,-1.5612895688222944e-05
A2M-AS1,-1.5620448787495193e-05
CD3E,-1.5620708761771203e-05
GANC,-1.5648477752349868e-05
SLC1A6,-1.5649891013408467e-05
KANK4,-1.565121787851826e-05
NRN1L,-1.5655148231383895e-05
CHRDL2,-1.5658676986828797e-05
FAM215B,-1.569016691532e-05
PPEF1,-1.5698962529938157e-05
PLXNB1,-1.570173000885544e-05
GNAS-AS1,-1.5719379020388642e-05
PREPL,-1.572795744314796e-05
KCNB2,-1.5732471108348714e-05
BTN2A2,-1.5735640665487205e-05
KIF17,-1.5743707004789892e-05
COL7A1,-1.5747660605380992e-05
CHMP4C,-1.5748920609938846e-05
MOB3C,-1.5749556169278354e-05
FP325332.1,-1.5750730567914666e-05
CPNE4,-1.5753270848929564e-05
ACSM1,-1.575617553261381e-05
C19orf44,-1.5757532239975012e-05
TEKT1,-1.5758913158127134e-05
FGF9,-1.5763253611809126e-05
C16orf72,-1.5777767612813585e-05
UGT2B4,-1.5777889660880415e-05
ACCS,-1.580342182513977e-05
TCTA,-1.5812531086949338e-05
MYL5,-1.5813410173775766e-05
PEX2,-1.5814899478466998e-05
EXOC4,-1.5823027443779722e-05
OLFM3,-1.5830609181714038e-05
HEXD,-1.5849420778700495e-05
UBLCP1,-1.5850060604750702e-05
SHLD1,-1.5854335285935945e-05
SHANK1,-1.5862111028894498e-05
AP000892.1,-1.587886451971359e-05
MEIS1-AS2,-1.589685209187127e-05
PTGER2,-1.5897394253745472e-05
DCHS1,-1.591740586302714e-05
ADCK1,-1.593151715667023e-05
FOSB,-1.5933617965030257e-05
RBPMS-AS1,-1.5934355756319494e-05
HJV,-1.5944814796052154e-05
ZNF236,-1.5948312698779404e-05
SCN3B,-1.5954643583919756e-05
RIMBP2,-1.5959049427757468e-05
KCTD11,-1.5979240289974825e-05
ZNF280B,-1.5982022905010385e-05
HHIP,-1.5991717513133655e-05
MSANTD1,-1.599464866582669e-05
RAP2C-AS1,-1.601240081554775e-05
CD276,-1.6012550578280824e-05
SERTAD4-AS1,-1.6018051080579624e-05
ZNF326,-1.6020675588549038e-05
ZBTB42,-1.60220429883192e-05
RSPH9,-1.6024168248647715e-05
TRIM72,-1.604046999477452e-05
GRM7-AS3,-1.604843906417223e-05
NSUN6,-1.6050411167011805e-05
ELFN1,-1.605185700713874e-05
TFR2,-1.605640504577406e-05
PDCD1,-1.6060324096171858e-05
KIF16B,-1.6060674955274064e-05
ZNF641,-1.606419454985307e-05
CLDN2,-1.6064887124308828e-05
AQP7,-1.6067053393522158e-05
SLC37A1,-1.607298885431984e-05
SH3GL3,-1.6086426805394356e-05
SHC3,-1.6092321765947953e-05
DNAJB5-DT,-1.609432670061569e-05
TCEA3,-1.6108111784260605e-05
MOV10,-1.6114738750214826e-05
ATP12A,-1.6121971657439618e-05
DUSP6,-1.6130641938008395e-05
CLCN1,-1.6138230960591473e-05
CDC37L1,-1.6139389463664043e-05
FO393415.3,-1.6154707679997093e-05
SHOX,-1.6161215347785404e-05
WDR11,-1.61645085636753e-05
CYP4V2,-1.617564854937541e-05
ZSCAN21,-1.6176328043622044e-05
CFAP97D2,-1.618741858464217e-05
SUPT6H,-1.619369203264344e-05
TSNAX,-1.620384323389607e-05
USP51,-1.621698445474996e-05
SCARF2,-1.6236032241875702e-05
CES1,-1.6256778919653676e-05
TSG101,-1.6273560233309777e-05
KHDRBS3,-1.6281799742000246e-05
IL11,-1.628666510395581e-05
TGM6,-1.628716973813302e-05
ZMYND11,-1.6294485809406592e-05
SCTR,-1.6300194789463947e-05
DCAF11,-1.6318874724183544e-05
EFS,-1.6328663366053773e-05
PAQR3,-1.6339880164733547e-05
VCPIP1,-1.6344996499513553e-05
ZNF660,-1.6349381426194078e-05
PRKAB2,-1.6350478244056462e-05
RCBTB1,-1.635758272755431e-05
GET4,-1.638131046142781e-05
RNF145,-1.6388846607049215e-05
WDR47,-1.640189303440307e-05
DUSP15,-1.6404790051974062e-05
SPAAR,-1.6411624223202224e-05
SCAF8,-1.6417774606432533e-05
MARC2,-1.6418604523019812e-05
CD74,-1.6436067139977812e-05
OLFM1,-1.6441218051087973e-05
DNAJB9,-1.644681031610649e-05
CD8B,-1.6485208365965763e-05
CA5A,-1.6490358139994108e-05
CSF1,-1.649617864256071e-05
SEPTIN3,-1.650269496773877e-05
ANKAR,-1.6513518216023993e-05
N6AMT1,-1.6513870613716176e-05
DNAH3,-1.651572582698389e-05
GPATCH2,-1.6515891456338554e-05
ARVCF,-1.6532997575097137e-05
HFM1,-1.653320671591011e-05
COL4A6,-1.6535763942235745e-05
SETD7,-1.654858938019808e-05
RAB35,-1.655631247486866e-05
NALCN-AS1,-1.657046396057516e-05
IRF2BP2,-1.6574099009200016e-05
LCN2,-1.6576543118257614e-05
KIF25,-1.6580641922857972e-05
ZNF484,-1.659091036365874e-05
ALKBH3-AS1,-1.6591102229318754e-05
MRPL53,-1.6594211230924483e-05
MRAP,-1.6598051165591003e-05
PRSS51,-1.659891243182501e-05
AP000676.5,-1.660124990288253e-05
PGM3,-1.660891402964453e-05
SHROOM2,-1.6614306052905055e-05
SNX11,-1.662519719239332e-05
PHKA2-AS1,-1.662974937841746e-05
CPO,-1.663832456816996e-05
GTF3C2-AS1,-1.6644366242394503e-05
FGF10,-1.6649923519062597e-05
PRDM7,-1.665128319138159e-05
ASB3,-1.66517120210502e-05
TMEM98,-1.665320227467284e-05
PRDM2,-1.6654646053414024e-05
SVOP,-1.6655359494094492e-05
ABALON,-1.6662755215269154e-05
TMEM86B,-1.6667229990664068e-05
EMX2OS,-1.6678438377131882e-05
ARMC12,-1.6686558531982152e-05
ALOXE3,-1.6714953105061474e-05
PRRX1,-1.671708358397132e-05
AP000866.1,-1.6717799724657644e-05
PPT2,-1.6719369757064523e-05
KIAA1211L,-1.672142969149795e-05
TCF4-AS2,-1.672852800066431e-05
OR10H1,-1.6728582408407813e-05
STMND1,-1.6738061486283812e-05
GAS8,-1.674371923186786e-05
TRIOBP,-1.6750921604820542e-05
CH25H,-1.67509453987706e-05
EMSY,-1.675297331424725e-05
F8A1,-1.6758912230368804e-05
UNC79,-1.676966260673843e-05
ZNF606,-1.6773247348211442e-05
NICN1,-1.678190898898957e-05
SLC25A18,-1.678354679840409e-05
CFAP161,-1.6788069698967334e-05
FSD1,-1.679372356870014e-05
AHNAK2,-1.6801287762076778e-05
BRD4,-1.680544081294867e-05
GRAPL,-1.681329566281889e-05
KCTD3,-1.6841710999314806e-05
CYBRD1,-1.6843886604858413e-05
ERP44,-1.684685999281522e-05
FOXO4,-1.685149561445986e-05
EZH1,-1.6853143782711133e-05
ACTN1-AS1,-1.6853217753610214e-05
IREB2,-1.685470805885166e-05
RAET1E,-1.685665624036133e-05
TMEM131L,-1.6860255025648146e-05
TANGO2,-1.6879338219051706e-05
MAST1,-1.6889843386807184e-05
IL10RB-DT,-1.689895433882333e-05
ZNF487,-1.690282368661286e-05
C16orf96,-1.6910810785187184e-05
PRR14L,-1.6917092144370466e-05
RBPMS2,-1.6918040487040583e-05
RAPGEF4-AS1,-1.691872100375525e-05
ZNF814,-1.693743992360053e-05
SLA2,-1.6954024403410337e-05
ASXL2,-1.6956308926320805e-05
RYR1,-1.6960227304782978e-05
RDH12,-1.696564031464375e-05
ZNF14,-1.696928700024134e-05
TCN1,-1.697519097969366e-05
P2RY14,-1.697990568978885e-05
C2orf88,-1.699006180740538e-05
YIF1B,-1.699293939601961e-05
IL17D,-1.6994833552888744e-05
RIMKLA,-1.700550815449369e-05
MCU,-1.701103887571329e-05
CDC42EP3,-1.701573185956864e-05
CRELD1,-1.7026201761679225e-05
CAMTA2,-1.703051776352806e-05
NAPSA,-1.70350757707332e-05
TNK2,-1.7048084197713377e-05
PLXNA3,-1.7056762052182852e-05
NRK,-1.7059987839358843e-05
SULT2A1,-1.707231249156718e-05
CGRRF1,-1.707259570235571e-05
SSH3,-1.7074173374752254e-05
PBX4,-1.70783443615192e-05
PLPPR2,-1.708115040568544e-05
TAC3,-1.708324611705267e-05
AP006623.1,-1.708666618136486e-05
TMIGD3,-1.7106469104183966e-05
BCDIN3D-AS1,-1.711250166811509e-05
SEC22B,-1.7120779260718215e-05
RCHY1,-1.7122347877698148e-05
CD200R1,-1.712402110689157e-05
BEST4,-1.7128477164337576e-05
LPL,-1.7129836329449187e-05
SCGN,-1.71303163238613e-05
BX664727.3,-1.7137150656883577e-05
REC114,-1.714944170742319e-05
CPE,-1.7177194413545983e-05
CDC20B,-1.7177655566685564e-05
GALM,-1.719350287632934e-05
ZNF707,-1.7197426128636366e-05
LAMB4,-1.719940675565961e-05
CCDC183,-1.720244693002067e-05
WWC2-AS2,-1.7204408466958848e-05
PRPH2,-1.7207332895131118e-05
DHDH,-1.7211608033786082e-05
C1orf189,-1.721574225230552e-05
MLKL,-1.7232591258359998e-05
MAPK11,-1.7240588373168276e-05
FAM9B,-1.72473841565982e-05
ZNF85,-1.724928244195964e-05
AGAP5,-1.7254936389070044e-05
DUSP18,-1.725810464688476e-05
VIPAS39,-1.7262054874671235e-05
GPR162,-1.72622214205676e-05
RTCA,-1.7275636632564672e-05
HIF1A-AS1,-1.727591841634835e-05
CCDC22,-1.7279276572295985e-05
OR2L2,-1.728122181461651e-05
ZNF816,-1.729920267199316e-05
IPO9-AS1,-1.729969086014345e-05
PPM1J,-1.7303017414928295e-05
SH3GLB2,-1.730373902686042e-05
TCERG1L,-1.7303791628758727e-05
LPAR3,-1.7321933915306508e-05
NDUFAF7,-1.7339962321054272e-05
KANK3,-1.7358439301489637e-05
ZSCAN5A,-1.7362493881951592e-05
ZNF517,-1.736739884818753e-05
TEX14,-1.7373414840741143e-05
ZNF766,-1.7378763009633393e-05
ODAPH,-1.7381509447752523e-05
NPR1,-1.7385247034158866e-05
U2AF1L4,-1.740140907580834e-05
TMEM132B,-1.7408670006379967e-05
NDUFB2-AS1,-1.7417056742025222e-05
USF1,-1.742433487915412e-05
COMMD3,-1.7431266678889695e-05
UBASH3A,-1.7441200308191926e-05
STX8,-1.7448617065817493e-05
AP003049.2,-1.744896879282454e-05
IQCM,-1.74504998185509e-05
WT1,-1.745510519663542e-05
ZBTB32,-1.745577582262267e-05
HTR3B,-1.7469593637779584e-05
AGBL2,-1.7484936190107825e-05
MTERF4,-1.749187499031113e-05
GLIPR1L2,-1.749212737691671e-05
TMEM114,-1.749585440245596e-05
FTCDNL1,-1.7519960072843277e-05
SH3GL1,-1.7525434675102494e-05
GTSF1,-1.7526870092251705e-05
PHKB,-1.752697771273191e-05
ANGPT2,-1.753264650190927e-05
OPRM1,-1.7543894599364942e-05
P4HA1,-1.7554154670438673e-05
DCTN6,-1.7575632649510586e-05
SFRP1,-1.7578469664084286e-05
MRAS,-1.758383060467116e-05
C17orf99,-1.7584287332116426e-05
ACSM3,-1.7585785546063746e-05
WFDC10B,-1.7586417480623955e-05
PCAT6,-1.7587814500939296e-05
PRKX-AS1,-1.759946187342449e-05
MYO15A,-1.760882524971805e-05
TRIM6,-1.762168689177135e-05
TXNDC8,-1.7625454957443265e-05
IGSF22,-1.762902418451003e-05
ZNF784,-1.7629487170945024e-05
TIMD4,-1.7646178102388757e-05
PRKCA-AS1,-1.7658527721748495e-05
NUP210L,-1.7667961895893725e-05
Z96074.1,-1.7668984850819953e-05
UBE3B,-1.7669511029619232e-05
ZNF791,-1.7682534243865002e-05
LMO2,-1.7689080845307133e-05
SUPT3H,-1.769451120726218e-05
SH2D2A,-1.7705461949929458e-05
ZC3H3,-1.7721895456255127e-05
GOLGA8N,-1.772955375864738e-05
SLC25A27,-1.772998250724657e-05
SLC22A14,-1.7735748924764736e-05
ACADS,-1.774201873426408e-05
ZBTB47,-1.7749021785571467e-05
WDR66,-1.775037657756786e-05
UNC5A,-1.7766925257795005e-05
GBGT1,-1.7781821904266093e-05
WDR20,-1.778889782925804e-05
YTHDF3,-1.780040908956443e-05
KPNA5,-1.7802242450317337e-05
FAM167A-AS1,-1.7817169398387447e-05
GMEB1,-1.782442662348314e-05
SEC63,-1.7845850379918456e-05
BASP1-AS1,-1.785649613135325e-05
CYBC1,-1.7861232599688402e-05
SLC5A1,-1.7864026692144087e-05
NKAIN2,-1.786505731287808e-05
ISL2,-1.787587229028097e-05
PXT1,-1.7887402202104392e-05
NELL2,-1.7916453863674355e-05
LRGUK,-1.792130401292544e-05
PTCHD1,-1.794592945658845e-05
NUDT13,-1.7985428183369008e-05
ARHGAP8,-1.799846585968604e-05
STAT5A,-1.8000009072624864e-05
CD160,-1.8004960873934915e-05
DND1,-1.8007141867241386e-05
HACD1,-1.8011611688740493e-05
COG3,-1.8055633123817e-05
PTGR1,-1.806150845381626e-05
NARF,-1.8068598367366503e-05
ZNF813,-1.8082451816354184e-05
SLC2A10,-1.8082957692227405e-05
LPAR1,-1.808351559641307e-05
SNX3,-1.808430439592304e-05
SPAST,-1.8097708118768232e-05
FBXO39,-1.8102273665103705e-05
AP000240.1,-1.8106113159411257e-05
RAB27B,-1.81201590675722e-05
TNRC6C-AS1,-1.813520204136795e-05
RET,-1.8154655240880223e-05
TNXB,-1.8161671656459956e-05
PHACTR3,-1.8173182426594325e-05
ABCB4,-1.8173562438371576e-05
PPP1R16A,-1.817592547405558e-05
PLGLB2,-1.81810457287152e-05
AK7,-1.819251015944468e-05
UCA1,-1.821056316312773e-05
NLRP8,-1.8216203697155385e-05
C11orf16,-1.822375939631623e-05
CAVIN2,-1.8224455972200705e-05
CHST7,-1.8234697519308075e-05
C11orf49,-1.8239562169364417e-05
RSPH6A,-1.8250360554136297e-05
FADS6,-1.8264248148384985e-05
MBD1,-1.8287943836955643e-05
PPP2R2C,-1.828835469513646e-05
Z99289.3,-1.829352820578959e-05
TIPARP-AS1,-1.8294757056926017e-05
PADI4,-1.8297037218282422e-05
SNRNP27,-1.829972823278318e-05
MAFTRR,-1.8310290503039304e-05
AF123462.1,-1.8315321628948287e-05
BTNL9,-1.8317572494609703e-05
Z97055.2,-1.831835162581188e-05
BCL10,-1.8325434064200783e-05
SGMS1-AS1,-1.8341127615258123e-05
STAB2,-1.8341402764961027e-05
PDGFB,-1.8347290768976485e-05
TNFAIP1,-1.8347730510137294e-05
PLA2G4D,-1.834875426512641e-05
ZNF26,-1.834899405826596e-05
EYA1,-1.8350238471665333e-05
TNFSF8,-1.8355394772619264e-05
TMPRSS13,-1.837074982778613e-05
HSD17B1,-1.8394711917797856e-05
BX255925.1,-1.840306289155747e-05
SPATA9,-1.8406468294640217e-05
UNC45B,-1.840679399897265e-05
NSMCE2,-1.840878420873119e-05
RARA-AS1,-1.8419333518900093e-05
TRIM58,-1.8420138382007903e-05
CYP19A1,-1.842096407934967e-05
AP001207.3,-1.843315982715341e-05
STAT1,-1.8439486523417925e-05
MAP3K7,-1.844117531428911e-05
B3GNT8,-1.8442037503586043e-05
TMEM266,-1.844732157232547e-05
IGSF9B,-1.8452460100445128e-05
MASP1,-1.8452628907411343e-05
RECK,-1.845544628886464e-05
TBC1D25,-1.8458568345943305e-05
BVES,-1.845870370310064e-05
ZNF205,-1.8462685321701183e-05
G0S2,-1.847567087545243e-05
AP003469.2,-1.8475808911972936e-05
COL9A1,-1.8476613902227157e-05
RHOT2,-1.8493748936255783e-05
AF121898.1,-1.8508100395062773e-05
LDHC,-1.850920400563561e-05
LMX1B,-1.8512695688982165e-05
NRAD1,-1.8518020593060858e-05
ATG4D,-1.8523940363469925e-05
DIO1,-1.853591796179533e-05
MC1R,-1.8541993776001727e-05
ABHD18,-1.8550452522756128e-05
RABGAP1L-IT1,-1.855122445552069e-05
MPEG1,-1.855512512596524e-05
RSPH1,-1.857259174824651e-05
AP005671.1,-1.8579854107145537e-05
GPR143,-1.858043478307715e-05
VCAN-AS1,-1.8585624680472127e-05
SLC9B2,-1.8595551702381212e-05
RNF10,-1.861393731612809e-05
HLX-AS1,-1.8622905959915715e-05
OS9,-1.8636893774393816e-05
MIEF2,-1.8637777987951457e-05
RETREG3,-1.86412406072425e-05
ZNF233,-1.8641959166466907e-05
RGS7,-1.865168179465161e-05
GDNF-AS1,-1.865482439839749e-05
FP236383.3,-1.8671434394140655e-05
ZIK1,-1.867917500817711e-05
CMTR2,-1.868393592476117e-05
ILDR2,-1.8691867598901997e-05
ANKRD18A,-1.869380200211596e-05
HOXB4,-1.8701464053413862e-05
COL6A6,-1.870394571505181e-05
ACSM5,-1.870487924627894e-05
ZNF619,-1.8705530475720037e-05
ZNF506,-1.871638808846748e-05
NFKBIE,-1.8716960041576546e-05
PKN2-AS1,-1.8735766402257805e-05
GNB3,-1.873946734867731e-05
SORBS3,-1.8740690199197905e-05
NPFFR2,-1.875074680636527e-05
AP000936.1,-1.875533623555921e-05
ZNF596,-1.878111062047057e-05
CCDC153,-1.8787580375410303e-05
SPN,-1.8789491937906364e-05
CFL2,-1.8792700523988307e-05
CCR2,-1.8809266788494097e-05
SREK1IP1,-1.88167042061382e-05
TEX29,-1.881767380151543e-05
RPAP2,-1.8823672692620566e-05
SYNPO2L,-1.8837834218232493e-05
LRFN1,-1.8841055951599454e-05
TLR4,-1.884287326767842e-05
PGGT1B,-1.887019172608752e-05
TSC1,-1.888322036933701e-05
MYH13,-1.8887784675294607e-05
BAZ1A,-1.8896092821466516e-05
PILRA,-1.8896536177895712e-05
PAX6,-1.8907338439257963e-05
CRACR2B,-1.890834265630232e-05
CYP27C1,-1.8911899128313387e-05
SH3BGRL,-1.8915493076093848e-05
AGER,-1.8919862634027333e-05
C21orf91-OT1,-1.8926123788359437e-05
FCHO1,-1.892996077969573e-05
SLC25A24,-1.8932209684865216e-05
DBNL,-1.8945458194405254e-05
CD27,-1.8948086366242712e-05
ATG12,-1.8949198430220884e-05
EAF1-AS1,-1.896327081615338e-05
MYD88,-1.8982905103107906e-05
CCDC83,-1.8983722773037138e-05
TRPM1,-1.8984966228726057e-05
GPCPD1,-1.8990325428073824e-05
U91319.1,-1.8990662826820387e-05
PSMD6-AS2,-1.899450254400284e-05
WAKMAR2,-1.9006204006809137e-05
F8,-1.901009774117053e-05
AANAT,-1.9015481403316905e-05
D2HGDH,-1.9024804448003405e-05
RRS1-AS1,-1.9034058355712848e-05
MASP2,-1.9040228261193025e-05
CRLF3,-1.904771563709466e-05
PI3,-1.904823437993734e-05
FMN2,-1.9058609044648244e-05
GDF5,-1.906072445891873e-05
RFLNB,-1.906108293596802e-05
AP000525.1,-1.9064202536999026e-05
PON3,-1.906657585053705e-05
SEZ6L,-1.906934125979422e-05
PAOX,-1.9080135834478357e-05
TMEM134,-1.9085311455423065e-05
HDHD2,-1.909979694672563e-05
KLRC1,-1.9109043556878183e-05
TRAPPC11,-1.911673394974977e-05
CHST10,-1.9124002872997527e-05
PLA2R1,-1.9143781635752036e-05
MEIOB,-1.915715614512193e-05
CYB561D1,-1.9170268820052316e-05
PCDHGB7,-1.9171030547426157e-05
ACMSD,-1.91759077107372e-05
GK5,-1.918725121721524e-05
MFSD2A,-1.920093159914156e-05
OR2F1,-1.922707968259673e-05
WSB1,-1.923204851530768e-05
ELDR,-1.9245303677759347e-05
PCOLCE-AS1,-1.9248737847214533e-05
SIRT2,-1.925729424338385e-05
KSR1,-1.925755480354437e-05
STK3,-1.925818377103744e-05
CCZ1B,-1.926026741521504e-05
ZNF420,-1.9265504634244005e-05
SUSD5,-1.926896908547781e-05
NTSR1,-1.926934083946198e-05
Z93020.1,-1.929104401418277e-05
COMP,-1.9300992182154688e-05
NUAK2,-1.9305851143066647e-05
PNPLA3,-1.931141307781916e-05
CHRDL1,-1.9336562730848792e-05
ANGPT4,-1.9341407906653296e-05
RTCA-AS1,-1.934628646812293e-05
CRYAB,-1.9349932781459563e-05
BHLHE41,-1.9351040815872344e-05
PTPN23,-1.936403025373515e-05
TBC1D8-AS1,-1.936458531142664e-05
GPR176,-1.9377573048057483e-05
RNPEPL1,-1.938521674974172e-05
NAA60,-1.941370734964284e-05
GLT8D2,-1.9421960571902997e-05
CD300LB,-1.9432014965327293e-05
GRB7,-1.943713125533323e-05
GRAMD1C,-1.9445292017413107e-05
VSTM5,-1.9465518548024548e-05
GPLD1,-1.9465626078521025e-05
C11orf91,-1.9467909461474736e-05
PAUPAR,-1.9493570016226838e-05
NME5,-1.949473315400577e-05
MRRF,-1.9502949001512974e-05
GABBR2,-1.950300175501852e-05
AP001604.1,-1.950570341556376e-05
KAT6A,-1.952808455114337e-05
CPPED1,-1.9532948571559668e-05
U91328.1,-1.95343505262049e-05
GSG1L,-1.953582408638081e-05
ZBTB17,-1.953980667270799e-05
STXBP5L,-1.956547699713879e-05
CALHM2,-1.9573396149010887e-05
IDS,-1.959313384815988e-05
NIM1K,-1.9593323128193436e-05
FAM104A,-1.9601000354523757e-05
GID4,-1.9606593485192816e-05
CSTA,-1.962053817893787e-05
P4HA2,-1.962125656445481e-05
HSPB7,-1.962510021308388e-05
HINT3,-1.9627656398063643e-05
SGCG,-1.962948812556336e-05
CFAP206,-1.963425753781217e-05
ZNF708,-1.9644384101976998e-05
AXIN2,-1.964943479068818e-05
ZNF671,-1.96628147048686e-05
KIZ-AS1,-1.966930073274681e-05
CPT2,-1.9673851829348635e-05
YIPF1,-1.9674461103543333e-05
LIN28B,-1.9686722853858108e-05
MYO1C,-1.9702746416434105e-05
WDR17,-1.9704985324545472e-05
PAX3,-1.9705183813311145e-05
AZI2,-1.9723594772359003e-05
LGI2,-1.9726676219164815e-05
NAV2-AS2,-1.972983115495436e-05
RRAGC,-1.9730674765637773e-05
DOK4,-1.973111220971385e-05
CXXC4-AS1,-1.974114074744426e-05
PLEKHF2,-1.975390218750641e-05
PTN,-1.9756972969197823e-05
NR1I3,-1.976140080864711e-05
LNCTAM34A,-1.976361382468601e-05
HOXA9,-1.976386340072657e-05
MFSD13A,-1.9764402048522268e-05
SPINK9,-1.977425034521417e-05
AP003117.1,-1.9789688654920384e-05
TMEM184B,-1.9793515062783807e-05
UHRF1BP1,-1.9796819353585917e-05
RNF115,-1.98021884265925e-05
AP003469.4,-1.9805505926600097e-05
PCDH1,-1.980571463473086e-05
NELL1,-1.9810472759580827e-05
ASB5,-1.981743594879879e-05
SYT15,-1.9832871786342523e-05
GMFB,-1.983838832359661e-05
PCSK2,-1.983904804009449e-05
FP565260.3,-1.985815786927864e-05
CDSN,-1.986407606241885e-05
NKD2,-1.9869904580908563e-05
USP3-AS1,-1.9875455107832647e-05
SPTLC3,-1.988107020262269e-05
AP001972.3,-1.9883543777292813e-05
ERFL,-1.988509244004684e-05
CCDC28A,-1.9886780470314e-05
ZNF304,-1.9895914109611453e-05
ANXA5,-1.9933055591626707e-05
RDH5,-1.993398184746221e-05
CASTOR1,-1.9934815422915116e-05
TTC23L,-1.9934916720890112e-05
SGMS1,-1.995041269535459e-05
EXD1,-1.9954222648119904e-05
B4GALT4,-1.9964361060176603e-05
WWP2,-1.9969560135732588e-05
ROS1,-1.9992908624415296e-05
NREP,-1.999466739532439e-05
EFCAB5,-2.0005204841667306e-05
MAGI1-IT1,-2.001141596690929e-05
IGKC,-2.002681085227057e-05
SH3BP5L,-2.0031329682497548e-05
WNK4,-2.0031962118779627e-05
KCNIP2-AS1,-2.005100906144217e-05
SPNS3,-2.0056927849256437e-05
RASGRP2,-2.0081924339052575e-05
SEZ6,-2.0089569346808204e-05
MAPK8IP1,-2.008979564075656e-05
FBLN5,-2.0095800107226617e-05
KLC3,-2.009608328401005e-05
ACADL,-2.01043535567381e-05
ADAMTSL4,-2.0110454090113275e-05
TLE5,-2.012626956033712e-05
KAZN-AS1,-2.0127288078791123e-05
CSDC2,-2.012915068685881e-05
C1orf56,-2.013202863501048e-05
IL23A,-2.0156515175819432e-05
ARPP21,-2.015768259369985e-05
GRHL3,-2.0166610985175603e-05
NDRG2,-2.017868992453494e-05
C8G,-2.0181889055195896e-05
ATP6AP1L,-2.0182074162958405e-05
ANO9,-2.0184310939386654e-05
BDKRB1,-2.019385018328593e-05
LRRC9,-2.01967665994098e-05
TULP2,-2.020369996670175e-05
NUDT4,-2.0206735736090957e-05
PARVB,-2.0215410410013176e-05
CDON,-2.0216097981845843e-05
IFT172,-2.021760515390936e-05
APLNR,-2.022447304781293e-05
ZMYND15,-2.022613906242036e-05
NXNL1,-2.0228488647389157e-05
ACY1,-2.022949679160008e-05
TUBB2A,-2.023182708212572e-05
BBS5,-2.0248810641637116e-05
CARMIL2,-2.0250694124152783e-05
AK5,-2.025196108440012e-05
C1QTNF1-AS1,-2.025732889383091e-05
SIRPD,-2.026293104444129e-05
ELAC1,-2.028149421242047e-05
GIMAP1,-2.0281941164980268e-05
FAM186A,-2.028781339300497e-05
PRF1,-2.0298246044119467e-05
CR1,-2.030268691732477e-05
NUTM2A-AS1,-2.031127529925488e-05
PRSS12,-2.0311489353701697e-05
EDNRB-AS1,-2.03116394882798e-05
CDC14B,-2.0326258680309606e-05
CES2,-2.034645078032264e-05
SAP130,-2.035157051989005e-05
ERCC5,-2.0360062692529053e-05
PRG2,-2.0374968969442455e-05
LPO,-2.0377150303887783e-05
CD1D,-2.0378650633287827e-05
RRH,-2.0389847631703417e-05
NFU1,-2.0412934395639825e-05
CDS1,-2.0417242783267775e-05
LNX2,-2.04192528838754e-05
C2orf42,-2.043887165951476e-05
CHST12,-2.045485310161649e-05
BICRA,-2.0455418011957384e-05
HADHB,-2.0456070528794256e-05
AP005059.2,-2.0466073629800712e-05
FAM182A,-2.0473626435746333e-05
FAHD2B,-2.04771889309449e-05
UROD,-2.04799402308706e-05
ZNF843,-2.0486877832417823e-05
SKIDA1,-2.048713119917871e-05
SLC12A7,-2.0493455704697317e-05
MAFG,-2.049466899382754e-05
CTDP1,-2.0506125768844344e-05
AP000662.1,-2.0520723182552406e-05
BMP5,-2.0524879659715856e-05
ZNF540,-2.052626054688322e-05
HAPLN3,-2.052902888793596e-05
PLEKHD1,-2.053583758224514e-05
CR381670.2,-2.054857268956127e-05
XIAP-AS1,-2.056014452142192e-05
CYP2E1,-2.0565326810238523e-05
C10orf143,-2.0571637896400656e-05
MANEA-DT,-2.057323757808647e-05
MEOX1,-2.0578561220849224e-05
ANKRD24,-2.058239772121792e-05
RUBCNL,-2.0587945651970075e-05
ADORA2A-AS1,-2.0592292423865665e-05
LRRC38,-2.0592449063839007e-05
CASC6,-2.0621168716308317e-05
KCNIP3,-2.062855295990661e-05
SCNN1G,-2.064008884329434e-05
LMTK3,-2.0650089523399043e-05
FAM229B,-2.0651491804610284e-05
GRIN2D,-2.068180042125493e-05
CFLAR-AS1,-2.068730487570234e-05
LNCAROD,-2.068992583106e-05
WNT4,-2.0692204336178323e-05
UBXN10,-2.0698593514059965e-05
SYT8,-2.070415753910748e-05
RO60,-2.071682785677682e-05
ZNF879,-2.0728561420444536e-05
CDC42SE2,-2.0730909490318025e-05
GPR55,-2.073707854722103e-05
SEC62-AS1,-2.0755793086081864e-05
KANK2,-2.075680928681569e-05
L3MBTL3,-2.0764107781176318e-05
ATF7,-2.0766052113228715e-05
DTX4,-2.076947040861045e-05
GNE,-2.0773125960607957e-05
NUDT14,-2.0773368674474012e-05
KREMEN1,-2.077816705586707e-05
SLC41A1,-2.0795760179717456e-05
TRIM69,-2.079814376506741e-05
CHD6,-2.082763602047217e-05
TSPAN4,-2.0828355589189744e-05
BAK1,-2.083116187099371e-05
ACAP1,-2.084239364417063e-05
APAF1,-2.0844471828474795e-05
KCNJ12,-2.084979163127579e-05
PHF23,-2.0853451519672323e-05
CTR9,-2.0858182813537823e-05
AP006621.1,-2.0866443977876117e-05
UBA1,-2.087605633016979e-05
NLRX1,-2.0882038623446588e-05
ZNF793,-2.08820945400547e-05
DIPK1B,-2.088406489803404e-05
C5AR2,-2.08844356585512e-05
RNF125,-2.088967911968405e-05
CCNT2,-2.0921686918500463e-05
GAS1,-2.0924459083091e-05
PGLYRP2,-2.0926134569727312e-05
LYRM9,-2.093082972198764e-05
SHISAL1,-2.094712081578024e-05
EFNA3,-2.0956101961436768e-05
USP48,-2.096958251096367e-05
PCDHGB6,-2.0977003181934367e-05
MYH3,-2.098127623529703e-05
BCAS4,-2.0983826074072487e-05
LRRD1,-2.0987085357783996e-05
IRAK4,-2.100558893237717e-05
AP001636.3,-2.100937496585376e-05
NOD2,-2.101850447890563e-05
ZNF587,-2.1020735468882883e-05
ARRDC5,-2.103024893273373e-05
RASGRF1,-2.107499516860734e-05
TEKT3,-2.1081119399105237e-05
ESYT3,-2.1087332787651948e-05
LAMA3,-2.109813396089033e-05
MMD2,-2.1104320241631075e-05
HOMER3,-2.1111190900637893e-05
GPR34,-2.1120058477294863e-05
CALR3,-2.113236156440505e-05
MAPK4,-2.115083978472181e-05
PDE1C,-2.115298858499788e-05
CASC20,-2.116325071642097e-05
AP000561.1,-2.1166032316052476e-05
ZNF563,-2.119249648149146e-05
VPS13C,-2.120986349477684e-05
PAPSS1,-2.1214231907156e-05
LEPROT,-2.1214594608254677e-05
DNAJC12,-2.122351776503429e-05
TMEM272,-2.122985040173264e-05
CCDC30,-2.123639658440919e-05
SLC4A9,-2.1241956870133532e-05
MBP,-2.1260269057087597e-05
SLC5A4,-2.1260961983154945e-05
CDK11A,-2.126699048616169e-05
PLEKHA3,-2.1269184106035463e-05
FBXO30,-2.128015281829774e-05
INPP5J,-2.128365332329118e-05
AP002490.1,-2.1286556315100244e-05
ZDHHC15,-2.1289132163909068e-05
SP6,-2.130126160982548e-05
LHX4,-2.1303506696461623e-05
NAGK,-2.13126108784564e-05
AMMECR1L,-2.132269187686916e-05
FAM53B-AS1,-2.1324986642578464e-05
DEFB1,-2.132500185980857e-05
ADGRL1,-2.132607244775748e-05
ELOVL2,-2.1330807080008308e-05
CNST,-2.133497054212287e-05
CITED2,-2.1335834622420348e-05
MFSD11,-2.1340154987227166e-05
CRB2,-2.1349614878048137e-05
ENTPD6,-2.1359327468472e-05
CHST8,-2.137480954500188e-05
MGAM,-2.1382938590130252e-05
TMEM92-AS1,-2.138579139658205e-05
HSDL1,-2.1411764147088835e-05
ANO3-AS1,-2.1418785606969937e-05
LRRTM2,-2.142859212491204e-05
RFX8,-2.1432911673943536e-05
FAM184A,-2.1434019418098096e-05
PEG3,-2.143904220264622e-05
MARCH10,-2.1449813087868177e-05
RANBP3,-2.1471884696893498e-05
RADIL,-2.147917926084877e-05
MAPK14,-2.148721570708711e-05
TJAP1,-2.148828549671156e-05
JOSD1,-2.1490581797748e-05
MEGF9,-2.150397701987773e-05
CYP4F3,-2.1505414623397893e-05
ASB18,-2.1509089943646058e-05
LIPC,-2.1516186040070944e-05
SRP54,-2.151673594632204e-05
MIR4422HG,-2.151880387292065e-05
FAM189A1,-2.152145215218868e-05
HEPHL1,-2.1529166406541667e-05
LMCD1-AS1,-2.1533565257511183e-05
SLC14A2,-2.1534478986882263e-05
SCPEP1,-2.1539817763460214e-05
MLYCD,-2.154905286717025e-05
UPK3BL1,-2.155160574140544e-05
ENTPD4,-2.1570153026802898e-05
EIF2AK2,-2.1579448675128617e-05
PARP3,-2.1582938464709583e-05
TRAF4,-2.159250208114502e-05
GRID1,-2.160175314826962e-05
NPIPB2,-2.160568405032309e-05
CTTN,-2.1619451575935192e-05
TIAM2,-2.1626839559831035e-05
RRAD,-2.1645121451392343e-05
TRDN-AS1,-2.1645253718084333e-05
PCOLCE2,-2.1648428155449486e-05
ADRA1B,-2.1666459054032643e-05
PLGRKT,-2.1689281750639067e-05
CNTN6,-2.170219823087436e-05
GYS1,-2.1714616149643624e-05
NDUFS4,-2.1718448776582547e-05
RPGRIP1,-2.172246676414509e-05
FHOD3,-2.174099197220304e-05
STEAP2,-2.174508810117129e-05
SPOCK2,-2.174910705811024e-05
ADPRH,-2.174947630801271e-05
UVRAG-DT,-2.1764833478044483e-05
FRYL,-2.177117134933704e-05
TMEM246,-2.1772408482536463e-05
ERICH2,-2.1779262068752247e-05
OCA2,-2.178069860228472e-05
TSNARE1,-2.1785640996256517e-05
SASH3,-2.1799149742684956e-05
DSG1-AS1,-2.180455890559528e-05
TRAPPC9,-2.1827753600608436e-05
KCNJ6,-2.183810994285322e-05
CA12,-2.183857868586415e-05
UBE2R2-AS1,-2.184212297560438e-05
CTXND2,-2.184379750302223e-05
WAS,-2.1857681909217475e-05
SLCO1B7,-2.1858156002935067e-05
TSLP,-2.1879712564944792e-05
NDNF,-2.1884573359202627e-05
ST8SIA2,-2.1887282838674667e-05
FAM85B,-2.189554563389432e-05
UTS2B,-2.190230378357008e-05
HERC1,-2.1914134523008056e-05
SPRED3,-2.1917744048006896e-05
ANKIB1,-2.1919162008066208e-05
INSRR,-2.192264866350421e-05
AQP9,-2.192990647495442e-05
IDNK,-2.193217060390929e-05
TFB2M,-2.1943009509717087e-05
MIR548XHG,-2.194385386911688e-05
MAP3K14-AS1,-2.195484259007742e-05
SYNE3,-2.1956269200759816e-05
MYO3B,-2.196999587606431e-05
CDH19,-2.197203745268316e-05
ADGRL3-AS1,-2.197476642099379e-05
RAB6A,-2.1981965840581404e-05
SLAIN1,-2.1992753077693384e-05
CNIH3,-2.199382368353529e-05
FBXW10,-2.2008503287824607e-05
FGR,-2.2017022990026196e-05
PYROXD2,-2.2017538911449736e-05
ZNF221,-2.2024084383980168e-05
FCRL3,-2.2030983606292794e-05
INPP1,-2.2057707528608268e-05
PMEL,-2.206848686390052e-05
CYP4X1,-2.2099740118174504e-05
REEP1,-2.210998825137491e-05
GLYAT,-2.211212793507779e-05
WNT9B,-2.2114800288219264e-05
ARSI,-2.212459552538555e-05
NOS2,-2.2127825611020603e-05
EXD3,-2.212880484858989e-05
ETS2,-2.21315643178192e-05
NDFIP2,-2.21322072497414e-05
UBE2D4,-2.2133886147707828e-05
RGPD5,-2.2154599547616257e-05
MAPT,-2.215925435420165e-05
CDR2L,-2.2189736209382144e-05
TMEM249,-2.219324739436889e-05
AF038458.3,-2.2208957407959764e-05
TCF25,-2.2217993247761105e-05
DNAH12,-2.2228818825194943e-05
RSF1-IT1,-2.2236319272938943e-05
GIMAP2,-2.22421651952905e-05
TVP23B,-2.2253742421403037e-05
CCDC85A,-2.2260336231180207e-05
COLCA2,-2.2261017560486684e-05
AF131215.6,-2.226281213896881e-05
ITPKB,-2.2289961705341813e-05
ELOVL6,-2.229284445101148e-05
PAMR1,-2.2301111189491607e-05
FKBP11,-2.2328294618292287e-05
SARM1,-2.233340160745082e-05
AP000695.1,-2.233564226526636e-05
NPFF,-2.234299447785274e-05
LPA,-2.2346325456011512e-05
SILC1,-2.2366524304472724e-05
MOB2,-2.237219009971068e-05
NKAIN1,-2.237712734210243e-05
FAM66D,-2.2404749349283644e-05
MAPK7,-2.240511520045137e-05
FP671120.4,-2.2406823009310325e-05
SERF1A,-2.240788808282282e-05
VAMP8,-2.2408769864237884e-05
IFT27,-2.241078405515136e-05
PLA2G12B,-2.2421315477873545e-05
ASPA,-2.243347284131241e-05
PTBP2,-2.2433698213103816e-05
CPNE7,-2.2437494876573825e-05
HEIH,-2.243920136215773e-05
SLCO1B3,-2.2442006567050915e-05
PTH2R,-2.244310688636154e-05
TYROBP,-2.2443726327121737e-05
BRSK1,-2.244417720833034e-05
WHAMM,-2.2450828764679924e-05
BX537318.1,-2.2458059687482374e-05
C1orf127,-2.246863570151938e-05
FAP,-2.247705744286051e-05
ARHGEF9,-2.2477927844955027e-05
TMEM254-AS1,-2.2485442903934765e-05
CISH,-2.250716071640057e-05
EPB41L5,-2.251190999872096e-05
SLC23A3,-2.2518384534052705e-05
TPO,-2.2522292905786667e-05
RXYLT1-AS1,-2.252613222528772e-05
OPA3,-2.2537484445995324e-05
CCDC169,-2.2543771874456062e-05
SCRG1,-2.255907601076936e-05
VSIG10L,-2.2564580763339373e-05
PLA2G4E,-2.257462943427795e-05
OSCAR,-2.2577346698238455e-05
AKIRIN2,-2.2593135289168257e-05
CUL4B,-2.2598633884643105e-05
BTBD8,-2.260355742359244e-05
SYN3,-2.263073868936933e-05
AP001605.1,-2.263512479184477e-05
DHCR24-DT,-2.263667998997779e-05
GABRR1,-2.264192548592941e-05
UBTD2,-2.2645985390611173e-05
SMC1B,-2.265977854294152e-05
AP000282.1,-2.2661487580321064e-05
SYBU,-2.2664046124426746e-05
SRSF12,-2.266974348109113e-05
ADGRG3,-2.267472572761839e-05
LIFR-AS1,-2.26757217932428e-05
C5orf67,-2.2678162092256232e-05
TMPRSS6,-2.2679650488992767e-05
C5,-2.2680939814484624e-05
CC2D1B,-2.268549586316275e-05
ATXN7,-2.2689772585187624e-05
DISP2,-2.26902200089934e-05
AZIN2,-2.2690649449757527e-05
LAMP3,-2.270113343694128e-05
WWC2-AS1,-2.2721497095558355e-05
RHAG,-2.273317734836712e-05
PHEX,-2.274143585875828e-05
IL11RA,-2.2742833098102257e-05
LRRC43,-2.2745205394222423e-05
TLR8,-2.2752164507462992e-05
ACOX2,-2.2757162012103385e-05
MME,-2.2792941670781138e-05
C5AR1,-2.2795878402772287e-05
ZRANB2-AS2,-2.281533439492091e-05
ADAMTS18,-2.284540544865722e-05
APOBEC2,-2.2856293341045125e-05
OTOA,-2.2862219792352344e-05
FMR1-IT1,-2.286947106105759e-05
GOLT1A,-2.2873122015043552e-05
NEIL1,-2.288655609819405e-05
TCEA2,-2.2892342109903425e-05
TTLL8,-2.289391132456973e-05
LRRC29,-2.2912484273576105e-05
SNX7,-2.2938836525722945e-05
ALG13-AS1,-2.2950589023676763e-05
ATAT1,-2.298023828157785e-05
SPDYA,-2.2989696189610443e-05
PKP1,-2.3001005879328758e-05
COL1A1,-2.3014661464178875e-05
FAM89A,-2.3014943818936173e-05
HAAO,-2.301597663569097e-05
GDI1,-2.3016938283650423e-05
KBTBD3,-2.301930232531333e-05
GBF1,-2.302011340280152e-05
DCAF8L2,-2.302124553647552e-05
AF230666.1,-2.3022015897841583e-05
SEMA5B,-2.30359538209676e-05
R3HDM2,-2.3051090923269974e-05
RFPL1S,-2.30690626608462e-05
AP003559.1,-2.3089485564654967e-05
TRAPPC8,-2.3090356390899967e-05
AP001825.1,-2.3095905084727974e-05
RMC1,-2.309726668246589e-05
PCP2,-2.3099966906387916e-05
TINAG,-2.3105585378267066e-05
ZNF398,-2.3106090263084928e-05
FZD4-DT,-2.3112054230963604e-05
UPK3A,-2.3114356742747284e-05
SCUBE1,-2.3117413880141025e-05
GLTP,-2.311828759870404e-05
DUSP11,-2.3122526073764476e-05
GRIK3,-2.3124902986909496e-05
TRGC1,-2.3126798748884276e-05
EHD4-AS1,-2.3127135740941244e-05
GNGT1,-2.313539168432896e-05
PPFIA4,-2.3149026945087635e-05
EDEM3,-2.3150241425943307e-05
RFNG,-2.31530872667364e-05
FRMD6-AS2,-2.31531093521952e-05
CHMP6,-2.315514657304764e-05
FCER1G,-2.315518156101879e-05
IKBKB,-2.3166486787219917e-05
STX1B,-2.3184560818675896e-05
RAB11FIP2,-2.319301936253153e-05
CLDN7,-2.3226531031072733e-05
NR1H2,-2.323710088786944e-05
MARCOL,-2.323746496978501e-05
GPR108,-2.324065058275385e-05
GHRHR,-2.326188998130857e-05
CASS4,-2.3262685592721448e-05
ANG,-2.3263509591670515e-05
CRY2,-2.326793607686385e-05
NEK6,-2.3268804312550805e-05
UNC80,-2.3273114082517225e-05
AP002498.1,-2.327721545163709e-05
AGPAT2,-2.329967870370741e-05
RTKN,-2.3302576396039928e-05
IDO2,-2.330906876295392e-05
TTC29,-2.3321387085395573e-05
WDFY2,-2.334507702898039e-05
CD163,-2.3349394230915345e-05
GMFG,-2.335225098558704e-05
CALHM5,-2.336320684182638e-05
SYCP2L,-2.336824139004393e-05
ZNF135,-2.3381093855189346e-05
MTMR8,-2.3383932594625564e-05
UBE4A,-2.3396550625177423e-05
LCT,-2.3398729965907048e-05
TEX46,-2.340174159263731e-05
PLA2G4B,-2.3411777479553177e-05
TPM1,-2.3427089487387516e-05
SLC22A13,-2.3428409084564505e-05
TSBP1,-2.343804613240524e-05
DNAH9,-2.3441234410339624e-05
ATP2B1-AS1,-2.346084020431298e-05
ALAS1,-2.346575627526707e-05
CCDC24,-2.3474598636911288e-05
ARHGEF1,-2.3475143163417395e-05
IGF1R,-2.3479205128567883e-05
KCNK10,-2.3483098105329523e-05
CARMIL1,-2.348698614668159e-05
HLA-DQB2,-2.3491341379046927e-05
RAI1,-2.3495320813003053e-05
SCEL,-2.3506115193887623e-05
LCP1,-2.3508325843472676e-05
TEFM,-2.351519952960232e-05
CORO1A,-2.3516610388913e-05
GOLGA8O,-2.3536447506862234e-05
SCAMP1,-2.354619425817867e-05
TMEM182,-2.355121390423096e-05
CEACAM7,-2.3561342162044453e-05
DRD4,-2.357352638967909e-05
CPEB1-AS1,-2.3573665478256288e-05
SH2B2,-2.3578423283254764e-05
STAB1,-2.3578718239519956e-05
BRSK2,-2.3594591245433985e-05
CPXM1,-2.359700276766907e-05
TCHH,-2.3606334127737926e-05
RTCB,-2.3607785428273136e-05
FAM71F2,-2.360821117360544e-05
ZNF675,-2.36141383246109e-05
STK33,-2.3614689469977704e-05
TLR7,-2.361559491060405e-05
SLC25A36,-2.363153962714423e-05
MYLK,-2.3634449321750574e-05
TINAGL1,-2.3636201606627184e-05
CCDC63,-2.3645572876851403e-05
DUSP27,-2.364909432078005e-05
WSCD2,-2.365277565415087e-05
ASAH2B,-2.370146167966956e-05
AP003327.2,-2.371018312269793e-05
MEGF11,-2.3713860839520525e-05
UFL1,-2.371635037762544e-05
PRPF39,-2.3725542462758768e-05
AP000446.1,-2.3731359659857262e-05
ODF3B,-2.373471690737271e-05
ZFYVE26,-2.3735764836897302e-05
CEBPA,-2.3738672160229804e-05
RNF175,-2.3739262012241968e-05
C1QTNF1,-2.3742402432639425e-05
FAM209A,-2.3752669941138327e-05
FSCN1,-2.376991760335557e-05
ITPKB-AS1,-2.3771052646133102e-05
TRAF3IP2,-2.377401888042355e-05
LGI4,-2.3783731069499377e-05
ZNF569,-2.3794061409190388e-05
NPTN-IT1,-2.3796910688852034e-05
C9orf92,-2.381577092195499e-05
GPRIN2,-2.382354210012653e-05
DACT3,-2.385339913241195e-05
TTLL1,-2.3853883956906625e-05
MEP1B,-2.3856052844124377e-05
IMMP2L,-2.3865271373044674e-05
AP000820.2,-2.386590973907481e-05
HDHD3,-2.3880759344694493e-05
HECA,-2.388839878196004e-05
SLC22A4,-2.389103754733317e-05
FAM131A,-2.390904308215839e-05
FAM126B,-2.392230206446137e-05
DNAH2,-2.3927151751468535e-05
BX664615.2,-2.3933271730604888e-05
RGMA,-2.3945302330742657e-05
UGT2B7,-2.394706601196329e-05
ZYX,-2.3952927741892875e-05
BX640514.2,-2.3958002006782805e-05
GATB,-2.3973346323984948e-05
CR382287.2,-2.3990059573229087e-05
TMEM150C,-2.399164395776472e-05
CAPS,-2.40088156191032e-05
CFAP299,-2.4010161658923422e-05
CNTD2,-2.40161599902016e-05
MAPK13,-2.4017617764571503e-05
KCNT1,-2.403932358796826e-05
SEMA3F,-2.4050332697216363e-05
SPAG4,-2.405949342033243e-05
CNTNAP3B,-2.406165372285746e-05
OAS2,-2.4062005982409014e-05
FN3K,-2.406859468324268e-05
KIAA1324,-2.40689731377686e-05
UCP3,-2.4076922022209377e-05
ROCK1,-2.4077091121733064e-05
BRDT,-2.4077724898414685e-05
C17orf113,-2.408011806144729e-05
OTOG,-2.408347863209904e-05
SIMC1,-2.4099979139406846e-05
RGS7BP,-2.410483524572385e-05
HEPACAM,-2.4107245259858106e-05
RAP1GDS1,-2.411229365508284e-05
PROC,-2.411620324477517e-05
SLC25A34-AS1,-2.4120023188526507e-05
TNFAIP3,-2.412072138508686e-05
SPRY2,-2.413803947098252e-05
CTSL,-2.4151251442137805e-05
RNF144B,-2.4151569699429717e-05
CC2D2A,-2.4151880228159265e-05
GRIA4,-2.4153264090139663e-05
SLC14A1,-2.4157168691886373e-05
AP3D1,-2.415959548664798e-05
CCDC178,-2.417004339308312e-05
UMODL1,-2.419103485451728e-05
MEIS1-AS3,-2.4196029738828323e-05
SLTM,-2.4201762053536452e-05
AP001627.1,-2.4213583598352048e-05
CDC42-AS1,-2.422535300985673e-05
GLP2R,-2.4225911199270967e-05
AP001599.1,-2.423361391971463e-05
BAHCC1,-2.4233646635743703e-05
AF274853.1,-2.424089310223548e-05
GALNT8,-2.424613049989069e-05
RHEX,-2.4250173681956e-05
PEBP4,-2.4252085829754627e-05
PRX,-2.42592171880574e-05
ZNF616,-2.425948079306501e-05
MTF2,-2.42621147236527e-05
LOH12CR2,-2.4268675577835887e-05
TACSTD2,-2.427642155956079e-05
SERPINB9P1,-2.428169856243323e-05
STK11IP,-2.4282838377187944e-05
TP53TG1,-2.428918360303436e-05
GATD3B,-2.429900749921732e-05
CYP4A22-AS1,-2.42993520847654e-05
CACNG4,-2.4302539594268304e-05
SYNGR1,-2.4329194456048503e-05
SH2D1B,-2.4343896846937803e-05
ERGIC1,-2.4344797643881463e-05
PEX5L,-2.4355385350723044e-05
HPN-AS1,-2.4365798983696483e-05
NPIPB5,-2.4374768852000604e-05
ITGA7,-2.4392838794797373e-05
EFHB,-2.439733134069025e-05
STPG2-AS1,-2.4398965677418004e-05
CES4A,-2.439940211076557e-05
RNF24,-2.441235749994767e-05
NOL4,-2.442011699239733e-05
CES5A,-2.4422998561190252e-05
EDEM1,-2.442638917440511e-05
RAF1,-2.443917840263168e-05
GMPPA,-2.4445750737450044e-05
PITRM1-AS1,-2.4489925182206768e-05
WASHC1,-2.449373222598952e-05
LMO3,-2.44972499108436e-05
LAMC3,-2.449756469145227e-05
BTBD16,-2.450235939391481e-05
IL5,-2.450761340721281e-05
BSN,-2.4513885269775316e-05
IGSF10,-2.451513997715248e-05
STAG2,-2.4517595606717652e-05
NCKAP5L,-2.452551681377403e-05
RBM20,-2.453760140570001e-05
FXYD2,-2.454348385495784e-05
USP35,-2.4554970754476e-05
TMEM71,-2.4574631448571662e-05
MORN5,-2.458975323672086e-05
EPHA1-AS1,-2.4590067704533847e-05
NCF1,-2.459076824643034e-05
HEY2,-2.4592092131701225e-05
HOMEZ,-2.4594435324135035e-05
TMUB2,-2.459788657548704e-05
LILRB2,-2.4598106408639127e-05
KLHL28,-2.4599826511543528e-05
FRY-AS1,-2.4603100618030883e-05
PINLYP,-2.462443987716324e-05
TNFRSF11B,-2.462567610773085e-05
FGF12,-2.463509457405224e-05
PAK1,-2.463558565534946e-05
NRROS,-2.4636048493762583e-05
TRPA1,-2.4636048493762583e-05
RP1L1,-2.4636437063296297e-05
RXRB,-2.465022694374694e-05
MAU2,-2.4654138105103408e-05
WDFY3-AS2,-2.465966099600818e-05
KCNH2,-2.4665725581566643e-05
HORMAD2,-2.4671396114978324e-05
A2ML1-AS1,-2.4681796394288277e-05
NRIP1,-2.4684383900992097e-05
TMEM121,-2.470832610522701e-05
JUND,-2.4711133989505957e-05
DNAH11,-2.4720196556094213e-05
TRMT44,-2.473785677089067e-05
HTR2B,-2.4751128899878297e-05
SLAIN2,-2.4751590543766293e-05
LIG4,-2.47631542746939e-05
ACSL6,-2.476419174944254e-05
DFFB,-2.4765260985755963e-05
CFAP99,-2.477275173414736e-05
NAP1L5,-2.4774506705542854e-05
GOLGA6L4,-2.477869162876637e-05
ARHGAP29,-2.4786449349729107e-05
CHODL-AS1,-2.4790029191004985e-05
DPEP1,-2.47979065681765e-05
HINFP,-2.4806309215033437e-05
CCNY,-2.480825400868245e-05
SNAI1,-2.4812494268831656e-05
ENPP6,-2.4817632424749136e-05
TMEM220,-2.48254449317237e-05
PPM1A,-2.4837908806889437e-05
TP53BP2,-2.484006714257967e-05
LSMEM1,-2.485623691949669e-05
KLHL3,-2.485878833893592e-05
CNNM1,-2.486068964978204e-05
KIAA0930,-2.487060518694164e-05
A2ML1,-2.4873833127182528e-05
ANKZF1,-2.487907277387557e-05
U73169.1,-2.4885291691862318e-05
SCN5A,-2.488738140017476e-05
VASH1,-2.4897477566729664e-05
TMEM132D,-2.490718149794643e-05
MAP1LC3B2,-2.4911412602722224e-05
MYO10,-2.491416023970577e-05
SCGB2B2,-2.493091103287816e-05
GFRAL,-2.493830690712544e-05
CADM2,-2.4944350860155755e-05
NYAP2,-2.494716440698204e-05
OR10G3,-2.4958046697340728e-05
RNFT1,-2.498747165064876e-05
LRRC37A,-2.50331206784507e-05
SLC30A9,-2.504966770156453e-05
MYO1A,-2.5050921894304723e-05
RHOA-IT1,-2.5056765943714323e-05
SMARCA5,-2.506336385813421e-05
PPIF,-2.507257533910712e-05
GPX7,-2.507695627065945e-05
TSPAN8,-2.5085344233436502e-05
TXK,-2.5088779303127195e-05
ESM1,-2.5108177585366684e-05
PP2D1,-2.512993844816677e-05
EBF3,-2.513235170229583e-05
LTK,-2.513312099297041e-05
RASD1,-2.513761827651826e-05
DIABLO,-2.51388989338025e-05
VSNL1,-2.516246151697468e-05
TMEM234,-2.516259851833316e-05
KLF8,-2.516326030157216e-05
CHD5,-2.516442832617525e-05
ZNF492,-2.516682587380689e-05
CSMD1,-2.518643909708518e-05
CLCF1,-2.51910580578362e-05
VPS18,-2.52006814010474e-05
WASHC2A,-2.521050104438164e-05
AP004147.1,-2.521418400440506e-05
EGF,-2.521475900780924e-05
UQCRC2,-2.5215234967424463e-05
LRCH4,-2.5219594569546755e-05
C9orf50,-2.5228952860137472e-05
AP001062.1,-2.5229212275261773e-05
POR,-2.523800525113955e-05
BNIP2,-2.524173853255908e-05
TMEM168,-2.524432257040455e-05
SRD5A3-AS1,-2.5258759152897017e-05
KLF7-IT1,-2.526888045709801e-05
AP000254.2,-2.5269455697699286e-05
VENTX,-2.5277933921788837e-05
ELSPBP1,-2.528501108275392e-05
CDC42-IT1,-2.528749570359265e-05
INO80D,-2.5308329667296556e-05
AP006545.3,-2.5308874982541783e-05
IL2RA,-2.5319491352927244e-05
TEC,-2.532159382588348e-05
ZNF333,-2.5330538770745177e-05
SRSF11,-2.5331382300354163e-05
MDFI,-2.534332575950497e-05
FAM182B,-2.53440435240755e-05
AASDH,-2.5346509951292644e-05
FMO1,-2.535175355426789e-05
RPA4,-2.5356466032040272e-05
SRP14-AS1,-2.5364003696125647e-05
CPB1,-2.537186787010321e-05
PMFBP1,-2.537628526705741e-05
C2orf74,-2.5379711151420824e-05
AP002748.4,-2.538316312937759e-05
FBXO17,-2.538611814889379e-05
TMEM59,-2.5388128123715665e-05
ZNF543,-2.5389420471753908e-05
PYGM,-2.540049303193688e-05
SLC35F4,-2.5404331738819733e-05
ENDOV,-2.5404460525697952e-05
ADH6,-2.540886975640401e-05
CPB2,-2.5413867974788257e-05
VWC2,-2.5416174088805917e-05
PLEKHA8,-2.542014648933356e-05
DTD1,-2.542714452342944e-05
GSE1,-2.5457225820550648e-05
EHMT2-AS1,-2.546854466259137e-05
KCNQ5,-2.5474199479393948e-05
AP001922.5,-2.5474427975755574e-05
CHMP1B,-2.548411070730846e-05
KDM6B,-2.548715762040945e-05
TNIP3,-2.5492845141873303e-05
ZNF808,-2.55135683631033e-05
ITFG2,-2.551393086746461e-05
BIRC7,-2.5527518187347227e-05
COX10,-2.55275240149217e-05
ITGA10,-2.552833743765301e-05
PAPPA,-2.5549532101398813e-05
IER2,-2.5550627745541588e-05
SYNPR-AS1,-2.555435263731878e-05
NKAPL,-2.5561500350676494e-05
ATP6V1G2,-2.556626448411934e-05
TOR1B,-2.557918336779001e-05
MTMR6,-2.5606989290737717e-05
NPSR1,-2.5616846934246367e-05
AFDN-DT,-2.562727710443055e-05
POMGNT1,-2.5640329332973387e-05
SLC13A3,-2.5641423781802413e-05
GYS2,-2.564254088635592e-05
ZNF555,-2.5652734611324897e-05
TOMM40L,-2.5662720615701343e-05
MEX3B,-2.567630039189284e-05
THAP5,-2.568277312157561e-05
CDKN1A,-2.56846886785624e-05
LTN1,-2.568786325019261e-05
CNTN2,-2.5689915668585108e-05
PRRG2,-2.569745788191114e-05
CCR5,-2.570477086417894e-05
TM9SF2,-2.5705237665230268e-05
UHRF1BP1L,-2.5707637672511646e-05
ZNF667,-2.5732440893239764e-05
C8orf58,-2.575042182385509e-05
CELF2-DT,-2.576486920965061e-05
SCARA5,-2.5771467350655582e-05
KCNJ2,-2.578474586555018e-05
STARD8,-2.57888182765979e-05
ODF3L2,-2.57912767749554e-05
WSB2,-2.5793441920541036e-05
MDS2,-2.579670234246786e-05
SH3TC2,-2.579994191243657e-05
PLAAT1,-2.580688471353952e-05
OR2A7,-2.581248706233117e-05
FUT1,-2.582555630623499e-05
PLIN3,-2.583218078941533e-05
ALPK2,-2.5837031641699948e-05
FKBP2,-2.584446404578501e-05
UNC5CL,-2.5847697899557875e-05
RC3H1-IT1,-2.5855405542524288e-05
WDR49,-2.586010933064406e-05
ZNF781,-2.5860333695420928e-05
FBXL19-AS1,-2.5876119026053764e-05
NSMF,-2.58807789767276e-05
EIF2S3B,-2.589962613828912e-05
PLEKHB2,-2.590018196758707e-05
POLL,-2.590667262388393e-05
RIPOR1,-2.5910066575812027e-05
STAP1,-2.591204785231579e-05
MAP2K3,-2.591236644763068e-05
PLPPR5,-2.59156454837384e-05
HSD17B4,-2.5926563698439267e-05
ZNF415,-2.5936025117844335e-05
NKG7,-2.596254812774193e-05
DNAJC24,-2.59703756207038e-05
RARRES2,-2.599211612366572e-05
CDIP1,-2.5993863453810736e-05
C1QTNF6,-2.5997433870925758e-05
SPATA16,-2.5999345074186063e-05
TEAD2,-2.599968851219073e-05
N4BP2,-2.600897073625245e-05
GPA33,-2.6034568521077504e-05
FMR1,-2.6035991871030063e-05
ZPBP,-2.6037847201492047e-05
RAB14,-2.6037938455182523e-05
CRIPT,-2.6044040713634236e-05
TPP1,-2.604986381721937e-05
JAKMIP3,-2.605114479838073e-05
TRIM9,-2.607269804639822e-05
TOPAZ1,-2.6075202055876293e-05
C17orf64,-2.608580071757617e-05
UFSP2,-2.61008733679627e-05
WHRN,-2.611317399232544e-05
ZNF408,-2.612390375714789e-05
MYO3A,-2.612566061009729e-05
LGALS8-AS1,-2.61333606796281e-05
PDC,-2.6135709162092025e-05
PPP1R14D,-2.6138251470651048e-05
SLC2A9,-2.6171381034633757e-05
CCNI,-2.61965080769365e-05
HIGD1C,-2.6197983398000347e-05
LAIR1,-2.6208391106254547e-05
HAS2-AS1,-2.621672694278343e-05
RASA3,-2.622071081180088e-05
AP005329.2,-2.6222613913585577e-05
SLC51A,-2.6223357583849026e-05
MARCKS,-2.623257140894075e-05
BCKDK,-2.624086497153411e-05
TMEM8B,-2.6243047962856905e-05
GFI1B,-2.624381403160098e-05
RPH3AL,-2.6271346435408453e-05
SP2-AS1,-2.6271874274571517e-05
CD22,-2.628243434275569e-05
SCRN3,-2.629412879267806e-05
LRP10,-2.6295358806999115e-05
ZNF263,-2.6299133609563294e-05
MTHFSD,-2.6299446507454085e-05
CLDN15,-2.6314533932842552e-05
ZNF175,-2.6320199738087342e-05
ZNF395,-2.6322821805003385e-05
TTC3-AS1,-2.6333048847237927e-05
C11orf45,-2.6335422494720237e-05
MT1E,-2.633844495961854e-05
AGAP2,-2.6339196728694207e-05
TG,-2.6350128755159637e-05
MTMR12,-2.6370681070871585e-05
BTN3A3,-2.6373782774972733e-05
SLC30A7,-2.637596323963874e-05
CARD19,-2.6376773815063543e-05
TMEM255A,-2.6379326684616885e-05
PLIN4,-2.6382303657931515e-05
SHISA9,-2.6392734441316944e-05
SLC39A12,-2.641011117944263e-05
CMPK1,-2.6417937181301708e-05
GABRG2,-2.642733260588382e-05
LGALS3,-2.6452458493359303e-05
RNF19B,-2.645606397642936e-05
CDH22,-2.646187426365817e-05
FUT10,-2.6464738263796385e-05
ULK3,-2.6465341609528928e-05
ANKRD53,-2.646910446718886e-05
GRIK4,-2.647005703183425e-05
SLC16A1,-2.6479003532478985e-05
RAB32,-2.649179722743021e-05
DCBLD2,-2.649663477555965e-05
RNF185,-2.650814963104128e-05
LEFTY1,-2.653819358897789e-05
FGF11,-2.654173467175143e-05
AP000317.1,-2.6544836108859647e-05
VIL1,-2.6565008850026737e-05
ERBB3,-2.6565557853677552e-05
RMND5A,-2.657673623668963e-05
FRMD4A,-2.658267603162698e-05
IKBKG,-2.6582841972166095e-05
CASP1,-2.658741915360408e-05
MALINC1,-2.6589291600409715e-05
CYP26B1,-2.6605378231638257e-05
ZNF823,-2.660950382688023e-05
HCFC2,-2.6610444410478836e-05
DRD2,-2.6611894624939786e-05
CFAP74,-2.6614331059004825e-05
SFTPD,-2.6619115733809543e-05
FBXO8,-2.6630671210813825e-05
TGM3,-2.664152504483041e-05
SIGLEC1,-2.664396276583483e-05
SNAP91,-2.66443347173216e-05
RNF11,-2.6644745932426976e-05
AP000919.3,-2.664672138930008e-05
ICAM1,-2.665507346799074e-05
EFNB2,-2.667867048012256e-05
VWDE,-2.6681535299170344e-05
BMF,-2.6683248292127247e-05
ZNF264,-2.669888665740889e-05
SAMD14,-2.670067777863168e-05
FLYWCH1,-2.671285912094255e-05
TMEM252-DT,-2.6721801542441626e-05
FERMT3,-2.672912083145188e-05
ZNF491,-2.674043673073907e-05
ELMO3,-2.674581428526136e-05
RABGAP1L-DT,-2.675206662683144e-05
ATP11A-AS1,-2.676516538077721e-05
CPEB2-DT,-2.6769727393583247e-05
DIPK2B,-2.678262412338898e-05
C3orf18,-2.678888114554124e-05
C1QB,-2.680873791552807e-05
CD300A,-2.681219841186489e-05
LRRC39,-2.6814384644170577e-05
ZNF462,-2.6816520528548398e-05
YTHDC2,-2.6826235576859395e-05
SIPA1,-2.683605932891509e-05
TBC1D20,-2.6838245971192785e-05
MSR1,-2.6838301399931783e-05
PIWIL3,-2.684758890735884e-05
ZNF470,-2.686005010172785e-05
CRTAC1,-2.6868114123762023e-05
MAP7D1,-2.686906846719365e-05
MYOZ3,-2.6888853429823997e-05
PSMA3-AS1,-2.6898501429696944e-05
NFE2L2,-2.691263351534957e-05
TCP10L,-2.691376310950194e-05
FBXO28,-2.6918155791042504e-05
SLAMF6,-2.6922598447262957e-05
TMF1,-2.693004000795645e-05
WDR59,-2.693389270951572e-05
FBXL3,-2.693784543128771e-05
NISCH,-2.6942404095976387e-05
CDCP1,-2.6943078536061022e-05
S100A9,-2.695087909039454e-05
MAJIN,-2.696752198811283e-05
SAXO2,-2.6970995497400443e-05
TMEM156,-2.6996822437237224e-05
TMC8,-2.700242780847375e-05
LAMB2,-2.701384080332651e-05
SLC35F3,-2.701718299846463e-05
TRPV4,-2.7022490861221396e-05
LIMD2,-2.702278614586626e-05
CASP5,-2.702780198629809e-05
TBX18-AS1,-2.7033815082251154e-05
PLEKHM2,-2.7033858585647308e-05
CTH,-2.703615810670783e-05
DYNC1LI2,-2.70398561192251e-05
CERS3,-2.7039891651002693e-05
SLC27A5,-2.7042339877385445e-05
ZNF502,-2.704514907839468e-05
TNNT1,-2.7058105492141868e-05
TBC1D22B,-2.706551484346807e-05
CNOT8,-2.7067098049392468e-05
SMARCA2,-2.707583001405825e-05
RGS11,-2.7076082130259763e-05
ADGRA2,-2.707848295691188e-05
FAM117A,-2.708112575997563e-05
NXPE2,-2.7084170549534527e-05
STS,-2.711016631980074e-05
TMEM74,-2.7114602297514087e-05
LRRC4,-2.7129389717085887e-05
VANGL2,-2.71357084065818e-05
MRC1,-2.7140216027230725e-05
STK32A-AS1,-2.7143668109760923e-05
THAP9-AS1,-2.714719105960109e-05
KLB,-2.715023850550103e-05
B2M,-2.71620003717289e-05
CCDC9B,-2.716911073626678e-05
MIR4300HG,-2.717710868471919e-05
AP003778.1,-2.717783151734593e-05
CLEC4A,-2.718238068172397e-05
PLCH1,-2.7185727297238745e-05
PKD1L3,-2.721291947834453e-05
SLC15A5,-2.7214565718209376e-05
PCDHGA7,-2.7234560374393766e-05
DMRT1,-2.7236502218099062e-05
SPIN1,-2.724139363182532e-05
CADM4,-2.724256307701459e-05
FNDC4,-2.725359592985126e-05
HTRA3,-2.7260214527963204e-05
TBC1D17,-2.728033309236494e-05
IATPR,-2.7285205307357456e-05
TMBIM4,-2.7289488504841697e-05
TP53I3,-2.7291924539760983e-05
OPRD1,-2.729934372903072e-05
GP1BB,-2.729948005010217e-05
ZC3H12A,-2.7304003372257234e-05
CLDN14,-2.73221765427742e-05
MEIKIN,-2.7323381978913204e-05
ZNF277,-2.7328585027545183e-05
ZNF134,-2.7331150729480143e-05
PKIA,-2.733155453845623e-05
N4BP2L2-IT2,-2.7338211544023555e-05
ACACB,-2.7354385842809508e-05
RORB,-2.7363876323809337e-05
HIST2H2BE,-2.7373048573118367e-05
HNF4A,-2.739687159716912e-05
KCNMA1-AS1,-2.7412290176040105e-05
PDGFRL,-2.7420557400750077e-05
PLPPR1,-2.7427898170119158e-05
ATF7IP2,-2.743401039372529e-05
AP002907.1,-2.7441414088046466e-05
ARHGAP26-AS1,-2.7443256690965543e-05
INSYN2B,-2.744431261297657e-05
NLGN1,-2.7444683522181756e-05
SPATS1,-2.7451399923318195e-05
PPM1K-DT,-2.7460151388454952e-05
KDM2A,-2.746572184233428e-05
GNGT2,-2.748242014398022e-05
COLEC11,-2.7489241078678275e-05
AP001025.1,-2.7514732890176056e-05
TLE6,-2.752034983902654e-05
DDX3X,-2.752544938656556e-05
MAPK15,-2.753133014863614e-05
SAT2,-2.7538140599371456e-05
CFB,-2.7539044970932497e-05
DHX58,-2.753981668514016e-05
CIB4,-2.7541180063609164e-05
PFKFB1,-2.754840219336972e-05
MXRA5,-2.75507629080425e-05
IGLON5,-2.755323920455818e-05
C2CD4D-AS1,-2.756617425717449e-05
HOTAIRM1,-2.757110673961797e-05
SLC22A5,-2.758559321202053e-05
HIPK1-AS1,-2.758884030692523e-05
SERPINA3,-2.7595492092719423e-05
IGHA1,-2.7597590347114143e-05
RGMB,-2.7601018956814172e-05
CCS,-2.760696781394102e-05
ABR,-2.7608418573520338e-05
FREM2,-2.7625217025365826e-05
ASNS,-2.7626726869782567e-05
METAP1,-2.763223395790848e-05
FAM157C,-2.7654721465562216e-05
DNAH10,-2.7670874755084707e-05
STYK1,-2.76832677315252e-05
AP4S1,-2.769175453470911e-05
POU6F1,-2.770471777592064e-05
GOLGB1,-2.7713358888350804e-05
CPNE9,-2.7714902939932285e-05
GK,-2.772077773347772e-05
SOD2,-2.7743542054621517e-05
ACSL1,-2.774469027925901e-05
LBX2,-2.7747268700643337e-05
TMEM40,-2.7750312265152304e-05
IVNS1ABP,-2.7761116855386144e-05
ABCA4,-2.7766458119459792e-05
AP000640.1,-2.776879299302353e-05
FAM118A,-2.779874467543434e-05
REC8,-2.7807516678968087e-05
GRM5,-2.7816108066637493e-05
AURKC,-2.782383469457877e-05
MAP3K19,-2.782631030111593e-05
OSTN,-2.783229825931719e-05
TLR1,-2.784985994600922e-05
DDX39B,-2.785046646165216e-05
KIAA1324L,-2.7850611144475087e-05
GSDMA,-2.7854812361757668e-05
MAPK3,-2.785600373453661e-05
PHF21B,-2.785645664783993e-05
PDYN-AS1,-2.7859560478894502e-05
CCDC181,-2.787051903251686e-05
JCHAIN,-2.7879801314768407e-05
EID3,-2.7880217675360336e-05
PIN4,-2.789490727457948e-05
VPS39,-2.790330332297117e-05
TEX49,-2.7926435245332607e-05
PLEKHM3,-2.7928971962633077e-05
EFCAB14,-2.7932694231567767e-05
SLC38A4,-2.793644631948264e-05
THRB-AS1,-2.7936939279629517e-05
ZNF189,-2.7977138551553683e-05
GPM6B,-2.7977190415428667e-05
ZNF625,-2.7987222628829148e-05
SLC12A1,-2.799101417517232e-05
TEX36,-2.7991299343870245e-05
PEPD,-2.7998850268777788e-05
P2RX7,-2.800047850394732e-05
MARCH6,-2.8014961762480084e-05
TMEM176B,-2.8018358597189088e-05
IFIH1,-2.801960963568472e-05
C1orf105,-2.8023032307295168e-05
SH3PXD2B,-2.8026404702874347e-05
ADAMTS19,-2.8039808521977414e-05
CCZ1,-2.8039905055411536e-05
NKIRAS1,-2.804383019372975e-05
ADRB2,-2.804601749109029e-05
IP6K3,-2.8051871740986905e-05
SEPTIN4-AS1,-2.8061969786323157e-05
PNPLA1,-2.807952559408498e-05
ANKRD46,-2.808920100026777e-05
ARHGEF15,-2.809230903915902e-05
IRF5,-2.810241743564032e-05
ANKRD16,-2.814220093267639e-05
HSPA6,-2.814296430457213e-05
TRPC3,-2.814307629827799e-05
CBR1,-2.816338553915056e-05
DNAH17,-2.817059983625503e-05
GLDC,-2.817555818846567e-05
MARVELD2,-2.8177624204278663e-05
ANKRD31,-2.8183519273989735e-05
THAP1,-2.818870999822282e-05
HERC5,-2.819067755175652e-05
STRIP1,-2.819179153443457e-05
PCDHGA11,-2.821094285951129e-05
APOE,-2.821650044193192e-05
MUC20,-2.821887764046121e-05
CKMT2,-2.8226988362684112e-05
PPP1R42,-2.8227998578308895e-05
LENG8-AS1,-2.823332402413433e-05
ZNF347,-2.8236735920125368e-05
ADAM32,-2.825067820192769e-05
PRG4,-2.8268697992943735e-05
PLA2G6,-2.827510575155461e-05
ARHGAP31-AS1,-2.828030264964609e-05
VPS50,-2.8283878556838272e-05
DLG1,-2.829007650323417e-05
LYVE1,-2.8290864745974736e-05
ZNF836,-2.829098950335332e-05
ATP1B2,-2.829618064146941e-05
CXCL2,-2.829949689984983e-05
ANKS1B,-2.833867133753511e-05
ERVK13-1,-2.8353752514353176e-05
SLC5A9,-2.835442100602965e-05
MAP2,-2.836946334162493e-05
CBFA2T2,-2.8371800607788137e-05
MMP28,-2.839867690936547e-05
FAM209B,-2.8415065093641934e-05
CALCB,-2.842054624380959e-05
PEX6,-2.842369922162752e-05
KIRREL3,-2.843236072525222e-05
FXN,-2.8437968693087782e-05
PLD5,-2.8450478809158843e-05
PTH1R,-2.845295578215958e-05
UHMK1,-2.8453676356634423e-05
PRKCQ,-2.8461038706654548e-05
STXBP5-AS1,-2.8472957997634564e-05
ZNF681,-2.847653853469863e-05
ALOX15B,-2.8489437807469224e-05
CLECL1,-2.8493459391187783e-05
IL2RB,-2.8514798392355383e-05
AIF1,-2.852158474956675e-05
RILP,-2.853746848949443e-05
B4GALNT2,-2.854895658961172e-05
PLEKHO1,-2.8551159667061692e-05
RIPOR3,-2.8554741883190363e-05
DNAJB2,-2.8593059596004427e-05
EPHA5,-2.8596522073742797e-05
AP001347.1,-2.85995385929017e-05
EFR3A,-2.859967788165847e-05
PRKRIP1,-2.860602422275116e-05
AP001094.2,-2.861156924000347e-05
SRD5A3,-2.862169624699798e-05
SAA4,-2.8626224490296795e-05
PRB2,-2.8628832467321816e-05
CCN5,-2.863027233498628e-05
DR1,-2.864715660238703e-05
ARL10,-2.8647744477798272e-05
SPAG16,-2.865797393607034e-05
ASGR2,-2.8666968544718473e-05
SOX7,-2.866844043510852e-05
NBPF12,-2.8679165262457115e-05
SLC6A13,-2.8683749351503987e-05
TNFRSF14-AS1,-2.8684470478540565e-05
DENND5B,-2.868567254866044e-05
IGSF3,-2.868706898815672e-05
LDOC1,-2.868756878475876e-05
CDYL,-2.868807280319904e-05
IDH2-DT,-2.868879693808711e-05
IZUMO1,-2.8701480642401064e-05
P2RY12,-2.8720053195980033e-05
FRRS1L,-2.872130635952726e-05
PABPC5,-2.8727473169175924e-05
SYT12,-2.873683075043998e-05
GIPC3,-2.8739291245424334e-05
AP005131.6,-2.875342210790202e-05
AGMO,-2.8772581738021783e-05
TNR,-2.8780000233996533e-05
ABCB7,-2.8812902677148125e-05
DOCK11,-2.881632511498974e-05
WDR64,-2.8819234386596567e-05
MEIOC,-2.8822827833735104e-05
MLXIPL,-2.8824027467159176e-05
GOLT1B,-2.8824865825270984e-05
PLEKHH1,-2.882653566005241e-05
ZNF331,-2.8826570027966284e-05
MLANA,-2.885326057096749e-05
GSTM2,-2.8855277021687654e-05
NNAT,-2.8859295033874003e-05
ABCA9-AS1,-2.8863081024715184e-05
HSD17B14,-2.8866027443337263e-05
ZNF709,-2.886804910174808e-05
CACNA1I,-2.8869759690264056e-05
MYO1H,-2.8881078349461688e-05
IYD,-2.8894633850959165e-05
ZNF723,-2.8903043428097508e-05
NMRAL1,-2.890387258057773e-05
CLDN10,-2.8904525977110454e-05
CDH1,-2.8913259754803515e-05
GUCA1C,-2.8914043051684028e-05
UBE2B,-2.8922082600991997e-05
SMIM36,-2.8923826829789376e-05
LST1,-2.8924961383412555e-05
PXN,-2.894608980062499e-05
EPB41L4B,-2.8953468869916758e-05
IGLV10-54,-2.895515989675384e-05
ZNF620,-2.896585770528256e-05
CA2,-2.9014521781540196e-05
FOXF1,-2.9024781078105784e-05
JAG1,-2.9038992359870725e-05
VRTN,-2.90408090377297e-05
TNFRSF18,-2.904180013677593e-05
YPEL1,-2.9047989871527697e-05
PNISR,-2.905478684508045e-05
BRWD1-AS1,-2.9082676375344358e-05
FSTL4,-2.908310283231051e-05
HIST2H2BF,-2.9122185586974787e-05
FAM120B,-2.9130154700007196e-05
CNOT6L,-2.916256150961446e-05
TBC1D1,-2.9173474937774398e-05
RGS12,-2.918356841847204e-05
HEXD-IT1,-2.9193999467846488e-05
CPVL,-2.919831107769221e-05
ST8SIA1,-2.922243979963909e-05
PIP5K1C,-2.9225049992258792e-05
PTPN12,-2.922854403460101e-05
C20orf203,-2.9234635311916656e-05
DMKN,-2.925603916658635e-05
CNBD1,-2.925971474280524e-05
KCTD21,-2.9266723593825765e-05
CCDC136,-2.927159598308024e-05
ADCY9,-2.9281055112322867e-05
USP44,-2.9286804178754502e-05
PTGDR,-2.9288048707039105e-05
LIPA,-2.929014742145261e-05
C4orf3,-2.9296095286235816e-05
TSTD3,-2.9302113402114205e-05
CNGA4,-2.9309910285895757e-05
HPS5,-2.932040741817472e-05
MYH11,-2.932659878560102e-05
SH3RF3,-2.9336344370769438e-05
BTK,-2.9340449750686343e-05
FAM120AOS,-2.934289516133491e-05
MCHR2,-2.9347832847166888e-05
NUCB1-AS1,-2.936495995558577e-05
LMBR1,-2.936695823999449e-05
RAPH1,-2.937006964204676e-05
GABRA2,-2.937695389281263e-05
MED25,-2.9382199142133696e-05
FOXP1,-2.9399438206141652e-05
C1QA,-2.9400289625510196e-05
PI4KB,-2.9401260346917065e-05
LILRA2,-2.940180910056012e-05
ATP6V1A,-2.9406989274846502e-05
RSPRY1,-2.941115099419925e-05
JAKMIP2,-2.941868663769385e-05
CASC4,-2.9418821673642956e-05
CNDP1,-2.942556881732373e-05
PIGG,-2.943718287156288e-05
PLN,-2.9437474656169796e-05
KCTD8,-2.944240689247522e-05
HCG20,-2.9461401620800864e-05
SBSPON,-2.946144263656278e-05
DYRK1A,-2.9462273712934987e-05
SLC10A5,-2.9472972978972705e-05
ASMT,-2.949462580769032e-05
ADGRE3,-2.9499141735225065e-05
HORMAD2-AS1,-2.950309209241977e-05
DUBR,-2.9509396467781848e-05
DLEC1,-2.950956778521643e-05
WBP2,-2.9511849020890443e-05
MTIF3,-2.9513027619295665e-05
CABP1,-2.955448643666505e-05
HMCN2,-2.9557949151461208e-05
CPS1,-2.9567012671705417e-05
PGBD5,-2.9576217785874183e-05
KRCC1,-2.9589091302179607e-05
RNMT,-2.95922038474429e-05
PTOV1-AS1,-2.9596611833832505e-05
PAH,-2.959684195372625e-05
LETM2,-2.96161195181278e-05
C4orf47,-2.9620395236614952e-05
SNX13,-2.9621517954661006e-05
C4BPA,-2.962933083825735e-05
FAM193B,-2.9650875452104448e-05
BRWD1-IT1,-2.9657511482451063e-05
MIR497HG,-2.9665944744422445e-05
TMEM213,-2.966607571936248e-05
GREM1,-2.9675633282179195e-05
CYP51A1-AS1,-2.9687598575958983e-05
MERTK,-2.969277150340665e-05
PLCXD1,-2.9699377229310965e-05
GPR20,-2.9705290622669916e-05
HIST1H2BC,-2.9716057499044088e-05
BLZF1,-2.972188299511725e-05
GATA2,-2.973099307273361e-05
ENTPD3-AS1,-2.9734666447177243e-05
ATG2B,-2.974605827893566e-05
CYS1,-2.9757309966148072e-05
DNAH8,-2.976233818367412e-05
ROPN1L,-2.97627798152054e-05
HGD,-2.976817958937325e-05
DCP1A,-2.9776249443052044e-05
FAM122A,-2.978724972650332e-05
HCN1,-2.97966610422494e-05
YAE1,-2.980736801938986e-05
TMEM211,-2.9810019544860797e-05
SFTA3,-2.9817661111976056e-05
DIPK1C,-2.98337815839458e-05
TEX52,-2.9849498545592923e-05
ADD2,-2.9850029148046106e-05
FKBP15,-2.9861158892171024e-05
FBLN1,-2.9875263809214624e-05
MALRD1,-2.988240099593753e-05
PCDH15,-2.988382255685373e-05
PKD2L1,-2.9889688311372744e-05
IGSF21,-2.9897300381085215e-05
ATRX,-2.989809328187244e-05
MAEL,-2.9900673027183716e-05
BLACAT1,-2.9901017470182585e-05
GIGYF1,-2.9904759012377323e-05
DENND5B-AS1,-2.991010507077558e-05
LGMN,-2.9914559438747598e-05
NUTM2D,-2.993387693251644e-05
OVCH1,-2.994177715397742e-05
PADI2,-2.995058646465909e-05
LCAT,-2.9950919935276145e-05
ZBTB48,-2.997932608460328e-05
MUC5B,-2.998557006257808e-05
PRDM16-DT,-2.9986221193208214e-05
MEIS2,-2.999082327847088e-05
AP003555.2,-2.999882375721604e-05
TEF,-3.0018495826047747e-05
ELMO1-AS1,-3.0025541941840936e-05
CD27-AS1,-3.0037812405703945e-05
MAN2A1,-3.004164525460772e-05
MIB1,-3.0053255244927616e-05
BLK,-3.0090005196672985e-05
XIRP2,-3.0092801526276668e-05
MARCO,-3.009867412447397e-05
SIRPG,-3.0105860046214195e-05
OTUB2,-3.010835544303148e-05
ANXA10,-3.011741214899178e-05
ATP2B2,-3.0122022298320133e-05
MKRN1,-3.0141983285640344e-05
PDZK1,-3.014866644315796e-05
RUFY4,-3.015178418018937e-05
PLEKHG5,-3.016119367503815e-05
DACH2,-3.016375832216368e-05
SEC14L6,-3.0165991574385504e-05
C1orf141,-3.0168681921876368e-05
PRNCR1,-3.019530630253509e-05
DHRS7B,-3.020028819843676e-05
NPTXR,-3.0207097148691507e-05
NLRP12,-3.021014010857817e-05
FGF1,-3.022786222211299e-05
IMPG2,-3.022959732042995e-05
S1PR3,-3.023241325803641e-05
POU6F2-AS2,-3.023545304030106e-05
SLCO1A2,-3.024521849443454e-05
ZNF561-AS1,-3.0249942036718222e-05
CETP,-3.0272081062610347e-05
SRRM3,-3.033154231709189e-05
ZMYM6,-3.033399027056858e-05
SUSD3,-3.033791922435092e-05
RHCG,-3.034821956611347e-05
MATK,-3.0358105111086047e-05
ISLR2,-3.036123286249788e-05
C4orf51,-3.036123991129224e-05
ZNF831,-3.0362628614828605e-05
FLNB,-3.038040866730445e-05
ABHD4,-3.039080810777756e-05
ZHX1,-3.040245402022997e-05
ABO,-3.041133257229137e-05
ZNF552,-3.041710658047351e-05
FOXF2,-3.0422943422589773e-05
FBXO33,-3.043342983596361e-05
NUTM2B-AS1,-3.0435158831124565e-05
MT2A,-3.0436056058246012e-05
ROR1,-3.0456247890653376e-05
GOLGA1,-3.0461265610397587e-05
TFE3,-3.046614162960868e-05
TM4SF4,-3.0467302857630435e-05
TSSK3,-3.047138652468864e-05
IQSEC1,-3.047998978169209e-05
TXLNB,-3.0491135632058488e-05
ZNF667-AS1,-3.0513935882154266e-05
ZNF250,-3.0518375789274984e-05
IDUA,-3.052751996571082e-05
GFRA1,-3.052827873653101e-05
CDKN1C,-3.0531662030565855e-05
RAB9B,-3.0546844689280946e-05
HIP1,-3.0568086612143574e-05
BCORL1,-3.058172483013676e-05
NLGN3,-3.05863585170202e-05
PDPK1,-3.0606712564544944e-05
HS6ST1,-3.060823050064967e-05
PURG,-3.061723174076884e-05
KLK10,-3.06259095060144e-05
CNTNAP4,-3.0628630018542224e-05
AP000897.2,-3.062937465036869e-05
PRLR,-3.0637413284879726e-05
CRB1,-3.064614921853138e-05
BEX4,-3.065021192335503e-05
METTL27,-3.065143579041681e-05
ZKSCAN7,-3.066472502439363e-05
TGFB2,-3.068853027496951e-05
RNF223,-3.070110757254543e-05
PEX11A,-3.07050953229748e-05
POLR2J3,-3.071961235560932e-05
PAXIP1-AS2,-3.072554296757768e-05
LPGAT1-AS1,-3.073603582731485e-05
GLIPR1L1,-3.073811663514301e-05
FGF18,-3.074233231901366e-05
DMTF1,-3.074357981934763e-05
BCO1,-3.075121798471188e-05
JPH3,-3.075376366883632e-05
UAP1,-3.078072054892009e-05
SLC26A7,-3.078724965858981e-05
TMEM229B,-3.080177122088069e-05
TMEM217,-3.081627297893125e-05
C1D,-3.0830691498638326e-05
C1orf100,-3.084086683871971e-05
PAPPA2,-3.084369742011063e-05
PLSCR3,-3.086767028329069e-05
SAG,-3.0870416808565683e-05
NR4A1,-3.087064032653109e-05
TRPV6,-3.087371891890015e-05
MAFIP,-3.089352529617667e-05
EFCC1,-3.090268074692517e-05
MCHR2-AS1,-3.090653137123782e-05
LIX1L,-3.092337092071997e-05
PYGO1,-3.0936995829176495e-05
FPR1,-3.0951551167969205e-05
MPP5,-3.096695526856372e-05
F11,-3.097644262288544e-05
IRF3,-3.0977353862087085e-05
ZNF454,-3.09788640708921e-05
CCL4,-3.098585851509956e-05
FCN1,-3.099778824537145e-05
ZNF630-AS1,-3.10025887033517e-05
DPYSL5,-3.100277798172833e-05
CXXC5,-3.1003232327473206e-05
CORIN,-3.101192814212039e-05
MAEA,-3.102437568040299e-05
PAFAH2,-3.10251522737114e-05
PYGB,-3.1033109015022005e-05
NRN1,-3.103760925267256e-05
SLC5A11,-3.105401081998749e-05
SLC22A17,-3.106658338513674e-05
ST6GALNAC1,-3.110301469387844e-05
METTL9,-3.111269242899689e-05
ZNF419,-3.111372420634597e-05
MAP3K2-DT,-3.111493922065872e-05
FLNC-AS1,-3.1132324415017344e-05
UBE4B,-3.1155504355371515e-05
CLIC3,-3.1179391700177137e-05
STON1,-3.1189272312157526e-05
ZKSCAN3,-3.11996633251996e-05
HID1,-3.120587867711323e-05
TLCD4,-3.120744200738292e-05
DCTN1-AS1,-3.121991799003328e-05
STYXL1,-3.1220326755437184e-05
NTNG1,-3.123454771879133e-05
STXBP3,-3.123821059813433e-05
GLDN,-3.12523305922084e-05
MYOCD,-3.1252896992083066e-05
WDTC1,-3.12579832314242e-05
ZNF136,-3.126674703448403e-05
MBOAT4,-3.126821430871963e-05
AP000829.1,-3.12686867644557e-05
GTF2B,-3.127528639935956e-05
MREG,-3.127624230716079e-05
KDM1B,-3.1284334240774944e-05
LIN28B-AS1,-3.1295163976144326e-05
AMN1,-3.129528480627062e-05
RHCE,-3.130324574207172e-05
TNFSF13,-3.130385346802364e-05
WDFY3-AS1,-3.1317711861966704e-05
ZMYM4,-3.1326172479742035e-05
C14orf28,-3.1331225778024574e-05
HDAC11,-3.133175520216724e-05
RGPD3,-3.135101005460964e-05
TACR3,-3.1377204364937504e-05
PRR5,-3.137821400830906e-05
PBXIP1,-3.137907829938359e-05
MLIP-AS1,-3.1387424551824526e-05
HMGA1P4,-3.140068426449956e-05
LIPI,-3.140077442346837e-05
TM6SF1,-3.1406942407233675e-05
SCNN1A,-3.1409671089346566e-05
KIAA1522,-3.141454499258556e-05
DHRS12,-3.142531129558459e-05
KCNU1,-3.142689431366459e-05
COBLL1,-3.142876999064964e-05
PDGFRA,-3.144356763713758e-05
ARL17B,-3.1451584327421147e-05
TSC2,-3.145834344480195e-05
AP000919.4,-3.146488040641592e-05
EVI2A,-3.146681097311457e-05
TMEM184A,-3.14698809149833e-05
PPP2R5C,-3.1476756848355406e-05
SLC25A25-AS1,-3.149444090027188e-05
RFX4,-3.152527612855318e-05
ZNF615,-3.1528627726061174e-05
LACTB,-3.1529395210523456e-05
KY,-3.154395456438516e-05
MAST4,-3.154869468411698e-05
FBXW8,-3.155627899460353e-05
NOMO3,-3.1556670600407026e-05
TMEM47,-3.155696086397628e-05
RBP1,-3.156832459490519e-05
WASHC2C,-3.15818448969672e-05
UBR3,-3.159032669302906e-05
DEC1,-3.159468275869659e-05
NAPA,-3.159992824742732e-05
GPC3,-3.160264773520956e-05
RAB39A,-3.1602880146314425e-05
CACNA1F,-3.1622196617222066e-05
CDO1,-3.1622748844068545e-05
AK4,-3.1640319776707205e-05
LIPK,-3.1645036765450885e-05
ARHGDIB,-3.164783409164411e-05
IGLC1,-3.165171873165857e-05
MAOB,-3.165816884111598e-05
SND1-IT1,-3.1687806473781463e-05
FASLG,-3.1696082890510966e-05
RWDD2A,-3.1706704607559566e-05
GSAP,-3.1725199975146474e-05
TBC1D19,-3.1737696856441005e-05
SEC24B-AS1,-3.174817880308037e-05
ADAMTS9-AS1,-3.176394936391058e-05
RASGEF1C,-3.177431062573833e-05
KCNG2,-3.17770239639591e-05
CALML3-AS1,-3.179159984908628e-05
LRCH2,-3.179237218824074e-05
SLC10A6,-3.1800695376705044e-05
CXorf21,-3.180227726086567e-05
ZNF410,-3.180983459256969e-05
ZNF366,-3.181005762534538e-05
MSRA,-3.181454140271289e-05
FLRT3,-3.181808226309809e-05
LY9,-3.182918427732646e-05
AK3,-3.183069574315717e-05
RNF41,-3.187018207947136e-05
TCEAL9,-3.1871382444311267e-05
MPI,-3.188747044945727e-05
PDS5A,-3.189365673227585e-05
SLC28A1,-3.189474090337698e-05
FAM110C,-3.191290636035049e-05
KIF26B-AS1,-3.1930064181075616e-05
PIP5KL1,-3.1936843768420985e-05
BAALC,-3.193708485001118e-05
BCL3,-3.1943788110537906e-05
TOR1AIP2,-3.195433248430024e-05
HEXA-AS1,-3.1968931043393453e-05
HTR4,-3.1976367312618045e-05
GABRB1,-3.198025587264713e-05
PTCH2,-3.1982358129996565e-05
EPPK1,-3.199074607322762e-05
ELAVL2,-3.199561036533272e-05
EXOC2,-3.200017466700847e-05
PKD1L1,-3.200701886433472e-05
TWIST2,-3.2013627338485386e-05
PLEKHN1,-3.203656092346434e-05
GCK,-3.2041175020126e-05
ABL1,-3.2044030810813055e-05
IL22RA1,-3.2047984375402046e-05
RNASEH2B-AS1,-3.205646855784569e-05
SAMD4B,-3.2057946405364784e-05
ONECUT2,-3.2078887084843895e-05
VN1R1,-3.210186742079008e-05
ZCWPW2,-3.2103827090353766e-05
PLEKHG2,-3.211330235303636e-05
FAM177A1,-3.213189616584518e-05
DCST1,-3.215211898715726e-05
ZBTB20-AS3,-3.2171138485837815e-05
FCGR3A,-3.2173672484920376e-05
ERCC6,-3.218066377198752e-05
SNTG2,-3.218548655371375e-05
PRKCI,-3.218657349666464e-05
LEF1-AS1,-3.2191406703722475e-05
ASMTL-AS1,-3.2191947833423934e-05
NATD1,-3.219663637209276e-05
TSBP1-AS1,-3.2198893314170885e-05
RAG1,-3.219971353421535e-05
NGLY1,-3.219997273824216e-05
PIWIL2,-3.220063691538451e-05
ATG5,-3.22047518697735e-05
ZBTB20-AS1,-3.2235303232076485e-05
SERINC1,-3.2256398582164816e-05
FKBP6,-3.2261059717920945e-05
PRKAG2,-3.227569539447891e-05
ZNF577,-3.228792067030922e-05
AP002961.1,-3.2290379356900294e-05
HECW2,-3.229895977544874e-05
MYO16,-3.2326889983445286e-05
NUMBL,-3.2331759561453155e-05
FLII,-3.233790048369329e-05
TTC39A-AS1,-3.2340713680490063e-05
MLLT3,-3.234424869624406e-05
ZMAT4,-3.237440760604194e-05
ZFP2,-3.2376891353116686e-05
GREM2,-3.2381165689210494e-05
OPRL1,-3.23814448936304e-05
AGFG1,-3.2385524696514274e-05
SOX9-AS1,-3.239722473620473e-05
PCED1B-AS1,-3.241998147190527e-05
TESC,-3.2438334498054564e-05
SLC4A8,-3.244553661956274e-05
SEL1L2,-3.2452466906916925e-05
TMEM154,-3.245290897427216e-05
LATS1,-3.246961393003246e-05
SKAP1-AS1,-3.2473200893540504e-05
LYG1,-3.2474279739733135e-05
TACC2,-3.248394115877608e-05
C19orf12,-3.248672546784893e-05
PLCB2,-3.248893063617654e-05
MICALL1,-3.249798378818579e-05
TTC38,-3.250689381058536e-05
ATP13A4,-3.251417808981605e-05
CPT1B,-3.252129500452769e-05
TMEM125,-3.252413691452463e-05
SELENOM,-3.2524631427152334e-05
SYMPK,-3.252553462867219e-05
RAB3IL1,-3.2542603287414695e-05
CYTIP,-3.254718667269818e-05
CCR1,-3.2553739957354624e-05
GAS1RR,-3.2587602967774016e-05
CHIC1,-3.259119243220827e-05
TNFSF4,-3.260036784506205e-05
ZSWIM4,-3.26118493122757e-05
CMC1,-3.26423313881655e-05
GALNTL5,-3.2660350980446816e-05
EDIL3,-3.2668987620236656e-05
TRIQK,-3.267968422131141e-05
PTPRJ,-3.268333825774817e-05
COL21A1,-3.269539832438052e-05
SLC27A6,-3.269852573595261e-05
ZSCAN20,-3.270929124880085e-05
NOP14-AS1,-3.271680925558903e-05
ALPL,-3.2717951559420864e-05
MMP25,-3.272350201205851e-05
CASC8,-3.273510460478553e-05
PPP3CC,-3.2741845195756404e-05
RHOT1,-3.27452140708347e-05
CDC16,-3.2774845557532244e-05
RASA2-IT1,-3.2776468586908444e-05
STX4,-3.2777318427799944e-05
COPB1,-3.277795664188735e-05
PLA2G5,-3.278366099835402e-05
SLITRK4,-3.279456844429257e-05
ITK,-3.2840158005572606e-05
CCDC8,-3.285337349145125e-05
MYO1G,-3.286648041618851e-05
PARD6G,-3.2875129334500784e-05
UNC5D,-3.2894563792036664e-05
GRK4,-3.2905026658804305e-05
CYTL1,-3.291881417260956e-05
LGR6,-3.293024009326489e-05
FYTTD1,-3.29415182547607e-05
ARMH3,-3.294518302700797e-05
C21orf62,-3.29584292301722e-05
ERMN,-3.29610944404923e-05
LNCSRLR,-3.296942668157678e-05
ZEB1-AS1,-3.2970399801637784e-05
SLC35D1,-3.29785664695603e-05
SNTA1,-3.298352114926478e-05
LRIG2-DT,-3.2997014804032657e-05
TMEM184C,-3.3000383368857394e-05
ITM2A,-3.3011846398432034e-05
LPIN1,-3.302057974092451e-05
AP003472.1,-3.302215690059154e-05
ARHGAP24,-3.303309343280612e-05
STC1,-3.3034705094486374e-05
KIF5A,-3.3039980222217685e-05
AP000331.1,-3.306505528397896e-05
TNIP2,-3.3065484116750434e-05
ZNF730,-3.3070056858320264e-05
S1PR4,-3.3087347027823866e-05
TMEM26,-3.3104148820657214e-05
SYNM,-3.3104671902360817e-05
NLGN4X,-3.3110089910291804e-05
AP003066.1,-3.311429429667591e-05
AP001885.3,-3.3122201518082155e-05
ARMCX1,-3.313203660841018e-05
ATP6V0A4,-3.313603993286031e-05
JKAMP,-3.3161652087881315e-05
HMG20A,-3.3167107196602895e-05
IQSEC3,-3.3169934468087214e-05
CDH23,-3.317146797250865e-05
NWD2,-3.318643292290223e-05
KBTBD11,-3.319898863974379e-05
GRK3,-3.32026598510792e-05
CRISPLD1,-3.322014626253941e-05
ZIM2,-3.3226946448055334e-05
NFATC4,-3.3234741559710326e-05
STRN3,-3.3240986543245086e-05
PPP1CB,-3.32464283360362e-05
LILRA6,-3.324943884909863e-05
KLRK1,-3.325028745174172e-05
VAMP5,-3.325629100458844e-05
AP005717.1,-3.326082625246535e-05
PLCD3,-3.326196344513726e-05
ZNF169,-3.327704534566941e-05
NPIPB15,-3.32813880512894e-05
KRBA2,-3.3284422760509944e-05
PSG8,-3.328903460746302e-05
PCDHGA5,-3.330154909468213e-05
ZNF260,-3.330964677582143e-05
DUOXA1,-3.331450617762688e-05
EVI5L,-3.3318914662843995e-05
STC2,-3.33323759836902e-05
DTX3,-3.334288281242035e-05
MTERF1,-3.3356641472906616e-05
LYPD6B,-3.336561222161054e-05
SLCO1C1,-3.339505839565183e-05
ZNF699,-3.33950865428281e-05
SPHKAP,-3.3404438674527354e-05
CEACAM4,-3.341991417824222e-05
ZNF554,-3.3425384815899055e-05
STRN,-3.34264526555877e-05
TWIST1,-3.344422352343518e-05
CHAD,-3.345289752847308e-05
EXOC3,-3.3454564702074905e-05
ANKRD35,-3.346419499978767e-05
SREBF1,-3.348064328279912e-05
KCNC2,-3.349612528340958e-05
DNAH14,-3.350620823424132e-05
FILNC1,-3.350747368511026e-05
ACIN1,-3.3513228576024023e-05
DNAJC28,-3.3521269235767225e-05
PRAM1,-3.353131753223111e-05
PTGER4,-3.353625995052019e-05
APOB,-3.354449108842312e-05
DRC7,-3.3547004885486244e-05
APOBEC3A,-3.3561863822197785e-05
CYFIP2,-3.357307032841236e-05
MYL9,-3.358549029032095e-05
ZNF790,-3.360221615480297e-05
PDGFA,-3.360980492898469e-05
SEC22A,-3.361722852994852e-05
SMAD9,-3.361753671474542e-05
DOCK7,-3.362181881222544e-05
IL1R1-AS1,-3.362934344208809e-05
CAMSAP3,-3.3639894287755835e-05
N4BP3,-3.3649396354012046e-05
C2orf49,-3.365447665362168e-05
GLRB,-3.365884444548987e-05
UBR4,-3.365980334850476e-05
STX16,-3.3686588698226955e-05
GIMAP4,-3.3690417280302737e-05
PSMA8,-3.373809463915782e-05
LGALS9,-3.373939098299642e-05
ATP1A2,-3.376582939537703e-05
HPSE2,-3.376616711018719e-05
TPM1-AS,-3.376774858471135e-05
KLHL6-AS1,-3.3782210936523093e-05
KIZ,-3.3783958701234906e-05
BTN3A1,-3.3796522560269714e-05
MCOLN1,-3.379903039013736e-05
MMP26,-3.380755325065856e-05
JHY,-3.381136529187081e-05
CMTM3,-3.3819436250981136e-05
C5orf63,-3.383442302005809e-05
RALGDS,-3.385083422210903e-05
IGSF9,-3.385202119688695e-05
MMP17,-3.387521466205724e-05
ATG4A,-3.387567460864185e-05
CELSR1,-3.3896809083318066e-05
CLASRP,-3.3901562687669475e-05
IGF1,-3.390300810017475e-05
C1orf167,-3.392905895788575e-05
TSPYL5,-3.393520415142555e-05
FBXL19,-3.3935561418531475e-05
CRIPAK,-3.393589098963784e-05
PRR13,-3.3943572492843743e-05
LMF1,-3.394888029215877e-05
ATP6V0D2,-3.394988459368706e-05
HLA-G,-3.395518074346922e-05
TEX35,-3.3971546042898726e-05
TUBG2,-3.397682321693696e-05
PRKCD,-3.39913594827747e-05
SLC1A7,-3.399990764097496e-05
CXCR6,-3.401741480090354e-05
THRB-IT1,-3.404899607983355e-05
KDM3B,-3.405067641190449e-05
RBFOX3,-3.407032421312845e-05
L1TD1,-3.4090389288799215e-05
LRRC28,-3.409319633258407e-05
SLC2A14,-3.409402775646865e-05
XPNPEP2,-3.4097773153659336e-05
PPL,-3.409812153809424e-05
CLN5,-3.409935682500959e-05
RHOBTB1,-3.412538608195819e-05
ADIPOR2,-3.4125480415661336e-05
SV2B,-3.412940092640619e-05
NDN,-3.4133899514969265e-05
UNC13C,-3.4148664175183146e-05
TTYH1,-3.415188977755032e-05
BEST1,-3.416451805490171e-05
ALDH8A1,-3.4182019367699324e-05
CD244,-3.418627627081696e-05
PPFIA2-AS1,-3.419864859785625e-05
INPP5A,-3.4209501925589786e-05
CT69,-3.4210498340193424e-05
ASIC2,-3.4216258877244246e-05
MARS,-3.426399575612641e-05
CLDN10-AS1,-3.426860113184798e-05
RAB30,-3.4269951271474806e-05
TRIM62,-3.427185898585555e-05
PCDHB11,-3.427973080074477e-05
CC2D1A,-3.4312439094117734e-05
ST8SIA5,-3.431843018102208e-05
BEST3,-3.4340769572647456e-05
MMRN2,-3.43783078006872e-05
SLC35F1,-3.442622545739092e-05
SNHG26,-3.443797358482827e-05
SMCO3,-3.444537854173854e-05
CCNDBP1,-3.4449979911659914e-05
ALCAM,-3.4451082079808214e-05
TDRD9,-3.445688870401784e-05
RAB43,-3.4466371921594865e-05
MUCL1,-3.4471631552892024e-05
ADGB,-3.4474343157860684e-05
TRADD,-3.44762790660768e-05
ZNF548,-3.448284470204075e-05
ANXA9,-3.457002355582797e-05
PAX2,-3.458765565985173e-05
CARS-AS1,-3.459926519785748e-05
FAM163A,-3.459936416319499e-05
CCDC13,-3.461488992981766e-05
SETD5,-3.46266945150984e-05
TOGARAM2,-3.463100379942856e-05
DUOX1,-3.4632421940843345e-05
NAPA-AS1,-3.463505545008204e-05
PLEKHH2,-3.4647266422855154e-05
MPP4,-3.466994367997711e-05
INO80B,-3.467787574935368e-05
TMEFF2,-3.469723263157328e-05
FBXO46,-3.4704037604664545e-05
BMPER,-3.471744728561426e-05
USP46,-3.472725124168536e-05
RIN3,-3.472972562798973e-05
NPSR1-AS1,-3.47422501428842e-05
KCNK9,-3.474227067131657e-05
FLVCR2,-3.474339097181931e-05
CD72,-3.4752697692121214e-05
KCNH1,-3.4762744531372e-05
SNX2,-3.477754193992196e-05
C8orf88,-3.478429447759088e-05
RAI2,-3.479118056081046e-05
CPA4,-3.480370959113248e-05
GTPBP2,-3.481806581785438e-05
PCDH19,-3.4824931073838346e-05
BOLL,-3.4825365112986604e-05
NOP53-AS1,-3.484591064350543e-05
TRIO,-3.485395270244623e-05
IQCA1,-3.4883491210655726e-05
OR7C1,-3.489575692926057e-05
AP005131.3,-3.489643018975052e-05
B3GNT7,-3.489830690055246e-05
ASTN1,-3.493826640462591e-05
ZNF98,-3.493872453641238e-05
RELN,-3.4940411532795635e-05
PLGLB1,-3.494587734987518e-05
HACE1,-3.494985815173952e-05
ARID4A,-3.495386906471371e-05
SMPD1,-3.4970354309309965e-05
SLC26A10,-3.497400105353048e-05
LSMEM2,-3.4979249878612774e-05
EDN1,-3.497998306323365e-05
JPX,-3.4989311333389977e-05
CCDC144NL,-3.500276580786319e-05
KCNH6,-3.50071289685604e-05
ITIH2,-3.502723307631645e-05
MYOM2,-3.5037386542151725e-05
EDARADD,-3.5038620047837705e-05
TMEM200B,-3.5052194958526234e-05
TOP2B,-3.505885696959383e-05
TBX15,-3.5070627991552594e-05
CHIT1,-3.510168976187896e-05
MYOF,-3.510398002836824e-05
ITGAV,-3.510979647817544e-05
MLXIP,-3.5128182966175515e-05
MGAT3,-3.5131603345447374e-05
INHBB,-3.5137688285188744e-05
C3orf70,-3.5141621238066965e-05
CDH12,-3.514459204716248e-05
LCMT1-AS1,-3.5148485652676856e-05
ARHGAP22,-3.515150643810535e-05
MARCH7,-3.5157930771862154e-05
TTLL3,-3.5163598345611016e-05
KIAA1549,-3.517520372589342e-05
MYBPC3,-3.51785298274841e-05
PDIA5,-3.5191902879691166e-05
TDRD6,-3.519192672665167e-05
EDNRB,-3.519546761788157e-05
SPOCK1,-3.5198610043444604e-05
TUBA1A,-3.520152496500956e-05
C2CD6,-3.5209394313375254e-05
CHM,-3.522028797595137e-05
HS3ST4,-3.5222889603496265e-05
TARS,-3.522294229457726e-05
C13orf46,-3.523400240034984e-05
ATP2C2-AS1,-3.5238361367031985e-05
IL34,-3.5242379568570347e-05
SMIM11A,-3.525134670087951e-05
ZNF570,-3.5270689688171204e-05
RTL1,-3.528005983076968e-05
KCNIP4,-3.529741177890193e-05
GGT6,-3.530106481229091e-05
AP002954.1,-3.53289838312628e-05
GABRG3,-3.533288178064831e-05
ZNF394,-3.533920580234844e-05
HIST1H2BD,-3.53511414610444e-05
ZNF662,-3.535807234673517e-05
SH2D1A,-3.537014806330562e-05
PDCD1LG2,-3.539143323380218e-05
HMGCL,-3.541232605697228e-05
DCLK1,-3.541547418225633e-05
AP001767.3,-3.542735582651837e-05
AP000345.2,-3.543481596427708e-05
FCGR2B,-3.5436265607699054e-05
BRINP3,-3.545864714582082e-05
HSD17B13,-3.547155214459098e-05
ARHGEF10,-3.5502615650302385e-05
GALNT9,-3.5515215372501044e-05
NTF3,-3.552450082410823e-05
MYCBP2,-3.5524595936595435e-05
KRT86,-3.552576264172504e-05
BHMT,-3.554057242453433e-05
MT1G,-3.555082368291589e-05
ZRANB1,-3.5574179446454266e-05
C18orf25,-3.557799814405361e-05
WASHC5,-3.558276881849951e-05
TRHDE,-3.5590388191276e-05
MARCH1,-3.561756043656641e-05
DOC2B,-3.562661732572918e-05
GPRIN3,-3.564160728902584e-05
CFD,-3.5653851569506234e-05
CEP170B,-3.5663345930942536e-05
SH3KBP1,-3.566611126591942e-05
DCTN1,-3.567529869916009e-05
UXS1,-3.5681997304414866e-05
LZTR1,-3.5689744044057746e-05
NTPCR,-3.569288147735108e-05
TNFRSF25,-3.570522965486089e-05
AP3B1,-3.571039917019006e-05
KCTD16,-3.571972301918204e-05
ARL11,-3.572391854453827e-05
MIGA1,-3.5726561759460506e-05
CDC42SE1,-3.572926519666854e-05
SERPINF2,-3.573430725343335e-05
EVA1A,-3.573805270994826e-05
KCMF1,-3.573892564918299e-05
TRIM38,-3.5760904438395444e-05
IL12RB1,-3.57785952918942e-05
EGR3,-3.577958902565508e-05
SYT17,-3.578059399661569e-05
SOX21-AS1,-3.5785056209482195e-05
SELE,-3.5788257415449494e-05
ZAP70,-3.579472525217801e-05
TRA2A,-3.579905220130276e-05
TPPP,-3.5799103890749763e-05
BCL2A1,-3.580330624900909e-05
AJ009632.2,-3.580778587858272e-05
SLC35G2,-3.582039546732496e-05
KLHDC8A,-3.583456581397895e-05
CAND2,-3.583622619827155e-05
CXCL10,-3.584169401124783e-05
AK8,-3.584412592579506e-05
KIF13A,-3.585471742621806e-05
TEX26-AS1,-3.5882100812075416e-05
SLC39A5,-3.5882264058818024e-05
SNRPN,-3.5901282756246355e-05
PEAR1,-3.590268194102832e-05
SUPT20H,-3.590988575770757e-05
CHP1,-3.592058625317133e-05
OR1L8,-3.5927509265013376e-05
AOC3,-3.5928197396543554e-05
PEX13,-3.593282613360282e-05
GPR17,-3.593382738432584e-05
CFAP46,-3.59435424116671e-05
TDRD7,-3.59483151158272e-05
ZFP28,-3.596247683739832e-05
APPBP2,-3.598051520517061e-05
PLA2G12A,-3.600497202770006e-05
AP003071.2,-3.602869324506431e-05
TEX41,-3.603154425435376e-05
APCDD1,-3.6052620565852e-05
OLFM2,-3.605807546979822e-05
RASSF8-AS1,-3.606116290954045e-05
LEMD3,-3.6074488342339765e-05
EPHX4,-3.60824212533818e-05
SLC22A10,-3.608442678010055e-05
C6orf58,-3.608970309698829e-05
FLT4,-3.60935780136442e-05
PROX1-AS1,-3.60992131647172e-05
AP000462.1,-3.611004067803474e-05
ATRNL1,-3.6131153884409e-05
MAB21L4,-3.614056412917127e-05
INPP5B,-3.614250938631285e-05
HABP4,-3.615850354733429e-05
RHOQ,-3.616168765590429e-05
PBX2,-3.616938477280293e-05
ZNF460-AS1,-3.617522665535561e-05
WNT3A,-3.6176890203922174e-05
MT1A,-3.619527616131917e-05
TIGAR,-3.6205844019490064e-05
BNIP3,-3.621473661730061e-05
ANKRD45,-3.62215250990337e-05
SSPN,-3.622655020756709e-05
PFKFB3,-3.622829748332744e-05
SNX20,-3.626501626623896e-05
ZNF354C,-3.629467587648118e-05
PDE4A,-3.6313852486791495e-05
CD68,-3.63147560379589e-05
UBQLNL,-3.636485339687807e-05
JAK3,-3.636988290049614e-05
THBS3,-3.637955987129674e-05
PCDHB15,-3.638746774469044e-05
TINCR,-3.639764924336245e-05
ARRDC4,-3.64008037808437e-05
TRAFD1,-3.641629676686202e-05
NXPE1,-3.6426769277532056e-05
BICRA-AS1,-3.642979509370464e-05
RTP4,-3.643058046859457e-05
TIAF1,-3.644080641143187e-05
ADGRG7,-3.644841392357925e-05
CBFA2T3,-3.644936582674889e-05
MOB1B,-3.646982802884197e-05
CLEC12A,-3.649982261175405e-05
MKNK2,-3.653388500320119e-05
LPAR5,-3.653674554816736e-05
AKR1D1,-3.6539046585406455e-05
VIT,-3.654896172978452e-05
FGF14,-3.655083858796002e-05
NANOG,-3.65661206559237e-05
AP003392.5,-3.65982229098991e-05
CYP4F12,-3.660360699223435e-05
PON1,-3.663263904098736e-05
POPDC2,-3.665180907635037e-05
RGS16,-3.6672827864275387e-05
SLIT1,-3.667403543100342e-05
KCNJ10,-3.668298845127508e-05
TIGIT,-3.669494488037175e-05
TBPL2,-3.669963218031311e-05
OCIAD2,-3.67021043760696e-05
TAS2R4,-3.671072872438445e-05
JAM2,-3.67210338071498e-05
ZNF71,-3.672436899356063e-05
GALNT15,-3.67276721114882e-05
CYGB,-3.673097521620226e-05
RASSF8,-3.673738643812471e-05
ETNK2,-3.675234106768916e-05
ECD,-3.675508566991763e-05
ZSCAN26,-3.676070702663936e-05
SLC30A10,-3.678003446146892e-05
GLT1D1,-3.680079108476067e-05
KIFAP3,-3.6807141270101616e-05
USP47,-3.681245143364095e-05
ZNF829,-3.6823394312988e-05
DSCAS,-3.68395067364833e-05
CFAP57,-3.68698140380921e-05
GCNT2,-3.687467993502267e-05
CCR5AS,-3.688009851974132e-05
LHX6,-3.688704784285204e-05
PPP4R1,-3.688721292889122e-05
RBM46,-3.6888471928094405e-05
VPS13A,-3.689819642847143e-05
AP002812.2,-3.690249953066627e-05
MIR4500HG,-3.691573236195237e-05
AP000547.3,-3.6920879395689534e-05
RDH16,-3.692226618032125e-05
LATS2-AS1,-3.6925165292239405e-05
FAM126A,-3.6928716348893455e-05
AP003464.1,-3.6934014559524765e-05
C2orf76,-3.695899451651011e-05
XPR1,-3.696828838838693e-05
RNF38,-3.698004767313677e-05
MACROD2-AS1,-3.698273698587462e-05
SPRY3,-3.700501116877197e-05
NIPBL,-3.702320579341114e-05
LRAT,-3.7051539206050925e-05
KLHDC2,-3.705300258204307e-05
Z93403.1,-3.7055246977088497e-05
SPART,-3.706018099442068e-05
USP50,-3.7081483291040034e-05
LRRC75B,-3.70962709348918e-05
TCN2,-3.710201134492685e-05
C9orf85,-3.711466048992388e-05
HERPUD2,-3.714580572928184e-05
CLYBL,-3.715145607809906e-05
MEOX2,-3.716355329296438e-05
CLEC4E,-3.7169113984754994e-05
AP000812.1,-3.717388525928672e-05
SLC25A45,-3.7176931705978656e-05
AXDND1,-3.717740122469738e-05
SELPLG,-3.717760944146729e-05
COPZ2,-3.71821874608662e-05
CD163L1,-3.718338631258458e-05
ZNF610,-3.718886570126663e-05
TNN,-3.721931886174906e-05
FAM169B,-3.722334860150331e-05
TNFRSF8,-3.724314331923592e-05
SIN3B,-3.724845037357239e-05
MYH7B,-3.724913477091161e-05
MAPKAPK2,-3.727852228239271e-05
S100Z,-3.728785910627939e-05
DSEL,-3.729260437233371e-05
ARMCX2,-3.732395928616411e-05
APP,-3.732988513182139e-05
C6orf163,-3.733544835004785e-05
IL12A-AS1,-3.733576315321488e-05
RMDN2-AS1,-3.734041464894848e-05
IGHG3,-3.734239656326679e-05
SNX32,-3.734629914677148e-05
NEURL1-AS1,-3.73487130211905e-05
TSIX,-3.735245003239649e-05
AP000688.1,-3.735951390407786e-05
SERPINI2,-3.736085707703731e-05
C1QL3,-3.73662874989207e-05
ZC3H12B,-3.737614398412903e-05
PCDHB16,-3.7377077708737785e-05
SLC7A6,-3.739394709824523e-05
CCDC39,-3.740964577038466e-05
SMAD2,-3.74174356444181e-05
FEM1C,-3.7419548015116246e-05
DAO,-3.742527590127446e-05
WTIP,-3.743350285309244e-05
KNG1,-3.743729273036645e-05
STAT3,-3.744468424792015e-05
PRMT2,-3.7444907219188224e-05
DBH-AS1,-3.744953394696835e-05
ANPEP,-3.745337615542892e-05
MBD2,-3.745430391755808e-05
CHRM3-AS2,-3.746365909690052e-05
TLR6,-3.746403838208403e-05
FMOD,-3.7506629528863815e-05
MAP2K6,-3.751329619709048e-05
DLGAP1,-3.751452660914078e-05
AP001363.1,-3.751879326909414e-05
MAP3K10,-3.7546217738892776e-05
RENBP,-3.755827760214787e-05
LMF1-AS1,-3.7575643417578364e-05
ACBD3-AS1,-3.757796467041503e-05
AKAP6,-3.758502065659047e-05
NGF,-3.759279086065142e-05
EREG,-3.759352796924734e-05
MUC6,-3.761692945774627e-05
TPH1,-3.762442036529885e-05
TNF,-3.764185374717548e-05
PCDH9-AS2,-3.766328619746078e-05
PKIG,-3.766409088420593e-05
ADGRD1,-3.7666935889741466e-05
ZNF287,-3.768149977275952e-05
ZNF285,-3.769632987285602e-05
CCDC88B,-3.770669383471276e-05
CASP9,-3.7708659845277503e-05
NBEAL2,-3.771404624524711e-05
GATM,-3.771607724066784e-05
FGF2,-3.7720614697248565e-05
SLC4A10,-3.77431222090454e-05
ZNF217,-3.776388366041556e-05
AKAP8L,-3.776729947420151e-05
CEP170,-3.776919043867948e-05
SLC23A1,-3.777728258816727e-05
KHDRBS2,-3.778933621685537e-05
SLC26A6,-3.78002270408478e-05
BCAR3,-3.78156074632966e-05
CHPT1,-3.782784658752265e-05
GRAMD1A,-3.785723372684957e-05
KCNN1,-3.786293558289811e-05
PIK3CD,-3.787401789837696e-05
TLCD2,-3.788389380508038e-05
C1QTNF9,-3.789866342482246e-05
EIF1B-AS1,-3.790892997878669e-05
KCNA2,-3.791676630722302e-05
PCCA-DT,-3.792952859258259e-05
PDZD2,-3.794846517187628e-05
LDB3,-3.795736336867473e-05
CCL26,-3.798481956950858e-05
ST8SIA6-AS1,-3.79932129729685e-05
LRRN4CL,-3.799763043006726e-05
HAR1B,-3.8011507719209956e-05
SAPCD1-AS1,-3.803453645402197e-05
TMPRSS15,-3.806697672054113e-05
PGRMC2,-3.8068073782661386e-05
TBKBP1,-3.8105660077353306e-05
MTFR1L,-3.814031789437596e-05
ACE,-3.8144087820582606e-05
LRRC17,-3.814729036491915e-05
AFAP1,-3.8147344761839546e-05
FBN2,-3.8148594313738266e-05
INAVA,-3.815965837556793e-05
AP000757.1,-3.8163423162468174e-05
FBP1,-3.8174301685859146e-05
LILRB3,-3.817733512084625e-05
MKX,-3.818244986712134e-05
MPRIP,-3.81839552218956e-05
NCOA4,-3.821336382510884e-05
ST6GALNAC2,-3.822731482827572e-05
PTGIR,-3.826551063951747e-05
WNT5A,-3.831857087100097e-05
NPHP3,-3.832115670856301e-05
RGS9,-3.833540170077904e-05
NUB1,-3.8341428498836834e-05
PRRC1,-3.837619065552777e-05
NDFIP1,-3.839152111934402e-05
ARHGEF28,-3.8391679593589e-05
PRDM5,-3.83925898516259e-05
NEDD4L,-3.840922062099873e-05
ACTG2,-3.842168601373669e-05
SORCS1,-3.842730366012994e-05
CCDC190,-3.842859841718042e-05
TSC22D2,-3.843032985402037e-05
FBXW4,-3.8434425592999934e-05
ITGB2-AS1,-3.8465104074744535e-05
CALCR,-3.846615591487039e-05
HDGFL3,-3.847523335366456e-05
ZNF582,-3.847955711437321e-05
RASSF9,-3.8479722240392325e-05
GRIPAP1,-3.848740131344328e-05
MANBA,-3.8507301068386736e-05
PLPP3,-3.8511813830508e-05
MYT1L,-3.8514569784713285e-05
HSD11B1-AS1,-3.851736350211649e-05
AKT3-IT1,-3.855064008294474e-05
ZBTB10,-3.85514773823221e-05
C15orf48,-3.856000883921377e-05
SH2B3,-3.856810914998321e-05
GRAP,-3.8576144726210486e-05
FRZB,-3.857789001244746e-05
ADAM12,-3.8578761672579096e-05
AP000944.1,-3.859237736266088e-05
HAL,-3.859718222375659e-05
FTCD,-3.860813620641824e-05
TBX18,-3.863373225254982e-05
LRIG2,-3.863508852923544e-05
SIRLNT,-3.865154732907549e-05
TMEM38A,-3.865854795376241e-05
XPA,-3.8669229017272017e-05
CDH8,-3.86722371079478e-05
EPHB3,-3.867484886735788e-05
PPP1R14C,-3.86923950227554e-05
DTX1,-3.870119280966817e-05
HIVEP1,-3.870769702926567e-05
TSC22D4,-3.87228400520633e-05
RNF212,-3.8724217626796674e-05
MST1,-3.874115207922191e-05
GPAT2,-3.874416074753924e-05
AJAP1,-3.874810279419769e-05
SOSTDC1,-3.877266708244842e-05
LRRC24,-3.8794502933365765e-05
GIMAP7,-3.879462218196882e-05
LRRC4B,-3.881557737481277e-05
Z98884.1,-3.882734006993717e-05
MTFR1,-3.8864937971693153e-05
KCTD5,-3.889793350512657e-05
ALDH1L1,-3.89061798598288e-05
GNB4,-3.891079012675372e-05
QKI,-3.894720465526189e-05
OSMR-AS1,-3.895238001917169e-05
GALT,-3.8955735861574e-05
SLC38A7,-3.8973475758709055e-05
DENND1A,-3.898734156100494e-05
LEPROTL1,-3.900361086946053e-05
TOB1,-3.901208002103009e-05
DNASE1L3,-3.901613658554776e-05
F2RL3,-3.90310725493791e-05
COX7A1,-3.9033853259678994e-05
DIXDC1,-3.903514947041675e-05
NIT1,-3.906846341677049e-05
CACNG3,-3.908301505985128e-05
PTHLH,-3.909323956426545e-05
CXXC4,-3.912070516294296e-05
KCNA7,-3.9137889126200753e-05
XKR6,-3.914536835414853e-05
TRAF1,-3.915381656696523e-05
TRIM34,-3.9162297011482834e-05
MYOZ2,-3.916248562825851e-05
PLXNA4,-3.916704382718711e-05
DSCAML1,-3.91701543817428e-05
NPAS2,-3.918780104893927e-05
WDR86,-3.918810502115843e-05
S1PR1,-3.920076457933745e-05
FSTL3,-3.9213063941846384e-05
ASB8,-3.921977489638434e-05
HAVCR2,-3.923027073452707e-05
TRPM4,-3.92475567879312e-05
SCP2,-3.925297605213943e-05
GRIA2,-3.92637984394963e-05
RASGRP1,-3.926576319092154e-05
CHKA,-3.9268666339224775e-05
CDK17,-3.927111002334983e-05
SLC25A34,-3.927352318290409e-05
KLRC2,-3.928644355668595e-05
INTS6-AS1,-3.928891664289432e-05
SERPINE2,-3.929195896328447e-05
CTNNA2,-3.929418513004856e-05
ALAD,-3.930327235818875e-05
MDFIC2,-3.9320200618772425e-05
GLIS1,-3.932752237567364e-05
ZNF613,-3.9339905168214366e-05
SMPD3,-3.9343436531031306e-05
FCGBP,-3.939799694880798e-05
DIRC3,-3.940191476320487e-05
SLC40A1,-3.940479304208803e-05
ST6GAL2,-3.941177446169425e-05
COL24A1,-3.94283763281286e-05
NEGR1,-3.943218794029624e-05
PGPEP1,-3.943464446410299e-05
C1orf54,-3.9446619034799686e-05
SHE,-3.945496387941984e-05
MCOLN3,-3.945517113234703e-05
PHC2,-3.945549988140425e-05
TSPAN18,-3.945580387319621e-05
CD7,-3.9469855370544405e-05
GPR160,-3.947278808896464e-05
NEURL1,-3.94747278914536e-05
ROBO4,-3.9488378643998885e-05
REPS2,-3.95184737245066e-05
RASGRP4,-3.953016989401628e-05
LGALSL,-3.953547435447622e-05
MED12L,-3.956861949910956e-05
IFIT2,-3.957617667544978e-05
PLD2,-3.957916713959658e-05
AP1G1,-3.959211213519631e-05
SNX25,-3.959271697060539e-05
PICART1,-3.959388379119142e-05
HTR1E,-3.959451866067803e-05
UPK3B,-3.96010781128997e-05
PKNOX2,-3.9603979436764426e-05
AF127577.2,-3.960709377045903e-05
VWA3B,-3.961730699604059e-05
C1RL,-3.962139163270571e-05
SAXO1,-3.962375306500651e-05
GPSM1,-3.962524152845193e-05
DDHD1,-3.963144179068249e-05
SUPT5H,-3.963940309664178e-05
SLC25A48,-3.964068259864629e-05
ZNF503-AS2,-3.9659097915545024e-05
EPHB1,-3.972770312390463e-05
PCDHGA12,-3.9731880885773466e-05
EFCAB14-AS1,-3.97381288163575e-05
RNF165,-3.976614163201148e-05
UNKL,-3.979701281055909e-05
NR2F1-AS1,-3.979986182909016e-05
AP005131.5,-3.98137084186763e-05
POLR3D,-3.981543894004357e-05
SCN1A-AS1,-3.9828691102053405e-05
KIAA0040,-3.983443059889058e-05
ZNF154,-3.983589468387556e-05
ST3GAL4,-3.9844660444256345e-05
MYRFL,-3.985514379888444e-05
SORCS2,-3.985919208430349e-05
THNSL2,-3.985994924725337e-05
ABCC12,-3.986195800460506e-05
ARHGEF25,-3.987931104667312e-05
STBD1,-3.9899183644049856e-05
ZNF407,-3.992940861508637e-05
AP000897.1,-3.995020450164005e-05
ALDH1L2,-3.9953470962251655e-05
LRRTM3,-3.9961211171266846e-05
ADRA1D,-3.996463664097941e-05
ECI2,-3.997736043333348e-05
SEMA6D,-3.999772083603702e-05
BHMT2,-4.001214210832168e-05
FFAR2,-4.001228728291054e-05
RAD51-AS1,-4.001415080018245e-05
FCRL2,-4.0029169284276605e-05
TNKS2,-4.003065603382894e-05
IGHGP,-4.00323664391086e-05
CDH20,-4.003731685886558e-05
ALOX5AP,-4.006048401643959e-05
UBE2G1,-4.007917806886569e-05
C12orf49,-4.008349896025728e-05
SMUG1,-4.009131173373583e-05
ZCCHC24,-4.0096490709378015e-05
TNFSF11,-4.011183899208256e-05
SLC49A4,-4.014489464032604e-05
SLC9C2,-4.016012511824625e-05
LDHD,-4.016439239758384e-05
TGFBR1,-4.016808065072019e-05
MMRN1,-4.017305118785418e-05
SLC24A4,-4.01971408941731e-05
SPG11,-4.021045631913455e-05
FLT3,-4.022798049742596e-05
CLPX,-4.023943576778002e-05
LBP,-4.02434108100398e-05
TMEM200C,-4.0247262787217106e-05
AP001033.2,-4.028089660926576e-05
ECM1,-4.028449594699368e-05
PFKP,-4.028939338921359e-05
LGR5,-4.0308457400817953e-05
SOCS3,-4.031747349258493e-05
DTHD1,-4.033977746076826e-05
EPS8,-4.035428614405387e-05
ALDH3B1,-4.036067525453272e-05
PTCHD4,-4.036245740479009e-05
NIBAN3,-4.039262705061137e-05
ZNF224,-4.040047832309138e-05
AF279873.3,-4.042157626509516e-05
KCNE1,-4.0422865071485474e-05
COPB2,-4.043597734546711e-05
CBWD5,-4.044746077900026e-05
EFCAB9,-4.045204256701177e-05
SARDH,-4.047053008657367e-05
HSPG2,-4.047362141867513e-05
EPHA7,-4.049983471623015e-05
TMEM140,-4.05328569217686e-05
ETFRF1,-4.05577808246515e-05
CCDC130,-4.055792482578615e-05
SNX6,-4.056254256038714e-05
C22orf23,-4.057174959077408e-05
CNN3,-4.057321380170437e-05
MIATNB,-4.058649444386411e-05
TMEM200A,-4.058679173046679e-05
BICDL1,-4.060786046740953e-05
CXCR2,-4.0613318347281606e-05
SULT1C4,-4.062885429654451e-05
NFIA-AS2,-4.0643297646972455e-05
GPRC5D,-4.065872705391464e-05
SNAI2,-4.065885641574807e-05
GPR132,-4.068652718247255e-05
INMT,-4.070789148493987e-05
GMPR,-4.071805741508831e-05
SLC4A3,-4.0721754786974416e-05
MAP4K1,-4.0732109269657005e-05
ECHDC3,-4.073594011542294e-05
PEX11G,-4.076065021506034e-05
MAGED2,-4.0761824051795305e-05
SLC16A2,-4.077305941145675e-05
ELL,-4.0773421119124514e-05
DIO3OS,-4.077721114754232e-05
PTPN6,-4.078164837943795e-05
ADAMTS3,-4.08286681952521e-05
CATSPERD,-4.0877722304159215e-05
ITPRID1,-4.089576877909515e-05
ADTRP,-4.089827566143338e-05
MEF2C-AS2,-4.090189748722076e-05
RYR2,-4.0906571439918345e-05
SERPINB6,-4.091512571055821e-05
CEBPD,-4.094026876296606e-05
MMP19,-4.094280649484249e-05
TMEM9B-AS1,-4.094915132480296e-05
TRIM5,-4.096542481715938e-05
SYT11,-4.097031869566646e-05
H2AFY2,-4.098255295142588e-05
OSBPL1A,-4.0984180292396734e-05
SECTM1,-4.0999488134552125e-05
ZNF518B,-4.101276218810752e-05
TTC37,-4.101556440287914e-05
PLEK,-4.102977275764539e-05
RNASEL,-4.1045668641301294e-05
DEF6,-4.106611025269327e-05
ATAD3C,-4.107571508037867e-05
ASAH1,-4.108005345321421e-05
HUNK,-4.1082111641422666e-05
SLC8A3,-4.109820655682279e-05
RIMKLB,-4.110355992822067e-05
HTR2A,-4.111073344390636e-05
PRELP,-4.1136238084247217e-05
RNASE4,-4.11544540451398e-05
FRMD6,-4.116868454313442e-05
FNIP2,-4.118128900930338e-05
MICALL2,-4.12278517516888e-05
MARF1,-4.122807310894948e-05
GOLGA6L9,-4.124942230200694e-05
NBAT1,-4.124949861233601e-05
ARSJ,-4.127045548966328e-05
RSF1,-4.127650320759914e-05
ZFP30,-4.128022763873103e-05
TRPC6,-4.131656308460232e-05
ZNF609,-4.132067108619587e-05
LPAR2,-4.1321431925098e-05
PTGER3,-4.132788816431546e-05
SERPINF1,-4.135413651621238e-05
ICOS,-4.135838551095033e-05
IFNLR1,-4.136475159574047e-05
SUCNR1,-4.137274290315894e-05
AJ011931.2,-4.139181056640822e-05
FAM151B,-4.139663470799196e-05
TTTY10,-4.141350191243989e-05
NOMO2,-4.142431284065492e-05
AFF2,-4.143367544909911e-05
SHROOM1,-4.145546288446278e-05
SFRP4,-4.146010021931599e-05
PRMT9,-4.1494132044926255e-05
NTRK3,-4.149445879699727e-05
LINGO2,-4.149714504924383e-05
SMARCA1,-4.15033771780379e-05
FCMR,-4.150550174980727e-05
STAU2-AS1,-4.15156367767835e-05
PNKD,-4.152756084704472e-05
NPPA,-4.1542317471239554e-05
LMLN,-4.1552755378532265e-05
RNF14,-4.156350791951873e-05
SRGAP3,-4.1598929810086e-05
HEATR5A,-4.1604964812293904e-05
DBP,-4.162391890507916e-05
SPACA6,-4.1629853519090905e-05
CNTN4-AS2,-4.16298772771132e-05
SLC6A7,-4.163449900127788e-05
TOM1,-4.166268144860612e-05
ARRB1,-4.1675514079171576e-05
TAPBPL,-4.167595560510107e-05
LMX1A,-4.16775045886138e-05
PRPF18,-4.169862114759144e-05
FAM171B,-4.170010366400057e-05
CCDC174,-4.171042048034048e-05
FLG-AS1,-4.171394660965237e-05
ST6GALNAC5,-4.171643481732741e-05
GRIK1,-4.177430089976589e-05
CNTNAP5,-4.178911543056576e-05
RAB40B,-4.179054279546952e-05
GBP5,-4.181105752505782e-05
CPAMD8,-4.182427523775163e-05
GGA1,-4.182441785713242e-05
PTTG1IP,-4.183603091655099e-05
GSN-AS1,-4.1865827900446495e-05
KCTD7,-4.187126416270862e-05
RGS18,-4.188086762656172e-05
F2RL2,-4.189985981340366e-05
CLK4,-4.190138930241515e-05
UPK1B,-4.190305569516211e-05
SLFN12L,-4.1937596307063e-05
GPR158,-4.193997459689523e-05
CEACAM21,-4.1941653115885766e-05
ZNF444,-4.1952679197632e-05
KCNK15-AS1,-4.1976220472363015e-05
AAMDC,-4.200185622833235e-05
C22orf34,-4.200638073623214e-05
CD93,-4.200704937646644e-05
SPATA12,-4.2014534307204114e-05
TRIM33,-4.2022250672704814e-05
VPS35L,-4.202765424992241e-05
TBC1D10C,-4.204160388860828e-05
ARHGEF17,-4.207277603344036e-05
CNGB3,-4.207719953525802e-05
ELMSAN1,-4.209823423973112e-05
SOCS2,-4.210818463140283e-05
ETV6,-4.213169232311147e-05
CTBS,-4.216436917624282e-05
GCN1,-4.216831718044048e-05
NAF1,-4.220049317222223e-05
CLK3,-4.222845034800023e-05
ZNF790-AS1,-4.2232431863086e-05
ARHGAP6,-4.22397781308522e-05
Z93930.2,-4.225341590922571e-05
SCAT1,-4.229870063069567e-05
CHMP2B,-4.230473424908677e-05
CCDC159,-4.231134115716358e-05
STIM1,-4.232670722265165e-05
THSD7B,-4.234090490577442e-05
LZTS1,-4.234519474140827e-05
PPP1R3A,-4.235005863441262e-05
LMNTD1,-4.2370871904243536e-05
CCDC60,-4.239148310730633e-05
SMIM15-AS1,-4.24105116193741e-05
PCP4,-4.241092170943096e-05
ANO3,-4.243923736088213e-05
SV2C,-4.244028473032196e-05
CD209,-4.2467464472517236e-05
AMY2B,-4.24914448007976e-05
C9orf106,-4.250920641243e-05
COL19A1,-4.251281298238924e-05
ABHD17B,-4.2515107405415984e-05
WLS,-4.252921591276832e-05
CDH2,-4.25477417431613e-05
ELOVL4,-4.255197468451177e-05
STAM,-4.255260963888977e-05
GOLGA8M,-4.255624318938799e-05
MAL,-4.255929828904503e-05
MOV10L1,-4.257834884227241e-05
SERPINB9,-4.258234392188026e-05
ZNF763,-4.260027030549859e-05
CAPN9,-4.261896546622987e-05
TMEM94,-4.2620232064731176e-05
CHD2,-4.263205044145135e-05
CREB1,-4.266024537561149e-05
FAM151A,-4.266858056482491e-05
TMEM26-AS1,-4.2673907744923326e-05
HELQ,-4.268359905271143e-05
KRT80,-4.2696684332854495e-05
VRK3,-4.27139278536315e-05
RYR3,-4.2720029198015375e-05
ECSCR,-4.2722585537995344e-05
NR4A3,-4.273257091212967e-05
SEPTIN9,-4.274117489527119e-05
DGKI,-4.2746086398138285e-05
ACADVL,-4.274643194109792e-05
STAT5B,-4.274643781426621e-05
KLK11,-4.27491427769452e-05
RND1,-4.276185421974563e-05
APOBEC1,-4.276220397102848e-05
HTR3E,-4.278289758672295e-05
CPEB1,-4.2793541319167966e-05
FGL2,-4.2811159132724976e-05
NPLOC4,-4.2811208971942615e-05
TNFRSF11A,-4.281358187582051e-05
RUFY3,-4.2817670814777234e-05
RAB6B,-4.281990350795176e-05
SIGLEC9,-4.2822772523619806e-05
RBMS3-AS3,-4.283463656481093e-05
SLAMF1,-4.2835926937256544e-05
NCDN,-4.284332763741874e-05
HIF1A,-4.285336441183108e-05
SMG6,-4.286167617490584e-05
GAL3ST1,-4.286467839163093e-05
KIF5C,-4.2900948295022205e-05
IL4R,-4.294819897971558e-05
MMP14,-4.2968973777979705e-05
FBXW11,-4.2977947778046175e-05
USP49,-4.297881498263125e-05
ACOXL,-4.298517941233821e-05
PYHIN1,-4.2985450108532006e-05
DCHS2,-4.301734571211125e-05
KMO,-4.302504878530717e-05
LEMD1,-4.303224188230402e-05
SFSWAP,-4.303277627427739e-05
ZNF583,-4.303479088197728e-05
FAM13B,-4.303555338648714e-05
ANO1,-4.303900454241915e-05
NCAM2,-4.305285731581601e-05
PAQR6,-4.305644578424931e-05
BCL6,-4.305904652252992e-05
KLF7,-4.3068681906720016e-05
ZSCAN9,-4.308641609997059e-05
ADAM29,-4.309853159208329e-05
DTX2,-4.312518863862135e-05
KCNJ3,-4.314972326690537e-05
HLA-DPB1,-4.315782220459024e-05
TRAF6,-4.316142527397322e-05
ZNF772,-4.3162542557497686e-05
TRPV1,-4.317962157983404e-05
ADARB2,-4.319355486093544e-05
EPG5,-4.319824706557708e-05
BCAR1,-4.322011274837916e-05
LPIN3,-4.322621327131423e-05
FAM135B,-4.324071438790848e-05
SCN7A,-4.324336146688199e-05
DDHD2,-4.3255963316565777e-05
NPC1L1,-4.3261875442189e-05
GRM1,-4.326939810028063e-05
CMKLR1,-4.327005697603079e-05
GALR1,-4.327267264232861e-05
RNF213-AS1,-4.33253146464428e-05
FNDC3A,-4.333150344818948e-05
RAB27A,-4.333795566434989e-05
NEXMIF,-4.334681118436989e-05
NRP2,-4.3350377724774686e-05
PPP1R3C,-4.335422424712538e-05
DACT1,-4.336421247838467e-05
EXTL3,-4.3364332788897656e-05
PDE10A,-4.3376569225701615e-05
STXBP2,-4.338079672502383e-05
MKRN3,-4.340237802783592e-05
F10,-4.340624592840845e-05
RSPH3,-4.341135874912248e-05
PRMT8,-4.341365540808208e-05
DLGAP2,-4.343233225607468e-05
PRKCZ,-4.3438912868968446e-05
C2CD4C,-4.34390588174297e-05
INO80C,-4.344575816192763e-05
GALNT17,-4.344609200966239e-05
IL7R,-4.346170401139778e-05
GEM,-4.347735813037157e-05
ATP11A,-4.349072956673272e-05
GDPD5,-4.3490839094995e-05
TBILA,-4.349268851233087e-05
HLA-DMB,-4.34971886437552e-05
BMS1P14,-4.349786545870166e-05
CAMTA1,-4.350368554498853e-05
MOGS,-4.350417895980583e-05
AP3S1,-4.3506947000560265e-05
NIPAL3,-4.352632333333335e-05
DNASE1,-4.353956539802188e-05
PLET1,-4.356663531605876e-05
TEX11,-4.358050188813145e-05
C9,-4.359461490868714e-05
CACFD1,-4.36084870498839e-05
ID4,-4.361133943816836e-05
LILRB4,-4.361523132366334e-05
FCN3,-4.3618862263996046e-05
GJA4,-4.362086857492882e-05
STN1,-4.362281526402194e-05
RFX3,-4.3624638228662405e-05
USP25,-4.364810440381635e-05
EGOT,-4.3665330278273504e-05
CAB39L,-4.367225250842231e-05
TEK,-4.369983353676072e-05
REL,-4.370848321559576e-05
HSPA12B,-4.3715567025224975e-05
DPYD-AS1,-4.372853615317748e-05
ZNF804B,-4.373270393157253e-05
TLR2,-4.3741275296651097e-05
MTHFR,-4.374711178076341e-05
ZNF19,-4.3747511597467447e-05
AHRR,-4.375992999257839e-05
CLEC5A,-4.376551920057839e-05
RBPJ,-4.376985858420714e-05
SAMHD1,-4.378427041915375e-05
GPT2,-4.379117647045466e-05
KLF12,-4.379134950639877e-05
CNGB1,-4.3799342593157055e-05
AKAP3,-4.380205109668518e-05
CHN1,-4.381040365572848e-05
STEAP2-AS1,-4.382583438795291e-05
CABCOCO1,-4.383497249455955e-05
ACHE,-4.384301869799084e-05
CACNA1A,-4.385207527411657e-05
GJA5,-4.38546810754664e-05
XIAP,-4.388686421504859e-05
RTL8A,-4.390332259016815e-05
PHF1,-4.392080472494251e-05
BICRAL,-4.394859614025502e-05
ZBTB4,-4.397042748269793e-05
CD3G,-4.3980031538847545e-05
CASC17,-4.398339892699819e-05
HS3ST3B1,-4.398480380585794e-05
MACROD2,-4.398872150050626e-05
CD200,-4.401705619305204e-05
VPS37A,-4.403667659267324e-05
IL16,-4.404922489205454e-05
CALCOCO2,-4.40529392660989e-05
SHOC1,-4.406014759182041e-05
LRRFIP2,-4.4074445907377854e-05
DOK2,-4.4076427054180006e-05
ROR1-AS1,-4.407745365526263e-05
ERV3-1,-4.40777005714495e-05
SNTG1,-4.408760111068624e-05
ACER2,-4.409522540329232e-05
SGK3,-4.411207266787167e-05
ADAMTS14,-4.412445246746054e-05
MUC16,-4.412809543776554e-05
FAM189A2,-4.413712775377495e-05
PRKY,-4.417010802107614e-05
ZNF43,-4.417147544995214e-05
NOTCH4,-4.417224105062903e-05
CCDC92,-4.421130828980665e-05
ACOX3,-4.4218099628320096e-05
SELL,-4.4218647886832666e-05
CSF2RB,-4.42284574142276e-05
CAST,-4.424617655396724e-05
COL23A1,-4.4247516160106456e-05
MME-AS1,-4.426795065641902e-05
SOBP,-4.427041416152305e-05
BCL6B,-4.433596206677552e-05
TAGAP,-4.434624083522181e-05
CHST1,-4.434741003109877e-05
ZNF717,-4.434814361061557e-05
SNX16,-4.436053494785187e-05
CORO2A,-4.436940880793973e-05
TRPM6,-4.437792561541244e-05
GNG2,-4.439376465407487e-05
GALNT4,-4.439454072879753e-05
TMEM221,-4.4403185704105856e-05
ITIH5,-4.4405788159559386e-05
TCF21,-4.442235610344277e-05
GALC,-4.4433215740287166e-05
NLGN4Y,-4.443482827912424e-05
PPFIA2,-4.444502520349168e-05
VPS53,-4.445474448880924e-05
SPON1,-4.447003225431459e-05
ABHD13,-4.447908102087944e-05
TOX,-4.448012239439871e-05
CLEC19A,-4.448434406996389e-05
LSP1,-4.448846167338428e-05
SNX31,-4.452494575728794e-05
PAIP2,-4.454686539929346e-05
TNNI3K,-4.455710562357769e-05
TSPAN5,-4.460544788802916e-05
EYA4,-4.462711228796578e-05
AQP4-AS1,-4.463316127128955e-05
PCTP,-4.464783543559953e-05
IL18RAP,-4.4712057883448856e-05
VEGFD,-4.4731671071007177e-05
CDKN2B,-4.475126915004248e-05
SVOPL,-4.475575471643372e-05
NPTN,-4.480881056668599e-05
MFAP4,-4.48521279580556e-05
BCL2L2-PABPN1,-4.485479824097465e-05
NCF4-AS1,-4.4861137225332385e-05
GPX3,-4.486791037680688e-05
IGFBP6,-4.490916988081359e-05
GNAL,-4.4911351372711855e-05
MIR663AHG,-4.4918487158148585e-05
RCBTB2,-4.4954970269089374e-05
STX17,-4.498280547031307e-05
HTR7,-4.498754008542503e-05
PRKAA2,-4.498763763101155e-05
ZNF274,-4.502539798391464e-05
EMID1,-4.505629992546637e-05
CSRNP2,-4.509128989332378e-05
COL6A3,-4.509699446377909e-05
UCHL1,-4.510658541186381e-05
FRRS1,-4.510997274999608e-05
ZSCAN18,-4.512207385322931e-05
SH3BP5,-4.514098270730302e-05
SNCA,-4.515147582552609e-05
SMAD1-AS2,-4.5163625034946e-05
UNC13D,-4.5169041806550464e-05
RNF222,-4.516958891661909e-05
MPZ,-4.5171877491987565e-05
PIK3CB,-4.517445444686919e-05
NSF,-4.5176349228321936e-05
FAM160B1,-4.519515542387676e-05
SLC8A2,-4.524514766849069e-05
OBSL1,-4.5245813947580456e-05
BATF2,-4.5255930996357074e-05
ZNF618,-4.525708630647803e-05
GTF2IRD2,-4.526835007454568e-05
ESCO1,-4.5272768656299305e-05
GLS,-4.5273551329645584e-05
GK-AS1,-4.52784801183604e-05
PCDH18,-4.528795602921164e-05
MIR200CHG,-4.529876531602757e-05
FAM228A,-4.530044513492648e-05
VAT1L,-4.53103466592905e-05
NOX4,-4.53285250932111e-05
ABI3,-4.534277565631127e-05
POU2F3,-4.534860974870408e-05
TRPV3,-4.535690143350935e-05
KCTD10,-4.5362918663071664e-05
AP000424.1,-4.537704841577919e-05
C21orf62-AS1,-4.537837327253544e-05
CPXM2,-4.5409160771872295e-05
RASAL3,-4.542658714833943e-05
GUCY1A2,-4.5431464687472176e-05
SESN2,-4.543444837945488e-05
HHAT,-4.544012565444656e-05
CACNA2D3,-4.544695336164684e-05
UBE2R2,-4.545782659974995e-05
MRPS30-DT,-4.548732705129382e-05
MEFV,-4.550577176059843e-05
RXFP1,-4.554299860206724e-05
MMAA,-4.560942437356029e-05
AP003086.1,-4.5658375979641926e-05
USH2A,-4.566318862679484e-05
UBXN4,-4.569320283230653e-05
SRCIN1,-4.5707396079947074e-05
VLDLR,-4.574373558014704e-05
SLCO5A1,-4.57652220394669e-05
DLGAP4-AS1,-4.576795622083329e-05
CLDN16,-4.577313599942242e-05
CCM2L,-4.578888084666322e-05
KCNH7,-4.579926156516651e-05
PITRM1,-4.579927360366245e-05
C12orf74,-4.581996760347176e-05
AP005329.3,-4.58334009704408e-05
UBE2QL1,-4.587951203417677e-05
AMDHD1,-4.588494439204067e-05
APOL4,-4.590421243085528e-05
RSPO2,-4.594352765584435e-05
SCO2,-4.595085844244954e-05
ITGAL,-4.596795069301146e-05
AP001437.1,-4.599669744985377e-05
MEI1,-4.59968907653686e-05
SRSF5,-4.60001325208317e-05
DHH,-4.602184662078656e-05
BATF3,-4.602269093003172e-05
VPS9D1,-4.602550758866971e-05
ADAMTSL2,-4.6028612608861134e-05
PDE2A,-4.6051730594710506e-05
FASTKD1,-4.606260135999981e-05
ERBB4,-4.606412073953799e-05
KLHL33,-4.608646027586313e-05
AP006284.1,-4.609473476898484e-05
OSBPL8,-4.612852382473735e-05
ZNF439,-4.614714255886684e-05
FAM122C,-4.619484242775769e-05
XACT,-4.619720311369166e-05
RIMS3,-4.619873744447902e-05
IRAK3,-4.621126560435733e-05
IFIT3,-4.621137490126738e-05
AP000692.1,-4.623082099849095e-05
NOXRED1,-4.6247891284442754e-05
SEC24C,-4.625220126254866e-05
ZFP14,-4.625942830626104e-05
IGF2R,-4.627104244189659e-05
RC3H1,-4.627824457650995e-05
CRIM1,-4.627854747597371e-05
AKAP17A,-4.628517805191523e-05
SLC2A12,-4.629746448158796e-05
RASIP1,-4.629801284833256e-05
PRR26,-4.631095937744885e-05
SCN9A,-4.6317624206144656e-05
MID2,-4.632212809767379e-05
PXDNL,-4.632403196534767e-05
LASP1,-4.632817784406248e-05
TMEM39A,-4.63370020648331e-05
USH1C,-4.634132155178567e-05
TRNP1,-4.635475557842856e-05
CSNKA2IP,-4.636413341940588e-05
SDK2,-4.637032620865265e-05
PPP1R1C,-4.6389823590912136e-05
LLGL2,-4.6393420916443655e-05
C14orf132,-4.639588895216987e-05
DPP6,-4.640575021380682e-05
CTNND2,-4.64340744538029e-05
SNCG,-4.6457366890317144e-05
SEMA4A,-4.647005326193655e-05
PRRT2,-4.647192094358608e-05
GRAMD4,-4.64772364122488e-05
ZPLD1,-4.649857957780907e-05
AF064858.1,-4.650324949526279e-05
EBF2,-4.652226522220123e-05
RING1,-4.654455961903904e-05
DNAJC5B,-4.656790817995827e-05
TRAPPC10,-4.657617012505135e-05
HSD17B6,-4.659997066220936e-05
SLC45A1,-4.661966114198253e-05
CLDN5,-4.664793900570627e-05
KCNIP2,-4.66608986600777e-05
LOXL2,-4.666450281678204e-05
CLN8,-4.666685402978448e-05
C5orf30,-4.6678066078504704e-05
C4orf50,-4.6700195237677096e-05
MFGE8,-4.6704127202498337e-05
CEACAM5,-4.670456774462875e-05
SYPL2,-4.671188043091774e-05
ANKRD22,-4.6725187292772367e-05
GGT5,-4.676330033623677e-05
ZNF529-AS1,-4.6768280225294e-05
TRBC1,-4.6770561898209976e-05
CDK7,-4.679135569319874e-05
GPR171,-4.679316367757981e-05
LPAR6,-4.679678356691544e-05
UBA7,-4.6799540237655165e-05
PROM1,-4.6823484372387416e-05
CMTM2,-4.683063889049649e-05
ADAMTSL1,-4.684002843669425e-05
RGSL1,-4.684106516584364e-05
ZNF385D,-4.687586132100863e-05
ZNF513,-4.6878273257724026e-05
PDE11A,-4.68800728182132e-05
TMEM106B,-4.691285981875958e-05
HRH2,-4.6915121364446346e-05
C2,-4.693136903682894e-05
SPART-AS1,-4.6945282620546105e-05
DSCAM,-4.6981447030983726e-05
RBMS2,-4.698516737899861e-05
SLC6A1,-4.698984335543306e-05
AFAP1L1,-4.699186540430816e-05
POFUT2,-4.700206663439204e-05
LITAF,-4.702929584813241e-05
FPR3,-4.703593361006603e-05
FAM219A,-4.703802709725416e-05
PTPRQ,-4.7055921511264623e-05
WIPI2,-4.713373256407979e-05
FER1L5,-4.715665646247244e-05
ICA1,-4.715871293091516e-05
LRP12,-4.715874554619088e-05
WIPF2,-4.717347460848451e-05
PDCD4,-4.723894865832785e-05
HDC,-4.724402485959182e-05
CDH11,-4.725093114310239e-05
SLC6A8,-4.727398816321272e-05
GADD45B,-4.729749775485858e-05
ZNF561,-4.731104641881507e-05
SLC22A6,-4.7330561271219845e-05
TRO,-4.7357399553219016e-05
TPCN2,-4.73588083618244e-05
GPM6A,-4.738808110325941e-05
CD248,-4.739606701850998e-05
TTC32,-4.740299509100306e-05
TSPOAP1-AS1,-4.741440484828531e-05
PIK3C3,-4.742281815775491e-05
INSC,-4.744162302345903e-05
PTCHD1-AS,-4.745414842578736e-05
RERG,-4.7471872681042495e-05
TBC1D8,-4.748795024928557e-05
ZNF711,-4.749068219506926e-05
PSME4,-4.749232402654359e-05
SPANXA2-OT1,-4.750245537572995e-05
SOX18,-4.753015658619535e-05
GLB1,-4.756455314717553e-05
TRAPPC6B,-4.758101285167149e-05
ANO5,-4.759943078902026e-05
TMCO4,-4.760011112972892e-05
KIAA1614,-4.76032123882039e-05
SLC10A1,-4.76282265888065e-05
SMOC2,-4.763476707939827e-05
RNF122,-4.763640303465481e-05
TSHR,-4.767648293757239e-05
CLEC7A,-4.771270830753082e-05
SPAG17,-4.775087235469913e-05
LRRTM4,-4.775851073323848e-05
COL9A2,-4.77618495473398e-05
SLC16A12,-4.776252773874142e-05
RAB3B,-4.776997216860753e-05
MICU2,-4.781350474192671e-05
CDK15,-4.783748198083727e-05
CDA,-4.7880295240865226e-05
DPH6-DT,-4.791825810313977e-05
CDKL3,-4.79263832339815e-05
CDH5,-4.792671060587656e-05
RBM5,-4.795639176577431e-05
FUT6,-4.79581858923739e-05
TVP23C,-4.796035434173604e-05
IL21R,-4.796236871618024e-05
BMX,-4.796887201821566e-05
KLHL6,-4.798656909248299e-05
SORCS3,-4.7989288816425085e-05
BMP8A,-4.8004762550288e-05
PITPNC1,-4.8062177002633547e-05
LHFPL3,-4.806380357858674e-05
SH3BGR,-4.807145885761008e-05
KCNC3,-4.808615755565896e-05
GBA2,-4.813180115780735e-05
ZNF433,-4.81418202997197e-05
FAM174B,-4.816702533048831e-05
LGALSL-DT,-4.817094360710056e-05
CSPG4,-4.8184085505103647e-05
DIP2C,-4.8195275281034135e-05
DPF3,-4.820696747315042e-05
ATP6V1H,-4.8216656686903735e-05
PRTG,-4.822151949680604e-05
CTNS,-4.8234467053508776e-05
ASGR1,-4.82415062932322e-05
GLYATL1,-4.824288743457756e-05
C15orf65,-4.8249403813081984e-05
SLC26A8,-4.825868724439944e-05
ALDH2,-4.8278142666154966e-05
SLC35F5,-4.829325975574124e-05
TRPC5,-4.82952208853818e-05
RGPD8,-4.832147905268117e-05
BROX,-4.832603567648424e-05
TXNDC11,-4.833345867085401e-05
HNRNPLL,-4.833406155531385e-05
DEPP1,-4.833937423474371e-05
OGFRL1,-4.834369752620538e-05
LONRF2,-4.834843973617699e-05
BAALC-AS1,-4.8368977656391e-05
PTPN7,-4.838241095954185e-05
TBC1D9,-4.840624118772178e-05
MAFB,-4.840703349162554e-05
DPY19L2,-4.8439555009955605e-05
KLHDC1,-4.847297500407442e-05
GOLGA5,-4.848637077678711e-05
CYP1B1-AS1,-4.851931790407223e-05
KCND2,-4.85321100376588e-05
MIR3681HG,-4.853758550633416e-05
BEAN1,-4.854339654421194e-05
ZNF385C,-4.854620866523168e-05
ATRN,-4.855111123676694e-05
ARHGAP23,-4.856966965591335e-05
FAM3D,-4.857849641406775e-05
TBRG1,-4.858842709312904e-05
CD274,-4.8598220711192986e-05
EPDR1,-4.860430659480124e-05
FAM124B,-4.860631613261114e-05
ADGRE2,-4.861102758399647e-05
PIEZO2,-4.862352421867765e-05
ENTPD3,-4.86368759022414e-05
CDH18,-4.864404175162796e-05
IL19,-4.866293654649245e-05
WASF3-AS1,-4.867886042230848e-05
PRKAR1A,-4.8709297801582965e-05
KLRD1,-4.871966897409224e-05
OR9Q1,-4.8748350727532494e-05
ITCH,-4.875397775986881e-05
HLA-DRB1,-4.876364557827512e-05
INTU,-4.877360007628988e-05
ZNF536,-4.8788095000904944e-05
PRKD3,-4.879177826704502e-05
ATP6V1C1,-4.883652070731881e-05
ARHGEF7,-4.88758397710378e-05
C1QC,-4.888544793360437e-05
KRT15,-4.889318403825084e-05
GML,-4.8905679720422166e-05
GBE1,-4.890569434552121e-05
LHFPL3-AS1,-4.891485808731902e-05
MINK1,-4.891963675170917e-05
EXOC7,-4.893450875132607e-05
PARVA,-4.893612603147483e-05
GAMT,-4.893877414335781e-05
TUB,-4.895171413804025e-05
CYSLTR1,-4.902069356902444e-05
NCF2,-4.902924427643463e-05
FMO2,-4.9043244315215246e-05
SEL1L,-4.904336935706736e-05
TMEM260,-4.9044381331541e-05
ZNF350,-4.9053106071244445e-05
MARCH2,-4.905691165400051e-05
USP54,-4.90612026017637e-05
EMCN,-4.907357637028245e-05
ANKRD55,-4.908730805382942e-05
PALM3,-4.909171571930387e-05
NCOA7-AS1,-4.910110308943172e-05
GFPT1,-4.91088640099872e-05
ADGRG2,-4.911537290421416e-05
CYP46A1,-4.9123181606243854e-05
ARAP1,-4.9127111433614e-05
BTG2,-4.913461433615544e-05
SERTAD1,-4.913778086414425e-05
EIF2AK3,-4.915835881940494e-05
LENG8,-4.9176786840773e-05
CCDC62,-4.919669130018971e-05
ACP5,-4.920041599210013e-05
VAV3-AS1,-4.9205893035005415e-05
SPOP,-4.920712665186029e-05
VWA5A,-4.920925172002259e-05
NLRP1,-4.9209554859614576e-05
UBXN2B,-4.921421813434053e-05
CDK13,-4.922568378362701e-05
CCN4,-4.9244976456905206e-05
TBXAS1,-4.924601393126656e-05
RABGEF1,-4.9257068903338885e-05
SEC24A,-4.927859411904037e-05
HCLS1,-4.928377026579833e-05
CUBN,-4.9292766106866864e-05
TPST1,-4.931806423535594e-05
SLC1A1,-4.931947154763486e-05
AIM2,-4.932364603435042e-05
ERICH5,-4.932391770354832e-05
SLC26A4,-4.932893718401481e-05
FIG4,-4.936524040698862e-05
AOAH,-4.94261611711439e-05
HLA-DQA1,-4.943259041532108e-05
NLRP2,-4.943318012169828e-05
ZBTB20-AS2,-4.944187606434432e-05
GNA14-AS1,-4.944398880735371e-05
AP002370.2,-4.94469998401409e-05
TDRD10,-4.946430706731896e-05
ERCC1,-4.948301777810298e-05
FHL1,-4.9488118163087535e-05
AVIL,-4.9527189115480974e-05
STEAP4,-4.954207967164528e-05
CIR1,-4.9577922788122136e-05
CYP39A1,-4.9579845153827694e-05
USP30,-4.959221820169867e-05
PLSCR1,-4.9595466198616e-05
CELF5,-4.960185587319223e-05
ANKRD17,-4.9604123171958366e-05
CSMD2,-4.960714446436041e-05
SMAP1,-4.961255483709816e-05
LXN,-4.963258273152789e-05
C11orf96,-4.9647198190125526e-05
ARHGEF11,-4.9673281771871335e-05
ZNF251,-4.967793046833158e-05
GRIN2B,-4.967915403178397e-05
TTC33,-4.967969816915437e-05
MT1X,-4.968611924981643e-05
NFAM1,-4.968896444224795e-05
PAN3,-4.969449530413256e-05
STPG4,-4.972655797865507e-05
ANKRD6,-4.976034182588097e-05
GPR85,-4.9764879496984735e-05
HLA-DQB1,-4.977498040413553e-05
TENT2,-4.978418791647933e-05
PRKCQ-AS1,-4.980682740838693e-05
TTC3,-4.982135275520714e-05
PPP1R13L,-4.985202099440908e-05
GOSR2,-4.9852506866086303e-05
APOL3,-4.985630286910072e-05
CD4,-4.986951836916428e-05
KANK1,-4.987092022378728e-05
STON1-GTF2A1L,-4.987908835935973e-05
DOCK4-AS1,-4.988051627834776e-05
DYNC1H1,-4.988849406967578e-05
IMPG1,-4.993655080578725e-05
NUTM1,-4.998359682664088e-05
C1QTNF7,-5.000047539344336e-05
TMEM130,-5.001101798961112e-05
IGFBP3,-5.00253922360606e-05
ANOS1,-5.002615005726365e-05
INSL6,-5.0035176442108006e-05
WDFY1,-5.0045428107180354e-05
LTBP3,-5.0056970187013135e-05
OLFML2B,-5.006010220983863e-05
PCDH12,-5.007215708230861e-05
STX17-AS1,-5.0081783842408e-05
LONRF3,-5.008546872517989e-05
P2RY8,-5.011684080842674e-05
DOK5,-5.01222032403337e-05
PLEKHA4,-5.013738799345578e-05
SRC,-5.014605358252468e-05
PPP1R15B,-5.0147431286022425e-05
KCNMB2,-5.017972087962364e-05
ZSCAN31,-5.018185543195221e-05
TTC7A,-5.019083352076264e-05
SLC15A3,-5.022111937010876e-05
CD5,-5.02269434793176e-05
FSIP2,-5.023206219441619e-05
RDH10-AS1,-5.024431745932195e-05
FIGNL2,-5.025500019735168e-05
CCSER2,-5.0260238437889e-05
MMP2-AS1,-5.026826230408416e-05
SPPL2A,-5.0284267845595504e-05
SPSB4,-5.029512431224197e-05
MN1,-5.030288945900457e-05
ZNF720,-5.031646559340768e-05
GALNT14,-5.032534647866278e-05
PLEKHH3,-5.0348225648882215e-05
HMGN4,-5.035170078542303e-05
SPI1,-5.035278843287937e-05
ZNF529,-5.035406903211108e-05
NLRP5,-5.037570573206619e-05
ANKRD7,-5.038182104087785e-05
NAGPA,-5.039744887466247e-05
XKR3,-5.041788031265748e-05
RBPMS,-5.043139549129613e-05
C2orf27A,-5.0475727236538784e-05
ZNF638,-5.047895605165634e-05
CTDSP2,-5.048052967953831e-05
MIR646HG,-5.0498590513864176e-05
DNHD1,-5.050536521391839e-05
DNAJC27-AS1,-5.052923415419028e-05
RAB18,-5.053098097364776e-05
EFCAB6-AS1,-5.053748039738224e-05
TLL1,-5.055240712546213e-05
HLA-DPA1,-5.055562693207857e-05
PRDM6,-5.056686777157391e-05
ZNF528,-5.056856171777488e-05
ALG13,-5.05760636325012e-05
AP001439.1,-5.057718735834522e-05
GRIP2,-5.059709820716025e-05
TMEM88,-5.060513045585702e-05
GAU1,-5.063979707039618e-05
PGR-AS1,-5.064859259919273e-05
RAB40A,-5.0653418575799805e-05
PWRN4,-5.06536225681455e-05
GPBP1L1,-5.067096024508327e-05
IFI35,-5.0693336103066186e-05
NPAS1,-5.0703371372448566e-05
CTTNBP2,-5.071024311851735e-05
ZFYVE27,-5.071729737525841e-05
ARPC2,-5.0718129841267896e-05
LIN7A,-5.07295356355309e-05
MIR210HG,-5.0739650753248587e-05
LIMS2,-5.078320129713706e-05
DIAPH2,-5.079733276916262e-05
MAGI3,-5.080052049972825e-05
LUZP2,-5.080153449487891e-05
ASS1,-5.081411937988187e-05
UBA6-AS1,-5.081726836182417e-05
FCHSD1,-5.083588822707249e-05
DHRS7,-5.084547204544764e-05
OVGP1,-5.0851498522144645e-05
FAM162B,-5.0861796062499977e-05
ZNF471,-5.0881675376676015e-05
ARL8B,-5.090247986113853e-05
NDEL1,-5.091121013014511e-05
ATXN3,-5.093363501636974e-05
CD247,-5.096601433621416e-05
ACKR2,-5.098553854454688e-05
ZNF556,-5.098876585243357e-05
MEI4,-5.0989878136656336e-05
TES,-5.099132869711483e-05
EML6,-5.100095076301113e-05
GTF2IRD2B,-5.100703227090985e-05
RIPK4,-5.1029213112308e-05
FAM153CP,-5.1081492419963855e-05
NAV3,-5.1084025950951024e-05
APOD,-5.1085589625934384e-05
KLHL4,-5.109440431958263e-05
NWD1,-5.110181789696319e-05
CAMK1G,-5.110360056724028e-05
KIAA0408,-5.110674459036838e-05
ADCY2,-5.111508131703679e-05
CFAP100,-5.116191023079943e-05
AP002026.1,-5.116835773303187e-05
COLEC12,-5.117784711124936e-05
RWDD3,-5.1181286403788194e-05
MGAT4A,-5.119134599508134e-05
SEMA3D,-5.119498445391137e-05
DPYSL3,-5.122496787134838e-05
NXPH1,-5.1236097488576784e-05
DLEU7,-5.124694142714973e-05
MFAP3L,-5.127264807953649e-05
VGLL3,-5.129200114155216e-05
HS1BP3,-5.1304803978230326e-05
ZNF266,-5.131682356886023e-05
GGT7,-5.134017971030859e-05
TBX2,-5.134757300660628e-05
SCN1B,-5.135463372209001e-05
CSRNP1,-5.137354311051704e-05
SGSM1,-5.1401812179824105e-05
GPR174,-5.142997542738473e-05
CNTN5,-5.14360185813324e-05
LILRB1,-5.1450549399838906e-05
TTPA,-5.145057177096735e-05
PGR,-5.14515404363448e-05
PCBP3,-5.145274836245824e-05
GRM7,-5.145450418465633e-05
ZC3HAV1,-5.145532024046078e-05
AP2A2,-5.145574630352512e-05
DAGLA,-5.146178879286818e-05
BIN2,-5.147111690096368e-05
SOGA3,-5.147470436307776e-05
KCNMB2-AS1,-5.1476689741544106e-05
AKAP12,-5.148133956392317e-05
HDAC2-AS2,-5.14822759584996e-05
FAM214B,-5.1489396722053417e-05
MAP3K13,-5.149952538403644e-05
KCNJ15,-5.150449684866572e-05
FCGR2A,-5.151194387930928e-05
RAB44,-5.153537303771885e-05
AOX1,-5.153835973860305e-05
FAM20A,-5.154835415519987e-05
MFN1,-5.1553433324666174e-05
GFRA2,-5.155992017745029e-05
PRDM8,-5.156193407098909e-05
KLF2,-5.156218522169844e-05
PDLIM7,-5.15758019334518e-05
WDR48,-5.1589089895813406e-05
R3HDM4,-5.158993264037972e-05
EBLN3P,-5.160519517210293e-05
Z95118.2,-5.161098638220052e-05
RIC3,-5.1621939802727874e-05
ATP8A2,-5.162872070514381e-05
RETREG1,-5.165114570668665e-05
SLC25A53,-5.1673129421699165e-05
MS4A6A,-5.168787005794214e-05
ADHFE1,-5.169912036896804e-05
TDRP,-5.173792937655862e-05
BBC3,-5.1751180814096754e-05
PDCD10,-5.176034711993932e-05
PCDHGA9,-5.177008549525527e-05
AKR1C2,-5.177338775342837e-05
SEMA3F-AS1,-5.178188362034455e-05
CAPN3,-5.180124619796302e-05
FCGRT,-5.183674365618369e-05
IDO1,-5.184466965422668e-05
MYCT1,-5.191187919957521e-05
CCDC26,-5.192709921340387e-05
ROR2,-5.193988908507616e-05
AR,-5.1952851835733454e-05
VGLL4,-5.19564762342528e-05
KCNN2,-5.196841204836895e-05
RASGRF2,-5.19759138785673e-05
KLHL32,-5.197886094910282e-05
PCYT1A,-5.204647722497281e-05
SLC30A4,-5.205619548401178e-05
CLSTN2,-5.206772158508671e-05
GBP1,-5.2073747915038645e-05
CNTN1,-5.212579896435832e-05
DDX59-AS1,-5.213801671370838e-05
C1orf21,-5.214014195537133e-05
OR6J1,-5.214629613018241e-05
BCHE,-5.216828694113282e-05
BEX3,-5.21696547710207e-05
TNKS1BP1,-5.217117655558538e-05
ACKR4,-5.219611600260325e-05
OCLN,-5.219870174935274e-05
RFLNA,-5.223250851051033e-05
PPA2,-5.224384045655144e-05
NOS1,-5.2250658221564354e-05
FAM174A,-5.226977074973691e-05
ZDHHC11B,-5.228853509711287e-05
LAX1,-5.2301867444986825e-05
RAP2C,-5.230742136389075e-05
CCBE1,-5.231232493744529e-05
TP53INP1,-5.231642295386045e-05
DNM3,-5.2321603113834607e-05
CHST2,-5.235124705453903e-05
C6,-5.23928839651653e-05
ASPG,-5.239515367489543e-05
AP001037.1,-5.240188670871798e-05
TBX2-AS1,-5.2406518885532e-05
SPHK2,-5.240905105495904e-05
NODAL,-5.245960097433756e-05
MTA3,-5.24715338214162e-05
AADACL2-AS1,-5.249576751345297e-05
IFFO1,-5.2497047860644425e-05
CACNA1C-AS1,-5.250704184706226e-05
ADAP2,-5.251181931753052e-05
BATF,-5.257290359145473e-05
PARP9,-5.258644894275168e-05
NAALADL2,-5.261776834174366e-05
THAP6,-5.262264075196661e-05
HMCN1,-5.262960981591277e-05
ZNF676,-5.263626569530895e-05
ABCG8,-5.266891405806339e-05
CCDC154,-5.270439866098122e-05
CLU,-5.273909652774902e-05
SEMA6B,-5.274861558351151e-05
LGALS8,-5.279578434697884e-05
HOMER2,-5.281609219851533e-05
RGS1,-5.282309954254896e-05
C5orf17,-5.282601617676093e-05
NCF4,-5.283193945580416e-05
MSI1,-5.2837283144910576e-05
MROH9,-5.285030244699632e-05
CALCRL,-5.286564632113838e-05
IL1RAPL1,-5.288078551960328e-05
CCDC7,-5.28852690767384e-05
L3MBTL4-AS1,-5.289192359893871e-05
VIPR2,-5.292545192301672e-05
ATP6V1B2,-5.294506181200923e-05
FSTL5,-5.299759728773891e-05
ASPHD2,-5.301767570371982e-05
OR2A1-AS1,-5.301984810495071e-05
ABL2,-5.302002958242367e-05
RNF183,-5.302066122640588e-05
CLCA4-AS1,-5.30668765738012e-05
SLC25A23,-5.3069998052080776e-05
FAT3,-5.310661885056694e-05
LGALS1,-5.311661602856213e-05
BRINP1,-5.313597307498418e-05
TMEM86A,-5.313812067632972e-05
BTNL8,-5.315750011802742e-05
ACTR6,-5.315756811633369e-05
RFFL,-5.317428535546539e-05
SLC27A1,-5.320193475631703e-05
BX322234.1,-5.3240578285951424e-05
ATP10D,-5.324790928325981e-05
DHRSX,-5.3294484581442953e-05
CYTH4,-5.329844078907361e-05
MOCS1,-5.336445259467106e-05
POC1B-AS1,-5.345598279010643e-05
POU2AF1,-5.346341986493205e-05
SORT1,-5.346578932264971e-05
WFDC1,-5.347668899648806e-05
RASSF5,-5.349324010469178e-05
IQCN,-5.351837031187444e-05
EGLN3,-5.35349490263767e-05
HIF3A,-5.354627794510197e-05
SNRK-AS1,-5.3557915000609984e-05
RNF141,-5.357066688827357e-05
Z82206.1,-5.358164644828299e-05
CLEC11A,-5.362261162259954e-05
DENND6A,-5.365354110656863e-05
SOD3,-5.3664939543756855e-05
CD36,-5.368866898935991e-05
CHRD,-5.37042808955482e-05
KTN1,-5.3735760716799e-05
PHLDB3,-5.375958085927793e-05
RGS22,-5.376307751805671e-05
LNX1-AS1,-5.377326098104937e-05
OPCML,-5.379225964485789e-05
EML1,-5.38025904835316e-05
GRID2,-5.38234532855712e-05
CORO2B,-5.382405537775039e-05
CRISPLD2,-5.382431700684028e-05
MAST3,-5.384393642894637e-05
GABRB3,-5.384920538641644e-05
PTPRT,-5.385609947624378e-05
IRF1,-5.390544046001597e-05
NMUR1,-5.394192164472716e-05
PLS3,-5.394857802685201e-05
LPCAT4,-5.395692205005307e-05
ENKUR,-5.399095519682319e-05
CCRL2,-5.399496565781778e-05
COL11A1,-5.400257577821512e-05
MUC1,-5.4021819726346416e-05
EFCAB6,-5.4032370327467456e-05
GP6,-5.406097981151176e-05
PLAC9,-5.4063455365647134e-05
DEDD,-5.406906831181877e-05
DGKB,-5.40735459740628e-05
DET1,-5.408078462939624e-05
OAF,-5.4110563770388096e-05
LYZ,-5.411611732588048e-05
EHD3,-5.412119264149391e-05
MORC1,-5.412337525675018e-05
PDE6B,-5.413758495235529e-05
RBMS3-AS2,-5.414425278914591e-05
DST,-5.416259818146141e-05
UCKL1-AS1,-5.416692490979728e-05
HECW1,-5.421159973902764e-05
BMP6,-5.422657556017018e-05
GMIP,-5.42266937683292e-05
KLC4,-5.425353317216776e-05
RTL8C,-5.425890040663167e-05
CTC1,-5.427567457074104e-05
TMEM178A,-5.429395571907441e-05
PLXNB2,-5.430451562860198e-05
RUNX2-AS1,-5.432258802554947e-05
KCTD12,-5.433314064514859e-05
SOX2-OT,-5.435418565661339e-05
CTSF,-5.43693235085266e-05
ADGRF4,-5.437300922719027e-05
AKAP10,-5.437884644883754e-05
ZNF229,-5.442761615374993e-05
DDX58,-5.443833489617256e-05
HSPB8,-5.445373211504122e-05
RNF217-AS1,-5.446244877911476e-05
MEG9,-5.451149771506058e-05
LRRC36,-5.453686655337093e-05
TMEM173,-5.455451385481186e-05
RIMS1,-5.45554749849632e-05
NUMB,-5.456845037513708e-05
EPHA6,-5.457053043956303e-05
PTPN3,-5.4577522330491227e-05
TTC39B,-5.457785870212911e-05
SERPINE3,-5.45946303208858e-05
MALT1,-5.464106987942042e-05
STOX2,-5.4647410856633546e-05
MTUS1,-5.468633932413925e-05
GNG12-AS1,-5.469382004145572e-05
FHAD1,-5.469966668667304e-05
DPP10,-5.472273200648237e-05
KLKB1,-5.472537814545084e-05
RAB11FIP4,-5.472728777507447e-05
CAMK2A,-5.474140713123024e-05
LEF1,-5.4754386920582153e-05
TMEM263,-5.475510686968885e-05
LAMTOR3,-5.476027509936103e-05
ZMIZ1,-5.478932235241794e-05
MAP4K5,-5.48208265672265e-05
SEPTIN4,-5.482297639390475e-05
LRBA,-5.483792298424671e-05
DECR1,-5.489380173757613e-05
ZNF726,-5.492597883960275e-05
CD47,-5.492851777831683e-05
RRAGD,-5.496183648929141e-05
PDLIM2,-5.496624841878533e-05
BDNF-AS,-5.498515653418136e-05
ZNF350-AS1,-5.498578921530856e-05
GRK5,-5.499150008453672e-05
MAMDC2-AS1,-5.501889222104515e-05
VCAM1,-5.501990117330468e-05
EDNRA,-5.50598204861662e-05
ARL5B,-5.507103591060773e-05
DISC1,-5.507444105417613e-05
FBXO34,-5.507754879388157e-05
KLC1,-5.507986400305887e-05
ITPR2,-5.509543957545766e-05
TTC28,-5.513104201952229e-05
C1orf162,-5.513123102795468e-05
RSPO3,-5.517914974061039e-05
PROSER2-AS1,-5.518405698866546e-05
ERC1,-5.521709928317045e-05
VPS13B-DT,-5.5226595794458856e-05
ABCC5,-5.525732915346316e-05
CRIP2,-5.527398021471363e-05
ANKRD37,-5.527488085507626e-05
TRIB2,-5.5281640412997767e-05
NCOR2,-5.534578348671614e-05
BRWD1,-5.534607156784333e-05
SP140,-5.536233451889266e-05
CDKN2A,-5.536440198088649e-05
ANO4,-5.536580709354869e-05
ARHGAP20,-5.542826668962056e-05
TNFRSF1B,-5.543296806287831e-05
SH3D21,-5.5445018771711536e-05
XPNPEP1,-5.5448366121862186e-05
UBE2K,-5.54517785556009e-05
CBLC,-5.545504286805041e-05
AF233439.1,-5.548504540300389e-05
TMEM233,-5.548903057000509e-05
RASA4,-5.549256777479185e-05
WASHC4,-5.5494832569002206e-05
REP15,-5.5522607412584993e-05
ADGRL2,-5.555822064657432e-05
SLC8A1-AS1,-5.556546850854114e-05
ZBTB20-AS5,-5.558830800252767e-05
SCAF11,-5.5615533826972144e-05
SEMA3G,-5.562833957034583e-05
TCIRG1,-5.566213881763377e-05
BLCAP,-5.566288985635706e-05
ITGA6,-5.566364030591567e-05
AP1G2,-5.566673669082148e-05
RAB4B,-5.5676817539560206e-05
FYB2,-5.5706050776136034e-05
NFATC1,-5.570744261796469e-05
YAF2,-5.570983069531824e-05
RAB2B,-5.571757998779448e-05
EP300,-5.57187734260475e-05
ZC3H12D,-5.572095898622654e-05
CNTN3,-5.574128704586788e-05
AP002989.1,-5.575385920993744e-05
ZDHHC7,-5.578077393735736e-05
TP63,-5.579210565741257e-05
AP5Z1,-5.579387673777795e-05
GRID2IP,-5.5801586573116254e-05
RNF212B,-5.5804357263884624e-05
MIR100HG,-5.5807059718014255e-05
NMNAT2,-5.581196959423213e-05
TERF2IP,-5.585060755907776e-05
CCDC3,-5.5881965776315246e-05
B3GNT2,-5.58921493876386e-05
ZNF226,-5.589339329208505e-05
IST1,-5.589651908364994e-05
PLCB1,-5.59015924562988e-05
KDR,-5.596821000456748e-05
MIR181A1HG,-5.6052110322597965e-05
VAMP4,-5.608610474443156e-05
HOXB2,-5.610994214128045e-05
TENM2,-5.61184234094559e-05
GPR68,-5.613286151850113e-05
ABCC3,-5.613692618579828e-05
BOC,-5.614466916948072e-05
COL5A3,-5.6146559329982816e-05
ANGPTL4,-5.61609692486984e-05
SMIM2-AS1,-5.616787258870684e-05
PTEN,-5.617451894250599e-05
CCL8,-5.618475826900978e-05
KIT,-5.619440209666542e-05
CREB5,-5.621776586519165e-05
IGSF6,-5.621814128093703e-05
SGCZ,-5.622611707659406e-05
LCORL,-5.622952791846941e-05
RABGAP1L,-5.623042561417016e-05
AFTPH,-5.624592917050265e-05
PUM1,-5.62509113388972e-05
NT5C,-5.62584223673943e-05
ZNF585A,-5.625886778009977e-05
EPHA4,-5.629594269069745e-05
PIKFYVE,-5.635233220784439e-05
TRBC2,-5.637841796451323e-05
CDKL5,-5.638046574750377e-05
TBC1D23,-5.63913795672102e-05
RSRC2,-5.639954805711544e-05
CHODL,-5.642083220601529e-05
AKR7A3,-5.642876960656594e-05
PLIN5,-5.6429384652363887e-05
ADAMTS12,-5.648420318368138e-05
FOCAD,-5.648982939899808e-05
CNRIP1,-5.650533565427507e-05
IP6K2,-5.65199958563104e-05
MAP6,-5.65980361639904e-05
TESPA1,-5.660329499701371e-05
DYNC1I2,-5.660602802998285e-05
PAK5,-5.663705292286408e-05
ANKRD11,-5.664829519031519e-05
ANGPT1,-5.668483987694374e-05
PCK2,-5.670516359544264e-05
ABCA8,-5.675411832011856e-05
NFKB2,-5.680050831284636e-05
ANKRD10,-5.684173167098153e-05
AP000695.2,-5.684498269505372e-05
GRM8,-5.6858275985896697e-05
MINDY3,-5.686573606276524e-05
CD6,-5.68902687439675e-05
COL14A1,-5.689170857090492e-05
AMPH,-5.6916932063815616e-05
RIMS2,-5.692162105050536e-05
ATG9B,-5.69268928012901e-05
VSIG4,-5.698092603847056e-05
CRADD,-5.698279946493476e-05
IL18R1,-5.699073071763258e-05
STK32B,-5.6995094656776285e-05
MIAT,-5.699836824328075e-05
SLC12A6,-5.7004324966966766e-05
TAFA5,-5.700835100029492e-05
GACAT3,-5.703024975157651e-05
AMOTL2,-5.7046008281603866e-05
YPEL4,-5.704705803524583e-05
ADORA3,-5.704705803524583e-05
SLC49A3,-5.705360060263793e-05
NMD3,-5.709595542279124e-05
MCAM,-5.710080783941887e-05
ABCA9,-5.714526939061062e-05
UGP2,-5.715083979457436e-05
CCNH,-5.715402651251932e-05
C3AR1,-5.7194357584539366e-05
KCNT2,-5.720789106829736e-05
SHFL,-5.724299067520735e-05
LAMA1,-5.729870055884038e-05
FAM227B,-5.7302289177442464e-05
RAB8B,-5.730346309766392e-05
RORC,-5.73149678383544e-05
PITPNM1,-5.7346447995101326e-05
CHAC1,-5.739035961616221e-05
SLC10A7,-5.739827753932259e-05
SPATC1,-5.7425667978025696e-05
KCNJ8,-5.743553357492923e-05
SMG1,-5.7435976936492974e-05
KRT17,-5.744798593881068e-05
HCK,-5.750167245016241e-05
USP8,-5.750300111868186e-05
ARHGEF37,-5.75185845391349e-05
MYO16-AS1,-5.75224106342467e-05
TUFT1,-5.7533189107477886e-05
HYAL1,-5.7533682618916056e-05
SETX,-5.754748664821238e-05
TACC1,-5.755297833840006e-05
GOLGA8B,-5.756412992412961e-05
CLEC16A,-5.757642477214889e-05
COL3A1,-5.757797098049538e-05
STX19,-5.758531315665829e-05
RAB30-DT,-5.759154551293927e-05
SEL1L3,-5.7596890808650005e-05
CLNK,-5.760335022636853e-05
IL33,-5.761280380577212e-05
RMST,-5.763080147140463e-05
LURAP1L-AS1,-5.764322910161634e-05
SLC39A11,-5.765667791611281e-05
PDZK1IP1,-5.767275258641357e-05
SHC4,-5.767332926065005e-05
C1R,-5.76773338012513e-05
TOM1L1,-5.767843939161416e-05
ITGB2,-5.769855366179514e-05
PCDH9,-5.7705506692002026e-05
TCTEX1D1,-5.772773554064946e-05
Z99127.1,-5.7760901958633686e-05
KIAA1671,-5.780704400084973e-05
CAPN1,-5.781834475529303e-05
MYO18B,-5.781940319937575e-05
PDK4,-5.782174571637152e-05
GUCY1B1,-5.78259319071974e-05
SAMD3,-5.783556473217616e-05
TSPAN32,-5.784971618581993e-05
RGCC,-5.786099955904438e-05
DSC2,-5.788494150174367e-05
ST18,-5.788879810481195e-05
MIR99AHG,-5.792930358009251e-05
ZNF432,-5.794613227386407e-05
GLI3,-5.794813367156466e-05
ADD1,-5.7959128553732673e-05
LRRN2,-5.796727966823237e-05
RGPD1,-5.799784825137066e-05
ZC4H2,-5.801488092773723e-05
ACKR3,-5.807003638150713e-05
TMEM74B,-5.81118513008022e-05
NECAB2,-5.81249369580103e-05
ALOX5,-5.813614810327557e-05
DNAH6,-5.821558364069976e-05
MIR193BHG,-5.823135712182712e-05
CXCR4,-5.831977099818371e-05
RGS13,-5.836255936124747e-05
CTSO,-5.836427983560637e-05
FNDC1,-5.8368792170565806e-05
SHB,-5.839352482736268e-05
LPIN2,-5.839618261176229e-05
HDAC1,-5.839937549079076e-05
RAB5B,-5.840817883615052e-05
ESAM,-5.840905085447393e-05
CAPN12,-5.841468064501201e-05
SNX29,-5.844190976332645e-05
REM1,-5.8442510805148e-05
ZBTB7B,-5.845193720948716e-05
Z82215.1,-5.846185989845505e-05
VIPR1,-5.847539783501321e-05
NRXN1,-5.8486014227592176e-05
SIRT6,-5.849210296409033e-05
SOX13,-5.849692335508797e-05
BIN3,-5.8507980294901786e-05
PPP3CB-AS1,-5.852252190791087e-05
VAMP2,-5.8581385876537057e-05
ETS1,-5.859754488836645e-05
COG7,-5.861355178822096e-05
AHCYL2,-5.866680804181496e-05
ZNF248,-5.867821570214303e-05
TRIP4,-5.86879406298748e-05
LTBP2,-5.870750163030364e-05
MAPKAP1,-5.8709643040485365e-05
KIF3C,-5.872500612430472e-05
CSGALNACT1,-5.872581855123893e-05
SLC8B1,-5.874710628095879e-05
IFI6,-5.875040369426099e-05
TIMP1,-5.876892654768379e-05
ARID2,-5.878692125974389e-05
ABCC6,-5.879380599181071e-05
DKK2,-5.879489685877266e-05
TRAPPC12,-5.887271232046751e-05
SULF1,-5.887342827159571e-05
ASXL3,-5.887981853895945e-05
BAG1,-5.8882995969594656e-05
NECTIN2,-5.889489122296484e-05
STEAP1B,-5.890136170935308e-05
TOX4,-5.890386026903414e-05
CDKL4,-5.8905135895885785e-05
PTER,-5.8993948683911216e-05
TNS2,-5.900132443716081e-05
ZNF467,-5.902387671348384e-05
ZNF382,-5.903374839665748e-05
LMBR1L,-5.904147438072681e-05
NAALAD2,-5.908467744705466e-05
MLIP,-5.913972423276523e-05
PATL2,-5.917746698105596e-05
MGAT4C,-5.920956452667395e-05
VXN,-5.9210360767522346e-05
GAB3,-5.922029519959946e-05
CCDC93,-5.923962825883914e-05
RHBDL3,-5.9294515959600266e-05
EPOR,-5.931640507830597e-05
GCNT4,-5.931930231577818e-05
REST,-5.933985543582111e-05
MAPK8,-5.938606654884024e-05
SH3D19,-5.938779526258997e-05
RALB,-5.939378697889184e-05
CNKSR3,-5.9416906080165976e-05
CCL2,-5.942464972345849e-05
COL18A1,-5.943467347460856e-05
GRM3,-5.943491074728264e-05
IGSF1,-5.944319908306033e-05
SOS1,-5.946536453290267e-05
A4GALT,-5.946601928685069e-05
DDIT3,-5.9478295738282986e-05
LYPLAL1-DT,-5.948016655274361e-05
CALN1,-5.948200511544775e-05
PDLIM3,-5.949506808496277e-05
JDP2,-5.950205371478822e-05
MOXD1,-5.950598835437619e-05
PLSCR2,-5.955928861357372e-05
METTL6,-5.957713390863468e-05
PDE5A,-5.958784165351379e-05
MED23,-5.96028368154105e-05
Z99289.1,-5.960740208648157e-05
CTSK,-5.9617651809354776e-05
IL2RG,-5.96345254548799e-05
ZNF880,-5.9636206460880696e-05
GRAP2,-5.964901748388588e-05
MAPRE3,-5.969991587726047e-05
CCDC50,-5.971582304283261e-05
PECAM1,-5.97592609193636e-05
ZNF710,-5.978105192348945e-05
RARG,-5.9823143318411954e-05
SPTLC2,-5.985473156531627e-05
NAALADL2-AS2,-5.986182580333678e-05
INTS9,-5.987830542958e-05
DMGDH,-5.994945290125211e-05
BGN,-5.997108686892604e-05
HPS1,-5.997273063442693e-05
FAM83B,-6.001352760736006e-05
CYSLTR2,-6.002683162098456e-05
WNK3,-6.003060789817275e-05
TBC1D22A,-6.003741967428687e-05
FAM83A,-6.005555743498637e-05
ZNF211,-6.0066383515788704e-05
FER1L6-AS2,-6.007783177020743e-05
RNF170,-6.012745928508626e-05
HPGDS,-6.013852968255749e-05
UPB1,-6.015767624933753e-05
SLC25A29,-6.015835725108294e-05
UFL1-AS1,-6.01789427678568e-05
LTB,-6.021199495957688e-05
CCDC186,-6.025249781591424e-05
SRRM2,-6.025491949374191e-05
C11orf21,-6.026553888078703e-05
CD48,-6.026751936758325e-05
PIK3R1,-6.027279965392865e-05
DGLUCY,-6.027876827127382e-05
TMEM82,-6.032289567099188e-05
CD86,-6.040620041760112e-05
TFG,-6.042592487162549e-05
COX6B2,-6.044176235523084e-05
ZFHX4,-6.045228413104096e-05
FAM66C,-6.0478232027086e-05
GNA14,-6.048692742718967e-05
RNF146,-6.049097955078454e-05
RGL2,-6.0502330133709606e-05
SKAP2,-6.051454809264553e-05
DNAH5,-6.056656560338684e-05
SMAD7,-6.058221028020594e-05
MCCC1,-6.0622858305070656e-05
FAM117B,-6.067367698137057e-05
CDH3,-6.0678669067011406e-05
TAB2,-6.070176618006793e-05
C11orf54,-6.07037880878348e-05
TLK2,-6.0715120182257725e-05
GJB3,-6.071514920830303e-05
MAFF,-6.076917727982298e-05
OPLAH,-6.0883726363889785e-05
MAN2C1,-6.088744223140011e-05
SNX33,-6.090013367898701e-05
TMEM108,-6.0918656252575226e-05
KIAA1755,-6.0926763205114096e-05
SULT2B1,-6.0988163370358745e-05
ZBTB1,-6.099596916272498e-05
PLA2G7,-6.101226567257655e-05
ARID3B,-6.102332064059804e-05
EXT1,-6.10301386398604e-05
PPP1R9A,-6.105418587862812e-05
FBXO38,-6.106027756603811e-05
SLMAP,-6.106708719061767e-05
SLC22A1,-6.108210102826191e-05
NDST1,-6.112891466309476e-05
N4BP1,-6.113744090813709e-05
TFEB,-6.11555378847877e-05
CYSTM1,-6.120650544534546e-05
FAM193A,-6.123647106342759e-05
HMGCS1,-6.123687863193223e-05
ELN,-6.125216296482867e-05
SEMA6A-AS1,-6.125800960563591e-05
ROBO2,-6.125909389286458e-05
GOLGA3,-6.127930608507793e-05
DLL4,-6.133716296182386e-05
SGPP1,-6.13507933251561e-05
DUSP5,-6.13514113921485e-05
CDH4,-6.137112047046336e-05
BMP1,-6.138182701996373e-05
AP000919.2,-6.153132020591014e-05
AP001469.1,-6.153747303264747e-05
CLEC2B,-6.161804073320764e-05
BCLAF3,-6.163422086753619e-05
ZMYM5,-6.165890824855266e-05
SERAC1,-6.166737396264558e-05
FAM198B-AS1,-6.167765109304984e-05
LRRC31,-6.173088188784498e-05
TCF4-AS1,-6.174553507954789e-05
CD37,-6.175384153495956e-05
CACNA1H,-6.176555993756329e-05
COLEC10,-6.176594837935979e-05
ZNF429,-6.178472293876522e-05
ZNF844,-6.178868165468976e-05
RIN2,-6.179483018487188e-05
NPNT,-6.180381259422561e-05
SPAG9,-6.183176505982333e-05
NRXN3,-6.183904869400498e-05
COP1,-6.185903974201566e-05
GLIPR2,-6.187934006154844e-05
COL4A3,-6.189073511354135e-05
ABCB11,-6.192385227721835e-05
GPR1,-6.192962717277989e-05
UVSSA,-6.193946449537401e-05
UNC13B,-6.195669342140236e-05
TDO2,-6.19593629601752e-05
INSYN2A,-6.196543253489617e-05
PARP15,-6.200855218526994e-05
RANBP10,-6.203288753542159e-05
ACTA2,-6.204049268531554e-05
WDR44,-6.210792516131284e-05
RAB17,-6.211182922100732e-05
VNN2,-6.211948547732756e-05
SWAP70,-6.21487258999884e-05
ACER3,-6.218097303974378e-05
CD24,-6.22033984742361e-05
ADAP1,-6.220544618718216e-05
PTGDS,-6.223591440958267e-05
ZNF160,-6.223847202894052e-05
STXBP1,-6.224518765185816e-05
C8orf34,-6.22614146329791e-05
POU5F1,-6.22646638977109e-05
THY1,-6.227477002669526e-05
GALNT3,-6.228226729019036e-05
RPP38,-6.23278090700279e-05
DNAH7,-6.232782727869611e-05
HSPBAP1,-6.235988518212763e-05
EVC2,-6.239056423551467e-05
P2RY6,-6.240656966350498e-05
IL10RA,-6.240755503544125e-05
PTPN13,-6.24186775313557e-05
CD96,-6.243035079803931e-05
MICU1,-6.249569730244296e-05
IL17RE,-6.253813351302781e-05
MUC3A,-6.260690471283591e-05
C1S,-6.264615584926331e-05
CEP112,-6.272648998688563e-05
CLEC1A,-6.274681538921268e-05
OXR1,-6.280338306601008e-05
MTMR14,-6.28186881219405e-05
SYTL3,-6.282874860802847e-05
ARID3A,-6.285493243921277e-05
CD2,-6.290558685919367e-05
DOP1A,-6.291007088622693e-05
HS3ST2,-6.291682854400418e-05
TECTA,-6.29458657786301e-05
PCOLCE,-6.297664500146714e-05
AGTR1,-6.300360001604555e-05
CD69,-6.303460986954536e-05
CDC73,-6.307207062619635e-05
ETNK1,-6.314563897350553e-05
PCED1B,-6.314708345744802e-05
ARHGAP9,-6.320347783667473e-05
PCSK5,-6.321280603118177e-05
PLEKHA2,-6.321939714490342e-05
SLC6A16,-6.325741692812925e-05
ZNF334,-6.330259055148975e-05
BST2,-6.333967250384944e-05
PPARGC1A,-6.337298199121793e-05
STIM2,-6.33765263279918e-05
FBXL13,-6.337810183364331e-05
SIRPB2,-6.341436643087258e-05
ACAP2,-6.344675612753606e-05
ITGA1,-6.34591929276637e-05
FBN1,-6.347604184284263e-05
CCL14,-6.348867901947868e-05
GRIA3,-6.350021265043341e-05
RASEF,-6.353457012494764e-05
TSGA10,-6.354465185465977e-05
KDM7A-DT,-6.354800973988267e-05
PCAT19,-6.355944377017137e-05
CAMSAP2,-6.357835099909381e-05
ZDHHC2,-6.359521854533757e-05
EIF4A2,-6.360036770275635e-05
SMPDL3A,-6.360444591039361e-05
CCDC149,-6.36159367357144e-05
GPNMB,-6.363487769378487e-05
LYPLAL1,-6.364099725914166e-05
NLRC3,-6.36616665659721e-05
PTGS1,-6.36694633695597e-05
ZNF140,-6.368107349887153e-05
ACVRL1,-6.369580304208165e-05
FAM13C,-6.369620218227417e-05
EYS,-6.370773791833657e-05
CDK5RAP3,-6.371926384687579e-05
RASA4B,-6.37277096604784e-05
ID1,-6.373426274900926e-05
DYSF,-6.375473820869133e-05
CNOT2,-6.376264415397078e-05
WNT5A-AS1,-6.379335321669258e-05
GCOM1,-6.379479943846042e-05
STAM2,-6.379525747092663e-05
ZNF503-AS1,-6.384751120565244e-05
NOL3,-6.384808148969279e-05
HSD11B1,-6.388103216051322e-05
LEKR1,-6.38962594612124e-05
CASQ2,-6.390194242923994e-05
SCART1,-6.392324113967692e-05
TBC1D8B,-6.392384299062852e-05
ITGB6,-6.393892936345858e-05
ZNF568,-6.394039594072919e-05
RAPGEF3,-6.396062590595351e-05
DENND2A,-6.3976432333314e-05
BEND7,-6.39778549154241e-05
CSNK1D,-6.398010926346706e-05
UBE2W,-6.398429707479978e-05
ANGPTL2,-6.398625811476871e-05
DDIT4-AS1,-6.398794090530135e-05
NOSTRIN,-6.40062570153297e-05
ABHD6,-6.402438040747616e-05
CCDC170,-6.406478802435755e-05
ARFGEF3,-6.406953199319453e-05
WDFY4,-6.408627761653411e-05
TENM1,-6.409063817279807e-05
KCNMB1,-6.409166321800182e-05
ATP6V1D,-6.412069886575429e-05
ENPEP,-6.412140068585119e-05
ABLIM2,-6.413890512924295e-05
ANO7,-6.41408236833826e-05
FAM110B,-6.415034008252578e-05
CELA2B,-6.416008475824598e-05
CD38,-6.416958558797376e-05
NIPAL2,-6.419688172404657e-05
HIVEP2,-6.41982539300048e-05
KCNN4,-6.427558113331468e-05
CSMD3,-6.427848611784958e-05
CDH6,-6.431559141943e-05
SHISA6,-6.431882331758113e-05
PLA2G2A,-6.433395832508444e-05
BBOX1,-6.434713825249185e-05
SYNRG,-6.434769681579629e-05
FOLH1,-6.435993489824595e-05
GASK1B,-6.436118920497553e-05
FGFR1,-6.44019647674672e-05
PTP4A3,-6.44883557498256e-05
POU2F2,-6.450641111741935e-05
RERGL,-6.451090489414351e-05
MGP,-6.452925283483178e-05
ANGPTL8,-6.456199446560864e-05
AASS,-6.458572273913859e-05
ACAN,-6.458861053452133e-05
CCNG2,-6.463861937727172e-05
TMC6,-6.469480842542165e-05
ENPP2,-6.471785373607925e-05
SVEP1,-6.478549367703294e-05
IL1RL1,-6.480333549599265e-05
CACNG8,-6.481536723993912e-05
ZNF682,-6.482231088875977e-05
ARHGEF16,-6.488997662236224e-05
POT1-AS1,-6.493083113676747e-05
CLINT1,-6.494016759848213e-05
SEMA4D,-6.495896314417449e-05
TRMT13,-6.49911994428068e-05
KIAA0895,-6.501836168176347e-05
CDRT4,-6.501864355786868e-05
MOGAT1,-6.504628827021557e-05
SMAD1,-6.506732869333051e-05
COL27A1,-6.506888043993039e-05
CDNF,-6.507396457794046e-05
EPHB6,-6.509857459486453e-05
DYNC2LI1,-6.510376586169973e-05
MTSS1,-6.514734966613024e-05
DCC,-6.520020325148982e-05
TSPAN12,-6.535253960494338e-05
TMPRSS2,-6.540011460360784e-05
VPS8,-6.542456001432527e-05
ST6GALNAC6,-6.543181363672999e-05
CREBBP,-6.543207258977087e-05
LRRC66,-6.544974030439712e-05
FOS,-6.545599471765991e-05
NALCN,-6.550306761169539e-05
PIK3IP1,-6.550362426179571e-05
GSK3B,-6.552063410688446e-05
ING4,-6.554152174704638e-05
THBS2,-6.55724356836593e-05
PER1,-6.559011376442978e-05
SRPX2,-6.560613708509662e-05
PFKFB2,-6.561282735873465e-05
OBSCN,-6.562634878271748e-05
ZNF345,-6.567885994877775e-05
GDPD1,-6.571606883562311e-05
RAMP2,-6.5717781675994e-05
EPHA3,-6.571863994245283e-05
ZNF600,-6.574410896617883e-05
EPB41L3,-6.578199215194898e-05
PRSS48,-6.5802077441518e-05
MS4A4A,-6.581027289655538e-05
GLS2,-6.583764451837228e-05
SNAP23,-6.585848699758224e-05
SPIRE2,-6.586653187546198e-05
SLC16A10,-6.587995475625313e-05
CSF3R,-6.588061054547678e-05
ZNF438,-6.594896159342815e-05
GATA6-AS1,-6.596117630998437e-05
FAT1,-6.596547645698425e-05
CLDN4,-6.596846277144984e-05
MED28,-6.597531678099817e-05
RHBDF1,-6.597587960951256e-05
IPCEF1,-6.600162350683711e-05
PZP,-6.600479288617516e-05
XKR9,-6.603117388918894e-05
SEC24B,-6.621576289269093e-05
HEBP2,-6.622067692567402e-05
RAB22A,-6.628538544267064e-05
ARHGEF12,-6.630699577608313e-05
BMERB1,-6.635151240318323e-05
NCKAP1L,-6.636385939688393e-05
NREP-AS1,-6.637393412350402e-05
MARK4,-6.64398337232242e-05
MYO7A,-6.645389355011455e-05
TMLHE,-6.648981300227993e-05
UGDH,-6.649360039471816e-05
CTNNA3,-6.653379263489475e-05
UBR5,-6.654978886783765e-05
FANK1,-6.655446862509983e-05
APBA2,-6.655539086155974e-05
TAFA2,-6.657082914371231e-05
PLVAP,-6.659443328279566e-05
NEBL,-6.659658578776535e-05
VTCN1,-6.661300731988564e-05
PIK3CG,-6.664899718436753e-05
LRRC4C,-6.667274144320798e-05
ELMO1,-6.668160347157997e-05
GNG11,-6.669468730685537e-05
HDAC7,-6.671076210273421e-05
CD34,-6.676841342340067e-05
HEYL,-6.67848652209683e-05
CHMP5,-6.679341330185796e-05
ACOX1,-6.681305713906206e-05
NLK,-6.681497135898163e-05
CLIP4,-6.687320569266636e-05
SEMA4G,-6.690109696080877e-05
PHYHIPL,-6.69457085595447e-05
LRRC2,-6.696876727262414e-05
RAMP3,-6.698110474361617e-05
DNAJC5,-6.699498151246348e-05
GOLGA8A,-6.70063723217875e-05
NUGGC,-6.701815935363424e-05
CHL1,-6.705898600395132e-05
SLC25A46,-6.708229640391586e-05
GYPC,-6.708861941823471e-05
MGST2,-6.709731804092291e-05
CHST5,-6.71181224220349e-05
FCGR1B,-6.726015624571429e-05
MTM1,-6.72825298602849e-05
CAMK2D,-6.728981914145348e-05
DIP2A,-6.737130059833914e-05
RAVER2,-6.737533777698176e-05
RUFY2,-6.738902909142292e-05
DISC1FP1,-6.739057684859494e-05
CUX2,-6.741259222853909e-05
FGF13,-6.757354777796127e-05
GNAO1,-6.764337012390505e-05
ANKRD27,-6.765131669824165e-05
B4GALT1,-6.765332359141547e-05
SLC47A1,-6.767213531464316e-05
PGM5,-6.773358791566045e-05
UBN2,-6.776658229656166e-05
PGGHG,-6.782062295495268e-05
DKK3,-6.782869206488462e-05
PARP10,-6.786753876972922e-05
SEC14L1,-6.789983924850075e-05
HYDIN,-6.791461234973361e-05
TIE1,-6.79374511350045e-05
ZFAND1,-6.799801733219515e-05
C3orf35,-6.805416858634838e-05
PWRN1,-6.80720081509164e-05
PPP2R5B,-6.807984381508258e-05
NCKAP1,-6.811235848800289e-05
LAYN,-6.814971507022963e-05
GPT,-6.818462371108527e-05
PAFAH1B1,-6.821186144397269e-05
IGFBP5,-6.821739452128825e-05
ERICH1,-6.827495430716074e-05
MUC4,-6.833548409957488e-05
ABTB1,-6.834009926991645e-05
WIPF3,-6.836052444468939e-05
CECR2,-6.836644943225938e-05
OLR1,-6.842463822920377e-05
GTDC1,-6.842527614132951e-05
CYP1B1,-6.846381724169444e-05
ADAMTS7,-6.846882482883998e-05
RUNDC3B,-6.850001502390382e-05
ADGRG6,-6.850719882408561e-05
PPP1R32,-6.853163746233426e-05
IMPA1,-6.854266751463572e-05
FMO5,-6.855150518835777e-05
KCNE4,-6.855869504786394e-05
LAMB3,-6.856538613422231e-05
TAGLN,-6.859978947311232e-05
ZNF177,-6.86253970438784e-05
EFEMP1,-6.871292262796452e-05
PLPP1,-6.877228183436564e-05
FDX1,-6.877234803420983e-05
TM4SF18,-6.877668307017145e-05
STXBP5,-6.880270174166061e-05
NRG3,-6.889087657362701e-05
GPRC5C,-6.890265958084927e-05
MRVI1-AS1,-6.890901540429179e-05
RNF39,-6.890991017403598e-05
KIAA0319L,-6.894829091838666e-05
CPD,-6.897693786912811e-05
ARHGAP30,-6.898102008010023e-05
AGBL1,-6.899514304320284e-05
LATS2,-6.902711779691678e-05
ZNF862,-6.907874369526236e-05
SLA,-6.910518309346007e-05
FAM83F,-6.912584396317285e-05
NMT2,-6.916919978758632e-05
EXOC3L2,-6.919837044756387e-05
PJA2,-6.920470567339064e-05
STON2,-6.933725541367066e-05
COL1A2,-6.934693766206805e-05
F3,-6.937408521897476e-05
TTN,-6.940995996276866e-05
CNN1,-6.942224720618541e-05
CELF6,-6.944928098395127e-05
TSC22D3,-6.946687937735903e-05
SCOC-AS1,-6.950199278242904e-05
CYB5R4,-6.952575417391148e-05
FAM160B2,-6.955137748247868e-05
BARX2,-6.962430624144225e-05
RFTN2,-6.962635329810702e-05
HECTD4,-6.963487947584614e-05
MYO9B,-6.966638060275116e-05
RAB7B,-6.967352030156275e-05
STX11,-6.978290026609189e-05
PNMA8B,-6.98337920335622e-05
GPD1L,-6.984751787170882e-05
ADSSL1,-6.9872057599772e-05
GNG7,-6.993264249831759e-05
SGCD,-7.001193989979099e-05
NAPEPLD,-7.005309097774491e-05
MIDN,-7.005766450932483e-05
CLIP2,-7.00631106129957e-05
PDZRN3,-7.009159727847802e-05
ELMOD1,-7.011121789032967e-05
PDE4C,-7.014611889107026e-05
KDM3A,-7.0175024403315e-05
CLTB,-7.017670362572095e-05
ZNF516,-7.017920930305745e-05
CHST15,-7.019335089227517e-05
TIMP2,-7.022196156002284e-05
HERC3,-7.023181246423169e-05
OSTF1,-7.027127863133764e-05
FBH1,-7.029171509831339e-05
NIBAN1,-7.030148156600572e-05
DUSP8,-7.03091469893703e-05
DCAF5,-7.032020188697944e-05
ANK2,-7.032408686652396e-05
CD28,-7.033441316162847e-05
COL4A5,-7.033510115855057e-05
TRPM3,-7.042789424894144e-05
ZNF821,-7.05082369302199e-05
ADAMTS5,-7.051287388629557e-05
SCNN1B,-7.053081098273384e-05
AP001021.3,-7.058856037106575e-05
AF127936.2,-7.059046824922501e-05
MAP2K5,-7.059372154574334e-05
FCHO2,-7.066742206096866e-05
ERC2,-7.066861650446694e-05
NECTIN3,-7.06873218459207e-05
ZNF804A,-7.077567100512832e-05
EHBP1L1,-7.077632164457072e-05
TRAF3IP3,-7.079947538676484e-05
RBP2,-7.080476975220746e-05
PRKD2,-7.080773242516745e-05
FMNL1,-7.081578179839176e-05
IRF7,-7.08370803274054e-05
THBD,-7.084698311314542e-05
SON,-7.085709504301907e-05
UGT1A1,-7.086387633215412e-05
UBE2D3,-7.086586291651311e-05
ZNF117,-7.095300411898281e-05
ZNF33A,-7.104168687197869e-05
GTF2E2,-7.110133065599443e-05
SMIM5,-7.111142575599503e-05
CAMK4,-7.11149553429649e-05
KCTD1,-7.112833855583066e-05
NR3C1,-7.112901148427915e-05
KIAA0556,-7.116944723845436e-05
ZNF737,-7.121848448574474e-05
KIAA0232,-7.124473526975873e-05
EIF4E3,-7.12785845856533e-05
GABRR2,-7.128413133514391e-05
LY86-AS1,-7.133683830168662e-05
ZNF626,-7.13441935950258e-05
SRGN,-7.134566111406397e-05
KCNIP1,-7.141867143890086e-05
RASSF4,-7.14416357440072e-05
HDX,-7.144235355208543e-05
KRBOX1,-7.147538530935039e-05
CD40,-7.148929253076085e-05
TRAC,-7.152443111676889e-05
MDGA2,-7.154848938078149e-05
CHRNA7,-7.160675627695479e-05
HS3ST3A1,-7.162482910848744e-05
SAMSN1,-7.162773147490568e-05
USF3,-7.167393183403473e-05
ARFGAP3,-7.176439495312809e-05
YTHDC1,-7.177634084061464e-05
LY96,-7.178410928479381e-05
CERT1,-7.180311633423424e-05
RIPK2,-7.184907073063963e-05
AEBP1,-7.185275094149895e-05
DOCK2,-7.186502086828752e-05
AK9,-7.191804236224225e-05
TET1,-7.191960698375198e-05
UBE2J1,-7.192555485294984e-05
PLXNC1,-7.193187599616164e-05
ADAMTS4,-7.200377140139812e-05
NFASC,-7.201437958580524e-05
PACRG,-7.201629100418337e-05
KIF21B,-7.20686485551459e-05
NOVA1,-7.20729152283957e-05
DEDD2,-7.208749341503235e-05
EVA1C,-7.208762733094486e-05
GCC2,-7.208770230670631e-05
SYNPO,-7.21332810064448e-05
UGDH-AS1,-7.215079875819612e-05
MKNK1,-7.216566703058438e-05
DRAM2,-7.221556219117019e-05
ZNF493,-7.222915877360165e-05
ATP7B,-7.229746522224365e-05
OSBPL9,-7.237128285509476e-05
SYT9,-7.240373597905014e-05
PMEPA1,-7.240511373471561e-05
RGS4,-7.244048283422789e-05
MAP9,-7.250357611766878e-05
CCDC125,-7.251018600823812e-05
PNLIPRP3,-7.258464920750657e-05
PHF11,-7.26738346421174e-05
VEPH1,-7.268168693552138e-05
MXRA8,-7.271079640338868e-05
PAQR5,-7.276059475315359e-05
POGZ,-7.276161112916406e-05
SLCO4A1,-7.277339359343255e-05
TRPC4,-7.284262706796383e-05
GLCCI1,-7.286006900617242e-05
THEMIS,-7.286904556131229e-05
TENM4,-7.289345851755134e-05
ABAT,-7.291005186540193e-05
CLHC1,-7.29878776015213e-05
DPYS,-7.300269075164198e-05
ZNF423,-7.310738162062372e-05
ARHGEF18,-7.314284337021612e-05
FHL5,-7.315595435143543e-05
CC2D2B,-7.327732971806055e-05
SHANK2-AS1,-7.328494316204319e-05
GABRP,-7.336414652692888e-05
GBP3,-7.337083518203025e-05
GNA13,-7.340012317908626e-05
EPN1,-7.341089639571227e-05
JMY,-7.345046280814754e-05
CATSPERG,-7.346639177167962e-05
WASHC3,-7.348827292774597e-05
ZNF518A,-7.35254483624297e-05
TNFAIP8,-7.356689371995978e-05
ARNT2,-7.358566401037314e-05
EXOC3L4,-7.371806746213549e-05
ANO2,-7.377243199061728e-05
PLAG1,-7.377271359820903e-05
TYMP,-7.377810344377327e-05
RASSF2,-7.377958767835537e-05
INHBA,-7.378109327612554e-05
PEAK1,-7.378691961491256e-05
MCTP1,-7.380959619796094e-05
AADAC,-7.393272152787127e-05
NRIR,-7.394216515462289e-05
EVA1B,-7.394667247931898e-05
ZNF701,-7.400332387291598e-05
HGSNAT,-7.401601944402998e-05
FGD5,-7.405452194980325e-05
USP15,-7.405759941012413e-05
CSF2RA,-7.406118256938158e-05
IRF2,-7.406653529922956e-05
MMP16,-7.410030403888092e-05
ZNF223,-7.415144919486562e-05
AREG,-7.41913261614012e-05
TLE2,-7.422721244265699e-05
GARS-DT,-7.423649050520819e-05
MYO1D,-7.425028580437979e-05
DNMT3A,-7.435202657238761e-05
NR1D1,-7.44085138153043e-05
PLEKHG6,-7.442474509799564e-05
C12orf40,-7.442534061036181e-05
CDH17,-7.446869882602461e-05
PAQR8,-7.448489785606535e-05
ABCC9,-7.454194024520947e-05
STK38,-7.454824044696447e-05
ARHGEF5,-7.459090780405692e-05
ADCY5,-7.464472741752143e-05
CD84,-7.465814030785018e-05
PLEKHA7,-7.47117505218415e-05
MUC13,-7.474603676524644e-05
NUPR1,-7.474828842370255e-05
ACAA1,-7.47945333837785e-05
KCNH8,-7.485529716028866e-05
ZNF586,-7.48884341217389e-05
TFEC,-7.492815073710464e-05
RSU1,-7.495141992484606e-05
NR1D2,-7.496624517837564e-05
SGIP1,-7.498405764318557e-05
YPEL3,-7.504239332045885e-05
METTL24,-7.5121502926719e-05
DYNC1I1,-7.522147908243353e-05
SIDT1,-7.524908371704329e-05
SAMD9L,-7.5256748300648e-05
GLRX,-7.526209913141663e-05
HEPH,-7.532076941149054e-05
EPAS1,-7.533129293419871e-05
MRC2,-7.53419557110655e-05
ARHGAP27,-7.544323565438173e-05
DTNA,-7.546908376170483e-05
KLHL20,-7.549358446970023e-05
OTUD7B,-7.554102096739633e-05
ANKRD29,-7.554371289182786e-05
TNFAIP2,-7.55667552438945e-05
SREBF2,-7.557418834998489e-05
CCNL2,-7.558216702802402e-05
ALS2,-7.55918758054185e-05
ZSCAN23,-7.563937398454732e-05
SLC23A2,-7.565317964737417e-05
TCAIM,-7.565388079519665e-05
RTN1,-7.565606121557786e-05
ZNF736,-7.568978574063697e-05
C3orf85,-7.575854218825745e-05
SLC26A11,-7.57654616331007e-05
DMXL1,-7.576642095605398e-05
PODN,-7.579365283353125e-05
ENPP3,-7.58102694020035e-05
SDS,-7.583523885846877e-05
DDR2,-7.585042858164974e-05
SLC6A6,-7.588277475038401e-05
RALA,-7.589387262045986e-05
NCAM1,-7.592601749553766e-05
ARHGEF2,-7.594077365536626e-05
MYOT,-7.596047409669755e-05
CTSS,-7.605243574399051e-05
SCN2A,-7.606374217885934e-05
RASAL1,-7.607923095394662e-05
C8orf37-AS1,-7.60904121460942e-05
EGR1,-7.619058474894969e-05
FAM160A2,-7.621800624906818e-05
ARMCX3,-7.622775766363211e-05
PCLO,-7.623012653108962e-05
ARIH1,-7.624406278535215e-05
TAL1,-7.627199872467974e-05
COL8A1,-7.63025359419999e-05
ARHGAP25,-7.63396730736269e-05
AHDC1,-7.63761982315358e-05
BOD1L1,-7.638864839686266e-05
FAM171A1,-7.640841243773181e-05
PXDC1,-7.641104874593468e-05
ZFC3H1,-7.645588274439086e-05
ELF2,-7.645839607306908e-05
CCDC120,-7.647177327949051e-05
PKP3,-7.652339766247025e-05
ADAM19,-7.654318805668486e-05
TNFSF10,-7.656889620388412e-05
SBNO2,-7.659713012073745e-05
USP6NL,-7.660815435355962e-05
ZBTB16,-7.662844266138588e-05
CDR2,-7.663483443326493e-05
CNKSR2,-7.664031836473297e-05
SHROOM3,-7.664258822083225e-05
RGN,-7.665758064820539e-05
KRTAP5-AS1,-7.665958489009159e-05
OSMR,-7.675083411618814e-05
MSRB3,-7.675710867896044e-05
EPS15L1,-7.677074072802766e-05
LRFN5,-7.677978465304162e-05
APOL6,-7.678724517833432e-05
OSTM1,-7.689447685826308e-05
GOLGA2,-7.689950953964528e-05
TNIK,-7.690907602159143e-05
VIM,-7.693753948932521e-05
ACSS3,-7.695407984338533e-05
VSIG1,-7.697517291576943e-05
CDC14A,-7.698272274736223e-05
CXADR,-7.698959670223168e-05
EML2,-7.700380010589072e-05
THSD7A,-7.700382965419923e-05
KIFC3,-7.706724622195472e-05
AKT3,-7.707484377942924e-05
PTPN22,-7.710976976407934e-05
PDE4B,-7.711454461865307e-05
ALK,-7.711502697894667e-05
WARS,-7.718674417151459e-05
CD164,-7.724444294133207e-05
USP3,-7.725673217649213e-05
DAB2,-7.727291306314099e-05
CACNB4,-7.727398686057411e-05
RYBP,-7.73011454260495e-05
TLDC2,-7.732087550952311e-05
CARD6,-7.737494044109656e-05
GIMAP8,-7.738085601176284e-05
DPEP2,-7.738400571027075e-05
TMEM220-AS1,-7.740134843496456e-05
DOCK1,-7.744028779747969e-05
PDGFC,-7.748581256257207e-05
NMRK1,-7.751517497837644e-05
TMEM150B,-7.751972188069667e-05
UBE2E1,-7.753114972307972e-05
OVCH1-AS1,-7.756768762772937e-05
CLDN12,-7.759246498371487e-05
IRF4,-7.769670321520657e-05
MTMR10,-7.777093644294334e-05
SP110,-7.778665334061386e-05
CEMIP,-7.778807860699115e-05
ZCCHC2,-7.782592275850992e-05
SPARCL1,-7.782709829435157e-05
SCARF1,-7.785150501494079e-05
STX12,-7.793713223427898e-05
PLSCR4,-7.794031749877632e-05
SAMD12-AS1,-7.795786952114581e-05
DAAM1,-7.79605809616907e-05
STK40,-7.796749058043367e-05
ST3GAL5,-7.798147645183633e-05
GDAP2,-7.79838632736657e-05
DENND11,-7.800768890530795e-05
USP32,-7.803792605373365e-05
KCNQ3,-7.806181540600843e-05
CD79B,-7.808476334900508e-05
INKA2,-7.811316826539997e-05
HPCAL1,-7.815848736222065e-05
BSDC1,-7.821202209828462e-05
PSTPIP1,-7.822396605054547e-05
MDM4,-7.825661796995143e-05
TNFSF13B,-7.826846634085655e-05
ZNF727,-7.83165975117814e-05
ERG,-7.831812355443039e-05
TARSL2,-7.835670496178443e-05
DNAJB14,-7.844398282275547e-05
ELMOD3,-7.851197252133538e-05
FMO4,-7.853503327064215e-05
IRF6,-7.854972279509307e-05
GIPC1,-7.860362699559195e-05
CCNL1,-7.863818268027999e-05
MARCH8,-7.866770303277178e-05
MAPK10,-7.872559484259918e-05
SNX14,-7.874364338534602e-05
ADAMTSL4-AS1,-7.876550878519882e-05
LRRK2,-7.883111441711572e-05
ADRA1A,-7.883278162312382e-05
KRT7,-7.886125079892376e-05
LURAP1L,-7.886250284752828e-05
SLC35A1,-7.892738254191614e-05
DAPK1-IT1,-7.897583535481892e-05
LSS,-7.897913522875886e-05
CFAP70,-7.898166594845539e-05
SPON2,-7.900827013322362e-05
SYNPR,-7.903789716953012e-05
RAPGEFL1,-7.904437035866695e-05
THRB,-7.910947067880874e-05
MIR34AHG,-7.911339158747397e-05
FCRL5,-7.911667217039429e-05
DENND2C,-7.917693912709045e-05
CBR3,-7.919796738338016e-05
ZNF559,-7.92239316210973e-05
SSBP2,-7.922432332980306e-05
NBR1,-7.922955516988865e-05
MYPN,-7.923925191557964e-05
STX18,-7.930676231777675e-05
TUSC3,-7.93392769840245e-05
ARID5A,-7.938795073727529e-05
PLOD2,-7.939398951735203e-05
FOXL1,-7.941589522812898e-05
PRDM16,-7.946239891164878e-05
SLC7A11-AS1,-7.95588756617713e-05
CHRM3,-7.95645006818697e-05
TMEM135,-7.959800123787465e-05
CAV2,-7.962221114096564e-05
IL6ST,-7.9668179036931e-05
BIRC6,-7.967151120165154e-05
SOCS2-AS1,-7.975768962253414e-05
MBD6,-7.981174218891876e-05
VAV1,-7.982718136207802e-05
PTPRE,-7.983384082903932e-05
UNC5C,-7.990442029984278e-05
DCAF8,-7.991394022453654e-05
KCNJ16,-7.99427542126459e-05
PXDN,-7.998041301051351e-05
PIGR,-8.001025455765074e-05
MINDY1,-8.005194909048449e-05
HDAC9,-8.006828066486358e-05
RFTN1,-8.007296251567929e-05
SNRK,-8.012495836525275e-05
INPP5D,-8.013822448961133e-05
LIFR,-8.017474039394865e-05
FEZ2,-8.024703031353091e-05
CYP2S1,-8.030715948526651e-05
PYROXD1,-8.033119084775191e-05
FILIP1,-8.034718880538935e-05
ADA2,-8.04045432219585e-05
HDAC5,-8.045943209321778e-05
SULT1C2,-8.053817586779364e-05
PRR16,-8.058146509992009e-05
ACOT11,-8.059191248369825e-05
RHOH,-8.061165116801367e-05
ABHD2,-8.061419482474291e-05
RHOJ,-8.061957507916098e-05
MROH1,-8.062634992465855e-05
EBF1,-8.064461143263996e-05
PKHD1,-8.066327206423787e-05
RARB,-8.067140400682717e-05
METTL25,-8.068129825049559e-05
TP53INP2,-8.074333665938227e-05
APPL2,-8.074701669127943e-05
MEF2C-AS1,-8.075628630483761e-05
CADM1,-8.077565928613534e-05
KPNA7,-8.079984282970235e-05
ADAMTS1,-8.085074947798438e-05
FAM3B,-8.088772313619082e-05
FBXO3,-8.092360025378142e-05
FMO3,-8.092551527180217e-05
POSTN,-8.094976931096907e-05
ADGRB3,-8.096901919983007e-05
SLC7A8,-8.103794530535136e-05
NID2,-8.10872002111419e-05
FHDC1,-8.111867456488815e-05
PER3,-8.112554085086647e-05
DENND5A,-8.112939108404604e-05
COL25A1,-8.11923854922648e-05
MTMR11,-8.122271446950319e-05
PLA1A,-8.126187573901985e-05
TIMP3,-8.131976282972818e-05
ZNF254,-8.13403494418519e-05
ARAP2,-8.138411244307058e-05
RIPK3,-8.140817792924258e-05
AP000787.1,-8.144324963572951e-05
HELZ,-8.158718968586751e-05
TPRG1,-8.164677858260369e-05
TMEM232,-8.166413697586196e-05
SMAP2,-8.174284302787292e-05
GPC5,-8.175611516797289e-05
MAFK,-8.18900803231504e-05
IQCJ-SCHIP1,-8.203167213144749e-05
TOX3,-8.204688607637278e-05
PLXDC1,-8.20606027347808e-05
ZNF841,-8.206112626675457e-05
AF117829.1,-8.206563273846834e-05
ATXN7L1,-8.210224547989343e-05
ST5,-8.210261947982107e-05
PIP4K2A,-8.212053947764308e-05
RAB2A,-8.219849852613568e-05
SHANK2,-8.220527949282196e-05
TNFRSF4,-8.221974777805379e-05
BCAT1,-8.222444210229803e-05
MCC,-8.226795433826505e-05
FCGR1A,-8.228278893019752e-05
SYT2,-8.228342882469473e-05
MAGEH1,-8.230197298295572e-05
CYBB,-8.231372019120273e-05
USP9Y,-8.234001672675064e-05
PIM3,-8.245050925765445e-05
COL16A1,-8.245181663405044e-05
ACVR1,-8.2482886858082e-05
EPC1,-8.25245660595084e-05
CDH13,-8.257368498803814e-05
TOM1L2,-8.270635218609991e-05
PNRC1,-8.270949813729024e-05
COL5A2,-8.274257640956827e-05
MYO5A,-8.276206041175907e-05
MCF2L2,-8.279714396608784e-05
CCN2,-8.280279276018147e-05
ATP6V0A1,-8.283259605472962e-05
C1GALT1,-8.28408366896018e-05
COLCA1,-8.286416570734906e-05
CNTN4,-8.289400977187981e-05
AF165147.1,-8.29381595137212e-05
COBL,-8.294359240579782e-05
TNS1,-8.30356535039074e-05
CACNB2,-8.303667644633128e-05
RNLS,-8.304538463067116e-05
COLQ,-8.30556686822989e-05
CYLD,-8.308353396244258e-05
AMBRA1,-8.31323170971336e-05
CEP85L,-8.319950496887547e-05
SHC1,-8.326460929677243e-05
SLC1A2,-8.327025851631174e-05
TIPARP,-8.329417836942128e-05
BTC,-8.335178615539742e-05
PTPRS,-8.3415508616116e-05
MXI1,-8.348330714623321e-05
RAPGEF1,-8.349711240491462e-05
AP000943.2,-8.354109814899968e-05
PHF20L1,-8.355832046674284e-05
ATAD2B,-8.358603665667993e-05
ITSN1,-8.365892096063098e-05
RAB11FIP1,-8.367151503728831e-05
MAP3K8,-8.370444430738908e-05
RIC1,-8.3772893106018e-05
TAFA1,-8.379657597154716e-05
ZNF528-AS1,-8.384155937303845e-05
SERPING1,-8.3961236470279e-05
MPPED2,-8.396897660722709e-05
PPM1H,-8.399649927604729e-05
NOTCH3,-8.399895109070498e-05
GPR155,-8.412633276770338e-05
EVL,-8.41291554702783e-05
GUCY2C,-8.414707187292483e-05
RBFOX1,-8.416580112482774e-05
GCNT3,-8.418191240096066e-05
KCNN3,-8.418732277237098e-05
ANKRD50,-8.419423089581922e-05
MED13L,-8.427058459160374e-05
HS6ST3,-8.430982593242955e-05
TBC1D10A,-8.431332205140946e-05
PTPRD,-8.438444376009739e-05
PCGF3,-8.443222800523701e-05
CSF1R,-8.444005885640906e-05
KAT6B,-8.446742116280614e-05
NFATC2,-8.448574650990259e-05
CRMP1,-8.450163109370348e-05
MIR3936HG,-8.454803416551592e-05
SCN3A,-8.464614507170812e-05
NRXN2,-8.466299048543722e-05
ABCA1,-8.469230934977585e-05
ADCY4,-8.473440491031841e-05
HAGLR,-8.475754781951561e-05
CAPZA2,-8.477472116963417e-05
SNED1,-8.477908290112357e-05
BTBD19,-8.478056757581915e-05
LARGE1,-8.487324253396455e-05
ABI3BP,-8.493050994956528e-05
MFSD4A,-8.496406754669742e-05
THEMIS2,-8.499455195583522e-05
IDH1,-8.49973377138511e-05
PWWP2B,-8.499807676989551e-05
ITPKC,-8.500064995222377e-05
PRICKLE2,-8.500989502648804e-05
GHR,-8.502919266556754e-05
TMEM72-AS1,-8.503977069211153e-05
SLC25A20,-8.504737168746596e-05
MCF2L,-8.505972695445711e-05
EVC,-8.507415241055643e-05
SLC1A3,-8.515974634114213e-05
DCAF6,-8.517261945312698e-05
MYOM1,-8.519991126186761e-05
ADAMTS10,-8.523356411471351e-05
GOLPH3L,-8.525261682365879e-05
SLC66A1L,-8.527584642364576e-05
TGM2,-8.527983600885459e-05
CLMN,-8.534323742237561e-05
SCYL2,-8.541155315212657e-05
NCOA3,-8.543942380520681e-05
WDR13,-8.545563413129163e-05
TLR3,-8.546461409314433e-05
FGD4,-8.550105972451267e-05
NCKAP5,-8.550526673059208e-05
ZFYVE28,-8.554533868747736e-05
GPRC5A,-8.554951112163936e-05
MYO1F,-8.555010113770392e-05
CREB3L2,-8.555210803793267e-05
HERPUD1,-8.557548750174213e-05
DNM3OS,-8.559722453618792e-05
RNF103,-8.561052604801166e-05
KMT5B,-8.562537697339367e-05
SLC16A3,-8.569545434825569e-05
MACF1,-8.577212742877144e-05
WDR1,-8.579855534729836e-05
MSN,-8.587223559008349e-05
CUX1,-8.59176354052463e-05
TNFRSF14,-8.593814388134509e-05
FREM1,-8.595350771563221e-05
ALDH1A1,-8.600170415776135e-05
MACO1,-8.606499286240896e-05
HS3ST5,-8.609466442702549e-05
PDE1A,-8.609655708348569e-05
SARS,-8.612208758880599e-05
VEGFC,-8.615457333671334e-05
SLFN5,-8.616642218764703e-05
GAK,-8.619368594023817e-05
CCDC144A,-8.622914541760266e-05
DGKG,-8.623403791106067e-05
PLB1,-8.632822393389498e-05
CCND2,-8.644234973753045e-05
TM6SF2,-8.649246171263431e-05
BASP1,-8.660591519952401e-05
CHI3L1,-8.662450132355013e-05
PMP22,-8.66300969616254e-05
TBC1D32,-8.664382636071279e-05
CAMK2N1,-8.66688406233286e-05
PROSER2,-8.682968865402182e-05
ZNF320,-8.684047801178524e-05
RHOF,-8.685143891725606e-05
TAB3,-8.687658370214288e-05
GUCY1A1,-8.6907241448216e-05
SNTB1,-8.692710270410053e-05
SPARC,-8.69567843400971e-05
MAGI2-AS3,-8.697634537960555e-05
VPS41,-8.698735247278517e-05
JAML,-8.700322017166166e-05
OASL,-8.701768765302049e-05
TNS4,-8.70951159275982e-05
INF2,-8.712266858403691e-05
GRAMD2B,-8.715500768776534e-05
COG5,-8.717120543483539e-05
DQX1,-8.718628654706368e-05
RSAD2,-8.732585748395466e-05
ATP11B,-8.736833223297597e-05
PLEC,-8.7424669708566e-05
SEC23A,-8.744494830067515e-05
PDZRN4,-8.746129066146867e-05
RUNX3,-8.748367893101489e-05
GTPBP1,-8.755678563907558e-05
MAMLD1,-8.758576697094721e-05
MYH10,-8.76720338028022e-05
MMP2,-8.772627204831853e-05
NR5A2,-8.774354464060707e-05
C1orf115,-8.780755564020107e-05
DIAPH1,-8.78687166232397e-05
RAB5A,-8.787031149574655e-05
HIPK2,-8.790503542719891e-05
VSTM4,-8.794587598465608e-05
SPPL3,-8.796230430566007e-05
LMOD1,-8.796485821057925e-05
PTK2B,-8.805999580486381e-05
ESR1,-8.807745978228659e-05
SH3BGRL2,-8.825061808893624e-05
UTRN,-8.827202533480901e-05
MSC-AS1,-8.827532343428953e-05
CASP10,-8.83132780039582e-05
CA8,-8.838252844415677e-05
FAM241A,-8.85806829010319e-05
SULT1B1,-8.864263286668383e-05
RGL3,-8.870056716168352e-05
ENTPD1,-8.876154879741962e-05
VWF,-8.8910035893343e-05
SELENBP1,-8.894437847586476e-05
PDPN,-8.898080332888215e-05
ARRDC1,-8.909690231682518e-05
SIDT2,-8.911206674876824e-05
EFEMP2,-8.915323144575117e-05
KIF1B,-8.917177683445914e-05
SEC24D,-8.925372642851625e-05
KRT19,-8.938675346612913e-05
MSI2,-8.943148652709145e-05
MFSD6,-8.949219621363584e-05
CD53,-8.955242507802108e-05
SPOCK3,-8.956639062474504e-05
ELK3,-8.961253606343719e-05
TECPR1,-8.965287335032106e-05
GAB2,-8.970175780286469e-05
RNF217,-8.973269580561782e-05
ADAMTS17,-8.975678255461287e-05
COL15A1,-8.976598901354153e-05
SEMA3E,-8.982912614031881e-05
TBCEL,-8.996936300597e-05
KCND3,-8.998735728105225e-05
AFF3,-9.00312628618501e-05
JCAD,-9.003858512565586e-05
MYBPC1,-9.011657019598546e-05
IGSF11,-9.01309067056164e-05
MARK1,-9.014027020452458e-05
SHC2,-9.0164090040951e-05
FLT1,-9.01667012362784e-05
SLC9A2,-9.024224404385936e-05
ZFPM2-AS1,-9.024481377370313e-05
BTG1,-9.0251197671486e-05
RCSD1,-9.02856358008332e-05
GOLGA7B,-9.031801350628988e-05
JAK2,-9.041796446009024e-05
ZNF141,-9.05418506468898e-05
RAB3GAP1,-9.05442208654032e-05
NRG1,-9.059626226022196e-05
DGKA,-9.07632989965432e-05
LY86,-9.07839688340355e-05
RGS2,-9.080222583313522e-05
AMMECR1,-9.082545839764836e-05
ZBTB46,-9.086565444821074e-05
SHROOM4,-9.091084540085884e-05
PCBP1-AS1,-9.091697251220932e-05
PADI1,-9.09211525146863e-05
INSR,-9.092914404340146e-05
LGALS4,-9.093015531133542e-05
CPNE5,-9.094252486273846e-05
PTAFR,-9.100958694648616e-05
ZBTB38,-9.11689299804784e-05
CA13,-9.124971613520052e-05
OPHN1,-9.125995242221636e-05
MYO6,-9.128553046216296e-05
SEMA6A,-9.129071491488844e-05
FAM155A,-9.132300319656936e-05
CDRT1,-9.134698496713542e-05
OGDH,-9.135197972700768e-05
BX284613.2,-9.136956687682578e-05
SESN1,-9.141718186825404e-05
VPS54,-9.148597343849692e-05
SDC2,-9.156111456515057e-05
GPAT3,-9.15748056160286e-05
RBM6,-9.16086093310507e-05
ADAMTS9,-9.161031907287496e-05
PRUNE2,-9.163300043256756e-05
ZSCAN30,-9.168105891212964e-05
TMEM238L,-9.168361359429188e-05
DOK6,-9.17395292674523e-05
BICDL2,-9.1777708412169e-05
PHYKPL,-9.182137170180836e-05
ACVR2A,-9.194869101245434e-05
CASTOR3,-9.195450760869335e-05
WWC1,-9.201445222427096e-05
CFI,-9.20145103347697e-05
AGPAT4,-9.20170003679431e-05
TMEM273,-9.209997356147604e-05
DLGAP4,-9.211463090248144e-05
ATP8B2,-9.213237566025776e-05
ADAM17,-9.215021616133042e-05
OSBPL7,-9.220356639041758e-05
AVL9,-9.226377790486592e-05
LUZP1,-9.229436451807272e-05
HERC6,-9.229867802419009e-05
ZZEF1,-9.243668196872416e-05
DAPK2,-9.248194034019778e-05
FLCN,-9.251303138703671e-05
FLNC,-9.257697699804844e-05
RGPD2,-9.26194418829754e-05
EGFL7,-9.262428458545686e-05
AP005131.1,-9.272358040879736e-05
NTM,-9.275828567843448e-05
RAP1GAP,-9.27746723157365e-05
SALL1,-9.278155625358112e-05
THBS1,-9.280505843674123e-05
NR1H4,-9.283119672001648e-05
SOX5,-9.285521827316552e-05
FBXO25,-9.286634209423364e-05
COL6A1,-9.289734167048151e-05
CMPK2,-9.297929331894873e-05
TARID,-9.303315146501465e-05
GULP1,-9.320342429765082e-05
FAXDC2,-9.32274187946962e-05
MAN1A1,-9.330659488834814e-05
MROH7,-9.339180018133217e-05
KLHL29,-9.34515456187613e-05
SLC2A3,-9.346693409960875e-05
SF3B1,-9.346977941791137e-05
HLA-B,-9.351656082204804e-05
SH3GLB1,-9.352768501775652e-05
APC,-9.353844177035376e-05
LRCH3,-9.358386011553124e-05
SGO1-AS1,-9.35854572139126e-05
CYP2C18,-9.359635327507162e-05
ZFAND5,-9.374679251265096e-05
ITGA11,-9.386243775240452e-05
YPEL5,-9.389947647588145e-05
STK10,-9.39132192095228e-05
ARRDC2,-9.401188573898558e-05
KAT2B,-9.405471808011092e-05
RHBDL2,-9.409831303551416e-05
DUXAP8,-9.412560585988242e-05
GBP2,-9.414437637022744e-05
WWC2,-9.417976149355866e-05
FNIP1,-9.421539739815235e-05
ZNF430,-9.424050925339764e-05
MROH6,-9.426246657803315e-05
IRF9,-9.42646230688342e-05
WBP1L,-9.431801254669524e-05
C4BPB,-9.435969304168357e-05
TTC7B,-9.447297205272756e-05
TANC2,-9.459203022878552e-05
ILRUN,-9.470375824345952e-05
C3,-9.489107990399336e-05
SETBP1,-9.494439568758752e-05
STPG2,-9.494631132125232e-05
MICU3,-9.495730620704184e-05
ITGA8,-9.499511860640544e-05
SATB1,-9.501259322721188e-05
ABCA6,-9.502889938027112e-05
CYYR1-AS1,-9.504204289587316e-05
BAZ2A,-9.505232853936827e-05
B3GALT5,-9.50738497011166e-05
TENT5C,-9.510501742338183e-05
CDC42BPB,-9.514671474729882e-05
PKIB,-9.518922346028456e-05
DANT2,-9.521143161909173e-05
DCN,-9.525856899165544e-05
BTRC,-9.533774024003576e-05
ACTR2,-9.540909104588746e-05
SH2D3A,-9.5433350743334e-05
OFD1,-9.545326084548384e-05
TCF7L1,-9.546529689273968e-05
GALNT13,-9.550225955993832e-05
ACBD3,-9.55219467566279e-05
PARP14,-9.555405691552806e-05
VLDLR-AS1,-9.557259615713054e-05
MIR29B2CHG,-9.566345778052775e-05
CDHR5,-9.571116482214712e-05
RIT1,-9.57300894203346e-05
UMAD1,-9.575377312327756e-05
LMCD1,-9.575810175373651e-05
FAM49B,-9.584632218448388e-05
SLC15A1,-9.597948518028412e-05
ZDHHC11,-9.603943999861166e-05
IL7,-9.615373796355028e-05
COL4A2,-9.624692783834131e-05
ZNF655,-9.63417112590535e-05
ADGRL4,-9.642968870677796e-05
ZNF585B,-9.643483657940068e-05
ANTXR1,-9.649979859124688e-05
ESYT2,-9.650875508749744e-05
CLASP1,-9.656179409022984e-05
CSNK1G3,-9.659676797806174e-05
GABBR1,-9.661659597021178e-05
KDM6A,-9.673888991524107e-05
GABRE,-9.67436860617138e-05
PDGFRB,-9.675532260060732e-05
STAT4,-9.67706486349887e-05
TRMT9B,-9.682462805404504e-05
SLIT2,-9.684740509108286e-05
LAMA4,-9.68676959940715e-05
SEC31A,-9.696446468446288e-05
TTC9,-9.69780403865364e-05
DIP2B,-9.708839604782851e-05
NRCAM,-9.71240674712383e-05
TBX3,-9.72271923584906e-05
ABCG1,-9.724468773058788e-05
PPM1K,-9.727756946189128e-05
CBR3-AS1,-9.7300145914988e-05
EFNA5,-9.737668973514303e-05
TMEM45A,-9.747129090991951e-05
IGFBP7,-9.748958633198383e-05
ARHGAP10,-9.754134819174449e-05
BTBD10,-9.76854114515108e-05
KDM5A,-9.769997909296896e-05
SYTL5,-9.776123916096996e-05
WASF3,-9.776597334612032e-05
TICAM1,-9.777244580379552e-05
PSORS1C1,-9.799364549444118e-05
ATP2B4,-9.800983761560524e-05
SLC41A2,-9.80230325411514e-05
GPD2,-9.80411639413056e-05
BRWD3,-9.806670563064692e-05
SPATA1,-9.818619090625196e-05
IFI27,-9.83774706909112e-05
PLIN2,-9.84021907186746e-05
CASC9,-9.841637405318862e-05
CALD1,-9.852613382591782e-05
PLK2,-9.853282053269592e-05
IFNG-AS1,-9.854773056086918e-05
TMOD1,-9.863186656594714e-05
KIAA0355,-9.863266666901074e-05
RNF150,-9.867993570105036e-05
FYB1,-9.879887901158708e-05
MAP2K4,-9.881266116284904e-05
PIP5K1A,-9.883521049054823e-05
ADAMTSL3,-9.887023609971388e-05
NLRC5,-9.898855266542451e-05
GPC6,-9.899172385009282e-05
SUMF1,-9.905370773498992e-05
SLC11A1,-9.91450491806572e-05
PIP5K1B,-9.915789450029718e-05
GRIP1,-9.917341396330148e-05
F5,-9.92792255482249e-05
SHOC2,-9.93242049535158e-05
PREX1,-9.939851315435412e-05
CGNL1,-9.9471941383122e-05
ABCB1,-9.947803331075673e-05
LRP1B,-9.94974262906766e-05
DCTN2,-9.95004308715719e-05
ZNF827,-9.950163857868224e-05
DAAM2,-9.956225326969324e-05
AKAP9,-9.965730808281158e-05
ZFYVE1,-9.969924784266926e-05
TJP2,-9.978257995320756e-05
RNF130,-9.981205223121566e-05
TMTC2,-9.984133045284538e-05
PARVG,-9.988083800290402e-05
PIK3CA,-9.999004798431248e-05
OGT,-0.0001000063173966
ARNT,-0.0001000277569297
QSOX1,-0.0001001202414016
DOCK6,-0.0001001305573283
ITGA4,-0.0001002902893385
SH2D3C,-0.0001003461456723
CCDC18-AS1,-0.0001003542547013
GPR39,-0.000100457825482
SLC35D2,-0.0001005787430292
SP140L,-0.0001008405023722
ATP10A,-0.0001008757548417
FLRT2,-0.0001009423216263
HEATR5B,-0.0001009496227249
GALE,-0.0001010443354844
BRAF,-0.0001011405176021
NEK7,-0.0001012014593539
MAF,-0.0001012677652725
CNKSR1,-0.0001013163137099
GABARAPL1,-0.0001013480455463
YOD1,-0.0001013842015768
UBA6,-0.0001014346100292
MEF2D,-0.0001014813760137
NCALD,-0.0001016098503165
CASC15,-0.0001016321118687
HLA-F,-0.0001017118680801
NPAS3,-0.0001017438520496
TMEM165,-0.0001018052980513
ZNF385B,-0.0001018835880473
CSNK1A1,-0.000101969982436
ITPR1,-0.0001021429433725
MAL2-AS1,-0.0001021735349024
SLIT3,-0.0001022325564053
CLCN3,-0.0001023914843588
ARFIP1,-0.0001024444496446
GPRC5D-AS1,-0.0001025175408902
ENG,-0.0001025223141091
PLXDC2,-0.0001025733623534
GPR137B,-0.000102583846489
PLA2G4C,-0.0001025972593905
ANGPTL1,-0.0001026002348056
BBOX1-AS1,-0.0001026057708957
ANXA6,-0.0001026327470887
MB21D2,-0.0001026670434468
HBP1,-0.0001028634732189
ZNF75D,-0.0001028864498595
SQOR,-0.000102911952778
EPS15,-0.0001029261673688
TAOK1,-0.0001029396001715
PBX1,-0.0001029900751675
MAX,-0.0001030176349232
STK38L,-0.0001030369882735
CD55,-0.0001030395519548
IFNAR2,-0.0001031544621511
NPC1,-0.0001033087290174
SPATA13,-0.0001033129465741
CAPS2,-0.0001034452050711
DIAPH2-AS1,-0.0001035688078641
CDYL2,-0.000103626106363
MX1,-0.0001037517276517
TRAK1,-0.0001038130017914
CMIP,-0.0001038562999557
PRKG2,-0.0001038583085278
SLC7A2,-0.0001039423299158
TRG-AS1,-0.0001039573850182
FRMD4B,-0.0001039996473001
PNPLA7,-0.000104017032441
PNPLA8,-0.0001040599575715
STARD4,-0.0001040604948602
TBL1X,-0.0001041660267394
PRICKLE1,-0.0001041755099645
AUH,-0.0001041950245308
CAPN2,-0.000104238569951
C4orf19,-0.0001042638847244
RELL1,-0.000104333909779
COMMD1,-0.0001043543410815
PLEKHG1,-0.0001043797839661
PIK3R5,-0.0001044268378948
USP33,-0.0001045655236423
KLF4,-0.0001045921121604
NCOA2,-0.000104641129507
PALMD,-0.0001046520614697
LUM,-0.0001047258846525
TMTC1,-0.0001047311717144
FGD2,-0.0001047374163937
RNF180,-0.0001047492855806
STOM,-0.0001047500562154
HK2,-0.0001048661143255
DOCK5,-0.0001049196369169
SCFD1,-0.0001050140504075
IL1R1,-0.0001052326790395
LRP1,-0.0001052492151612
PTPRZ1,-0.0001054815694464
ERRFI1,-0.0001056741667817
ZMYND8,-0.0001056759230195
DISP1,-0.0001056854029644
NCOA7,-0.0001057217624423
CPED1,-0.0001057420606235
C6orf62,-0.0001058405400038
ARHGAP17,-0.000105850852769
FOXO3,-0.0001058853346866
FSTL1,-0.0001059381280871
CFH,-0.0001059939748377
CAPN13,-0.0001060756095829
PML,-0.0001060877475621
PNPLA2,-0.0001061507544638
CHFR,-0.000106169787891
ITPRID2,-0.0001062404130069
FYN,-0.0001062470453326
FAT4,-0.0001064640914527
CTIF,-0.0001065045859922
SYNPO2,-0.0001067909737215
FRY,-0.0001068767368552
ELL2,-0.0001069931195414
PPP1R16B,-0.0001070138473866
NHSL2,-0.0001070368436696
NEDD9,-0.000107199337035
KIAA0513,-0.0001072216178371
TTTY14,-0.0001072430484003
CYFIP1,-0.0001072715545229
NABP1,-0.0001073853984044
USO1,-0.0001074203512389
PLCG2,-0.0001075422135062
TMEM144,-0.0001075489661027
ZMAT1,-0.0001076082136657
CHSY3,-0.0001077834309699
SEMA3B,-0.0001078032455558
ADGRV1,-0.0001078318523557
BMP2K,-0.0001078445844684
FN1,-0.0001078723633559
TENM3,-0.0001079291435733
NEMF,-0.0001079821702154
LRRC32,-0.0001081487891807
ABCA10,-0.000108220198898
TSPAN9,-0.0001082246568977
CCDC102B,-0.0001082405461289
P2RX4,-0.0001082784147833
FAM228B,-0.0001082981089017
RAB7A,-0.0001083625929162
ZNFX1,-0.0001083833580339
GDPD3,-0.000108425334752
SLC28A3,-0.0001084559861952
PPP2R5A,-0.0001085406127438
PRSS3,-0.0001085539691749
LHFPL2,-0.000108650758251
CA1,-0.00010866421856
COL5A1,-0.0001088060589323
PPP1R12A,-0.0001088226297637
CCL28,-0.0001088698832379
ELF1,-0.0001088732715587
CD300LF,-0.000108906209335
EMILIN1,-0.0001090171828138
SUGCT,-0.0001090401792986
RBM39,-0.0001090502343224
MARK3,-0.0001091065643883
NPEPPS,-0.0001092216699778
CLIC5,-0.0001092509515982
S100A14,-0.000109374967771
JAZF1,-0.0001093964765501
TMEM159,-0.0001094118170118
GOLGA4,-0.0001094405175095
RAB37,-0.0001095494548961
FBXL7,-0.0001095505392488
ERN1,-0.0001095992891882
RCOR1,-0.0001096199248357
PLAC4,-0.0001096309609463
ZBTB43,-0.0001096914920508
OGA,-0.0001096973147734
DOCK4,-0.0001098867745526
TMEM45B,-0.000109962689574
ZKSCAN1,-0.0001099955325491
MEF2C,-0.0001100708292084
TANK,-0.0001100826815145
NCOR1,-0.0001101178965563
SLC29A3,-0.0001102382700362
SNHG14,-0.0001102962327486
SCIN,-0.0001103067734692
VSIR,-0.0001103289132115
FAM160A1,-0.0001103298889828
PCCA,-0.000110359343442
SLC45A4,-0.000110437613314
FNBP1,-0.0001105257404007
NID1,-0.0001105583824336
TCP11L2,-0.0001106670580789
SLC9A1,-0.0001107145831979
CDK8,-0.0001107819944863
TNRC6B,-0.0001107994004008
CRPPA,-0.0001108835787549
DNAH1,-0.0001109304073501
UBAP1,-0.0001109768201515
N4BP2L1,-0.000111225024614
RASA1,-0.0001112481696542
CDHR3,-0.0001112559807588
MS4A7,-0.0001112970787494
SRPK2,-0.0001113378142633
CEMIP2,-0.0001113624628944
ADGRF5,-0.0001114143326873
PRKCE,-0.0001116106270357
LSAMP,-0.0001116147087766
C6orf132,-0.0001116317244315
DCLK2,-0.0001117205104491
DLG2,-0.0001120208099062
PPP2R3A,-0.0001120653734286
EPS8L2,-0.0001120714981977
AHR,-0.0001121154466843
PACSIN2,-0.0001123525000017
CLK1,-0.0001124631694801
ZER1,-0.0001124663743157
PCGF5,-0.000112531930655
GAB1,-0.0001125774425102
SSBP3,-0.0001127472016665
WDR26,-0.0001127585723704
WDFY3,-0.0001128066793165
LRMP,-0.0001128097748992
INSIG2,-0.0001128766792834
LNX1,-0.0001130535518426
RELCH,-0.0001131106307774
SLCO2B1,-0.0001131709997873
VPS13B,-0.0001132012574977
ITGAX,-0.0001132041403596
BABAM2,-0.0001132236040741
ARHGAP31,-0.0001132414802901
HOOK3,-0.000113303967935
ZFPM2,-0.0001133286258974
CLDN18,-0.0001133347188638
DENND2D,-0.0001134617054316
SLAMF7,-0.0001134883059517
RALYL,-0.0001135043998825
MYO18A,-0.0001135162319574
PPARA,-0.0001135177204557
PCSK7,-0.0001135788662676
CASZ1,-0.0001137085641749
ST8SIA4,-0.0001137141140605
FBLIM1,-0.0001138644972191
RNASE1,-0.000113947982072
RUNX1T1,-0.0001140326780658
PPP1R21,-0.0001140516779647
CYP27A1,-0.0001142164725175
TEP1,-0.0001142835759919
MUC12,-0.0001143049000219
ESRRG,-0.0001144485512488
MVP,-0.0001145211593468
TMC7,-0.0001145236462883
TPD52,-0.0001145589371009
ATP2A3,-0.0001145727259252
ARID4B,-0.0001147604812203
ABLIM3,-0.0001150914895941
BNIP3L,-0.0001151857949083
WIPF1,-0.0001152705788172
RETSAT,-0.0001152922170559
GIPR,-0.0001153325619936
IFI44L,-0.0001153584437865
AP001610.2,-0.00011545098610107612
A1CF,-0.0001154665620619
VNN1,-0.000115563406572
CYP7B1,-0.0001156188681105
IKZF2,-0.0001156713876912
IKZF1,-0.0001157600665069
DENND4C,-0.0001158641698218
NOS3,-0.0001158730899285
PIK3C2A,-0.0001159292118844
BCL2L1,-0.0001160054559471
SLC4A4,-0.000116015609656
XDH,-0.0001160988984929
ZNF521,-0.0001161445816159
IL15,-0.0001161884003754
VCAN,-0.0001161917059209
IGFBP4,-0.0001162746552592
RAB1A,-0.0001162761114422
TMEM131,-0.0001163288835491
ATG14,-0.000116642284393
C5orf56,-0.0001166610550338
IL10RB,-0.0001166849362817
Z83843.1,-0.0001167399321126
LDLR,-0.0001167591356808
ANXA11,-0.0001168911279008
HOXD3,-0.000116902381261
DMD,-0.0001170675512579
ST3GAL1,-0.0001171361451085
DAB1,-0.0001172835540034
IL1R2,-0.00011731108917
PDCD6IP,-0.0001173765322123
MDK,-0.0001173915525313
PRKG1,-0.000117462635897
SYNE1,-0.0001175446361162
SPOPL,-0.0001176117896813
EIF4G3,-0.0001177071430008
IRAK2,-0.0001177369581818
AMPD3,-0.0001178483422407
ZNF706,-0.0001179988356812
NTN4,-0.0001180293876567
FIGN,-0.0001180883366278
MRTFA,-0.0001181887396231
IQGAP2,-0.0001182548453755
TCIM,-0.0001182751112467
IER3,-0.0001184511871801
TJP3,-0.0001184961885586
MEG8,-0.0001186108219281
MRVI1,-0.0001186754350539
SOS2,-0.0001187531513675
FOXP2,-0.000118816664877
ARHGAP32,-0.0001188911439538
UBE2E2,-0.0001190410247964
PHACTR1,-0.0001191762163906
APOL1,-0.0001192597373008
CACNA2D1,-0.0001193818106182
CYYR1,-0.0001194491343403
TUT7,-0.0001195025898485
MYO1B,-0.0001195357627777
CGN,-0.0001196095225929
KMT2C,-0.0001196927895069
RHOB,-0.0001197293998326
APBB2,-0.0001198614710499
PCAT1,-0.0001199024232256
ATP8B1,-0.0001199686439849
PLCL1,-0.0001201599364897
KIAA2026,-0.0001206839657658
ZNF431,-0.000120696139008
PPP1R15A,-0.0001207255497222
ANKFN1,-0.0001208159602735
LRCH1,-0.0001208299482889
TMLHE-AS1,-0.0001209748049235
FERMT2,-0.0001210254705271
CCND3,-0.000121089142779
HPN,-0.0001211063375677
FBXO11,-0.0001211776326364
WASF2,-0.000121402640829
CAB39,-0.0001217085356941
NFKB1,-0.0001217304629271
PSD3,-0.0001218434563699
CAPZB,-0.0001218752316682
UBR2,-0.0001219263783973
CTTNBP2NL,-0.0001220248999533
PPP1R3B,-0.0001222376781408
GRB10,-0.0001222922459191
TRIM22,-0.0001223825635708
RB1CC1,-0.0001224262154552
FAAH2,-0.0001226299266745
PROS1,-0.0001227016742537
NT5C2,-0.0001227094966008
SGMS2,-0.0001230803796192
MEG3,-0.0001231223404599
RAB9A,-0.0001231287718086
BIRC3,-0.000123187031776
LHFPL6,-0.0001232789179433
ZNF44,-0.0001232901626005
NFKBIZ,-0.0001233522397932
MKLN1,-0.0001233807110004
SMIM14,-0.0001234455837415
SPINT1,-0.0001235178285342
JARID2,-0.0001235861150679
TMPRSS4,-0.0001236227413827
PPP2CB,-0.0001236949926342
LAMA2,-0.0001238107879811
COG6,-0.0001239136211799
ITPR3,-0.0001240455198176
DUSP4,-0.0001240609053838
C1orf116,-0.0001240854398499
HIST1H2AC,-0.0001240872906083
CA3,-0.0001243556076059
XRN1,-0.0001243888374549
LCP2,-0.0001244148116776
FAM114A1,-0.0001246107347578
TFCP2L1,-0.0001246515812585
SLC9A3,-0.0001246701706387
BACH1,-0.0001247238351409
FRK,-0.0001249731744384
RUNX2,-0.0001250805752909
TMEM117,-0.0001251195537469
MDFIC,-0.0001251922912006
SGK1,-0.0001253226272813
KDM4B,-0.0001254819100913
GCKR,-0.0001255296472119
ARHGEF6,-0.0001257360122439
EPCAM-DT,-0.0001257550470898
LDLRAD4,-0.0001258171329435
PAG1,-0.0001258564902578
MYRF,-0.0001258738491912
BNC2,-0.0001259515534509
STAT6,-0.0001259719124112
SH3TC1,-0.0001260304703018
AFF1,-0.0001260828718412
VEGFA,-0.0001260983690548
COL4A1,-0.0001261547337164
RAB31,-0.0001261576411341
ZBP1,-0.0001262472952581
ITGA3,-0.0001263794997349
PARM1,-0.0001264743093722
PDE3A,-0.0001265530270554
CATSPERB,-0.0001266007720709
A2M,-0.0001266389973892
SUSD6,-0.0001267832784255
BICC1,-0.0001268969811575
UPRT,-0.0001269392986416
GALNT5,-0.0001270306723577
CASP4,-0.0001270731557083
PREX2,-0.0001270979217797
BACH2,-0.0001273457648971
PLXNA2,-0.0001273989618456
RIPOR2,-0.0001275750420509
CDK14,-0.000127731440866
TTC39A,-0.000127738327864
FUT3,-0.0001278593075637
RASSF7,-0.0001279165661714
ARHGEF4,-0.0001279791082231
PCDH17,-0.0001279880004402
SPIRE1,-0.0001284581383082
TMCC3,-0.0001285660099001
VASP,-0.0001287251041961
HK1,-0.0001287915231997
MEF2A,-0.0001289827450797
FER1L6,-0.0001291452540709
MYO7B,-0.000129369003363
CDC42BPA,-0.0001293735665526
LMBRD1,-0.0001293860694055
BACE2,-0.0001296034690903
ZNF235,-0.0001296264152732
YPEL2,-0.0001302374491565
SKIL,-0.0001302688687526
ITSN2,-0.0001302860527402
ASAP3,-0.0001303283662512
CPQ,-0.0001305911225533
DPYD,-0.000130602150054
PTPRH,-0.0001309567737412
HPGD,-0.0001309875676781
HSH2D,-0.0001310881115102
CYTH1,-0.0001312919077877
HS3ST1,-0.0001316099948006
FLI1,-0.0001316487773026
PRSS22,-0.0001317352904241
PLEKHM1,-0.0001318087745871
PRKCH,-0.0001318357636693
S100P,-0.0001318869504426
NAV1,-0.0001318942130124
CPEB2,-0.0001318949104718
NR2F2-AS1,-0.0001319208545477
KCP,-0.0001319228919543
HMBOX1,-0.0001319906958431
SLC6A20,-0.0001322436922917
SELENOP,-0.0001323151481528
MTMR3,-0.0001323259397679
GNAI1,-0.0001323537558352
BMT2,-0.0001324183073749
FBXW7,-0.0001324314244745
TBCK,-0.0001324637354567
MORC3,-0.0001325505479668
ARHGEF3,-0.0001326691259673
PON2,-0.0001327072866568
SECISBP2L,-0.0001327166456118
IFIT1,-0.0001327221802096
ITGA5,-0.0001328546025654
SWT1,-0.0001330306192064
ATP9A,-0.0001330485128802
ACPP,-0.0001330682006602
CHIC2,-0.0001330758048932
PSEN1,-0.0001331740356781
UST,-0.0001332224313583
PTK6,-0.0001332302346454
MIA3,-0.0001332734006507
SYNDIG1,-0.0001333200523693
JUNB,-0.0001334882378743
SDCBP,-0.0001335933291546
DOCK8,-0.0001336014362312
SLC38A11,-0.0001336547748476
PARD6B,-0.0001337271920859
TLE4,-0.0001339042102477
RAP1A,-0.000134122277413
ZDHHC21,-0.0001341703758103
SENP7,-0.0001342273279264
DUSP1,-0.0001344631890425
PTPRC,-0.0001345537009052
TNFRSF21,-0.0001346733527052
FRMD3,-0.0001347013688303
FAM49A,-0.0001348212751196
ALS2CL,-0.0001348829782056
SLC8A1,-0.0001348904681715
RALGAPA1,-0.0001349712622513
SFTA2,-0.0001350043730429
TXNIP,-0.0001350612990298
KIDINS220,-0.0001351295342014
TMEM63B,-0.0001351819885006
UNC5B,-0.0001353946784237
TCF4,-0.0001354756243414
RAP1B,-0.0001355500717756
MPZL3,-0.0001355605303431
TAX1BP1,-0.0001356953167396
IFNGR2,-0.000135783196996
TMEM65,-0.00013589436816
IL32,-0.0001360517283472
IFI16,-0.0001364105415687
JUP,-0.0001364733803122
HIP1R,-0.0001365122037561
MEIS1,-0.0001365190355437
EPB41,-0.0001365273717831
PRKCB,-0.0001368318052727
VPS13D,-0.0001371364755623
TRIM2,-0.0001371580157336
ATP10B,-0.0001372685715652
CYP2C19,-0.0001372955114917
ERO1B,-0.000137439636844
ST6GALNAC3,-0.0001375132372745
BBS9,-0.0001375749878605
TRPS1,-0.000137624230646
RNPC3,-0.0001376671840463
MAGI2,-0.0001377968647694
MAPRE2,-0.0001378010443398
TMC4,-0.0001378138047886
SLC44A4,-0.0001379293283219
NAMPT,-0.0001380899548104
CHST11,-0.0001381304718227
PHLDA1,-0.0001382355860731
MST1R,-0.0001384694082936
KANSL1,-0.0001384941957129
MAP4K4,-0.000138532898632
AUTS2,-0.0001386169237942
FAM13A,-0.0001386232682916
RAPGEF4,-0.000138690461926
PATJ,-0.0001387261441691
CALCOCO1,-0.0001388806786818
USP34,-0.0001391867593702
DAPK1,-0.000139251975989
RNF128,-0.0001393096876958
TENT5A,-0.0001394340063745
KMT2E,-0.000139505238876
RICTOR,-0.0001396108430979
MET,-0.0001397405575013
TGFA,-0.000139836233412
PRKD1,-0.0001398380402315
DHRS3,-0.0001399645638725
KRAS,-0.00014006280826
NBEA,-0.0001401014250735
STK24,-0.0001401697054395
PDE7B,-0.0001402280153662
SLC39A14,-0.0001402426116376
PALM2-AKAP2,-0.0001407563989144
SLK,-0.0001409123435912
SLC9A9,-0.0001409135238395
SYT7,-0.0001409310290072
STAU2,-0.0001412412398581
SLC4A5,-0.0001413332049558
MAML3,-0.0001414104673344
RNF152,-0.0001414763689731
EFNA1,-0.0001415265084402
GAN,-0.0001417500830994
MICAL1,-0.0001419140619108
EXOC1,-0.0001420197297052
L3MBTL4,-0.0001421335971154
TRIM25,-0.0001421477818236
NGEF,-0.000142193058494
CARMN,-0.0001422337726761
SLC24A3,-0.0001423403352665
KCNQ1,-0.0001427782128612
ARMCX4,-0.0001427985426582
ZMYM2,-0.0001432278424013
RHPN2,-0.0001434271467367
SFMBT2,-0.0001435192319361
IGF2BP2,-0.0001435439393788
ITGA9,-0.0001436327844118
NCOA1,-0.0001437255354156
GSDMB,-0.0001438974400821
KLF3,-0.0001439775357522
TSHZ3,-0.0001441196585013
RSRP1,-0.0001441905801356
SLC9C1,-0.0001443370018434
ULK1,-0.0001445393375022
PHLDB2,-0.00014464059369
ZNF91,-0.0001446880274322
SUN1,-0.0001447526769763
TRANK1,-0.0001450043250353
ZFAND6,-0.0001450053438205
MON2,-0.0001450453517714
ENOX1,-0.0001454675293805
HELZ2,-0.0001455258371771
EMP1,-0.0001456714506597
B3GNT5,-0.0001457083801054
GDA,-0.0001458748013981
KIF26B,-0.0001460799793093
APBB1IP,-0.0001464327186305
PAX8,-0.0001464340000118
PARP12,-0.000146451575112
ADGRF1,-0.0001464676415396
SLC2A13,-0.0001466611139619
AKR1C1,-0.0001468312460729
VILL,-0.0001468578698214
IFRD1,-0.0001470046047255
GNAQ,-0.0001472398746839
CPEB3,-0.0001473168689862
SLC22A3,-0.0001475914318818
EPSTI1,-0.0001477484059394
ZSWIM8,-0.0001479511286543
ADAMTS2,-0.0001480961399075
PPARD,-0.0001481576881126
FNBP1L,-0.0001482086521051
PSCA,-0.0001484900260887
FGD6,-0.0001488426657415
CREBRF,-0.0001490105291587
ZFP36,-0.0001490315428997
SLCO2A1,-0.0001491137141178
FBXO32,-0.0001493213075965
DAPP1,-0.0001494513705395
WNT2B,-0.0001495954856958
PLAUR,-0.0001498091198817
ARHGAP5,-0.0001506288478805
SH3RF1,-0.0001509613887445
PCDH7,-0.0001509850812212
SH3PXD2A,-0.00015108324795
TMEM163,-0.0001511872479894
WWP1,-0.000151881271171
MAL2,-0.0001519525703683
TMBIM1,-0.0001522081526329
ACSL5,-0.0001529176663637
ERO1A,-0.0001529561159659
ECHDC2,-0.0001533623473029
KDM4C,-0.000153580875654
ARHGAP15,-0.0001537303754796
ME1,-0.0001537873570673
PPP3CA,-0.0001541112536149
GTF2IRD1,-0.0001541442390696
TET2,-0.0001542173890793
AGO4,-0.0001543057774264
CELF2,-0.0001543305788983
CDHR2,-0.0001543537251662
TSPAN15,-0.0001543821050972
SMAD3,-0.0001549461235353
ZEB2,-0.0001550334880512
PIK3C2G,-0.0001552169260328
EPB41L4A,-0.0001552496016752
ZHX2,-0.0001553022268081
IFI44,-0.0001553347974258
CLIC6,-0.0001553614729961
ARFGEF1,-0.0001554286036324
RNF149,-0.0001555163941527
EGFR,-0.0001556404310336
RALGPS1,-0.0001560856593939
FOSL2,-0.0001561172010693
STX7,-0.0001562034355356
ACSS2,-0.0001566241555387
HHLA2,-0.0001566509591495
SH3BP2,-0.000156740630358
PLA2G10,-0.0001572865098481
PDE9A,-0.000157774583283
RDH13,-0.000158176503454
MYO5B,-0.0001582483494187
PCMTD1,-0.0001587418570598
EPB41L1,-0.0001587523921231
RBMS3,-0.0001587606085775
CTNNA1,-0.0001588430920158
ANTXR2,-0.000159125022803
SPATS2L,-0.0001591862015914
VSIG2,-0.0001592702467163
MAGI1-AS1,-0.0001592969696091
SDR16C5,-0.0001597946365534
NDRG1,-0.0001602366193166
COL17A1,-0.0001606603634659
SAMD9,-0.0001607383934019
RCAN2,-0.0001610029426148
CRYBG2,-0.0001610902567139
CD2AP,-0.0001611858545049
PPP2R2A,-0.0001612152156293
CACNA1C,-0.000161419614478
TMEM164,-0.0001614588826969
GSN,-0.0001620656434322
ELF3,-0.0001623810936128
MGST3,-0.0001626354881322
KALRN,-0.000163097340882
PIAS1,-0.0001631174971603
CTNNB1,-0.0001635956730626
ABI1,-0.0001640045850418
TMC5,-0.000164220605706
ZBTB7C,-0.000164579430572
GOLM1,-0.0001650611301746
PRDM1,-0.0001659163512971
EVI5,-0.0001662318848782
APOL2,-0.0001666928461611
DUOXA2,-0.0001670053360214
LIMCH1,-0.0001671688976869
KIAA1109,-0.0001678160395193
FAM102A,-0.0001678823553177
GLUL,-0.0001681294594577
MICAL2,-0.0001682455904564
SIRT7,-0.0001683835146201
IL1RN,-0.000169574398235
DNM2,-0.0001695817509945
ADM,-0.0001697529226517
COL6A2,-0.0001706217214281
HRH1,-0.0001709165046131
SAMD4A,-0.0001709615390703
LRMDA,-0.0001714350523777
PPFIBP1,-0.0001717675061356
BCAS3,-0.0001718373961411
MPDZ,-0.0001719868366884
MYH14,-0.0001728080089249
ARL15,-0.0001732178748206
ZSWIM6,-0.0001733524959496
MIR22HG,-0.0001736399886414
SP100,-0.0001740235291665
ACTR3,-0.0001741410445865
CADPS2,-0.0001744727289467
IFNGR1,-0.0001752498792517
IBTK,-0.0001760066991208
RASGRP3,-0.0001763279867529
RAPGEF2,-0.0001763564998951
RNF213,-0.000176706640619
PRKN,-0.0001768714781043
SERPINB1,-0.0001769339703822
FAM177B,-0.0001773828102341
OAS1,-0.0001776809671382
CD59,-0.0001778020983499
STAT2,-0.0001781185725246
BHLHE40,-0.0001795666390775
XAF1,-0.0001796994684908
CARS,-0.0001804141889926
CFLAR,-0.0001806868833649
ADAMTS9-AS2,-0.0001807131286031
MX2,-0.0001810676876152
LRRC1,-0.0001813054384943
STX3,-0.0001813327777734
AFF4,-0.0001816257715795
RAB10,-0.0001817829666668
AAK1,-0.0001822673959113
SEC16B,-0.0001825310013331
NECTIN4,-0.0001849218581167
TPT1-AS1,-0.0001849820550308
RREB1,-0.00018526404008
RAP1GAP2,-0.000186010583345
ST6GAL1,-0.0001861222072639
GMDS-DT,-0.0001866282026604
ZNF292,-0.0001872242268138
TRIP12,-0.0001873278266705
CCDC146,-0.000188081516174
EPS8L1,-0.0001882938306912
FBXL20,-0.0001886924869408
MBD5,-0.0001891403609994
FBXL17,-0.0001896866952185
KLHL24,-0.0001900109369065
ABCA5,-0.0001902181781422
MAP4K3-DT,-0.000190426857003
ERN2,-0.0001907615426113
NBEAL1,-0.0001920781862443
PDGFD,-0.0001926913958223
N4BP2L2,-0.0001938047247906
MAP4K3,-0.0001938625934038
IL6R,-0.0001943138490227
JAK1,-0.0001943281470188
PTPRB,-0.0001945799224276
DHX32,-0.00019463312044
DHRS9,-0.00019495921651355
FUT9,-0.0001951003449653
OSBPL2,-0.0001953454716951
FAM107B,-0.0001955871755173
PROX1,-0.0001956739830815
RBM47,-0.0001958494582688
RIOK3,-0.000196740415119
FAM214A,-0.0001968381497034
PTPRM,-0.0001969570983699
ADAM9,-0.0001970773278086
LRRFIP1,-0.0001976162096097
FSIP2-AS1,-0.0001978754701921
VPS37B,-0.0001985411037182
SERTAD2,-0.000199315586242
SPNS2,-0.0001998659697977
TM4SF1,-0.0001999429560629
KCNQ1OT1,-0.000201345378333
LDB2,-0.0002017068841786
FER,-0.0002017733050169
DOCK10,-0.0002019918609201
PIK3C2B,-0.0002019999077321
PPARG,-0.0002021765865539
CCDC68,-0.0002022731461787
ARHGAP12,-0.0002036741595913
FAM83E,-0.0002040600221429
TPM4,-0.0002043456441106
PLD1,-0.0002048783793222
CAPN5,-0.0002063623192279
SQSTM1,-0.0002064811853696
MBNL2,-0.0002070152113784
SAMD12,-0.0002070749655031
ANXA3,-0.0002071147442723
CREB3L1,-0.000208313555713
ABTB2,-0.0002095933707051
RASSF6,-0.0002096406382966
CYP2C9,-0.0002104666121001
GAREM1,-0.0002113844670048
ACYP2,-0.000211492788061
BMPR2,-0.0002117628700851
DENND1B,-0.0002119746903902
PELI1,-0.0002122684859967
NFAT5,-0.00021248503442
ABHD3,-0.000212671432797
AFDN,-0.0002126975780101
RNF19A,-0.0002130995418457
PICALM,-0.0002134889090901
MYEOV,-0.0002136218761493
ANKRD12,-0.0002141119942379
ETFDH,-0.0002142817327664
PDLIM5,-0.0002150400515845
PPFIBP2,-0.0002157203326131
ERBIN,-0.0002158579991291
PARP4,-0.0002161740605005
BLNK,-0.0002167486572515
ARHGAP42,-0.0002175040711854
HECTD1,-0.0002175208589057
ISG20,-0.0002179652872397
MLPH,-0.0002179761712336
HKDC1,-0.0002180152397042
EZR,-0.0002181770264925
XYLT1,-0.0002181945909987
TSHZ2,-0.0002198785937556
KIF13B,-0.0002199876360788
DENND3,-0.00022023038728
BTBD9,-0.0002208512396717
PARD3B,-0.0002210271030325
MGLL,-0.0002215537901824
DDIT4,-0.0002218277033442
ASAP2,-0.0002225729493359
UBL3,-0.0002226790993144
NTN1,-0.000223114592335
LIMA1,-0.0002234386845842
PAX8-AS1,-0.0002239307342826
SMURF1,-0.0002241853869247
DPP4,-0.0002243502844097
TAOK3,-0.0002250416733074
YWHAZ,-0.000225636989452
DUOX2,-0.0002267375157619
KDM5B,-0.0002285126899862
POF1B,-0.0002285767479547
KIAA1211,-0.000229031248564
VMP1,-0.000230369843509
FHIT,-0.0002308229784807
TJP1,-0.0002312952064058
KDM7A,-0.0002315225822623
MYO15B,-0.0002319887522235
ATXN1,-0.0002320378328263
SBF2,-0.0002351237564696
BAZ2B,-0.0002366995339633
SDCBP2,-0.0002368740353421
SLC22A23,-0.0002380170249046
DOP1B,-0.0002383831331869
HERC4,-0.0002388474735532
C3orf52,-0.0002388905702775
HSD17B2,-0.0002401729513374
ZEB1,-0.0002407477378946
C20orf194,-0.0002425837012428
NR3C2,-0.0002429745661475
TSPAN1,-0.0002460755089529
MYO1E,-0.0002468197796438
CCDC91,-0.0002469146115708
ITGA2,-0.0002470753355841
FTX,-0.0002478362102681
TNIP1,-0.0002481560551334
SNX9,-0.0002483957227402
CPEB4,-0.0002487768441064
ARHGAP21,-0.0002508389861717
FOXO1,-0.0002517323036314
PAM,-0.0002520224421296
CARD11,-0.0002528340574993
ZFAND3,-0.0002533146279324
LIPH,-0.0002542442167335
UBE2H,-0.0002550414210237
PTPRN2,-0.0002564231019838
UGCG,-0.000256868053046
SPATA6L,-0.000260121069715
LPP,-0.0002605905898144
CPM,-0.0002617401682171
BAIAP2L1,-0.0002658335719462
RORA,-0.0002669889850087
TCF7L2,-0.0002761547117638
CCSER1,-0.0002818107943536
PTPRR,-0.0002826189541722
ARHGAP26,-0.0002831656855114
FNDC3B,-0.0002834331374928
KCNK1,-0.0002853244516609
FHL2,-0.0002872779967667
SORBS2,-0.0002880831572147
SPRED2,-0.0002881066846263
OPTN,-0.0002908404461345
DEPTOR,-0.0002936091699241
FOXN3,-0.0002940003755288
AKAP13,-0.0002955851608444
EEPD1,-0.0002985783537953
PARP8,-0.0002995017791297
RALGPS2,-0.0003039485413917
USP53,-0.0003046219303789
MALAT1,-0.0003070588171758
MAGI1,-0.0003087205862474
CTNND1,-0.0003099653053049
MGAT5,-0.0003122462630184
ADAM28,-0.0003135174287063
CBLB,-0.000313624718161
CEACAM1,-0.0003156093644894
KLF6,-0.0003213566073162
DDX60,-0.0003234533378014
DDX60L,-0.0003237135839478
ABLIM1,-0.0003280884927585
SAT1,-0.0003323574189252
MXD1,-0.0003349952409103
EXOC6B,-0.0003359228213126
SLC7A11,-0.000337869367644
NEAT1,-0.0003456587260028
CYP3A5,-0.0003542526731495
FA2H,-0.0003625990246879
INPP4B,-0.0003630462400169
LYST,-0.0003757173085666
FMN1,-0.0004187717047448
PELI2,-0.0004202368656963
SYTL2,-0.0004211541760591
B4GALNT3,-0.0004413057872353
ZBTB20,-0.0004451788905815
LMO7,-0.0004573179838163
CAPN8,-0.0004616356873984
BCAS1,-0.0005299805258618
