,0
LMO7,0.00137159876107225
AREG,0.00117738313610285
SNX9,0.0011242760708411
ITGA2,0.00105154068016145
SLC7A11,0.0010082563937856
LAMC2,0.00098250582313755
CEACAM5,0.0009279991214583501
CD55,0.00092602448491585
DHRS9,0.0008865952132634
SDCBP2,0.00087871008829245
KLF6,0.0008706756013251999
THRB,0.00086697962166345
TMBIM1,0.00084292640340565
MT1M,0.0008372395391939
PTPRN2,0.00081650373192385
CLDN18,0.0008109354329420532
EGFR,0.0007993060319789499
LYST,0.00079878570398345
TCF7L2,0.00079594020603905
LAMB3,0.000793241764888
SMAD3,0.0007833039012870499
MUC13,0.00077673714028925
DSG2,0.0007751825427685
FER1L6,0.0007692397563851999
TM4SF1,0.0007672856825161501
ABLIM1,0.00076665391724355
TJP1,0.00075989009384
MXD1,0.000756359378799
ABHD2,0.000753282138852
TSPAN1,0.00074832901173525
FNDC3B,0.0007455579817118
MYH14,0.00074251088487735
LPIN2,0.0007346397909237499
PARD6B,0.0007244774700564
GCNT3,0.00071561429119025
YWHAZ,0.0007058951954971
B2M,0.00069582994740275
GPRC5A,0.00069406290397
GALNT5,0.00069404569057455
MALAT1,0.00068828130974575
MGAT5,0.0006821615569791
ARHGAP42,0.0006772923767446499
ITGB1,0.00067433234809185
FHL2,0.0006714983412353
ISG20,0.00067089477284015
ABTB2,0.0006676076724689
TXNRD1,0.00066602390729325
SH3D19,0.0006654362063718
RALGPS2,0.000661793855182
HERC4,0.0006614894212457
ABHD3,0.0006605510384143001
PLAUR,0.0006473929930364999
ACSL5,0.00064574721425185
EZR,0.00064297113635715
C1orf116,0.0006385069190498
FOXO1,0.0006364441171474
FA2H,0.0006362281179264
SGPP2,0.0006260992552869
ANXA11,0.00062442424371445
DDX60L,0.0006208223681864
LGALS3,0.0006180154045795
PLEC,0.0006114678878497001
DUOX2,0.00061127622548965
FOXO3,0.0006110124861154001
PERP,0.0006036786593082
CD59,0.00060275450419485
COL17A1,0.0005988211935521
SHROOM3,0.00059269493613375
TNFRSF21,0.0005922147802311
OAS3,0.0005919386491713
SPNS2,0.0005892368619762999
RHOF,0.0005866911228093
ANXA2,0.00058548284393455
JUP,0.0005848567755791
SLC6A20,0.00058445141945355
DUSP5,0.0005842156132775999
S100A11,0.0005838243709285
MX2,0.00058199977342355
SERPINB1,0.0005806293503288001
CES2,0.0005783862875365
CBLB,0.00057523700693355
KRT8,0.00057338917111025
MCU,0.0005729668189038
MX1,0.000572121782245751
LIPH,0.0005716633082147
SPATS2L,0.00057033573008925
KLF5,0.00056950044227105
CPM,0.00056786660529825
ABHD17C,0.00056754387781485
SERTAD2,0.0005667703280942
KCNK1,0.00056323083580955
EPS8,0.00056273252601755
RAB3B,0.0005608411957665094
HLA-E,0.0005593627527095501
KRT18,0.0005584763760703
CEACAM6,0.0005569727526135
TENT5A,0.0005561614034851
EPHA2,0.00055598834775715
MYO5B,0.0005556778514473
KRAS,0.0005539521884628999
OPTN,0.0005530862276549
GRB10,0.0005522660188724
SQSTM1,0.0005513150000618
MAP4K4,0.00055020071566645
OAS1,0.0005420952047927501
MIR22HG,0.00054198344057735
IFI27,0.0005419074094542
ERO1A,0.00054033697443305
MET,0.00053998836596655
MAP4K3,0.0005385168832860499
BACE2,0.00053745238464975
NEAT1,0.0005373993740617
TNIP1,0.00053738149773925
B3GALT5,0.00053726893225125
S100A14,0.0005370944101705
GPR153,0.00053414465153125
SPIRE1,0.000531927234602
B3GNT5,0.0005316293999466
UGCG,0.0005285782245995499
MAL2,0.000527223000160963
DENND3,0.00052665924256625
CGN,0.00052595069813375
IL32,0.00052222078384935
SGMS2,0.0005219746701681999
C3orf52,0.0005204070893368
BACH1,0.00051970863346635
CD63,0.00051913952068505
PHLDA2,0.0005185623605370501
HLA-A,0.00051718573235415
STK24,0.00051582164216745
CTTNBP2NL,0.0005155292824532
CD2AP,0.0005154691915523
HLA-C,0.0005099200456827839
JOSD1,0.00050918472917165
LRRC1,0.0005087403937292
MYO1E,0.00050601203965195
ARID3B,0.0005058974133078
VPS37B,0.00050535791217575
BACH2,0.0005019621048712
KIF13B,0.0005007975993127
ZFAND3,0.00049965889444965
RNF19A,0.00049850211260765
TRIM25,0.0004973347898955
KDM7A,0.0004938989700458999
ARL5B,0.0004938558509892
SH3RF1,0.0004932476808255
SWAP70,0.00049199516656735
CLCF1,0.0004911632259457
SPRED2,0.00049095314664055
EPS8L1,0.00048884761859575
ESYT2,0.00048839714949665
KRT19,0.00048839371695405
FRK,0.0004871584134649822
RDH10,0.00048674037033874995
CDHR2,0.00048641765854155
SDC4,0.00048564166773805
RDH10-AS1,0.00048455885015135
DST,0.00048387178660600004
TACSTD2,0.00048329523460485
ZBTB43,0.00048302036200225
GPAT3,0.0004827489854571
DUOXA2,0.00048213892737969995
LSAMP,0.00048071998221925
MYL12B,0.00048042143297815
S100A16,0.00047898092526275
PTPRR,0.0004781538304188
ERN1,0.00047806912143215
MPZL3,0.00047703422904365
SLK,0.0004759483992187
TIMP2,0.00047476584494285
SDR16C5,0.00047380315039245003
ANTXR2,0.0004727916941615
FER1L6-AS2,0.0004726742131129604
F3,0.00047148327102545
HLA-B,0.0004704678546055289
CDKN2B,0.0004659214406123
RAP1B,0.00046348339202925
MICU1,0.00046223983671196163
ANXA3,0.00046222844945070004
AP001610.2,0.0004617765584597
CD164,0.0004615575559523
CTNND1,0.0004615071034662
SPINT1,0.00046120122585975
F2RL1,0.00046025076992475003
LPP,0.0004598363733717
TMPRSS4,0.00045889647318855
UBE2H,0.000456824559789
RIOK3,0.00045667965977795003
PIAS1,0.00045634536013250003
IFNGR1,0.00045623751678545
PTTG1IP,0.00045622355908665004
RHPN2,0.00045593898499894994
TJP2,0.0004558743903888
TACC2,0.00045441248908465
PTPRH,0.00045311705045299996
SAMD9,0.00045240093503237986
TJP3,0.00045217729851998673
HK2,0.00045178554290455
DUSP1,0.00045090759913904996
PARD3B,0.00044967468000264995
CARD11,0.0004490758113783
HSPA5,0.00044744734574790005
SPINT2,0.00044731748774225
BCAS1,0.0004471267507560461
PPARD,0.00044590168477189995
TSPAN3,0.00044444252317353046
COBL,0.00044432208530935
RAB11FIP1,0.00044373670363415
DSC2,0.00044334428583705
B4GALNT3,0.00044333377306625
VMP1,0.00044124231819265
GRAMD2B,0.00044065828520855
CLDN7,0.0004406578903795326
HDAC9,0.0004400740700165
CAPZA1,0.00044003911566835004
RASEF,0.00043995748051790004
FUT3,0.00043880346799125695
PARP12,0.00043765146076895
EXOC6B,0.00043764317440435005
PLEKHA1,0.0004366242396899
ANGPTL1,0.0004338005174838
LRP10,0.00043324081800991907
IL1RN,0.0004330727295827
ACTB,0.00043177049461355
EMP1,0.00043157436763135
GDA,0.0004311303016274
NT5C2,0.00042988791581124997
RSAD2,0.0004294698731831754
PRSS22,0.00042928080661735
NRIR,0.0004292427719891
PICALM,0.0004283101924778
PDLIM5,0.00042707260672295
DDIT4,0.00042582237096565
IATPR,0.0004249824200806
TICAM1,0.00042464684489034994
BIRC3,0.00042457355729
DIAPH1,0.0004237047150604
MCL1,0.00042311785564445
CHMP2B,0.00042245451091255
CAB39,0.00042228990480925
PLSCR1,0.0004221192599784
ARHGAP5,0.0004216988148695
INPP1,0.00042093256156885
SEL1L3,0.00042079854625715
S100A6,0.00042033159007765
OASL,0.00041990784336619997
TMEM41B,0.00041954183032545
ABI1,0.00041906971848400005
GK,0.00041894718037629997
SP100,0.00041872458256295
CLDN4,0.00041837600753779995
TRANK1,0.00041783533716205855
ACTN4,0.0004160911143352
CHAC1,0.00041589057751415003
SH3BGRL3,0.0004144617690962
EPSTI1,0.000412516518043
MYO1D,0.0004113003421348
BICDL1,0.00041098828155835003
SUN1,0.0004109871002656
LRRFIP1,0.0004102781098382
SLC44A4,0.0004098938990506
ACTG1,0.00040792682650805
HSH2D,0.0004070974816072
FOXN2,0.00040571814687820004
MST1R,0.00040435673059815
TSPAN8,0.0004040457046256
AKAP13,0.00040308115303920003
SOWAHC,0.00040306769476665004
ADAMTSL4-AS1,0.000400914683391
TP53INP2,0.000399465662533
ZSWIM6,0.0003984973847889
F11R,0.00039830064765185
SLPI,0.0003976698221054757
ADAM9,0.0003975529962596
FXYD3,0.00039745971700675
FTH1,0.000397343902985921
MGLL,0.00039702863335015
TPM4,0.0003956137903526
B3GNT7,0.0003943519898288
ARHGAP12,0.0003940372139036
FAT1,0.00039340501976
SDCBP,0.00039239500222789997
SLC30A7,0.0003920262769882
C6orf132,0.0003915809759715
DDIT3,0.00039137804728410004
CD58,0.00039131294784944997
PLEKHA6,0.0003911069713831939
N4BP1,0.0003905512408365
CTNNA1,0.00039047495801695
HHLA2,0.0003895640562126
USP53,0.00038897277320415
TMCC3,0.00038658247174060004
RHOB,0.00038595768785305
FAM160A1,0.00038477020587805
TMEM117,0.00038452081710395
RALA,0.0003845021253545
IL6R,0.00038416497944845
RHOC,0.0003839335215389
IER3,0.00038274703637125
PLCD3,0.0003824976852354
S100P,0.0003814490833246
ODC1,0.00038121358931765
RAPGEF2,0.00037985785002575003
CDKN1A,0.00037967138603185
KLF3,0.0003794318296533
ABCB11,0.0003778390806275
VSIR,0.00037744266001597175
ACTR2,0.00037742507677169997
SVIL,0.0003756093749762
SLC9C1,0.00037524152325005
CASC19,0.00037457810610495
TMEM163,0.00037435601390439413
AP000919.2,0.00037261153398375
PTPN3,0.0003720947188332
RHOD,0.00037168115321155
ADGRF1,0.00037132826082913756
NPC1,0.00037128056139309996
FBXO11,0.00037122459830445
CPEB4,0.0003705281689246
CYP3A5,0.0003700748411465
TOX3,0.00036945149366845
AFDN,0.00036895397608315
TCIM,0.00036835330343905
MICAL2,0.00036828684248175
QSOX1,0.00036779281251501147
LHFPL2,0.00036733807957909997
MYL12A,0.0003658682575425
BAIAP2L1,0.00036583255685565
CDH1,0.0003658324397835
CDKN2A,0.00036528641613945
CMPK2,0.0003652385307817
PATJ,0.00036448579740025
RAB22A,0.00036439815149075
HKDC1,0.00036427725734359997
PLD1,0.00036400754129205004
VILL,0.00036377540433059997
EHD4,0.00036334814397370003
UBE2B,0.000362401312185
CD68,0.000361657885322514
CLIC1,0.00036141208079495
SH3TC1,0.00036140538645715
GPD2,0.00036135289277809083
BTBD10,0.0003611632014984
PLEKHA7,0.0003596190620770627
ABLIM3,0.0003591541404337
PPP4R1,0.00035800293377025
TPMT,0.00035792037863155
S100A10,0.0003577897809185
MIR4435-2HG,0.00035746343870065
MTMR11,0.00035740375919509997
FAM83E,0.0003573536903016446
ATXN1,0.00035581936453640004
HLA-F,0.0003553898441922966
PPP2R2A,0.00035476606090195
MACC1,0.00035453431883325
ITPRID2,0.00035387970556319997
MALL,0.0003536097307684
MAL2-AS1,0.00035344036422415
C19orf33,0.00035229120479885
SMIM5,0.00035103618214565
NMNAT2,0.0003509727493342
PCDH1,0.00035041569422950003
ZBP1,0.00034954909553125
PRELID3B,0.00034810740099265
PKIB,0.0003470621283587
ITPKC,0.00034677310202255
ITGAV,0.0003464904636768
FLNB,0.0003464339548621188
H3F3B,0.00034589235834519996
WASF2,0.000345166448695
PPP1R15A,0.00034505078617524997
SLC7A1,0.00034465170234815003
ZNFX1,0.000344618634361
ILRUN,0.00034262282695730407
NECTIN4,0.0003424373539782
IL1R2,0.0003423684810555
MAFK,0.0003420852696753
OTUD7B,0.00034152602349055
UBA6,0.00034137450160865
STK40,0.00034118939826885
PTBP3,0.00034112848645780004
STX3,0.00034071271243155
VTI1A,0.00034062304843760004
NLRC5,0.0003402782692646405
ATP2B4,0.000340200645375
SELENOS,0.0003397207625874
TRPV3,0.0003391958388808
MYRFL,0.00033897529174445004
TPT1,0.0003387607219771
OXSR1,0.000338518721563
ITGB1-DT,0.00033839166313665
ACTR3,0.00033804703239464996
MARCH3,0.0003380317444708371
MEF2D,0.00033758207540355
YOD1,0.0003370232236803
GIPR,0.00033688480527360005
ARHGEF4,0.0003364692089303
TMEM30B,0.00033603374765235
ITGA6,0.000335689511306
SFN,0.00033528617555720003
TAP1,0.00033303513894255004
FBXL2,0.00033224933048675
PIM1,0.00033223191114625
PLAC8,0.0003321186734822
INAVA,0.00033141244979240694
BHLHE40,0.00033125631374665
COX6B2,0.0003310430639222
ERBIN,0.000330900728033
ELF1,0.00032999313360150003
ATP9A,0.00032989559855544997
CAPN8,0.0003291121968524177
ARHGAP21,0.00032900020477539995
ALS2CL,0.0003289086448737
PRSS48,0.00032874193630839997
DUSP4,0.00032758145762355
ZFAND6,0.00032734487182245
UST,0.0003259973851796404
LCOR,0.00032556944452323615
LRRC8A,0.0003255435684467
POLD4,0.00032469292889205
DDX60,0.00032409039922994996
C15orf48,0.0003234060630276
PPARG,0.0003233336208606
GEM,0.00032320102998355
VNN1,0.00032299616338599997
RASGRP3,0.00032268841862304195
SEMA7A,0.00032262098173035003
THRB-IT1,0.00032231824504005003
CLTB,0.00032226219601575
LMNA,0.00032225701881315
SEMA3B,0.00032196726271985
CRYBG2,0.00032116665136245
CREB3L1,0.0003206915685792953
ICA1,0.00031965842499195
XKR9,0.000319538509191673
BAK1,0.00031948302164654997
BZW1,0.00031914453656535003
TRIP12,0.0003178464415972
RDH13,0.0003173745406297
BTBD9,0.00031659513519545
KANSL1,0.00031642818549025
MCF2L2,0.0003159528562643
FGD4,0.00031548990687965
AFF4,0.00031460291693975
FAM83B,0.00031459279137545
VASP,0.00031448135979655
CYP2S1,0.00031372043380347743
USH1C,0.0003135433883735283
SMURF1,0.00031313094730175
PFKP,0.0003128022163353
MAP7,0.00031207641885855
JUNB,0.0003120306975177
PDP1,0.00031196524778944997
CEMIP,0.000311585121477
MUC3A,0.000310269844677
AGPAT2,0.00031004158546841577
VDAC2,0.00030976083600245
GFPT1,0.0003094875698436359
PRSS3,0.0003092818275711
SLC25A23,0.0003091972139244
ERRFI1,0.00030860968131595
VSIG1,0.00030833199073686376
JARID2,0.0003079895202819592
TPM3,0.00030792164075675
SOD2,0.00030781973790605
GBP3,0.00030762352105035
LIMA1,0.00030747453819335
ISG15,0.00030655423499055
DHX32,0.00030632012109615004
HRH1,0.00030623958463305
MACF1,0.00030580808736685
IER2,0.0003041184424853
EFNB1,0.0003039300618972
AP000919.3,0.0003038366882332326
EFNB2,0.00030335408697645
BTNL8,0.00030249499273291903
ZNF430,0.0003016135835396075
RBM47,0.0003015398766598195
MUC12,0.0003012056828391
FGD6,0.0003011607990336
AGFG1,0.00030115110657355
MYPN,0.00030099776618245
CD9,0.00030092081678395323
NEBL,0.00030090320843855
LMBRD1,0.00030086692857889997
RAPH1,0.00030081464912345
PSEN1,0.00029978127460604997
TMBIM6,0.0002997355650243921
CDCP1,0.0002994724779436
DAPP1,0.0002993407511119
DOCK5,0.00029904694891185
CD47,0.0002987081973146398
RAPGEF1,0.00029759095334617964
MEF2A,0.00029657383106035
NFAT5,0.00029657103727289997
TANK,0.00029580258464145
ITGB4,0.00029549646850705
NFKB1,0.00029529039640305
IBTK,0.00029382633218229997
VCL,0.0002935475783700028
SLC2A1,0.00029291613860955997
SAT1,0.00029275430269399996
FZD5,0.00029209983556314546
CALM2,0.0002920544063673
EPCAM,0.00029174585238325333
KDM5B,0.00029140665219529996
B3GNT3,0.00029116030312840004
RNF103,0.0002911514447598
HSPB1,0.000290938892109
XIAP,0.0002907013636502
APOL1,0.00029041168309925
BCL10,0.0002903221962415
GAREM1,0.0002901513709093
EPB41L1,0.000289983263449
GCLC,0.0002894298766021
CALR,0.00028871252421895
EGR1,0.0002886684242157
LGALS4,0.000288590597249
RAB3GAP1,0.00028833633720635
SCIN,0.00028813564453645
ST14,0.00028810773643338477
DSP,0.00028804987482785
IRF6,0.00028749573948545
LASP1,0.00028706186917
CFLAR,0.0002869946857916
PRDM1,0.00028688178321715
RAB9A,0.00028681277698640003
PPP1CB,0.000286471303668
UGP2,0.00028618991635325
PARP4,0.00028601662576635
CMIP,0.0002854698561024579
AFF1,0.000284049913783
LRCH1,0.0002838781420339
ARNTL2,0.0002837073088547
REL,0.00028365505232755
MIER3,0.000283058596078
ARAP2,0.0002830110879999344
SPAG9,0.00028290254241235
PPP2R5A,0.0002827487848477399
GSN,0.00028263834895535
GULP1,0.00028236053073330003
GK-AS1,0.0002822002751003
LAMA3,0.0002814750334469
TNS4,0.0002813917199413
RREB1,0.0002806212479734
ZNF431,0.00027987365259975
SYT7,0.00027964320629695
PSORS1C1,0.00027912752355195
ZNF281,0.00027909903970795003
WARS,0.0002784431029412
RICTOR,0.00027826819336459997
ZNF83,0.00027821170099094996
MYL6,0.00027802192583704997
ETV3,0.00027801180694385
OSTM1,0.000277986863228384
PHACTR2,0.00027770277055205
RAB10,0.00027733251381955
SMAP1,0.00027709959220860003
TMEM59,0.0002764994448456045
SH2D3A,0.00027614320694955
PELI1,0.0002760458136442
CACNA1C,0.00027553870706849715
CXCL16,0.00027519808580925
CTNNB1,0.0002751356862541
DYNLT3,0.0002750055858404
MFSD6,0.000274885873898
FAM102A,0.00027478078253075
STYK1,0.0002739342963137
SBF2,0.00027376510673875003
TMSB10,0.00027371150577995
SMOX,0.0002733251253045
CAPN2,0.0002729787996765
TAOK3,0.00027260068208655
MKLN1,0.00027215256987635
RAB5B,0.0002721340516748
XDH,0.00027180472745605
TNFAIP8,0.0002717990613932767
TMEM140,0.00027171326815495
EREG,0.00027148064229874105
ARRDC2,0.00027105188049205
SAMD4A,0.00027092396294655
IER5,0.00027024643562619996
MUC1,0.00027024026776175
TM4SF5,0.00027022418874870824
MYRF,0.00027012114991121594
WDR26,0.00026981423121225003
GPRIN1,0.00026897670871503
PLAC9,0.0002689711893099
USP15,0.00026886087288575
MYEOV,0.00026875922851604347
MBP,0.00026773482219365
AP005329.2,0.0002675098074377927
RBCK1,0.00026706023314725
TMC7,0.0002660819260877
UPP1,0.00026589299304595
PNPLA8,0.00026588370785755
PTAFR,0.00026556745764815
IRAK2,0.0002654854219364
EFNA1,0.00026537615180845004
FAM49B,0.00026479447356919997
UHMK1,0.00026366862667264997
CEACAM1,0.0002636563196185085
OCLN,0.00026365292884385
TFG,0.00026218666472685003
TIPARP,0.0002617305265833
IFIT1,0.0002615600086570837
SEMA4B,0.00026112605084199997
STX18,0.00026091864774305
CARS,0.00026081795171414997
FBLIM1,0.00026012115083885
UBC,0.0002598314890853
NAPG,0.00025968801414415004
RALB,0.00025949258771655
ETS1,0.00025945815244205004
TLDC2,0.0002592862054525
MB21D2,0.0002590848109443
ATP10B,0.00025892621599834045
BLNK,0.0002587318520558
BROX,0.00025870199298200827
UNC13D,0.00025811670081705
CSNK1A1,0.0002580868457598
HSD17B2,0.000257900912306
VPS4B,0.00025782803355145
ESRP1,0.00025757290974615316
PAM,0.00025734241541255
TNFRSF12A,0.0002570396554485
OSBPL2,0.00025684048692795
ZCCHC18,0.00025633395775532934
BTG1,0.0002555205352275
TNFAIP1,0.00025538934148615
ZC3HAV1,0.00025529501687654996
KRT7,0.00025504825189705
TMEM165,0.00025463703988100003
BAZ1A,0.0002545270580829
PAQR8,0.0002536201022017218
DENND2C,0.00025346778779015
IFNLR1,0.0002534202015019
CORO1B,0.0002528889023457
TSC22D2,0.0002527789537389
GJB3,0.0002525896234004
TUBB2A,0.0002524334011593
GDF15,0.00025190747388945003
GTPBP1,0.00025176320988219995
C11orf91,0.0002517215208343
STRIP2,0.0002515531696733
STAT1,0.00025100609046425
BST2,0.00025041223943915
TMEM63B,0.00025019606931646495
FRMD5,0.00024989873699255
ZNF706,0.00024976517636785
SPIRE2,0.0002497537094110736
USP6NL,0.000249528877077
TMSB4X,0.0002494907737378
SLC7A11-AS1,0.000249320781754
PDCD6IP,0.00024822130826355
ITCH,0.000247962076855
TOP1,0.00024703935646535
SLC38A2,0.0002470378027944
PIP5K1B,0.00024692597104984996
TMED9,0.0002467817598395585
YIPF6,0.00024659964453585
STEAP4,0.00024657403521346816
PTER,0.0002461451071581
RABGAP1L,0.0002461132147802
SPATA13,0.0002458282325777
RHBDF1,0.0002455048626162
NABP1,0.0002453962016329
PTK2B,0.000245348497169207
IFI6,0.00024477961797705395
RYBP,0.0002446001841826
SMG7,0.0002445531279865
HIST1H2AC,0.00024435955944875
CHMP4B,0.00024416589263475
PELI2,0.00024414779409875
PPP2CB,0.0002433195857284
SLMAP,0.00024301358584865001
SLC25A45,0.00024288711769809997
NCKAP1,0.00024278730051795
OGDH,0.00024268479249615
RASSF6,0.000242450353879
NPEPPS,0.00024221628448071873
HIGD1A,0.00024147400701095002
NAMPT,0.00024092291214595
LLGL2,0.00024081991657363201
STX7,0.0002401612323057
EIF2AK3,0.0002398970681064
TMEM184A,0.00023985369034625
SYTL2,0.00023920442326514998
AP005329.3,0.00023914060826975
SHOC2,0.0002389011427918
FOS,0.00023851419325564998
PCGF5,0.00023848490323911633
ARHGEF3,0.00023845924243069997
TBX3,0.0002383681198933745
PPP1R11,0.0002382927089421
PLEKHB2,0.00023801858888994998
MAP1LC3B,0.00023796596653750002
HELZ2,0.00023794974461614998
TGFBR1,0.0002379463454811899
CCDC68,0.00023772536480055
NOS1AP,0.00023767875745795
RESF1,0.00023767050809905
GAB1,0.00023759681913682127
PTP4A2,0.0002373353330635
MRTFA,0.00023720566371215
PLIN3,0.0002370940232827
RND1,0.0002369746483382
ASAP2,0.00023614878894155
SLC6A8,0.00023567926322332555
SLC35F5,0.0002353968859534
CEBPB,0.00023524943104135
USP32,0.00023496026336490002
RELB,0.000234540272448
CYSTM1,0.00023445501294775003
CSTB,0.00023433685591595001
RELL1,0.00023432069955265
B4GALT5,0.00023362002380775002
CDS1,0.00023344109696661446
HNF4A,0.00023333392714258516
ZHX2,0.00023324464019319998
ARHGAP17,0.0002325892604105
CD151,0.0002321758752991
DENND1A,0.00023215991737555
FOSL2,0.00023189759795875026
VEZT,0.00023177490189644999
ARPC5,0.00023173920917375
CHMP1B,0.0002314619904679634
ECE1,0.00023144690132035
UBAP1,0.0002314272254318
B4GALT1,0.00023122185718705
PFKFB2,0.00023118494086654998
GIPC1,0.00023095916250635
SERINC1,0.00023034101459545
RAB5IF,0.00023028099747535
TSPAN15,0.00023024541260255647
TRAM1,0.00023024318709565
KRT80,0.00023003607706899998
MIDN,0.00023000577620245
KIAA1522,0.00022968674038575566
EXT1,0.0002296760554246014
RNF128,0.00022945024449451184
CHMP2A,0.00022908997933166402
TRIB1,0.00022890184247455
CDYL,0.0002288335608065
PLAC4,0.00022877284165776488
CHIC2,0.0002286260535282
ARPC1A,0.00022847789691245
DAZAP2,0.00022842508935919998
TINAGL1,0.0002279884472011
UBB,0.00022781908643835
DOK4,0.00022716344762795
ZFYVE1,0.00022699393934765
ZSWIM8,0.00022617975839285
PPP1R13L,0.0002261523692121
GOLGA7B,0.00022613344442885
TCP11L2,0.00022591656594699998
TTC9,0.0002258349290915
HPGD,0.00022576323588432672
FNDC1,0.00022535460761094998
SNAP23,0.00022510199460955
TNFAIP3,0.00022488300463325
ATG9B,0.00022477903496060002
HECA,0.00022471655427324999
BRAF,0.0002246857718726
KDM7A-DT,0.00022446616674320002
PML,0.0002244223231862
FAM107B,0.00022441266648091078
MYOF,0.0002243070866013
CHMP4C,0.00022412124425573638
DYRK2,0.00022405467071284858
NFKBIZ,0.00022390994890989998
SLC37A1,0.00022381457290641547
CPEB2,0.00022357055772545
RAP1A,0.00022341827820885002
MYO6,0.0002231853355573
LATS2,0.0002231839421894
MYOM1,0.0002231617848691167
ARHGEF2,0.00022295850086394642
FBXW7,0.00022259410632894565
TMEM87B,0.00022246716266195
PPP1R15B,0.00022246185939316595
ARL8B,0.00022243942019480002
NPTN,0.00022207608753765001
ZNF710,0.00022181949475245
PI3,0.00022149247184069997
NORAD,0.00022132722333650001
NR3C2,0.00022101303201630003
MAP2K1,0.00022090776870765
ANXA1,0.00022062894513290505
RAB7A,0.0002203728433975
TGFA,0.0002202620252451
ITSN1,0.00022017281910545
MAFF,0.00022008592326015
IRF7,0.00022001492009759998
SORT1,0.00021985620032934723
SEC14L1,0.0002198432881897606
CASP3,0.00021950210895075
CHD2,0.00021938413086385002
PARP9,0.00021927241667968586
SYTL4,0.000219089658292512
LARP4B,0.00021900398641115
CDC42BPB,0.0002189940980505
AP3S1,0.00021882757094705
SEPTIN10,0.00021866008795965
GSK3B,0.00021857345821015
SP140L,0.00021836893528681992
MISP,0.00021809447132987574
ARPC2,0.0002176084177002
GPCPD1,0.00021735457387435
NEU1,0.00021724999179156812
NIPBL,0.00021700838583050002
LPGAT1,0.0002165857102850945
ADGRG6,0.0002163991332262
CFL1,0.0002161432422943
YWHAB,0.0002161371948882311
MROH1,0.00021613561838175
LNX1,0.00021598751170242168
SHC1,0.00021598117513435
DNTTIP1,0.00021497342548347742
EXOC1,0.0002138771109761
REEP3,0.00021356534070829998
UBL3,0.00021342447636826293
LURAP1L-AS1,0.00021339222889989998
RTL1,0.0002133907180077207
MDK,0.00021331400771699277
ZFAND2A,0.00021310887791885
NEDD9,0.0002129975149469
TES,0.00021298163665075
CHP1,0.00021234853503016
CAMK2N1,0.0002121207236556
RIPK2,0.00021203755170030002
ORMDL2,0.00021202687455733397
IFNGR2,0.00021195017422105
ZFP36,0.00021183500387025
KCNH7,0.00021182778014172755
NBL1,0.00021167377122345
TMEM164,0.0002109582831089
KRT23,0.00021086135029085
DNAJB11,0.00020999043514126798
MEG9,0.0002086897706696
LNX2,0.00020856492256395
ST3GAL5,0.00020849031308869243
NR3C1,0.00020847048503300003
TBILA,0.00020846509559215
VSIG2,0.00020829929328364632
TP53BP2,0.000208229401574
GAN,0.00020803221214394594
KCTD5,0.00020796866875235327
TDRD7,0.00020739775077314998
CASP4,0.00020739241861185003
AKIRIN1,0.0002072794915362
BCAR3,0.00020707884335533744
TMEM65,0.0002069883463904
ZMYND8,0.00020680034512885002
P2RY13,0.0002066852468844
CBR3-AS1,0.0002063839164516
TNFRSF1B,0.00020637736605474998
PCBP1,0.0002062333299679
ZBTB20-AS5,0.00020617434177295
FAM160A2,0.0002061072460201
PTPRE,0.0002059793267317095
SIGLEC14,0.00020592022693533975
SERPINB9,0.0002057828820407542
PDLIM7,0.00020560872085775
TPD52,0.00020537405083545
PPP2R5B,0.0002050720864833
CCNYL1,0.00020495878042215
WNT2B,0.00020453465322850002
TEP1,0.0002045209304409928
PITPNM1,0.00020445021454035
ITSN2,0.000204438174249
MFSD9,0.00020433656783148062
TRAPPC9,0.00020424574585215793
CDKL5,0.0002038890369284668
ACBD3,0.00020380347991985647
ACER2,0.0002035327984242477
CCNL1,0.00020348985714125002
TAX1BP1,0.0002034886966948
ATP6V0C,0.00020343825661873794
DR1,0.00020301994421678256
TMEM159,0.00020295997356125002
APH1A,0.00020292825077934757
RFLNA,0.00020286984237903997
PKP3,0.000202804351269165
CDHR5,0.00020230618824469676
AP000331.1,0.00020206517983480002
SBDS,0.0002020485978127
SRPX2,0.00020198511403227848
EIF2AK2,0.00020190327100135002
SECISBP2L,0.00020189795074870002
BCL2L1,0.00020185449700128543
TRIM8,0.0002017660601600884
SELENOW,0.0002014117430067244
RAC1,0.0002012945111926
SQOR,0.0002012237572712
ADIPOR2,0.0002010878986621
LUCAT1,0.00020101161459755554
TTC39B,0.00020096227966836535
DDX58,0.00020083748662265
GRHL1,0.000200488099753
SLC35D2,0.0002002035332183
UGDH,0.00019957604238429998
KLK10,0.00019956089907387746
ITGA3,0.00019948404903817008
MED13L,0.0001986276423999
ARHGEF35,0.00019842957103849998
EIF1,0.00019818362043085
RAP2B,0.00019786281166065002
PLS1,0.00019757260359358394
SH3GLB1,0.00019755337193015
NCOA2,0.00019734431732005997
CAPZB,0.00019729479118155
MAPK3,0.0001971686477033338
ETS2,0.0001970324140006
HBP1,0.00019698987885245002
NCOA4,0.00019670747746377204
SERINC2,0.00019654343597985002
KIDINS220,0.00019626610607075
MYD88,0.00019622511369398802
FRYL,0.00019586426656041002
FNBP1L,0.0001958199768947
NFE2L2,0.000195795916810618
TRNP1,0.00019577017442121988
SAMD8,0.00019530043717332389
ZNF562,0.0001952954431805
ADM,0.00019525242201155
GTPBP2,0.0001950535703088
ELOVL7,0.0001949943046829147
WDR1,0.00019470409175855
PARP8,0.00019467263698935
PBX4,0.00019460415673465002
DIP2B,0.0001943663943482
GRN,0.00019419893331068576
RFFL,0.00019414248196005
DNAJC3,0.00019408321919399093
EPN2,0.00019388562862895
ATP11B,0.00019381270914509998
STAT6,0.00019318356827446485
USP18,0.00019255299823645546
UBE2D3,0.00019243236337286414
HSD11B1,0.00019203282321709998
SIRT6,0.000191801523145
PCAT1,0.0001917918827844
SH3KBP1,0.00019165592101360002
ST6GALNAC2,0.00019163769539045
ARIH1,0.0001916285665055
PRSS12,0.00019159179847436761
MUC4,0.00019155224156100929
PPP6R1,0.00019120891442918637
NCOA3,0.00019100221695095
GSKIP,0.00019075667088919773
CDRT1,0.0001906836501577997
LRRC4,0.00019063793586094387
PAX8-AS1,0.00019029460840510148
CYTH1,0.0001901907533518
FAM126B,0.00019014506357661206
MOB3B,0.0001900714738327
PSD3,0.00018969976976555112
NUTM2A-AS1,0.00018969552813145
MARCKS,0.0001896857030002
CAP1,0.00018954534091795001
SEMA4G,0.00018950919229804997
CFLAR-AS1,0.00018926059818483214
PLEKHM1,0.00018920398764934998
MYO15B,0.0001889593872989
ANKRD12,0.00018867415161734084
TMEM200C,0.00018866255321529945
FER,0.00018863214980180003
SURF4,0.00018838884562457232
AAK1,0.0001880123547995
NECTIN2,0.00018757554674595
EEPD1,0.00018743108202945002
POF1B,0.0001874043157433718
SEC24D,0.00018730425004665
GPRC5D-AS1,0.00018725210190515
RAB11A,0.00018724556519320002
MIR29B2CHG,0.00018723238745885
HMGN4,0.00018698676681685
IRF1,0.00018694088706439662
SLC9A2,0.00018692891940345
RAB5A,0.00018673845811995
WSB2,0.0001867171523143
GPATCH2L,0.00018641328067265002
ARHGEF18,0.0001863599650803
RASA4B,0.00018634914102695
AOC1,0.00018593482742790003
PACS1,0.000185724364326
CCNI,0.0001856200689690373
KATNBL1,0.0001854923607327
GPBP1,0.0001853071099073
LNX1-AS1,0.00018529292567397732
SHC4,0.00018525740921733938
ANKRD37,0.00018502111064844999
HMGCS1,0.0001848532732859
CBR3,0.00018450529714799302
UBE2R2-AS1,0.00018424711332925002
LDLR,0.00018421471563315
ZFYVE27,0.00018399557595269998
RAP1GAP2,0.00018380433118835
DCTN2,0.0001836641969949
RNF181,0.0001835003649382
CTTN,0.00018334703403495
SGPL1,0.00018324260268545
ETNK1,0.00018316063065835855
GALNT3,0.00018308398665925002
MYO18A,0.00018303906142940295
WASL,0.00018288561792495
BLZF1,0.00018283546476610002
AVL9,0.00018279111705705
DNAJB2,0.00018268977493945
ADAMTS9,0.00018267614590354396
TMEM30A,0.00018233996528655818
SPOPL,0.00018229669899685002
FEM1C,0.00018227528378265
PTPRB,0.00018227021790060002
MANCR,0.0001820940563983
MAP4,0.0001820045932563
IL22RA1,0.00018196494044975
R3HCC1L,0.0001819607355459
ELOB,0.00018190729848966075
VAMP8,0.00018182371395825028
ARHGEF12,0.00018161337323123022
KYAT3,0.0001815951755894
ELF3-AS1,0.0001815538833648
ADAMTS9-AS1,0.00018094051252845
ARFGEF1,0.0001807227603202
SESTD1,0.00018016017373424998
RAPGEF3,0.00017984975331395
RRAS,0.00017984008422511488
HERPUD1,0.0001798019967145437
FRRS1,0.00017931536119945
EFL1,0.00017915328790075
MOSPD1,0.00017894687812335
GUK1,0.0001789113432639
ARF4,0.00017887787656575
NDRG1,0.00017884260441157002
HEPH,0.00017873289342381737
SMPD1,0.00017845083721839783
NPLOC4,0.00017833536888300515
TMEM45B,0.00017825082548083985
BAG1,0.00017806827994787573
NR1D1,0.0001779489412808
PCSK7,0.0001779279509016
LITAF,0.00017786293375319945
IGSF3,0.0001773654603536
SERINC3,0.00017723456596475
TAF13,0.00017683332661714999
NTN4,0.0001766976957511
PHLDB2,0.00017669149755635
PROM2,0.00017654079750079998
DDR1,0.0001765035251705127
PYROXD1,0.00017632873071165
PMAIP1,0.00017619865374044998
SAMD9L,0.0001761454750070965
LAPTM4A,0.00017612425357840672
GALE,0.00017562039918739007
IFI44,0.0001755802404257963
VRK3,0.00017538113571652944
PACSIN2,0.00017529204213315232
JUN,0.00017528277818105
CARD6,0.00017507835394035
CMTM6,0.00017498892372133792
DNAJC5,0.0001749009176539
CYP2C9,0.00017482972020015
TRIM16,0.00017477445270721876
INSYN2A,0.00017475648019630409
RHBDL2,0.00017433936511185224
TMEM238L,0.00017433133545513476
CCDC91,0.000174203223518
AGO2,0.00017414964316937544
PARD3,0.0001736397000447
INF2,0.00017358971222695
CSRNP1,0.0001735890326778
IFRD1,0.00017356567170365
ZBTB20-AS2,0.00017355999188865
CLDN10-AS1,0.0001734035658981081
HERC6,0.00017321637449038688
SETX,0.00017321572067886113
WWC1,0.0001731106426176
XAF1,0.00017291115950982826
CAMK2D,0.00017284164142915
NBEAL1,0.00017274102743765
FAM210A,0.00017270919273955
UFM1,0.0001726105213273
AP000424.1,0.00017256114402747577
CD82,0.00017249861033649566
GLRX3,0.0001724978574551
COX7A2,0.00017207207813105
PAK1,0.0001719940854553149
WLS,0.00017180864517667285
NDUFV2,0.00017179076548517943
KCMF1,0.00017173764230685
BTBD19,0.00017151647235445002
JAK1,0.0001712758924728
HIST1H2BG,0.00017114666136705
SHFL,0.0001711032915951772
RNF24,0.00017085253167802976
PIP4K2A,0.0001707450143058
SIRT7,0.00017071097684767352
NFKBIA,0.00017040569062714658
SAPCD1-AS1,0.00017033165269595
SMIM15,0.0001701566426633
MTHFR,0.0001700433138936539
GNG12,0.00017001995281906826
ZNF438,0.00016984100376475002
PDLIM2,0.0001696720565214
INO80C,0.00016961796549155
LONRF3,0.00016961334633335248
CUX1,0.00016958461828506165
TBC1D22B,0.00016946536103714998
PLEK2,0.000169426340449
NT5C3A,0.00016939253782356843
SLC16A3,0.00016899783062027202
PIP4K2C,0.0001689521477068918
NPAS2,0.00016865217792206335
SEC24A,0.0001686489506037
SRGAP1,0.0001686482205496
SLC22A3,0.00016828157325731117
DUSP10,0.00016804035265695
CATSPERB,0.000168038311141459
PSMB9,0.00016792838894342404
C1orf21,0.00016791354442946278
ARFGAP3,0.0001676041461702
B3GAT2,0.0001675259300441
TCEAL9,0.00016710010390835
UBR2,0.0001670723709733
ANXA10,0.0001670201548020384
MAP4K3-DT,0.00016696960884601047
PPFIBP1,0.00016669697657664445
MED10,0.00016639379607110002
KIAA0040,0.00016612327146595
NIPA1,0.0001655354015297
PSAP,0.00016551425133856226
DDAH2,0.00016537993621365
PPP1R1C,0.0001651079352231
TP53INP1,0.0001649880359904151
GABARAP,0.00016440778976040002
ZFAND5,0.00016420276841115
XPNPEP1,0.0001640696386311
IFIH1,0.00016406658616720775
PAG1,0.00016406526823902457
PPP1R14C,0.00016378530470365
PPIF,0.00016341604322505
SMIM31,0.0001633548657518624
RTL8C,0.00016335361194689998
CYTOR,0.0001632596867948693
EPB41L2,0.00016313833828358637
PPP1R21,0.00016304211568269998
EDEM3,0.00016302059363731893
ZBTB38,0.000162986621663
MICAL1,0.00016287577203634999
CASZ1,0.00016284688940856857
PNMA1,0.00016267486935467253
ITPKA,0.00016257808476017747
ATP11A,0.00016227091615389662
ZMYM2,0.00016218459929130002
CXADR,0.0001620248322774
EDF1,0.00016188032695699998
ITGB8,0.00016111624357820998
PNPLA2,0.00016092426239709999
SERTAD1,0.0001606882519334
MAX,0.00016045461512154347
PLA2G4C,0.0001604171857075929
AFTPH,0.0001603875304352
GCKR,0.00016034319674505
BRWD3,0.00016033271803314998
TM4SF1-AS1,0.00016029641344222011
ATG2A,0.00016027856553034505
ZBTB7B,0.0001602179623675385
CEBPG,0.0001598924732861744
GMFB,0.0001597900445638
RTCB,0.00015978399585305
FAM122A,0.00015964260380377704
CRB3,0.00015936402163519854
ATP6V0A1,0.00015932303434339998
HECTD1,0.00015923896260575002
BIRC6,0.00015922496805986737
PXN,0.00015919658977135
PRRT2,0.0001591469769862
TLE4,0.00015907382575924153
CAST,0.00015905958208479998
EHBP1L1,0.0001589508958585
ACVR1,0.00015890610056125
KIF16B,0.0001588629275431
TMOD3,0.00015878693114985
EFHD2,0.00015874670346256045
NFKBIB,0.00015870460207265
SLC39A14,0.00015812584146590906
APOBEC3A,0.0001580045469433
RND3,0.00015791820411913175
PARP14,0.00015776002046894024
SLC29A3,0.00015745717446383743
CRIM1,0.00015712016380985
STRN,0.0001570051720169963
HS3ST5,0.00015686453858509657
SCYL2,0.00015683058358106534
DUSP3,0.00015667286672
TTC39A,0.0001566069817319
FMO3,0.00015657235292585
RNMT,0.00015640530462785357
TUFT1,0.00015614915610585
MAPK1IP1L,0.00015602954958325
C6orf89,0.00015595769055765956
TOR1B,0.00015590459665249597
MPRIP,0.0001557836562668671
ANKRD36C,0.00015572090650230002
CXorf65,0.00015570116467607573
SLC9A1,0.0001555981939916358
COX5B,0.00015556303226381
CDC42BPA,0.00015544196750657153
KLF4,0.0001553521652905
KIF1B,0.00015535013900163093
AP001011.1,0.00015531920349038067
AP005899.1,0.00015525397160505
TAX1BP3,0.00015520726832504754
ATG14,0.00015489829063926303
MBD2,0.0001548379793045
DENND4C,0.00015477216397324998
SULT1C2,0.00015455007305891579
NOP14-AS1,0.00015448667180210002
IL15,0.0001543807384799745
FAM114A1,0.00015369555928523748
MXI1,0.00015366387918559998
ONECUT2,0.00015350798326212655
MEAK7,0.00015347563403285002
ST3GAL1,0.00015345100864074999
MTMR14,0.0001528000882398
VEGFA,0.00015279082187854345
GSTP1,0.00015278266297116537
CAPZA2,0.00015274653254254277
CSRP1,0.00015252747408949998
BBC3,0.0001524830693602
CLDN12,0.00015240473107589999
B3GNT2,0.00015239532434895055
SCFD1,0.00015230526565670002
GBP1,0.0001522306973602
NOS3,0.0001521377742194
SESN2,0.0001520175937891705
RHOU,0.00015192747258774953
RAP2C,0.00015188409712728603
GCH1,0.00015171501382959997
SREBF2,0.0001515924002617
TEC,0.0001515320991293132
MRTFA-AS1,0.0001514789583908
SH3BP2,0.00015130475211525002
AP000919.4,0.0001510322134833
FAM83F,0.0001509214695587288
SLC44A1,0.00015079506651325
RGPD2,0.00015051632405215
JAK2,0.00015040264860720001
NDFIP2,0.00015015629129115
IL10RB,0.00014994538079919276
PIK3C2A,0.00014976797198935
NIBAN2,0.00014969108881144472
ARNTL2-AS1,0.00014952939009555002
ZYX,0.00014944063383392274
PIM3,0.00014935449744850002
SH3TC2,0.00014922487710445
DTX1,0.00014918980863931877
EIF4E,0.00014909476112047454
ATAD1,0.00014905883689469822
DDA1,0.00014903377833894616
MBOAT2,0.00014900545167901463
ARHGAP32,0.00014879182500375
OPHN1,0.00014877370478550165
ERGIC1,0.00014875338988648077
RASA2,0.00014858846038570607
IFI35,0.00014845162243071414
CLDN1,0.00014840065071025
GRIN2D,0.00014838313952721924
ABRACL,0.00014832434859195426
TPM1,0.00014827038680769095
PRKAB2,0.0001481694052245017
YPEL5,0.00014807483006765
GNG5,0.00014793593725260227
ANXA4,0.00014780575045985
PRR13,0.00014775155781218157
DUSP16,0.000147661971844095
SLC35F6,0.0001475745983790108
STXBP3,0.00014743509642795
KIAA0355,0.0001474276012544
ASB1,0.00014737325905759998
TNFRSF1A,0.0001469931296109788
AF064860.1,0.00014686566669725002
RTN4,0.0001467723237034726
MYH9,0.00014673221648034998
STON2,0.00014650928616199998
DNAJC1,0.00014645645327566304
ACER3,0.0001463635407342
NPNT,0.00014632736152079434
PRR15L,0.0001461583451184339
AGRN,0.00014610466535575002
SRI,0.0001460853244285935
HEBP2,0.0001460554176219186
MOSMO,0.00014600515921115
PLXNA2,0.00014592538539274596
ATF3,0.0001458316087248436
MAPRE2,0.00014580560390395
NEK7,0.00014575358111584074
GAB2,0.00014569547711695
PLXNB2,0.00014554796739987166
HIST1H2BC,0.00014554063400345
FMN1,0.00014541662435163096
RALGDS,0.0001453590997377
FAM214B,0.00014524601405990114
MIR222HG,0.0001452357180324872
NOSTRIN,0.00014513459043533842
METRNL,0.00014513326560461817
HDAC2-AS2,0.00014512302779823836
ZSWIM4,0.0001450168927505578
CACFD1,0.00014491473493035564
H1F0,0.00014488433661369998
RNPEPL1,0.00014469744642449793
UNC5B-AS1,0.0001446699630859
DNM2,0.00014463428131106639
ELF3,0.00014458320708479999
MAFG,0.0001445633217823
DOCK1,0.00014449121447705
KPNA7,0.000144442832303
CASP7,0.0001444286439034
SEMA3E,0.00014435200841792672
SPATA6L,0.0001440561557383481
AP006621.4,0.00014364403830585725
PKP1,0.00014350004172697465
SFTA2,0.00014337591024544174
PMP22,0.00014331048611638668
PRSS8,0.00014328598415488014
UBE2J1,0.0001431085694145819
GABARAPL1,0.00014303541708061455
TRPC4AP,0.0001429080332382
MMP15,0.0001425083644305034
MAP3K8,0.0001421551262978045
GCSAM,0.00014214112857081516
STARD4,0.0001421118058091
RAB3IP,0.0001420103772682638
PAX8,0.00014199885208335
SLC5A10,0.000141936174917
FURIN,0.00014183610176075
DENND1B,0.00014155718435125
ARPC3,0.0001413171828326
ZCCHC2,0.00014093392715395
ITPR3,0.0001408165261572
LCN2,0.00014050926307490754
STRN3,0.00014048267392905
PLEKHH1,0.00014047725233000202
TBC1D15,0.00014045817888260002
RASSF7,0.00014039551517255764
MAGI1-AS1,0.00014036285101976607
PROSER2,0.00014008941102021014
TPT1-AS1,0.0001400419482882
SMPD3,0.00013996798852670964
SLC25A24,0.00013993602277470352
TUT7,0.00013982906950655
CAPN5,0.0001397176826354218
RAB1A,0.00013954901748435
TM4SF20,0.00013949833031924998
H3F3A,0.0001394713821929988
TARS,0.0001394390246734
AP000897.2,0.0001394211752951
KDM4C,0.00013937687841215
NUTM2B-AS1,0.00013934844969320002
GAP43,0.00013931323564692706
ATP6V1D,0.0001392705562022
TMEM189,0.00013922675831715
APOM,0.00013916864070945
GDAP2,0.000139132150392
MAP2K4,0.00013907187962095
DKK1,0.0001389813463436198
RAB21,0.00013895469559039876
INPP5A,0.00013894714963246673
CTSS,0.00013880361104619672
MIR210HG,0.00013878812472224998
TAGLN2,0.00013850789537905
EPB41L5,0.00013812971034045
UBE2D1,0.000138111921375
ATP8B1,0.00013797554053424893
HMGA1,0.0001377859426318417
PIK3C2B,0.00013766634014415768
SPTBN1,0.00013766178970395
COPA,0.0001376198674929
CREBRF,0.00013760513724089048
MAPK6,0.00013717616666005
PLCXD1,0.00013711764290445
A1CF,0.00013708827481890342
CORO1C,0.0001370718200893585
UBE2A,0.00013693040035565
ITPRIPL2,0.0001365018060503
KDM6B,0.00013649681219985
BDKRB2,0.00013639010020675832
RCAN1,0.00013636042178774972
WWC2-AS1,0.0001362771555769
AHNAK2,0.00013624205589604069
CXCL1,0.00013581515504495
RC3H1,0.00013555222134277697
AMOTL2,0.00013550188429079998
RIMS3,0.0001354020340538
DNAJB6,0.00013536391086856224
HDHD3,0.00013533685390094426
SERPINB5,0.00013529964053150264
CDSN,0.0001352884752848
PDZD8,0.00013500302530055234
APOL2,0.0001349405599557
IMPG1,0.0001348359265637207
IDS,0.00013479583547587056
CEACAM7,0.00013470005091473328
DEDD2,0.00013468842267065
FNIP2,0.0001345230358149656
TWF1,0.0001344423528523
USP12-AS1,0.00013407733104695
WDR44,0.00013406560100405
PCYT1A,0.00013402406566629998
KCTD9,0.00013398794694693256
TMEM246,0.00013394671898030001
NR1D2,0.00013388485854085
UBE2E1,0.000133838803616
HIVEP1,0.00013380579155767574
STOM,0.00013377170972795
PALM2-AKAP2,0.00013371876726469377
RTP4,0.0001336925230334715
FNDC4,0.00013363187782150634
STBD1,0.00013362273918870313
MAP3K13,0.00013356278457675
STX1A,0.00013347491350655
SEL1L,0.00013335126380552604
DUSP8,0.00013333052704407453
PITRM1-AS1,0.00013298429287294999
MBD6,0.00013275417659612592
SLC12A6,0.00013275021322673228
THBD,0.00013272296293420177
TM9SF2,0.0001326190069065794
TRIM2,0.0001324663930226368
FAM83H,0.00013235042926257686
SCX,0.00013221366100217138
CCDC120,0.00013210138600109998
USP54,0.00013208427117423064
ATP5PF,0.00013207317893060825
TOR4A,0.0001319232788852
STAT2,0.00013185434575455697
RIT1,0.0001317800546680349
GADD45B,0.00013172779721055
CTH,0.00013168943055525
DNAJB9,0.0001316831642071319
MYDGF,0.00013160668446376918
ROCK2,0.0001313558029808015
SRD5A3,0.00013131084586778084
POMP,0.000131306150778554
USP12,0.00013097654462175
SNRK,0.0001308691088548
JPT1,0.00013074773965709286
GTF2B,0.00013070710020607115
HK1,0.00013060094833835
SERPINB9P1,0.00013050893583060002
HAPLN3,0.00013012628303561068
NOCT,0.00012994630068585
RAB18,0.00012984712362955
SCEL,0.00012983166814190097
CLTC,0.00012956847340086676
RRAGC,0.00012949135163104999
STX19,0.00012946958387372593
TEAD1,0.00012931901814217326
CMAS,0.000129311038308292
SMIM14,0.0001292937105002751
PWWP2B,0.00012928265678179877
ZFYVE21,0.00012927234905145
CYP2C19,0.0001292589835154
RAPGEFL1,0.0001292380942231072
CARMIL1,0.0001292355557726
PTPN12,0.00012919451962786047
PRRC2C,0.00012916132062282422
LAMTOR3,0.00012906195519475
ARPC5L,0.00012898965852693606
TNIP2,0.00012897883242876302
P3H2,0.0001289626417686076
RNF141,0.00012880559217615263
GPT,0.0001287757545707697
PLK3,0.00012859898617686885
FHDC1,0.00012858123962938627
C1orf115,0.00012854374540152415
CNKSR1,0.00012833142202595002
PTK6,0.0001282875539448
COX6B1,0.0001279980737856213
LAMP1,0.0001279805502072221
CCRL2,0.00012794542160517172
KRT17,0.00012789892005629267
CYP4F3,0.000127838971705827
EHD4-AS1,0.00012782798149280002
KCNK6,0.00012776160907470763
SRXN1,0.00012766982492975
ARPC4,0.0001271838792025
TSPAN13,0.00012710294671617722
SPPL2A,0.00012706911453535
MARK3,0.00012691257722217261
AP000943.2,0.00012684419471614152
SERPINB8,0.00012676110015705
UCA1,0.0001267558681050453
LGALSL,0.00012656217012298304
DNASE1L3,0.00012652404875327457
CACNB4,0.00012642510725137724
HEXA-AS1,0.00012639076323420694
SLC2A6,0.0001263820334520081
TARID,0.00012634202265107588
MALT1,0.00012603142417964722
ATF4,0.00012586545781896402
LGALS9,0.00012582200212428086
GNAI3,0.00012573697414335001
SMCO2,0.00012568530866315
ACKR2,0.00012559488862452846
IL18,0.0001255283137666815
CTBP2,0.00012538715567155054
CLIC5,0.00012532170106926453
HDAC5,0.0001253004131404271
LSR,0.00012522983762299994
SLC20A2,0.00012514648522789999
SP6,0.00012507741367012685
ATG4A,0.00012486843271975
RAB11FIP4,0.00012464194147407244
NDUFS2,0.000124613449986
RNF19B,0.00012453430518586978
TAB3,0.00012447527627569511
PNRC1,0.00012432430180636786
CD274,0.00012428065206015
ANKLE2,0.00012413068023115064
ACHE,0.00012411843676860663
FBXO46,0.00012410166206425
SETD9,0.00012399835188154105
TAF10,0.0001235797799818785
BEST1,0.00012319198952604949
ANG,0.00012314217039099848
SLC35A2,0.00012310200316805698
JCAD,0.00012302492960878723
WBP2,0.00012300558656645
RAB14,0.0001230034720603844
BHLHE41,0.0001229288198985064
SWT1,0.0001228590040649178
PPP2CA,0.00012272588077929478
HIST1H2BD,0.0001226877497542769
TNFRSF10B,0.00012268199932182792
SLC30A4,0.00012268040705995
MAD2L1BP,0.00012265186684205407
PEA15,0.0001225367922817
SLC50A1,0.00012250858854255523
GARS,0.0001225036541625106
AP003472.1,0.00012243465208322513
PCK1,0.0001224092549647479
ABHD4,0.0001224091135373
TMEM8A,0.00012226882998394833
TBL1X,0.00012210409952760723
AP003555.2,0.00012205736043553374
SLC15A1,0.00012184627107699153
FAM91A1,0.00012179901405020112
ZMYM5,0.00012161068195425001
SYK,0.00012160811460269859
KIAA0232,0.00012153840074083773
KPNA4,0.0001213352272293
C1orf54,0.00012104288722290967
ZDHHC14,0.00012093879367585655
TANGO2,0.00012082671756464999
AP005233.2,0.00012081656123679146
RABGEF1,0.00012080181988786135
INSC,0.00012075403799575782
SLC1A1,0.0001206012911886
ATG5,0.00012052091807805
KLC1,0.0001204685761154
PHACTR2-AS1,0.00012044367381926552
MED13,0.00012039145988355584
P2RX4,0.00012031757741801623
MBNL2,0.0001203067393634124
ADSSL1,0.00012023407314085
SEC23A,0.00012015594204798215
ADAM17,0.00012011317485705114
HCG9,0.00011988313287889746
BACH1-AS1,0.00011987575810202304
RNF39,0.00011970822022940412
CREB3,0.00011961186278758163
DGKA,0.00011955478432687118
NCEH1,0.0001195410730071
COP1,0.00011948425587554999
P4HB,0.00011938559668492853
VPS13D,0.00011924817595814693
ACAA1,0.00011908662973091847
OSGIN1,0.00011891742284200001
CDC42SE1,0.00011882686475757625
ARF6,0.00011878435701524989
LATS2-AS1,0.00011876679558674971
ADGRF4,0.00011867689168885
KRT15,0.00011864240087199763
PCSK5,0.00011863120619483278
STK10,0.00011856103740913522
COMMD3,0.00011846474600411191
CDK2AP2,0.00011832645202844406
KIF2A,0.00011831312640764015
PATL1,0.00011817794157680458
ATP11A-AS1,0.0001181573971886
TMCC1,0.00011807280295609857
Z95118.2,0.00011797446722665
GSDMB,0.00011780139504515
YIPF3,0.00011777889920978305
PRR15,0.00011776224049197364
OAZ1,0.00011759023326508767
TAP2,0.00011727484495015
GRIK1,0.00011726904046734657
TMEM167A,0.00011723394248280502
DNAJA1,0.00011723359683601126
IMPA1,0.00011710396561405065
ZNF185,0.00011695967678556978
CYB5B,0.00011683897099799376
CNOT2,0.00011682563162703055
ATP6V0B,0.00011655986547569998
DQX1,0.00011617680714194281
EML2,0.0001160977455365
PPL,0.00011586932828098653
PRKCD,0.00011579375886789999
ARHGAP10,0.0001157777239691
ARG1,0.0001156984336537687
ETFA,0.00011567356081073198
C4BPB,0.00011559124861863386
MAPKAPK2,0.00011548410572162882
ECM1,0.00011548233079282022
ME1,0.00011537246456039698
SAP30BP,0.0001153598495698
PTPN1,0.00011532248116615613
SNRK-AS1,0.00011520219324560677
RETSAT,0.00011499970296705628
GCOM1,0.00011477854957435001
DIAPH2-AS1,0.00011468385441281461
RASAL2,0.0001146005405913
FBXO8,0.00011452328339958363
SPATA12,0.00011446159806462866
ZBTB20-AS1,0.00011444988908866031
CHMP5,0.00011414945266882185
PNKD,0.00011409795628792661
ADAP1,0.00011400803090307055
CYP2C18,0.00011385258728965601
TVP23B,0.00011373748933967924
CXorf38,0.00011366110634975205
USP33,0.00011360144754375505
CYSLTR1,0.00011351646496575001
IGF2BP2-AS1,0.00011342933012185
BATF2,0.0001133207684916
FOXL1,0.0001132257387339
CALCOCO1,0.0001131970462271064
RAB27B,0.00011292231135215982
RAB3GAP2,0.00011287078609848146
CDC42EP2,0.00011286577444678922
RBMS3-AS2,0.00011284677974199311
COX6A1,0.00011274783531801744
PXDC1,0.00011264188714275
HES4,0.00011263728898402398
TBC1D10A,0.00011256238959159715
OAF,0.00011224686252415
KPNA1,0.0001122451950714269
SOCS3,0.00011206696723933246
RUBCN,0.00011203321355124018
DHRSX-IT1,0.00011199199892868981
RGS16,0.00011196603308809818
SLC22A14,0.00011158587970015385
DISP1,0.00011145560932553519
DDX3X,0.00011134223347748496
PIK3CB,0.00011121045248168614
CHST5,0.00011117254417571698
SEC11C,0.00011098025167064975
SP1,0.00011075558625008361
BCL9L,0.00011070022600389014
UBE2Z,0.0001106011049744019
AP4S1,0.00011025040502238054
ABR,0.00010996087493612253
PPP1R3B,0.00010978987127159947
AP000944.1,0.00010969657907390798
EXOC5,0.00010944933368145144
OPN3,0.0001093758971909401
RBMS1,0.00010932918897620716
SLC3A2,0.000109276628738504
MKNK1,0.00010916792935626615
EPS15,0.00010883730181478326
SCARB2,0.00010881372122853004
AP1S3,0.00010855893641163125
RNF111,0.00010837029399830151
SLCO2A1,0.0001083403682850715
ABO,0.00010826726426054221
MDFI,0.00010816252685665169
SLC22A18,0.00010793436501651857
PDGFA,0.00010792931710369908
VAMP3,0.00010773370954979016
TMEM54,0.00010771694748160733
SCNN1D,0.00010769136838225132
MTSS1,0.00010767486138145
EHD1,0.00010763365312185
AATBC,0.00010759542810602611
TLR8,0.00010749434789182442
PPARA,0.00010742096407335526
COG5,0.00010722513070904952
KLF13,0.0001072018602349914
ZNF292,0.00010708314262809239
RNF6,0.00010702622837193329
HACD3,0.00010696986140035
EDN1,0.00010693074089893893
FGF2,0.00010690874629231752
TOLLIP,0.00010690367896961205
TMEM154,0.00010685487626112119
MGAT4A,0.00010684848029448226
ZNF207,0.00010684604931299782
SGK1,0.00010683685532609144
RNASEK,0.00010668808735953195
GTF2E2,0.00010657633073655
PIEZO2,0.00010647383272630634
KCNJ10,0.00010647268617447987
PPM1B,0.0001060720131602393
KCTD20,0.00010605331914646301
SLC6A12,0.00010590484230870176
ARF1,0.00010587731277462986
TFE3,0.00010583812757963032
YKT6,0.00010571549560312869
EHD2,0.00010562587334753617
SEC31A,0.00010557831097274327
TRIB3,0.00010557495192504655
TMEM127,0.00010556354268852879
TOR1AIP2,0.00010547916481695672
AP2B1,0.00010546442254915241
PPP1R14B-AS1,0.00010539531052714831
PCDHGA12,0.00010529943833574335
SEC61G,0.00010522977205891661
SH3BGRL2,0.00010520493681550454
AMZ1,0.00010512916611122322
TRIM56,0.00010497544467370757
SMPDL3A,0.00010496759940656949
RARA-AS1,0.00010485396953876648
STARD10,0.00010481336999651864
MAP1LC3A,0.00010450085199407389
IL13RA1,0.00010427283183799999
CHCHD2,0.00010427098054724334
NPC1L1,0.00010420038932600976
PER1,0.00010411083779508063
LBH,0.00010409994672995262
MANF,0.00010406167479265
SYVN1,0.00010405138413945516
ADTRP,0.00010389848176956988
MAPK13,0.00010375170360589919
FOSB,0.0001037243369943873
PLEKHN1,0.00010359247314774102
B3GALT4,0.00010336098795076594
C11orf24,0.00010325289579454128
SLC23A3,0.00010323835265836956
SLC45A4,0.00010316946126062459
LPP-AS1,0.00010308960474641774
FCHO2,0.00010296538760013073
FAM120AOS,0.00010282850960484907
SH3GL1,0.00010262223477315756
MORF4L2,0.000102572872621498
PGR-AS1,0.00010245768125302502
SEC24B,0.00010233421886674088
TBK1,0.00010207238106205181
INSIG2,0.0001020647269701464
HPS1,0.0001020560705544187
FAM131A,0.00010202723047393486
CLCN3,0.00010179601437127205
NDUFV2-AS1,0.00010179331618303098
YTHDF3,0.00010165745460248359
SEC22B,0.00010148640809032021
SMIM2-AS1,0.00010148192373782306
TSHZ2,0.00010146014627046247
SLC20A1,0.00010145575771160664
CPNE5,0.00010145318027010515
MED15,0.00010143856906863244
PRKAR1A,0.00010131017280238306
TMEM150B,0.00010127526001864497
SF3B6,0.00010125241811086269
DPY19L1,0.00010124018647483849
RAB25,0.0001010957883702795
NFKB2,0.00010106358187203881
TLE5,0.00010097577722384022
KRTAP5-AS1,0.00010090769596988626
C1orf167,0.0001009069559345457
IFIT5,0.00010079044774546686
FEZ2,0.00010062341483211602
GOLT1A,0.0001005875424156593
MCFD2,0.0001005836856508553
ELOVL1,0.00010051775524123435
INPP4B,0.00010051307917806001
ZNF516,0.00010045992186384177
PDCD4,0.000100458711725892
ABALON,0.00010042638357965743
STK38L,0.0001004129879603213
DHDDS,0.00010039696808165842
SPCS3,0.00010035222788018199
ACBD3-AS1,0.00010029222382969222
ARHGAP5-AS1,0.00010008058442501023
HNF4G,9.99812115262e-05
AP002498.1,9.997897172564885e-05
LMAN2,9.989821833049176e-05
EVI5,9.984150122835988e-05
MIR31HG,9.972352186979645e-05
SNX3,9.966280607915596e-05
IL6ST,9.962065176070275e-05
CARS-AS1,9.961234619100092e-05
S100A3,9.955084462525584e-05
PP2D1,9.948611278159816e-05
ZNF432,9.943267448376164e-05
AIM2,9.932234800107722e-05
CRELD2,9.926448844422984e-05
MGAT2,9.897949131587353e-05
UBOX5-AS1,9.884652332483564e-05
CCNC,9.874005642128346e-05
AP001439.1,9.872901911819255e-05
NAPRT,9.866150671104325e-05
ABCA5,9.860083744181206e-05
ARHGAP30,9.858492062033735e-05
SLAIN2,9.854393776887614e-05
TRIM69,9.847417450276687e-05
PPP1R2,9.846389053946099e-05
LAMTOR5,9.846084343594321e-05
OLAH,9.84101483227361e-05
UPK1B,9.835217686752801e-05
CDC42-IT1,9.834963698149345e-05
SMS,9.825456177813799e-05
SHB,9.819799921016614e-05
CSNK1G3,9.815598077001276e-05
MFGE8,9.813594452719861e-05
MNT,9.80953658443195e-05
CCZ1,9.79684961895534e-05
AP001033.2,9.792482818195123e-05
MARS,9.791389877423197e-05
TRIM14,9.791190443711281e-05
EFNA2,9.783119915463929e-05
TBC1D2,9.78249845514302e-05
ZNF274,9.772663212565808e-05
FTL,9.757781447413671e-05
CAPN1,9.756053961410541e-05
IGF2BP2,9.73825609181106e-05
EFCAB14,9.703604850386612e-05
SYNRG,9.691433668838106e-05
HELZ,9.690636524867512e-05
SH3PXD2A-AS1,9.684178193894567e-05
RSL24D1,9.671732562142383e-05
ZNF407,9.665619087292074e-05
ARHGEF3-AS1,9.662954779780707e-05
SREK1IP1,9.659691974402265e-05
ASPHD2,9.648483004449624e-05
C16orf72,9.635953106375711e-05
SLAMF7,9.629551100684053e-05
ENTPD7,9.622528818602854e-05
FOSL1,9.606741523622332e-05
HOOK3,9.603240448103167e-05
CEP170B,9.601685442367679e-05
EGR3,9.594547556807716e-05
UBL5,9.58970870062063e-05
BCL2L15,9.585231606855866e-05
RAB35,9.576391459298586e-05
BAG3,9.575331117047046e-05
ABHD17B,9.560147433722261e-05
ELF4,9.550068245577694e-05
BMP2,9.540908168719411e-05
LEPROTL1,9.537732093062904e-05
SUCO,9.510628478376771e-05
TMEM106B,9.502319064376953e-05
DAPK3,9.496839789849161e-05
PIGH,9.496674466185297e-05
UQCRB,9.495896400496214e-05
KIAA1211,9.492719983412977e-05
TMEM9B,9.48600858774309e-05
TBC1D8,9.468087538757067e-05
SCOC-AS1,9.462627300179806e-05
PLEKHA4,9.461457629760869e-05
LGALS8-AS1,9.461284650318368e-05
DCP1A,9.461263418879357e-05
ETV6,9.457168590890518e-05
AKAP17A,9.454712072753322e-05
BHLHE40-AS1,9.451558284251535e-05
TMED2,9.446940019185492e-05
TAOK1,9.436679187688261e-05
DYNLT1,9.43614278660132e-05
RABAC1,9.434819990038312e-05
PMEPA1,9.430447910980001e-05
APAF1,9.423647141124321e-05
CAMK1G,9.415373017494086e-05
CASP9,9.409410876741444e-05
CAV2,9.396724660147413e-05
GPC6-AS1,9.396462301830002e-05
VPS37A,9.394361910346671e-05
SPATA2L,9.394145603041382e-05
TIGAR,9.38959856300877e-05
CDKL4,9.381011164112066e-05
POU5F1,9.377626137484504e-05
PIK3CA,9.364434445303368e-05
GCNT4,9.361233867470164e-05
LRRC66,9.34498155237811e-05
CELA2B,9.331595397778792e-05
GREB1L,9.32815646804341e-05
PRKG2,9.325318987557931e-05
MACC1-AS1,9.32451459586211e-05
ZNF267,9.319853092500083e-05
STN1,9.31903723790979e-05
ARG2,9.308668193583881e-05
MED17,9.306440268136579e-05
HSPB8,9.305392241796877e-05
MLANA,9.289894644931424e-05
CNPPD1,9.285493712804776e-05
TMC1,9.281026456668551e-05
PTHLH,9.24976368220216e-05
NUTM2G,9.244542847503188e-05
NR4A1,9.24063127119766e-05
IL2RG,9.23964797930222e-05
KCTD21,9.226224930618247e-05
GBP2,9.219507036915399e-05
HS3ST1,9.21834943063176e-05
ARHGAP27,9.212472994654482e-05
CRK,9.20688986876882e-05
CAPG,9.194479053060987e-05
ODF3L2,9.161742952229685e-05
GOSR2,9.148354684820466e-05
SOS2,9.146725225748904e-05
SMAD2,9.142198121161102e-05
ABL2,9.13043451271979e-05
TLK1,9.115517137048183e-05
ATE1,9.10838184885491e-05
ARID4B,9.104265164868895e-05
CD52,9.101352036301337e-05
ADAMTSL5,9.092655478986423e-05
TMED4,9.082724483545703e-05
SOAT2,9.066336678433521e-05
PLA2G5,9.06367524198667e-05
KCNJ13,9.062441076884009e-05
UBALD2,9.061229561851643e-05
FBXO32,9.058915918328481e-05
PHLDA1,9.048581853413976e-05
MERTK,9.041896332525018e-05
ANKRD29,9.025933733726879e-05
FRMD8,9.017098699134935e-05
APOBEC1,9.012239429019654e-05
EPS8L2,8.993258519276995e-05
MKNK2,8.989234246351371e-05
AP001469.1,8.983870064302236e-05
KCNN1,8.977965527152097e-05
CBX4,8.972487323991028e-05
C9orf106,8.96630607071571e-05
FAM122C,8.961542177745099e-05
TRAK1,8.961434641470363e-05
HAP1,8.958543315803783e-05
AP1AR,8.95058303450807e-05
RNF11,8.946576953326099e-05
TMEM88,8.940789680631982e-05
FAM83A,8.927897842852424e-05
ARL8A,8.921004584819931e-05
TBC1D23,8.912079456008949e-05
ATP5F1E,8.902823965410699e-05
ODAPH,8.890464538110639e-05
RNF149,8.889079564746776e-05
PLXNA3,8.88643075300979e-05
ITM2B,8.87291113317e-05
WDR11,8.864306759002677e-05
PRELID1,8.858987711979795e-05
LMTK3,8.856646075972847e-05
FNTA,8.851180740271766e-05
PPP2R2D,8.850084984939689e-05
BSG,8.842850195643116e-05
DTHD1,8.829869330596993e-05
CRY1,8.829220647287328e-05
GPRC5D,8.819746908259752e-05
ZNF223,8.812246974530698e-05
ZBTB34,8.806029842506041e-05
SLC25A25,8.792720700395547e-05
CCNG2,8.784952926746391e-05
ZBTB10,8.783577462815653e-05
SLC7A10,8.747256550885538e-05
RSPH10B,8.746933491531872e-05
YARS,8.719969497235953e-05
FOXQ1,8.71568190347566e-05
IL20RB,8.712107478279375e-05
MTPN,8.704825038171602e-05
UBR4,8.700123376736086e-05
NOP10,8.697507738494601e-05
PON1,8.696854479231487e-05
TLCD2,8.694437885013815e-05
GALNT11,8.692127044353866e-05
RIPK1,8.69088335748761e-05
CTSD,8.690791764334488e-05
ARRDC4,8.685272526169635e-05
RNASE4,8.68259458947734e-05
TM4SF4,8.679514276688829e-05
TEAD3,8.677746402287774e-05
LACC1,8.66723830842024e-05
THRB-AS1,8.661618293596539e-05
AZIN1,8.65631387600114e-05
SPTAN1,8.655963668453555e-05
PLAAT4,8.646950784788617e-05
ZKSCAN4,8.646464453662006e-05
TMED7,8.645499331547213e-05
NRBF2,8.642969428226586e-05
USP34,8.641419517120425e-05
PIGS,8.640528028740313e-05
COQ10B,8.634602845983304e-05
RAB13,8.633291675103216e-05
SBNO2,8.632072766302779e-05
TGIF1,8.616395441754834e-05
PLAG1,8.612570232429037e-05
GUCD1,8.608127568530693e-05
MTF1,8.60500000745935e-05
DYRK1A,8.599804377435518e-05
DOP1B,8.591767843731828e-05
KCNQ3,8.588828323494774e-05
WFDC3,8.588083115766542e-05
ELL,8.581394624464911e-05
CLIP4,8.578359697915571e-05
BNIP2,8.575327565150433e-05
ESRP2,8.572299955085129e-05
PLEKHA8,8.569093651664558e-05
IRAK3,8.561455215582056e-05
MLX,8.560285685021334e-05
SLC45A3,8.556184410555419e-05
TRAPPC2B,8.548259159957074e-05
IP6K3,8.542128668480084e-05
TLR3,8.541044892719536e-05
NRP2,8.531447891595476e-05
B4GALT4,8.530339988710731e-05
TMEM134,8.527267059163422e-05
UBE2F,8.513028059985742e-05
FAM177B,8.498435001421095e-05
IGSF9,8.497276151941225e-05
AZI2,8.49254933440673e-05
STK17B,8.490334956859892e-05
CLU,8.482470551026809e-05
GMIP,8.474189772775455e-05
RNF213,8.474030117588832e-05
MED14,8.473788089728663e-05
HSPA13,8.439688247105067e-05
BCL3,8.438379679142575e-05
DDR2,8.438091035825e-05
ENTPD4,8.434559945500546e-05
ZNF408,8.410858672241283e-05
MROH9,8.408998530961476e-05
CHMP3,8.405881620001952e-05
ADD1,8.395114921700546e-05
PSMC6,8.39200570833902e-05
G0S2,8.381622064622702e-05
EIF4G3,8.368632441255002e-05
MARK2,8.366227972145634e-05
ASNS,8.362988844977587e-05
NAT1,8.347338633332832e-05
CNKSR3,8.323447084867087e-05
GLMP,8.30792267860655e-05
FRAT2,8.307341898306555e-05
DUOXA1,8.292524282969623e-05
LUZP1,8.286310061123505e-05
STARD8,8.283721113042924e-05
HTATIP2,8.282268375956789e-05
OGA,8.281371720875856e-05
AP1M2,8.28123149193834e-05
ICAM1,8.277196351776338e-05
NPAS1,8.275335058638163e-05
YME1L1,8.269713910612904e-05
LMTK2,8.233205364650137e-05
PSCA,8.233099916532016e-05
CDK7,8.232183763180532e-05
NDEL1,8.219683710766948e-05
GNRH1,8.208314067605783e-05
ACY1,8.203150977544266e-05
SRPK2,8.201863370780418e-05
PSME4,8.200506687405593e-05
ZRANB1,8.192868242231372e-05
FEM1B,8.189504260334198e-05
RNASEL,8.185649304862078e-05
RHOV,8.185179512346348e-05
Z82215.1,8.18290462691083e-05
PSENEN,8.173494453924592e-05
HYAL1,8.162098587637292e-05
NFATC2,8.14688534934925e-05
RALY,8.146400630900358e-05
SNIP1,8.139259492739726e-05
ARHGEF5,8.137132154707281e-05
TRAPPC10,8.131710880771744e-05
RAB31,8.130205404654468e-05
ID1,8.128462484105772e-05
ZNF770,8.113265817272146e-05
SERTAD3,8.109541452867744e-05
ZC3H3,8.101691238607793e-05
KCTD10,8.100842922315143e-05
NT5C,8.09817689917554e-05
TINF2,8.091825598289078e-05
LAMTOR1,8.090641891377905e-05
PRKAA2,8.085766551453868e-05
CLN8,8.07785125240761e-05
AGAP1,8.073990859819587e-05
ZDHHC3,8.068977381831465e-05
MT1X,8.064715724292746e-05
AKIRIN2,8.062832114425807e-05
ATP2B1-AS1,8.055322488791352e-05
PIK3C3,8.04428195675321e-05
INTS12,8.039706134365e-05
EAF1,8.022101694802967e-05
TSG101,8.020036992988082e-05
UCHL3,8.018662836059145e-05
SFXN3,8.017932472273405e-05
IL4R,8.017075523337055e-05
COG3,8.005065055133827e-05
KBTBD12,8.00376953242807e-05
RAB40AL,7.986444239784886e-05
COPB2,7.981603348557787e-05
FAM110C,7.978042341746828e-05
TFCP2L1,7.970698536291538e-05
C12orf49,7.970513374760878e-05
RASGRP1,7.967536635226099e-05
LSMEM1,7.966667012067883e-05
WFDC10B,7.96296901290144e-05
SDF2L1,7.956087798336483e-05
CLIC4,7.950361515493589e-05
N4BP2L2,7.943161053942463e-05
TBC1D1,7.942686187861299e-05
NFIL3,7.935508673552127e-05
C12orf75,7.933666077411612e-05
MON1B,7.919711865539816e-05
ACSS2,7.897152524274334e-05
SORCS2,7.895347404324381e-05
FAM160B1,7.89308650699402e-05
TRAPPC12,7.886874221335552e-05
AFAP1-AS1,7.886759988401857e-05
SERAC1,7.87979414751998e-05
FLNB-AS1,7.877575014269208e-05
DPH3,7.866140463479193e-05
TMEM86A,7.865044108927004e-05
KIF21B,7.861259752395548e-05
TNKS2,7.860364934254347e-05
FAM177A1,7.857509915479158e-05
GNGT1,7.843027029367818e-05
IPPK,7.833275300811141e-05
C4orf33,7.826786416020626e-05
PPP1R26,7.825226867110512e-05
DDIT4-AS1,7.815870209276513e-05
RMC1,7.807781774753844e-05
UBALD1,7.80561821021901e-05
PICART1,7.79797390092022e-05
MEG8,7.796616376996422e-05
MAP3K2,7.796361357583084e-05
PHF11,7.795269598352445e-05
ELOVL6,7.791168475862543e-05
TBRG1,7.780967230542192e-05
DAPK1,7.777030060406866e-05
APOL6,7.7705750809009e-05
TXN,7.757532653668295e-05
C4orf45,7.751537419895839e-05
SCNN1B,7.744521557194716e-05
CRPPA-AS1,7.731027997462251e-05
GPR39,7.725111928722004e-05
TET2,7.711325204020829e-05
RAB2A,7.706281041507728e-05
ARPC1B,7.702353685143781e-05
BLOC1S1,7.694842116322868e-05
NECAB2,7.693970502228716e-05
PCDHGC3,7.688507784009089e-05
SENP7,7.687676399353879e-05
FAM135A,7.685368369766286e-05
CREB3L2,7.682265833322286e-05
MIEF2,7.679078892111122e-05
SERPIND1,7.667934704994532e-05
XYLT1,7.660804391095333e-05
TMPRSS2,7.649263523135001e-05
COTL1,7.647135180558784e-05
FBXO38,7.640493509137278e-05
LINP1,7.630963804639999e-05
EDEM1,7.627033258335078e-05
UAP1,7.624490649083968e-05
SFT2D2,7.623213443122655e-05
FFAR4,7.617990995845295e-05
WDFY1,7.610662242441476e-05
DSTN,7.579304425095264e-05
LAMC1,7.575840938280237e-05
GADD45A,7.558655242213308e-05
CETP,7.553389842733315e-05
ALOXE3,7.551566574913824e-05
PTGES,7.551163956472002e-05
JUND,7.541768271366434e-05
C4orf3,7.541384745049276e-05
NIPAL1,7.539532149046833e-05
SLC35A1,7.538853893395205e-05
C1QTNF7,7.533712987100998e-05
PDIA3,7.533276971327842e-05
SOSTDC1,7.526851159582264e-05
TEX11,7.507753773280563e-05
SULT2B1,7.503496522349854e-05
BRI3,7.503284003371629e-05
MARCO,7.500402549952953e-05
IFIT2,7.489343770251128e-05
CCNT1,7.483943430312866e-05
PEAR1,7.483351633286002e-05
ZNF611,7.480394289609215e-05
SLC12A7,7.4766996101e-05
RBM5-AS1,7.475573811709425e-05
ELF2,7.462711019971e-05
LYPLA2,7.454804562595068e-05
TINCR,7.44938119180874e-05
C6orf141,7.435129386245146e-05
TMEM144,7.43117927589659e-05
SLC35F4,7.431013313519803e-05
MYO5C,7.427349300253055e-05
NWD2,7.427235711228242e-05
PGGT1B,7.421499119545925e-05
TEX38,7.41971900328569e-05
GCLM,7.4169749790422e-05
CERNA1,7.416186102700096e-05
ANXA7,7.415501387142656e-05
OST4,7.412153364270152e-05
PPP1R3C,7.406281208851126e-05
EIF1B,7.403610545530976e-05
CRYM,7.395220400426865e-05
DGKQ,7.391537669419179e-05
CACNA1C-AS1,7.390860253065734e-05
ANKRD9,7.380647743535654e-05
INO80D,7.354186932402124e-05
ERP44,7.351348199347587e-05
SNX19,7.349092049662607e-05
CIAO2B,7.34366383274101e-05
GLYAT,7.323907775565683e-05
SETD7,7.32182604547469e-05
ZUP1,7.31621752336171e-05
VAPA,7.304030635703149e-05
CHFR,7.302335497987073e-05
LEPROT,7.297250713770361e-05
SLC25A43,7.28604345279756e-05
STAU2-AS1,7.284012198224981e-05
OSBPL9,7.27977615191987e-05
TRIM17,7.275820941316358e-05
EGFR-AS1,7.274345368653496e-05
NR4A2,7.269832238071183e-05
SYNJ1,7.269181274340555e-05
CAMSAP1,7.260613419498233e-05
HSD17B13,7.259433727529873e-05
ZNF513,7.258362424465021e-05
AMDHD1,7.25151682681904e-05
ILK,7.239916546134837e-05
ACVR2A,7.22141008126568e-05
AP001442.1,7.197740213215478e-05
RRAGA,7.189051197057926e-05
RAB30,7.18735595624364e-05
MAP2K3,7.185294474238152e-05
CYSRT1,7.182776471036411e-05
GPR108,7.181241796876815e-05
KIAA0513,7.178375996553095e-05
TP53TG5,7.178358142286768e-05
MMD,7.163212805044496e-05
MBD1,7.162688736982181e-05
DLGAP4,7.159376037841567e-05
PROX1,7.155781517042696e-05
JDP2,7.13981220936199e-05
ABLIM2,7.136749142949758e-05
NDUFS4,7.133910909948803e-05
STAG2,7.132319025827599e-05
TBL1XR1-AS1,7.122454578819172e-05
LGI4,7.109349883436592e-05
SERF2,7.108881108670584e-05
AXIN1,7.106552500739792e-05
ATP5MD,7.096881969554549e-05
SNX33,7.078466431214687e-05
GHITM,7.074949412542493e-05
GNA13,7.067317632198581e-05
ASS1,7.065945371226434e-05
GTF2A2,7.052878471015359e-05
FLII,7.049591923511298e-05
FTCD,7.041779321630881e-05
EIF4G2,7.039181737222227e-05
Z83843.1,7.034801557904487e-05
GOLGA3,7.029885465540197e-05
NAA60,7.023400873611036e-05
OSTF1,7.01875687887726e-05
TBCA,7.018747996002125e-05
QPCT,7.014326576128049e-05
RILP,7.006827400699016e-05
SAMD4B,6.999607243301998e-05
AHR,6.998618450328074e-05
PAFAH1B2,6.988972978839585e-05
ABCA6,6.97366628314911e-05
TAB2,6.959050533855895e-05
SUN2,6.956032698311946e-05
TRAF6,6.953839044870792e-05
GPX3,6.953640428471804e-05
ARID5A,6.945709925348012e-05
BIRC7,6.940398971577122e-05
KLHL29,6.935796386056781e-05
PPDPF,6.934022077018716e-05
DNAJA4,6.931729518943114e-05
NFKBIE,6.929722321403936e-05
GRHL3,6.923596012114254e-05
BPNT1,6.919681516470014e-05
TMCO3,6.914175821347244e-05
LPIN1,6.912050716371103e-05
U91319.1,6.909541012432601e-05
ATP6AP1,6.893677308129656e-05
FBXO6,6.891551752534533e-05
NNAT,6.886312372851693e-05
INKA2,6.884249207708164e-05
GCNT7,6.879366310696752e-05
MT2A,6.87731346645707e-05
TPK1,6.875980242472233e-05
ZSWIM8-AS1,6.874318850755301e-05
Z99127.1,6.871493363269658e-05
UBLCP1,6.870229998428555e-05
SGSM1,6.867640934198993e-05
ZNF189,6.866391316298075e-05
SLC35C1,6.865381215001298e-05
TM6SF2,6.86312369185407e-05
PSTPIP1,6.851097233694491e-05
MACO1,6.850586254320012e-05
MEIS1-AS2,6.847799020183223e-05
RASA4,6.839877766022337e-05
EFR3A,6.839420294160777e-05
BET1,6.826805496669135e-05
LHFPL5,6.821017488994343e-05
ITCH-AS1,6.819323433863434e-05
RAB6A,6.81849837049802e-05
LGI2,6.816587019697101e-05
FUT2,6.815325679040798e-05
RTL8A,6.810215822457616e-05
BATF,6.802015040195854e-05
STPG4,6.79566853088176e-05
CITED2,6.7937306180732e-05
VLDLR,6.785933240433057e-05
MARCKSL1,6.77780122792358e-05
EGLN1,6.7750554229018e-05
GDPD4,6.764503943996336e-05
HDAC1,6.762123440287922e-05
AP003469.4,6.759074201886613e-05
TXNDC17,6.743769341807334e-05
SIPA1L1,6.740656810732558e-05
PLIN2,6.73882300670024e-05
ACOT9,6.737433921256088e-05
GCC2,6.732873135246122e-05
PGRMC1,6.72390670542e-05
OCIAD2,6.716230492641453e-05
RGS4,6.710381334395466e-05
WIPF2,6.708332790972217e-05
MARCH6,6.707403034163486e-05
POMGNT1,6.7073379784609e-05
RLIM,6.70688161773121e-05
STK3,6.703277667868653e-05
TARSL2,6.702980440998498e-05
IGF2R,6.699632563809913e-05
KCTD11,6.694274625786759e-05
COX17,6.689268094927625e-05
PINK1,6.687406424608944e-05
AVPI1,6.678194834342813e-05
MTM1,6.673452411948092e-05
BAZ2A,6.66705909835195e-05
DAPK1-IT1,6.662677827167442e-05
TRIM29,6.656134477247443e-05
PTPN11,6.63321562386127e-05
ATP6V1H,6.63153563581501e-05
MAGI3,6.630818626384293e-05
RAB8B,6.628737453711113e-05
PLEKHG2,6.628305835588982e-05
HMBOX1,6.626744893943499e-05
TRAF3IP2,6.626581450006892e-05
UHRF1BP1,6.626065028572412e-05
SIAH1,6.60535237292628e-05
PIR,6.605071901355e-05
SLC52A2,6.601138855476745e-05
USP38,6.587490726170364e-05
MPP5,6.58349832154436e-05
SLC10A1,6.572246242971745e-05
ITIH2,6.570454872960015e-05
CALM3,6.560554632527947e-05
P4HA3,6.554329695873572e-05
MSI2,6.552472815560855e-05
C21orf62,6.547994993815132e-05
IRS1,6.546835299248904e-05
FUCA1,6.537115169108135e-05
FST,6.534660394526452e-05
AP000692.1,6.533933068877108e-05
RARB,6.527646858376049e-05
CLK1,6.525736226811441e-05
AP000593.4,6.520122832209777e-05
GSN-AS1,6.517992125760593e-05
STXBP2,6.515322884549654e-05
CDC14B,6.513129660533656e-05
BRWD1-IT1,6.499157257725617e-05
FBXO3,6.486722268569234e-05
NCALD,6.481307138154882e-05
DLG1,6.48022895535406e-05
AGPS,6.478492410134007e-05
DOT1L,6.468648826822789e-05
TMEM33,6.457848587139106e-05
PSMA6,6.443477491866591e-05
DTX3L,6.442619523827991e-05
GLDN,6.438565503721872e-05
RP1L1,6.438435087398843e-05
FAM3C,6.427733177607498e-05
FCGBP,6.427336599993624e-05
KLK11,6.413027783655815e-05
FBXO28,6.406547024257584e-05
LGR4,6.403503585421113e-05
CDC42,6.383568929180109e-05
SLC6A7,6.369907045182385e-05
TFPI,6.365498913525124e-05
HIVEP2,6.365248026869391e-05
PLK2,6.363839611765559e-05
MGAT3,6.362439393431735e-05
CCDC174,6.360923703060175e-05
PROSER2-AS1,6.353437389326289e-05
VPS26A,6.350798048006429e-05
KRT10,6.327322439361308e-05
ANO1,6.327296302986724e-05
STX12,6.325948017623216e-05
PIWIL4,6.324692854575242e-05
SLC16A1,6.321956429507062e-05
TRAF4,6.321480152776649e-05
RP2,6.308403731238473e-05
LRRC8E,6.280689282168528e-05
LRCH3,6.276074213824166e-05
GTF2IRD1,6.273944015765027e-05
BAIAP2L2,6.272908000630044e-05
FNIP1,6.263869245419266e-05
CYFIP1,6.256482175851197e-05
FNDC3A,6.247650898599002e-05
CYP2C8,6.239104153308272e-05
TMEM265,6.238366045012875e-05
BCLAF3,6.234826790714958e-05
TRIP4,6.229207038133472e-05
SPPL3,6.227362750326458e-05
WAPL,6.224881369702221e-05
TLE1,6.219455996115815e-05
SIAH2,6.215671530505109e-05
UFC1,6.209076722351224e-05
B4GALT4-AS1,6.208464478968944e-05
NAV2,6.205068365132937e-05
CDR2,6.202464426602597e-05
SEC24C,6.193603424950147e-05
DENND2D,6.188930307450915e-05
PTPN21,6.1830342586168e-05
KNG1,6.176766565995652e-05
TCF4-AS2,6.171677225505038e-05
ZNF217,6.1668997872743e-05
PHF1,6.159940407416415e-05
MYO7A,6.13152598075755e-05
SLC9A6,6.119088589818547e-05
RSPO2,6.117325548608675e-05
PLGRKT,6.117260504696411e-05
SYTL5,6.100312585815542e-05
CASP5,6.096251379254837e-05
MLPH,6.092745730627722e-05
ANKS1A,6.090243191573101e-05
C14orf119,6.0729633400497444e-05
HGS,6.066486876064884e-05
IGFN1,6.061652146280629e-05
LANCL3,6.060711561484242e-05
SMNDC1,6.05018812274344e-05
ETV7,6.04729642668577e-05
C9orf50,6.045051216873333e-05
SPATA1,6.042589783134386e-05
UNC93B1,6.035144944097508e-05
TRIM33,6.035045653009098e-05
ITGB5,6.017819020590585e-05
SOX15,6.017709738716085e-05
EPHX3,5.996696950051992e-05
ECD,5.993053706627919e-05
CLIC3,5.992455921549068e-05
AP001363.1,5.992012748288373e-05
STPG1,5.988198463235844e-05
MFSD14A,5.9828783877172384e-05
RBPMS2,5.98195319191492e-05
PHETA1,5.975035101500828e-05
TNFRSF4,5.9719280763600766e-05
SOX30,5.9699720349667176e-05
FGF22,5.968327474752871e-05
SIK3,5.968100867506161e-05
HPCAL1,5.9589183835326697e-05
MOB1A,5.958359354417084e-05
MEFV,5.9528400042564115e-05
RABIF,5.9497657842687e-05
ABTB1,5.942229557110035e-05
AAGAB,5.935606674538373e-05
CCL20,5.922788571212889e-05
ITPK1-AS1,5.916781935048575e-05
ANKRD10,5.890574102798768e-05
C12orf56,5.87741206747271e-05
KIAA0930,5.876186431689551e-05
ACOX1,5.873356734798995e-05
TMEM267,5.870990568056356e-05
PRDX1,5.868170083979761e-05
ARPP19,5.86736732497279e-05
PCK2,5.8672288089375736e-05
SAP18,5.859239593521956e-05
SLC52A3,5.8586521306521894e-05
CAB39L,5.849674358482276e-05
XPNPEP2,5.8446927505539666e-05
PLA2G4F,5.837364263759609e-05
CFAP46,5.835230488744203e-05
PLEKHG6,5.829400537597577e-05
ODR4,5.8289044570583597e-05
AP001267.1,5.8282533459503956e-05
SPOCK3,5.8253712660739117e-05
GPA33,5.8227668780181554e-05
TANC1,5.8181545471148946e-05
RCHY1,5.8164168360441996e-05
PEAK1,5.816011696671858e-05
NRBP1,5.813672612275064e-05
ARHGEF16,5.808885398444755e-05
MSRA,5.803489800228405e-05
GNB2,5.801465050220969e-05
PLS3,5.793777740290004e-05
COL16A1,5.7814498418173805e-05
ZNF157,5.781370979800826e-05
TOX4,5.775293441316785e-05
AMN,5.7456950071107574e-05
ALK,5.7409544037912754e-05
PDZK1IP1,5.7396847213381336e-05
AP5B1,5.735411828299437e-05
ARNT,5.726596440866907e-05
GP6,5.7254393707935005e-05
NAA50,5.721310903509334e-05
PLAAT3,5.7182790952455166e-05
STK39,5.717061929726936e-05
VPS41,5.715413175088106e-05
BMS1P14,5.7140331492900165e-05
SMAD1-AS1,5.711192462010446e-05
WWP2,5.708405767403296e-05
RRAS2,5.708132460668866e-05
ZNF654,5.70377978422214e-05
GBA2,5.701544527715296e-05
USP43,5.694277187568587e-05
TMEM160,5.6875789535363344e-05
PHC2,5.6851086399733554e-05
SMAD1-AS2,5.682608061459873e-05
SARS,5.679405065531841e-05
APLNR,5.678803446080726e-05
RNF223,5.678508093631255e-05
MVP,5.675486766676559e-05
DSG2-AS1,5.674651602030544e-05
TBC1D22A,5.668065086845034e-05
MTTP,5.666801588542006e-05
PPP1R12A,5.6667188962296e-05
AF230666.1,5.662705429997346e-05
SLC9A3,5.662555226752623e-05
FANK1,5.654762300818307e-05
ST6GALNAC6,5.654429363412014e-05
PPTC7,5.646416302287007e-05
RNGTT,5.636589997335349e-05
AFAP1,5.625596433005579e-05
BLVRB,5.623070484737375e-05
TMEM102,5.617458125803463e-05
SMAD7,5.61240336932988e-05
EXTL3,5.609386404869508e-05
MTA3,5.608182284034752e-05
OS9,5.607248147423387e-05
MANSC1,5.606799054565e-05
OTUD3,5.6040071255460054e-05
SYNPR-AS1,5.596567468882118e-05
LEMD1,5.5889478828893304e-05
YAF2,5.586088785566533e-05
HAL,5.584401781220513e-05
CLDND1,5.577436175804185e-05
AADAC,5.576491558023831e-05
OTUD5,5.5762819379113807e-05
NATD1,5.5751052766118435e-05
Z99289.1,5.5668052251911216e-05
ZSCAN9,5.561098751282847e-05
GORASP2,5.558823970696868e-05
ZBTB20,5.556933531646843e-05
TRIM47,5.5542251973108216e-05
STAM2,5.553901451251323e-05
CDV3,5.5536935028361336e-05
CARD19,5.552459278938809e-05
GSDMA,5.5471466695711805e-05
ANKRD22,5.540120578324877e-05
SLC22A13,5.5397271038426415e-05
SLC8A2,5.539205470589579e-05
KDM5C,5.5380573684495343e-05
CACUL1,5.536410489890386e-05
VPS18,5.524059967917063e-05
SLC39A7,5.523687617540813e-05
GDPD3,5.520251529035375e-05
CCDC93,5.518718118652818e-05
TPPP,5.516547375203176e-05
MED23,5.516052167317012e-05
NDFIP1,5.511521961577839e-05
Z93020.1,5.507235438859736e-05
OMG,5.503367606769644e-05
BCAR1,5.4994585907943895e-05
PCDH11X,5.496101135478133e-05
BX470102.2,5.4879665627932866e-05
GRINA,5.4848991983074284e-05
RECQL5,5.483733090050568e-05
TXK,5.4802600775092294e-05
CLIP1,5.4800597052030364e-05
NMRK1,5.4739334692711356e-05
SLC10A7,5.472009614875768e-05
AHCYL1,5.470037061472692e-05
HECTD3,5.4624695904573236e-05
NRAS,5.455171281482089e-05
IPMK,5.451201648299209e-05
IGF1R,5.447537509704355e-05
PDYN-AS1,5.442522566067962e-05
GRTP1-AS1,5.4400965459623876e-05
MOB2,5.4373546426217306e-05
ZMYND15,5.435057905985189e-05
ORC4,5.435051971706582e-05
SERPINH1,5.4336675321761914e-05
ZBTB42,5.423534790171894e-05
MOAP1,5.421127526424225e-05
CTNS,5.417997964924305e-05
ARL6IP5,5.414324548347537e-05
STAMBP,5.413551728808416e-05
AQP3,5.413130826835756e-05
DUSP27,5.412154231228986e-05
PANK3,5.39217066819823e-05
VIPR1-AS1,5.389574814298251e-05
NIPAL2,5.3879002053172225e-05
MAF,5.381959503517186e-05
MYZAP,5.373795584219963e-05
TCIRG1,5.366097653970214e-05
TRAPPC1,5.3651144559763145e-05
SPNS3,5.36438590782541e-05
HTR2B,5.3641697745817996e-05
BORCS5,5.350970770446796e-05
SLC5A3,5.3457552530328924e-05
ZNF800,5.336776022095487e-05
SLC48A1,5.333819320568689e-05
PATL2,5.333100136875588e-05
KCNJ16,5.326625624119795e-05
RIC1,5.325821426757032e-05
PRKD2,5.3237608771799984e-05
WAC,5.316787521326647e-05
THORLNC,5.3157351936973724e-05
SPTSSA,5.2991461979904847e-05
SRSF12,5.294999251261025e-05
WWC2,5.290473308689996e-05
ARNTL,5.290206033887153e-05
RASA2-IT1,5.286659202386354e-05
CDC42EP1,5.2822477741714126e-05
NARS,5.277235440779625e-05
CNGB1,5.272304994436969e-05
IFIT3,5.271274210349145e-05
SOX21-AS1,5.269741942952055e-05
YES1,5.2693601321435494e-05
TGM2,5.264506723225e-05
DYNLL1,5.261966170954769e-05
COPB1,5.2580837207379115e-05
HNRNPLL,5.258055948382593e-05
KIF5B,5.2514806809681766e-05
SLC35B1,5.249664312735095e-05
TM4SF18,5.246884599260217e-05
STAM,5.227963427781623e-05
ENPP4,5.226640897592452e-05
MFSD10,5.226188749485242e-05
AP003392.5,5.223647640661907e-05
L1CAM,5.219226454080984e-05
KMT2C,5.2145897860358216e-05
PAIP2,5.214575574565125e-05
MATK,5.212575688466869e-05
ABHD13,5.207798372373706e-05
FCMR,5.204251889614723e-05
SLC1A5,5.19667668561722e-05
OSBPL8,5.18389456899576e-05
ANKIB1,5.183733687965956e-05
RFK,5.1791829625577715e-05
FAU,5.177009996740416e-05
QKI,5.172470552582794e-05
CIB1,5.155510475774739e-05
EID3,5.1540092825837645e-05
PITX1,5.153030248086401e-05
ZNF701,5.1499684435252725e-05
LETM2,5.148185269129513e-05
GALNT1,5.144897070736389e-05
MLF2,5.143525037026671e-05
HEPHL1,5.130274791800971e-05
STXBP5,5.122771967361131e-05
MTMR9,5.121689653922337e-05
HERC3,5.119015246234184e-05
IRF2,5.117864726052096e-05
RIPK3,5.112838168590475e-05
SOCS2,5.106471130883589e-05
DLST,5.102719982689911e-05
TMEM87A,5.089227683423325e-05
GPSM1,5.080879588181338e-05
BCAS2,5.0805949156949427e-05
RAMAC,5.0781897206484306e-05
IFNAR2,5.073982256885185e-05
XKR8,5.062881323364781e-05
AP000688.1,5.062785107000289e-05
Z82243.1,5.036069881306808e-05
SELE,5.034538222186417e-05
CCDC186,5.0331401947400334e-05
LEMD3,5.026610750914093e-05
TFEB,5.0253618611558796e-05
LTBP1,5.024752162494247e-05
CLCN6,5.024690560961141e-05
PDK4,5.020441046608921e-05
MARCH7,5.0175634739652305e-05
IL1RL2,5.015550718821772e-05
BMP1,5.0150321201007184e-05
AP003486.1,5.0122182357585675e-05
TPRX1,5.0011208522595396e-05
NAB1,4.9985629377442175e-05
VASN,4.998117206636911e-05
PITPNA,4.995537840785752e-05
PDGFB,4.9952286702124734e-05
RHCG,4.9940448291826444e-05
TOPORS,4.9939723477263e-05
RETREG2,4.982182927022379e-05
B3GNT8,4.9781569636883754e-05
TWF2,4.974555767241292e-05
CYB5R1,4.970853367119856e-05
ICK,4.969202442216394e-05
ADM2,4.959100554262759e-05
AHDC1,4.957026972317973e-05
SLC9A3R1,4.954453034884916e-05
ZNF823,4.941890856792496e-05
KHNYN,4.935939838957857e-05
PIK3AP1,4.932516990854447e-05
ABCA4,4.9299319542547835e-05
PPP3CA,4.929154101955355e-05
IL20RB-AS1,4.9290212812065825e-05
HEIH,4.9275041465001834e-05
CCR5AS,4.92645685034103e-05
MIR5689HG,4.92577815891993e-05
LYSMD3,4.9207685748912426e-05
DPP4,4.917702004918815e-05
GPT2,4.917156548617893e-05
RIPK4,4.908270829411784e-05
MSN,4.907266932465e-05
ITPK1,4.9004489089557605e-05
UBA1,4.895298152499175e-05
ADAMTS9-AS2,4.8869179913740314e-05
NR1H2,4.8761710354994475e-05
NF1,4.8750539461210755e-05
SERPING1,4.863992544164962e-05
TTC22,4.862079396297326e-05
PHYHIP,4.859189358667198e-05
MAP3K14-AS1,4.857261809842049e-05
WHAMM,4.849276311358066e-05
ZNRD1,4.8475825069013835e-05
ZNF561,4.846214474739808e-05
SPTLC1,4.8441337772563885e-05
HBEGF,4.843913353120247e-05
ZBTB20-AS3,4.841010548423213e-05
RASSF9,4.830966771931235e-05
MSMO1,4.82943602364614e-05
SON,4.8246570711080627e-05
CST3,4.8186977283449996e-05
HCG27,4.817731417343409e-05
ALKAL2,4.816727966581054e-05
MOB3C,4.8159657696124244e-05
RASGRF1,4.806089185354401e-05
PRSS35,4.804308702448263e-05
FBXO33,4.803925547358133e-05
KDM2A,4.802331005749681e-05
DIAPH2,4.800949900627655e-05
KLRD1,4.791814065252894e-05
MREG,4.790755422014925e-05
FLNC,4.789986860217912e-05
ZNF165,4.787640344442899e-05
USO1,4.782276817083295e-05
NAB2,4.780623776142904e-05
ATP2C2-AS1,4.7780520979558505e-05
STX11,4.777748216339797e-05
ZNF600,4.772378885490066e-05
ARHGDIA,4.771513481157617e-05
LIF,4.7714967477510876e-05
RASA3,4.77029979416544e-05
MRPL53,4.767563731125228e-05
IGSF11,4.7650265405168e-05
PELO,4.7642890993466116e-05
NAPA,4.757071926549957e-05
FSTL4,4.756549974357924e-05
HSPA1A,4.750253935004411e-05
MED8,4.749666277552227e-05
TUBB6,4.738812219852064e-05
MYADM,4.7367717440783264e-05
CCDC97,4.7309614177274275e-05
SOCS6,4.726993976075466e-05
LAT2,4.709974737104941e-05
BTBD6,4.706886028881511e-05
PAFAH1B1,4.705795874872144e-05
SSR2,4.703295495046716e-05
RAB44,4.702303633313231e-05
ARHGAP26-AS1,4.7010133281330416e-05
AKAP12,4.69047402576769e-05
FAM199X,4.68920662478823e-05
C6orf62,4.688915986392178e-05
SEC61B,4.678851799746727e-05
ACOT11,4.675534096502788e-05
MUL1,4.67437147575731e-05
BMP2K,4.6705366357308566e-05
SP110,4.666085671944819e-05
OVOL1,4.6599248530229497e-05
PGPEP1,4.6585757272575554e-05
MYO1C,4.6547503187443705e-05
SPTLC2,4.6485065643273464e-05
BACH1-IT2,4.641978589096591e-05
FAM120A,4.630447814422134e-05
KAT6A,4.630082150047713e-05
GOLGA4,4.6284517093854226e-05
SLFN5,4.62815441850879e-05
KMT2E,4.627675321208903e-05
TMEM106A,4.619390883810691e-05
DMTF1,4.618338777544298e-05
ALKBH3-AS1,4.615997915642237e-05
ERICH5,4.6133568403618335e-05
CHCHD1,4.602273920431731e-05
EPAS1,4.60173366087425e-05
URGCP,4.600316716057499e-05
CERT1,4.5963754068593605e-05
SCNN1G,4.5943214943654696e-05
CDH11,4.589935932045e-05
GAMT,4.5837652606353724e-05
LMO2,4.5814661657109086e-05
CYLD,4.558025122173872e-05
REST,4.556342593934312e-05
VDR,4.549508642898704e-05
CNST,4.548295884693548e-05
WASHC5,4.5476648935515875e-05
HS1BP3,4.541701144064249e-05
ARMCX3,4.5408535234881735e-05
CEP72,4.5385694986853454e-05
FRMPD4,4.536191486541937e-05
THAP1,4.534988160175302e-05
JMJD6,4.531887403487828e-05
EXOC2,4.531444522230628e-05
SPECC1,4.523983288999577e-05
TP53I3,4.523600014471427e-05
ZNF451-AS1,4.519449875035972e-05
KLHL36,4.510475155401898e-05
SH3D21,4.508756912630291e-05
AP006248.4,4.504199173927361e-05
AP001020.2,4.5041178896714145e-05
CCND1,4.5023500121047676e-05
TBCCD1,4.500863832941316e-05
RABGAP1L-IT1,4.493302421819633e-05
MFN2,4.4919481108959124e-05
ARR3,4.4868830993425416e-05
OTOA,4.484218543772229e-05
FMR1-IT1,4.480934964151387e-05
PPP2R2C,4.477162083963024e-05
MPRIP-AS1,4.469306522480602e-05
AP000753.2,4.4615278522191346e-05
CBLC,4.460274818420046e-05
RGP1,4.450265861569345e-05
DSCAS,4.44494589754246e-05
XPOT,4.4379615815031174e-05
DENND1C,4.421720863086208e-05
UPB1,4.421352011563977e-05
BLCAP,4.4203236855281296e-05
C1orf147,4.419345600635349e-05
SYF2,4.404224065220819e-05
ACKR4,4.4019495630716556e-05
RYK,4.398925439775544e-05
EPB41L4B,4.39590683157644e-05
OAS2,4.393739616095609e-05
AP000240.1,4.392341042511809e-05
WDR48,4.39187489152677e-05
ZC3H12D,4.3915730666349604e-05
LSS,4.3858189452531814e-05
ACMSD,4.383271438445376e-05
CDC34,4.381658095772173e-05
ONECUT3,4.381075518670053e-05
CLPX,4.378304893521441e-05
MGAT4B,4.376741636484585e-05
REP15,4.372332175254487e-05
ZNF395,4.371356187888987e-05
CXCL17,4.363728712899044e-05
SMIM18,4.363668631920797e-05
SELENOK,4.3557920340296076e-05
EHD3,4.3499162427111154e-05
BEAN1,4.3395609742580374e-05
C4orf19,4.338510957208875e-05
PPP1R35,4.3364634062704475e-05
EIF4H,4.332698988098825e-05
CDK11B,4.30919285598509e-05
CCN4,4.306011611713595e-05
SMIM12,4.2981630567835035e-05
INTS6,4.2915620787411376e-05
TM2D1,4.285493794894538e-05
PPP2R5C,4.284379523990658e-05
INSL6,4.283152450639144e-05
FSCN3,4.2820379182208825e-05
TNKS1BP1,4.280748979361728e-05
AP003086.1,4.276532070630453e-05
BRD1,4.274294544131583e-05
LBX2,4.27118452561266e-05
ZNF841,4.269396185765993e-05
TRAPPC6B,4.264444668191717e-05
DUSP6,4.2641151011297e-05
MRPL14,4.249913290357093e-05
KCNH8,4.2426403792937594e-05
CYTH2,4.242189197213212e-05
PHLDA3,4.241182267253495e-05
YTHDC1,4.2376280329922506e-05
DNMBP-AS1,4.233698937565561e-05
CFAP99,4.2310764861410305e-05
SYNE3,4.229334216356761e-05
CDA,4.2275183906030464e-05
NEK6,4.2269208148550335e-05
TSPOAP1-AS1,4.226833550033515e-05
DUSP2,4.223763433932492e-05
PLAAT2,4.220238623116083e-05
SPAG1,4.216444903653276e-05
NPTN-IT1,4.2155695365340496e-05
SUMO3,4.214696909749661e-05
PLCXD2,4.2130059342317394e-05
CCDC71L,4.2124883529018555e-05
GPR17,4.209523247556257e-05
TMTC1,4.2087112941850004e-05
IQCJ-SCHIP1,4.206348760602654e-05
RB1CC1,4.203374380395023e-05
GABBR2,4.193667421720775e-05
FRMPD1,4.19258900076848e-05
PIGA,4.1923345306068005e-05
PHKB,4.19057280117807e-05
DBNDD1,4.188009721231648e-05
DOHH,4.187359222630899e-05
BOLA2B,4.1855430257075e-05
ETFDH,4.178250987317865e-05
MRPS18A,4.171806254710403e-05
KLF11,4.1705463674651295e-05
SLCO4A1,4.1639280837325995e-05
TSLP,4.163780285197638e-05
CENPT,4.156679069921407e-05
FAM3D,4.153490478717796e-05
MYH7B,4.152634617904977e-05
SLC22A1,4.1522829117210875e-05
PLA2G12B,4.151917592553333e-05
KLHL28,4.151286849001823e-05
TMEM82,4.1498307079954944e-05
SEPTIN7,4.148956179051079e-05
RAB33B,4.143678268898409e-05
BISPR,4.140305218791176e-05
FDX1,4.132446133462499e-05
EGR2,4.132260770082946e-05
A4GALT,4.130882184305042e-05
PLA2G2A,4.1295826339949995e-05
ANKRD27,4.1251554557822855e-05
ESRRA,4.122889922991204e-05
ZNF536,4.116476625401327e-05
PFN1,4.1109047040201414e-05
COL6A6,4.10857931556616e-05
IGFBP7-AS1,4.108029615076564e-05
DUSP7,4.104078730139049e-05
BOK,4.101582896315032e-05
CCNH,4.097788208547221e-05
LYN,4.093715928127631e-05
SPEN,4.09156796205556e-05
LMO3,4.091374805439674e-05
PPP3CB-AS1,4.087532611036257e-05
CD48,4.086632424451315e-05
DRAM2,4.0818153406540286e-05
PSMB7,4.075239217341143e-05
NRL,4.065633894553348e-05
CNR2,4.0649359536720054e-05
ANGPTL8,4.061253937770576e-05
DHRS7,4.061218530138379e-05
CTDSP2,4.056134116121871e-05
AJUBA,4.0518588222588796e-05
PJA1,4.051643533200005e-05
CLCN5,4.0484335214854275e-05
CHRNB4,4.043420810721728e-05
PPP1R18,4.0431766134090196e-05
RHEB,4.0391486633618696e-05
TMEM221,4.0366745281466254e-05
TMC6,4.035918681553376e-05
EIF4E2,4.034891709941492e-05
SLC39A9,4.031808686390652e-05
CHN2,4.0291597572308955e-05
C1orf226,4.028164301787933e-05
NTSR1,4.027212909406543e-05
ARFGEF3,4.0233228877098114e-05
MIER1,4.020812913969458e-05
TBX2-AS1,4.018814310408126e-05
KYNU,4.0137337614750595e-05
ADAMTS15,4.01325416866919e-05
UBE2W,4.0127116417537154e-05
CAPN15,4.009611096504342e-05
FKBP8,4.00800441329833e-05
MIEN1,4.006976826470143e-05
PRDX5,4.0022885132935734e-05
ELMSAN1,3.997227250656429e-05
JAZF1,3.9936889815393526e-05
ZNRF2,3.9832733437865875e-05
RHEX,3.9785742243631425e-05
FO393419.2,3.978362581522544e-05
SLC10A5,3.976167697492577e-05
ATP5MPL,3.965785404063232e-05
DNAH17-AS1,3.959594536503096e-05
NAPA-AS1,3.956601377277325e-05
ST7-OT4,3.955094827188278e-05
TBC1D12,3.953747722640346e-05
VAMP7,3.9534556392743156e-05
PAH,3.9515027541229175e-05
VTA1,3.951478644446802e-05
TRIM21,3.949608399435756e-05
RTN2,3.947457697167352e-05
CDKN1C,3.944539722940191e-05
FAM245A,3.944110363742499e-05
RUNX2-AS1,3.9436597250659803e-05
TRAFD1,3.93907814766392e-05
OR6J1,3.9376389435700224e-05
ALDH1A2,3.9342066697080026e-05
PSME1,3.928431237645916e-05
SH2B3,3.9228374602040195e-05
PPP1R14B,3.9198820808368884e-05
ZPLD1,3.918681527555841e-05
TSPAN31,3.916313801947422e-05
TFAP2A,3.9157935632914974e-05
CCNY,3.9113614033609775e-05
RDH5,3.909718232015713e-05
RALGAPB,3.908346778742162e-05
FUT4,3.907012206948614e-05
FKBP2,3.902745017487362e-05
CBLN3,3.899289409936877e-05
CLMN,3.889877681065e-05
IDO1,3.882767969046294e-05
DECR1,3.880903611915e-05
BHMT2,3.8789707766579615e-05
AF129075.3,3.877618209530584e-05
SETD5,3.877008295880058e-05
R3HDM4,3.8764476652676886e-05
OIT3,3.8687229364617655e-05
PRKCE,3.859986038262502e-05
MTMR10,3.858024403926053e-05
KDM1B,3.856448675225556e-05
LTO1,3.85562801399936e-05
ZNF784,3.854842278316317e-05
OR2A7,3.850857990980727e-05
DLG3,3.847843112796485e-05
SH3TC2-DT,3.844760125948218e-05
BCL2L2-PABPN1,3.844149445886814e-05
ITGA5,3.84379177740188e-05
UBA52,3.842269884244994e-05
TENT5B,3.8370933020712353e-05
PLEKHJ1,3.8336901020910775e-05
UGT2B7,3.822751373313919e-05
TENT2,3.8199836207000004e-05
ARF5,3.818850172763841e-05
TUBA4A,3.818301963811e-05
TNFAIP8L3,3.8104923120251056e-05
SHCBP1L,3.8102032403247907e-05
MIA3,3.8091030294220866e-05
CD84,3.806163021609313e-05
AP5Z1,3.805149689974317e-05
GMEB2,3.802023220133659e-05
HMCN2,3.786636226631958e-05
FAM214A,3.784702477226699e-05
MTCL1,3.78278188239038e-05
CHRDL2,3.778500055243446e-05
RNF114,3.7764623446394316e-05
SLC22A23,3.774767554670851e-05
CSNK1D,3.7733418706001565e-05
NXPE2,3.7732859480822576e-05
CTDP1,3.767896948601248e-05
ARHGEF11,3.763044024729722e-05
METTL9,3.762784044244243e-05
AGO4,3.750783367805412e-05
CYB5R4,3.750499678790321e-05
LRRC8C-DT,3.747834442320191e-05
FBXL3,3.74707889151274e-05
CCL8,3.746073294431657e-05
PRXL2C,3.741180740114937e-05
HAS3,3.739750915533117e-05
SKIL,3.729118613942529e-05
MFSD1,3.7284343194953905e-05
SOX18,3.726459885898078e-05
MKLN1-AS,3.722915589040686e-05
PSMD4,3.7177108886784714e-05
CREB1,3.717141580104881e-05
ASB8,3.708874490766573e-05
GPRC5C,3.70855312706512e-05
CRYAB,3.7058047751635406e-05
FCGR2B,3.7021104201225715e-05
PDCD10,3.700829189923918e-05
C11orf42,3.695439026355614e-05
AP2M1,3.6952082675131153e-05
NAA11,3.693040692422133e-05
MTMR2,3.687651632073718e-05
SLC44A2,3.6827657109136464e-05
CMBL,3.680692309214991e-05
DCST1,3.6794675283198344e-05
RAB2B,3.678996874013231e-05
MT1G,3.677825809605505e-05
SNX7,3.65970942652273e-05
LATS1,3.6541719517073676e-05
BEST3,3.6527835292358594e-05
MICU2,3.65174359198212e-05
EIF5,3.648900610399016e-05
TMEM220-AS1,3.6482714269762606e-05
OSBPL7,3.647391257869787e-05
PFDN2,3.6441530661009694e-05
DEDD,3.643272747485933e-05
SCAMP2,3.639626630067078e-05
SLC51B,3.6387871639586066e-05
PRDM8,3.633381946512006e-05
WTAP,3.6266269056141226e-05
SQLE,3.6241174685978106e-05
GPR22,3.623611727114016e-05
SLC27A4,3.601502019971971e-05
FABP3,3.594996442235171e-05
CNNM4,3.59347403616876e-05
ABI2,3.591193221834918e-05
GAS1RR,3.59027355573684e-05
OSGIN2,3.58562847509019e-05
TUBA4B,3.585543365170222e-05
PHYKPL,3.585430299389267e-05
AP003168.2,3.584416099113301e-05
RAB32,3.57736195808115e-05
FAM71F2,3.572138784647723e-05
HSPH1,3.571909069759303e-05
SNAI1,3.571661545809193e-05
HJV,3.5710310112349654e-05
SPSB4,3.566111964661243e-05
WASF3-AS1,3.56375794426604e-05
RNF14,3.560884081446901e-05
PDE6B,3.5582967344328594e-05
BLACAT1,3.555406150756369e-05
FRAT1,3.5520276288242e-05
SFT2D1,3.547151427713667e-05
PAX9,3.544612974408926e-05
DBNL,3.541029371077266e-05
SEPTIN9,3.537026436450311e-05
AF129075.1,3.534537662395771e-05
SERPINE2,3.532727716336668e-05
TMEM178A,3.5299100249748026e-05
MAP4K5,3.528586822525545e-05
LRRFIP2,3.528264937192486e-05
VPS28,3.5188639271869255e-05
CERS2,3.5169675852834264e-05
GJA9,3.512130838585458e-05
GPBP1L1,3.5110210491208096e-05
ANKRD35,3.5097866877896756e-05
DLGAP1-AS2,3.5075635321187564e-05
ZC3H12A,3.5063763095369926e-05
NDUFA4,3.504796226017624e-05
C3orf85,3.5045313378430004e-05
AP000695.2,3.500217594865568e-05
CHRAC1,3.500128891964313e-05
GATAD2A,3.499849394408729e-05
CDH17,3.499329963369215e-05
VLDLR-AS1,3.497135634036379e-05
DLGAP1-AS1,3.495877207445565e-05
ATP2B1,3.485776129091911e-05
RPA4,3.4841264366308136e-05
SESN1,3.482077058952156e-05
STX4,3.480286684670009e-05
BCAP29,3.4795748773665875e-05
ZNF674,3.4783753829262544e-05
RDH16,3.477964043672448e-05
LARGE-AS1,3.472576725277553e-05
ID3,3.4722839835069114e-05
CCDC107,3.467434045205276e-05
SPHK1,3.467373239914016e-05
SEMA6B,3.466780423652354e-05
SIRT2,3.4603552438273655e-05
SMDT1,3.456350011387017e-05
LAMTOR2,3.452053766863346e-05
PRR5,3.445770364447713e-05
RCOR1,3.438991797641578e-05
PHETA2,3.417754812168473e-05
IL17RA,3.413698698058081e-05
WDR13,3.41271359793393e-05
STK17A,3.407892161463844e-05
GMEB1,3.40357702196459e-05
NIT1,3.398468196986629e-05
FBXO10,3.3886399347289355e-05
GDE1,3.38860101637737e-05
GOLT1B,3.38850597827947e-05
MINDY2,3.388197470746883e-05
GPR34,3.386865085247031e-05
TMEM99,3.3836368822882695e-05
RBM7,3.383433724267168e-05
CREG2,3.382054036118437e-05
TUBA1C,3.3721563473569234e-05
SSUH2,3.370060190900529e-05
CDC37L1,3.3699539265167084e-05
PPP2R5E,3.368564362178974e-05
PRRG3,3.3636775996082714e-05
ALAS1,3.361979113789718e-05
IQGAP1,3.35813379567e-05
MYBPC3,3.357243888399952e-05
TPO,3.3529610051177255e-05
PADI1,3.351914164030703e-05
IGSF6,3.35148992404389e-05
CDC26,3.3458789075392575e-05
CCNT2,3.345307597273007e-05
MORC3,3.343952956330781e-05
PAN3,3.34303359143517e-05
DBNDD2,3.3422225102208784e-05
OSER1,3.3420911552367506e-05
ACAP2,3.341479357116137e-05
CARD18,3.3410264639618894e-05
ZNF512,3.338680074363647e-05
C2CD4D-AS1,3.331910543605066e-05
PITRM1,3.330791235789798e-05
PKN2,3.3239544258360464e-05
ANKRD10-IT1,3.322433984831578e-05
TULP2,3.314637936951844e-05
RARS2,3.313633605480936e-05
CD276,3.312512126273509e-05
SEMA3F-AS1,3.304974308120039e-05
MAB21L3,3.304264161447283e-05
N4BP3,3.303543858315155e-05
ENO4,3.30350595007387e-05
SERP1,3.297743013383867e-05
SC5D,3.2964188663576174e-05
LRRD1,3.2956032167747864e-05
BX640514.2,3.2952641203971306e-05
ATXN7,3.29453973008265e-05
ADPRHL2,3.293059898715761e-05
POMK,3.29275797218311e-05
IL1A,3.288937735019079e-05
KLRC2,3.2885248558189447e-05
SHANK2-AS1,3.2852510153148285e-05
DDN-AS1,3.2823524958879515e-05
RNF7,3.279093101682815e-05
GTSF1,3.278996112674377e-05
C9orf72,3.278680013187611e-05
ROMO1,3.278015784297935e-05
ABCC3,3.269450633533864e-05
IQCN,3.264277692047709e-05
N4BP2L2-IT2,3.263226722754889e-05
DENND6A-AS1,3.251533310080165e-05
EPHA7,3.242489503090391e-05
HIPK1-AS1,3.241987266506652e-05
ATG101,3.239185485053847e-05
AP001107.1,3.2386686542196274e-05
CPT2,3.237865019556249e-05
TMEM38A,3.230593467516345e-05
GJC2,3.2269688440121146e-05
SPRED3,3.2245328180219674e-05
NKILA,3.2231898740895836e-05
CARD10,3.2215346681324804e-05
ANO8,3.219604520836254e-05
ANKRD13C,3.213605888204193e-05
CXCL2,3.2114333823326727e-05
XPR1,3.2075187980584136e-05
AP001160.4,3.1997066306526566e-05
CHI3L1,3.199133639718536e-05
GPR35,3.193973767198758e-05
ASGR1,3.193936943315949e-05
TMBIM4,3.1901963616649993e-05
SLC30A1,3.187057037562833e-05
ZNF211,3.184730998539089e-05
CSNKA2IP,3.1844641491881826e-05
NPPA,3.183654605308432e-05
RNF34,3.177851404283588e-05
ZNF114,3.1715343417190454e-05
SSR4,3.159103107957861e-05
ARL2BP,3.157517493012404e-05
EPHB6,3.155602715395509e-05
TRIM7,3.148690058784891e-05
TAC4,3.145963284626508e-05
VEGFD,3.1424454377672257e-05
KIAA1549,3.1366304633844366e-05
PSMD6-AS2,3.1325682575595596e-05
COX4I1,3.1319364037752575e-05
CTNNBL1,3.13181035943743e-05
DENND5B,3.1219916303542144e-05
DCTN6,3.121075543040358e-05
ENTPD3,3.120076491068184e-05
ASH1L-AS1,3.1141217469178996e-05
RAB8A,3.112163827651811e-05
SHLD3,3.1117834346294365e-05
GCC1,3.111500053333825e-05
ATP12A,3.1029157294719395e-05
CLDN14,3.101028722946053e-05
MAPRE3,3.0987364078339816e-05
RASA1,3.098128954340117e-05
FIBIN,3.0973116051976897e-05
OSBPL10-AS1,3.086637397675324e-05
DOP1A,3.084609974403329e-05
BCL6,3.0779385342294983e-05
TOM1L2,3.077213210476426e-05
IRAK1,3.076891187791826e-05
ATP5MC3,3.0681850918203886e-05
Z93241.1,3.066819134362004e-05
TOMM40L,3.065915382263356e-05
NAT9,3.048430640442607e-05
FERMT1,3.0480383930762416e-05
HCP5,3.039052450258022e-05
DYNC1I2,3.0386023279696896e-05
RNF213-AS1,3.0367483747570886e-05
DLL4,3.027489411276316e-05
TRPC5,3.0249872843311772e-05
SLC17A5,3.024902805750994e-05
NUCB1-AS1,3.0207231948052627e-05
ZNF134,3.0185662440590307e-05
HYAL2,3.015681779533505e-05
XKR6,3.013119528067334e-05
KRT86,3.013054947049921e-05
SPTY2D1,3.0127838114100356e-05
ACVR1B,3.0033915709249992e-05
FREM3,3.00303140349575e-05
DNMBP,3.002967134986841e-05
S100A2,3.0016112562271534e-05
IRF2BP1,2.9980857871655607e-05
ZFYVE28,2.9934626218622366e-05
CPXM2,2.9931527305036863e-05
IDO2,2.9902065383194585e-05
DNAH8,2.9899379106773514e-05
AMPD3,2.9869308359890747e-05
ADAM32,2.985519347045893e-05
PANX1,2.9784013641471512e-05
ALS2,2.969200834944817e-05
KDM5C-IT1,2.967232492457172e-05
SMG5,2.9666266484359854e-05
EPB41L3,2.965345892429426e-05
ZSCAN2,2.9618051720149295e-05
GNAS,2.9577420136687794e-05
BIRC2,2.9570673032051334e-05
ATP6V1G2,2.956798068396796e-05
SLC1A7,2.9567389342141352e-05
ZNF468,2.955875481201533e-05
CCZ1B,2.946099862420903e-05
AIFM2,2.944450004930399e-05
ABCD3,2.939755552870227e-05
EPHA1,2.929124875532822e-05
ATG4D,2.9281357109228215e-05
WARS2-IT1,2.9251720289137645e-05
LCORL,2.922613578511893e-05
PYCR1,2.9187768243528306e-05
SOX4,2.914341683395806e-05
C1orf195,2.913510376514752e-05
APLP2,2.9119502016486632e-05
RAB17,2.8992252757138065e-05
FYCO1,2.890664045800249e-05
TRPM4,2.8883994991164856e-05
STAP2,2.8823912110238136e-05
RGL4,2.8770287210692855e-05
ALPK3,2.876141843435469e-05
MIR548XHG,2.873438750447207e-05
IREB2,2.8663407644365295e-05
HAX1,2.8608057449032694e-05
TLNRD1,2.8560130705317542e-05
KDF1,2.853096543252853e-05
SUMO4,2.8513531562302875e-05
TMLHE,2.8501183739513496e-05
SLC10A3,2.8433713752926412e-05
HMGCL,2.833710518298907e-05
KCNH3,2.8332392305119202e-05
SBF2-AS1,2.833002000494739e-05
ARRDC1,2.8189865782309276e-05
EVI2B,2.817546487870896e-05
SECTM1,2.816910389551956e-05
SELENOT,2.8165285157048838e-05
KHDRBS3,2.8154405123710303e-05
NID2,2.8137555781399993e-05
Z98884.1,2.8135432879271254e-05
DIP2A-IT1,2.8129231094931864e-05
ABCC11,2.8102998609574734e-05
CHIT1,2.809535496577831e-05
PDK1,2.8089558069346738e-05
ELDR,2.808609836950568e-05
EPHA3,2.8052224134614224e-05
BLK,2.8034144371221517e-05
CELA3B,2.8031427215888825e-05
SFR1,2.802765004776225e-05
FOXP2,2.802309333197021e-05
GABRR1,2.8019424683963937e-05
GDPGP1,2.7946748955074144e-05
SYNJ2,2.7866069919103422e-05
CNGA1,2.7810259107059613e-05
SEMA3F,2.7765902249209626e-05
COX6C,2.7740922217108616e-05
GRB7,2.7730471592054328e-05
AATK,2.7708419177291086e-05
ENTHD1,2.7664851115177974e-05
CFAP45,2.7622629142237162e-05
MIB1,2.761105279617774e-05
GALNT7,2.760563385716688e-05
KLHL20,2.759868883779871e-05
AP001059.2,2.757125829667537e-05
TIMM10B,2.7568457623751204e-05
FAM83G,2.7435581158136962e-05
SMCR8,2.7423087601557056e-05
COL4A3,2.7416679814935237e-05
KIAA1109,2.7361176524202175e-05
CLTRN,2.7356121060557297e-05
UCKL1-AS1,2.7303020995912717e-05
GNAL,2.7277575883025372e-05
MAD1L1,2.7231639142500004e-05
REC114,2.720584270341914e-05
ATAD2B,2.7202875413439433e-05
PRKCZ,2.7178764217196764e-05
AP001453.1,2.7124795853244895e-05
LTN1,2.7052039719803257e-05
C4orf50,2.6988169497756593e-05
GTF3C6,2.6894110157449027e-05
SH2D1B,2.6876170500144207e-05
PER3,2.6870635391380842e-05
ZFAND2B,2.6848459875114133e-05
SYT14,2.6844871537815166e-05
CALCR,2.6758643471303165e-05
Z98885.3,2.6749672256175366e-05
DHX58,2.6721640878368597e-05
RGPD4,2.670311151660957e-05
SPDYE2,2.6667852860312386e-05
ORMDL3,2.6641334869654966e-05
NTAN1,2.6619359042479867e-05
PITPNC1,2.6516527492224774e-05
MVD,2.64959050530024e-05
CXCR2,2.648801922135508e-05
PTPRF,2.6485743715150013e-05
SPRED1,2.643986983605622e-05
TCTA,2.6383426970655495e-05
PURG,2.6330492523681067e-05
SIKE1,2.6303081387536947e-05
STS,2.6242920013600002e-05
BUD31,2.618243308946892e-05
ZDHHC12,2.6172194763590915e-05
FMNL2,2.6157160247350004e-05
LGALSL-DT,2.61429950026062e-05
CCDC63,2.607671349489916e-05
BMI1,2.6064836538360186e-05
AP000317.1,2.6048527261771596e-05
ZNF169,2.6047841776919406e-05
C5orf51,2.6004742009032936e-05
MAGT1,2.6001163395903443e-05
SDF4,2.5949370757227774e-05
AP003467.1,2.5931632952876235e-05
AJ011931.2,2.5884849973020503e-05
TMEM81,2.5767993120854094e-05
TAL1,2.5751248246074865e-05
EGOT,2.568551384387204e-05
IFI44L,2.5635030784533998e-05
MINDY3,2.5626439936241606e-05
LENG9,2.5551450939215025e-05
TMEM139,2.5497665163901203e-05
SCNM1,2.548616893876555e-05
CXCL3,2.5472028009443183e-05
PRRX2,2.5466443220689716e-05
PLAC8L1,2.5456439563770546e-05
AP001330.4,2.5371365190700598e-05
CHAD,2.5280676282005296e-05
ETNK2,2.5266205223651324e-05
AMMECR1,2.524100575122839e-05
AHNAK,2.52039531727e-05
CALB2,2.5175010122357077e-05
TNPO3,2.5174178848553568e-05
CHCHD5,2.5149103878279262e-05
ELK3,2.514503541961908e-05
MICALL1,2.512508344085608e-05
ZNF264,2.510018529386339e-05
PRRC1,2.5015989445317705e-05
CLEC4E,2.501452429268077e-05
CD163,2.4983502960328924e-05
KIAA1614,2.4945801999745565e-05
B4GALT1-AS1,2.4945390225354636e-05
MSRB1,2.493243465450897e-05
AP006621.1,2.490525225053211e-05
TYMP,2.487616193312924e-05
IL12A-AS1,2.477742870129908e-05
HRH4,2.474521392237183e-05
HERC5,2.4701655323904848e-05
JAGN1,2.46585398879083e-05
TPST2,2.464036813666114e-05
ALG11,2.4627430693245547e-05
CCDC153,2.4626032719619018e-05
AJ003147.2,2.4624785202286885e-05
AKR1C1,2.4589571266442274e-05
FAM32A,2.458827302460108e-05
CYP4F12,2.4580934946617716e-05
PLB1,2.452304462289809e-05
GLRX2,2.4463908989307374e-05
C1orf210,2.4399069617707305e-05
TRPM6,2.4359776033859767e-05
ABCC2,2.4344411153198892e-05
CKMT1A,2.4311981477207407e-05
SPDYE6,2.4276731741844807e-05
NRIP2,2.4256828607402262e-05
CHML,2.4171064604601833e-05
ISLR2,2.4159339242165782e-05
NTRK3,2.407284719759771e-05
C14orf28,2.4057969005495368e-05
TADA3,2.4034080090660867e-05
MUS81,2.4014735674070434e-05
PPFIA2-AS1,2.401471464759401e-05
ATP7A,2.3964470368834637e-05
ZNF460,2.396321802931542e-05
DCTN1-AS1,2.3933878827387723e-05
ELAVL4,2.3910902646185346e-05
HIST1H1C,2.3862120425764544e-05
MSRB2,2.3856713834908562e-05
TAGLN,2.38436187666771e-05
BSDC1,2.3829739938264013e-05
GPR82,2.379390568619658e-05
LAIR1,2.377756271623793e-05
RNF41,2.373619249361198e-05
GPX4,2.371487224371754e-05
RENBP,2.3701300779184598e-05
KIAA0895,2.3685216480612615e-05
KLB,2.3675029611137767e-05
ENKUR,2.3665900222211572e-05
MROH6,2.3640069834119316e-05
FAM151A,2.3583817063923224e-05
TLCD5,2.3577544097864997e-05
MEGF10,2.356227977692876e-05
KF456478.1,2.3560177492476803e-05
KCNK4,2.3547990609393183e-05
WDFY3,2.348442688852459e-05
SMCR5,2.345475752400565e-05
TMEM50A,2.3436579479363688e-05
TPM1-AS,2.3429684294043435e-05
AP003419.3,2.3422882813138595e-05
ACE2,2.340633024702024e-05
P4HA2,2.3402090018946572e-05
CCDC17,2.339665461309103e-05
LIN28B-AS1,2.3385328765659655e-05
CCDC149,2.335261028899828e-05
INSIG1,2.334536672983379e-05
C2orf49,2.3319434423852053e-05
C5orf56,2.3309758565613593e-05
BFAR,2.3302973609431657e-05
ZDHHC9,2.3302900513141115e-05
WASHC2C,2.3263718902560092e-05
ATXN7L3,2.3232504968501066e-05
ALDOC,2.321408998928108e-05
PRRG2,2.3209931258993762e-05
CCR4,2.31961260542897e-05
CALCOCO2,2.314476530917885e-05
TAPBP,2.3132697955881616e-05
GLUD1,2.3108846278772086e-05
MRPL44,2.3091202513124224e-05
SAP25,2.3048111667847407e-05
APBB1IP,2.3039837572581225e-05
OFD1,2.303499030989308e-05
NES,2.2996204082256345e-05
ACTR10,2.2992800880282014e-05
USP3-AS1,2.2987134651850646e-05
AP003049.2,2.294985544077741e-05
INSR,2.292481039005e-05
SPG11,2.2893572916843828e-05
POFUT2,2.2883443731383093e-05
SPATS1,2.2879447585211474e-05
EMC7,2.2856933665866262e-05
SEPTIN9-DT,2.2844229874074217e-05
NCMAP-DT,2.2840022695572714e-05
WNT9A,2.2836856001846126e-05
GRXCR1,2.2810479816504203e-05
KIAA1671,2.279453051828471e-05
FCN3,2.2764284380333742e-05
ZNF628,2.2751218861615266e-05
NECAP2,2.2726868678618857e-05
SPATA32,2.269225305148922e-05
GABARAPL2,2.2672702319471665e-05
CHPF,2.2636545630392327e-05
UBE2QL1,2.2608709950471734e-05
PLD2,2.259826010855243e-05
FCHSD1,2.2593713581326507e-05
NUDT4,2.2590741213400003e-05
GRIK3,2.258862769483253e-05
BRWD1,2.25845353202516e-05
NAALADL2-AS2,2.255086788127617e-05
FFAR2,2.2415408197019234e-05
SH2D1A,2.2374789286741277e-05
SCAMP1,2.2365307910548363e-05
UBASH3A,2.236454374277525e-05
MKNK1-AS1,2.2323186134295995e-05
GYG1,2.229375698144519e-05
PIP4P1,2.2258580779691388e-05
CCDC65,2.225002106496915e-05
TADA2B,2.2242345495891155e-05
SAV1,2.2201490175825724e-05
SLC28A3,2.2184076410394515e-05
PRR34,2.216763184318546e-05
PABPC1,2.203330227079454e-05
C1QL3,2.201879277248e-05
ELOVL4,2.2007491310244917e-05
DYNLRB1,2.1975429441618814e-05
PPP1CA,2.1961594005538556e-05
TNF,2.1943226217933217e-05
ATP6V1B2,2.1930912471320065e-05
EFNA3,2.1924249643832965e-05
HEPACAM,2.191446660598728e-05
SIAH3,2.1907004407687877e-05
SLC15A3,2.1866006970809215e-05
FCGR1A,2.1859426733644432e-05
CD2BP2,2.1808283323182236e-05
THUMPD3-AS1,2.1779163712634848e-05
RALGAPA1,2.176559667008432e-05
FHOD3,2.1760082406669306e-05
IST1,2.1665699283740132e-05
DNAAF1,2.1635029708278594e-05
C1QTNF1-AS1,2.1593305524561432e-05
CDH23,2.1590991949794198e-05
WDFY3-AS2,2.158170990521029e-05
NDUFA3,2.157860480537297e-05
PCMTD1,2.1568777608379625e-05
TMEM248,2.1559293225961156e-05
ARF3,2.152555456184924e-05
TMUB2,2.1490371552940703e-05
COX8A,2.1474884395912452e-05
FGFR1OP2,2.1360825626715763e-05
IAPP,2.1357463877309536e-05
TNFRSF10D,2.1350210451293494e-05
PVR,2.1346339139877435e-05
PCDH7,2.1322778019319536e-05
SOX10,2.125561264349736e-05
AP000820.2,2.1206993639406073e-05
SYT2,2.1201176325346023e-05
AP002518.1,2.108253812988962e-05
ANXA6,2.1058313319293617e-05
MEOX2,2.103587991975962e-05
FP565260.6,2.102055572264171e-05
KCNE1,2.1005759903956078e-05
RELA,2.099396230135234e-05
AP003071.2,2.0969256963390323e-05
ABHD5,2.0853471563052636e-05
KMT5B,2.083629615267356e-05
MYO9B,2.0790534004632698e-05
TLX1NB,2.0769736419920674e-05
BLOC1S4,2.0765074896685108e-05
TM2D3,2.075721041017828e-05
ADORA2A-AS1,2.0751580837165496e-05
CREB5,2.073392607647126e-05
PSMB6,2.068022854519981e-05
CTNNA3,2.065474707726786e-05
NPIPB15,2.0611750253803304e-05
ATP13A2,2.057240553736356e-05
BCL2L2,2.056132820358243e-05
ZNF106,2.0560027186434456e-05
C1QTNF9,2.05589359460668e-05
LIN37,2.0527038802095528e-05
CES1,2.0512378066546852e-05
GNA11,2.0499828032366938e-05
ANXA5,2.045302082040067e-05
UNC5A,2.0451876489706932e-05
RRS1-AS1,2.0407927657800917e-05
PCP4L1,2.0397764778576447e-05
GDF9,2.0391580893450307e-05
VAMP2,2.0386775098574165e-05
SGSM3,2.038129756950281e-05
FRMD3,2.0370075006495823e-05
BBOX1,2.036870214737623e-05
SRP19,2.0358380608666136e-05
NOMO2,2.0314134032420734e-05
RTF2,2.028896931443997e-05
ZNF761,2.023894594033021e-05
RBMXL1,2.014272183442238e-05
GALR1,2.014175835986824e-05
AP005329.1,2.009721977936214e-05
ZNF525,2.0065337616466365e-05
SRP14,2.0003946484761265e-05
SREBF2-AS1,2.000373831957117e-05
PSMB8,1.9972907749309447e-05
EPDR1,1.996804269492474e-05
ZNF143,1.9947067277767752e-05
MAN2B2,1.9943913051533586e-05
RHOG,1.9920137395751815e-05
KCNJ8,1.991837443335808e-05
HPS6,1.9866071575126816e-05
TMEM220,1.9865469681892775e-05
NXNL1,1.9839951563011073e-05
ATP7B,1.9836979260993405e-05
GPATCH1,1.9834567316376744e-05
PGM3,1.9833231712224547e-05
EXD3,1.983026717997826e-05
UBXN2B,1.9824689887729296e-05
UBE2E2,1.9823771543875843e-05
ZNF44,1.9803781208363193e-05
FAM8A1,1.9803764272309088e-05
OLFM3,1.9780058781079895e-05
TMEM120A,1.9772585891656923e-05
MGST3,1.9758043368004476e-05
TTLL10,1.9726974564500112e-05
TMF1,1.96890694290339e-05
DUSP14,1.9654430506877717e-05
KY,1.9642093602030707e-05
GPR137B,1.9557078234426237e-05
IRX5,1.953628172958741e-05
PRSS51,1.951152576927154e-05
C1QTNF4,1.950988796774533e-05
TMEM191C,1.9420685062954976e-05
LRRTM2,1.9419744260730897e-05
ABHD11,1.9419200889478356e-05
MMP19,1.938035555713473e-05
C3orf67-AS1,1.93249398613073e-05
HIST1H2BH,1.930773818535477e-05
GRWD1,1.92884913826163e-05
ITGB6,1.923116768274999e-05
LIMS1,1.9223471005293845e-05
ZNF75D,1.9200921741895032e-05
IDI1,1.9198124902687322e-05
UBTD2,1.917538298882144e-05
SYS1,1.9169306820625244e-05
AP004147.1,1.91516822112102e-05
ASIC3,1.9118216388917085e-05
VN1R1,1.9097665738873494e-05
ZNF343,1.9081374170049723e-05
CFH,1.9076589568200004e-05
SCNN1A,1.9041014169507855e-05
NCBP2-AS1,1.9037933417956163e-05
SLC13A5,1.9035842290351185e-05
EFCAB10,1.9034018957206188e-05
AIDA,1.9009082814578227e-05
AMOT,1.9004804886665574e-05
GNB1,1.8986524351290216e-05
HSD11B1-AS1,1.8975964448095477e-05
JPH1,1.8898245397576575e-05
MMAA,1.8891307792683684e-05
SFTPD-AS1,1.888780854677849e-05
SHOC1,1.8868678779429853e-05
UXS1,1.8861343914074385e-05
DNAJC14,1.8856970388498675e-05
CD160,1.8830225338812918e-05
ADAMTSL4,1.8810888202500943e-05
NT5E,1.8799509411302902e-05
CIART,1.876670318652332e-05
HMOX1,1.8766307367145414e-05
HADHA,1.875714618306747e-05
FAM180A,1.873785245152489e-05
TBC1D9,1.872052243388267e-05
C8orf76,1.8712505084326055e-05
SLC46A2,1.8707807151317327e-05
TAFA2,1.8677674423684096e-05
USP47,1.866107805614185e-05
CNTD1,1.8656731797672534e-05
ARL17B,1.8655245982804696e-05
LEAP2,1.8620819075064654e-05
NKG7,1.859513523727304e-05
SNN,1.855967777207186e-05
DAB2,1.855140796854647e-05
DIPK1A,1.854796768726058e-05
PSMA5,1.8523001114969464e-05
TRAPPC8,1.8448196080133037e-05
TUSC1,1.8408042454255444e-05
FLNA,1.8320462062550006e-05
BASP1,1.8281236894173193e-05
CCNK,1.8256100731419384e-05
ZNF442,1.8218149244196273e-05
GXYLT1,1.8214455510406618e-05
AP003469.2,1.8131073941245308e-05
SPI1,1.8117558749770647e-05
SND1-IT1,1.811340284470217e-05
FKBP1B,1.8113264359916452e-05
CCDC9B,1.8069673570604328e-05
KIAA2012,1.8052705562298585e-05
RGPD5,1.799466096291053e-05
IGLON5,1.7989160599709126e-05
ACSM6,1.7978385686083205e-05
CYREN,1.7963617638377834e-05
SELPLG,1.791029025464463e-05
NIPSNAP3A,1.7881630049324582e-05
IRF2BP2,1.780754971017685e-05
GOLPH3,1.7713967697946556e-05
DENND5B-AS1,1.771090358459631e-05
PAOX,1.770498607412378e-05
RANBP9,1.7703267353033673e-05
DUOX1,1.7672387064706603e-05
HCST,1.7667128766283296e-05
LACTB,1.7663545240600685e-05
KLHL9,1.764493175951758e-05
COL15A1,1.7572064372490262e-05
KCP,1.754628186949107e-05
HTR2C,1.7492204154963342e-05
RO60,1.747635975991568e-05
RNF10,1.746411721568978e-05
DNAJB14,1.743035076258486e-05
CLIP1-AS1,1.7383306962842077e-05
ZBED6,1.7318578607710412e-05
NKAIN1,1.730484486755107e-05
IL23A,1.728287203602464e-05
MON2,1.726714448939764e-05
STON1,1.7266578237935327e-05
BX537318.1,1.726525221337307e-05
POLR2M,1.7261133475722065e-05
STK38,1.723181910543022e-05
CRLF3,1.7214320424312373e-05
B3GALT5-AS1,1.7178825775576442e-05
HSPA14,1.716955504421967e-05
ST8SIA2,1.7162588309083286e-05
SYT9,1.7156507851307743e-05
C5AR2,1.7142205101943333e-05
DNASE1L1,1.7069785786235642e-05
PCOLCE2,1.702880066019864e-05
DKKL1,1.701092188170967e-05
ZNF836,1.698959601649581e-05
GLB1,1.6969593635669823e-05
GRB2,1.6962377818352794e-05
FUOM,1.694057520798985e-05
PET100,1.6924572422612497e-05
RUSC1-AS1,1.688354888160247e-05
ZNF547,1.6857452252594964e-05
USP3,1.6845117233626458e-05
MGAT4C,1.6844608357395408e-05
C6orf47,1.6797400422171195e-05
NCR3LG1,1.6780155401949987e-05
TP53I11,1.6778895668341436e-05
SLCO1B3,1.6730824307351094e-05
TNNT1,1.672245033082693e-05
AP003119.3,1.6575658555941262e-05
EVI5L,1.655936978583842e-05
PFDN1,1.6546452225033544e-05
JMJD1C,1.6534046361342264e-05
CA3,1.6531415444599994e-05
ITM2C,1.653124703165e-05
U2AF1L4,1.6517374632029013e-05
AP003393.1,1.650378576398215e-05
SLC39A1,1.644454539391314e-05
RGMA,1.6442669610058448e-05
FLJ45513,1.6437066009459534e-05
C17orf82,1.6408550832969928e-05
NKIRAS2,1.640853150755982e-05
TOPAZ1,1.630247368163474e-05
SEZ6L,1.6276373341686276e-05
TMEM43,1.6265721902318442e-05
C5orf17,1.6258225757649865e-05
ADGRE3,1.6211616807988746e-05
TIAF1,1.617019713267558e-05
CLEC16A,1.6164367067671634e-05
ZBTB21,1.608171363479269e-05
KCNQ1OT1,1.6058042166880306e-05
RSBN1,1.604475256797924e-05
TMEM125,1.6039794237782743e-05
RALGPS1,1.6014479331281812e-05
PPIC,1.6009013974099996e-05
NQO1,1.6005655166101757e-05
ARFIP1,1.600145563433318e-05
SH3BP5L,1.595978691875016e-05
INHBB,1.5950449625733108e-05
ASXL2,1.5942154829007827e-05
CCDC32,1.5940221065202507e-05
POT1-AS1,1.5825318825629334e-05
TBX15,1.5824731884451918e-05
VAMP5,1.5816647663823735e-05
ARMCX5-GPRASP2.1,1.581497362351129e-05
TFAP2A-AS2,1.5801376119489083e-05
FBXO45,1.578281598737683e-05
SEC14L2,1.5759258402132024e-05
PCDH19,1.5744613649796562e-05
FIG4,1.573371284697476e-05
UBA3,1.5729012533860585e-05
CYP26B1,1.570768185188558e-05
RAB11FIP5,1.5682202395849263e-05
AP4B1-AS1,1.5663478730915304e-05
ZNF821,1.5633330205335146e-05
RBMS3-AS3,1.5564382905485675e-05
FAM135B,1.5506084921808786e-05
LYG1,1.5492785593335586e-05
DGKH,1.547668872605438e-05
TANGO6,1.546356127045615e-05
C1orf61,1.5461068328425152e-05
RAG1,1.543227270248267e-05
CX3CR1,1.542635643121961e-05
WNT4,1.5420010511901182e-05
TBCC,1.537535560582456e-05
SRL,1.534945026120304e-05
ODC1-DT,1.5348526753484885e-05
TBPL2,1.5312394057814904e-05
SLC35E1,1.5289560183674365e-05
PLPP6,1.5248850763745785e-05
FOXP1-AS1,1.5241220612397828e-05
ZNF322,1.523468618522944e-05
XXYLT1-AS2,1.5201265821578452e-05
Z99496.2,1.517801872896065e-05
ZDHHC6,1.5165608528734118e-05
ENTPD6,1.514905399169708e-05
WDFY3-AS1,1.512832126316232e-05
SMIM27,1.51270114057355e-05
ITGAX,1.5074099238822687e-05
KDELR2,1.5066434462850002e-05
MSANTD3,1.5025474815999994e-05
LUZP2,1.5009355428351835e-05
AP002336.2,1.5002240442061972e-05
ZNF772,1.4994217197982435e-05
CYP4F22,1.4957411756934654e-05
FSIP2,1.4873668823266404e-05
MOCOS,1.4800109173921479e-05
TFRC,1.4770434180359752e-05
TMEM37,1.477037304719676e-05
TRIM38,1.476461119509774e-05
ZRANB2-AS1,1.4762368967826161e-05
HIST2H2BE,1.4698016302661533e-05
SLC22A18AS,1.4693801480658393e-05
SMIM36,1.4673028913519836e-05
ITGB3,1.4649952058926496e-05
UBE2R2,1.4631927568057029e-05
NACC1,1.4615653069070518e-05
CMTM2,1.459324865135788e-05
IFI16,1.4522977083448131e-05
MANSC4,1.4478727863466687e-05
SLC66A1,1.447309770072048e-05
PLBD1,1.4404328438499995e-05
AOX1,1.4384766495000164e-05
LRRC42,1.4384243814098453e-05
ZDHHC5,1.4370926171247532e-05
RNF112,1.4339334757854166e-05
AP005328.1,1.4286031026903504e-05
DTX4,1.4284491563393296e-05
SCUBE3,1.4267825614137106e-05
ZFAT,1.4178582865484948e-05
BTBD16,1.417379962476027e-05
ITGAM,1.4149045727886656e-05
TMEM199,1.4146596073185673e-05
KLHL33,1.4135297480447738e-05
TRIM54,1.4118528005209765e-05
C1orf122,1.4057815650150456e-05
BIN3,1.4044470636342303e-05
TRIM39,1.4034483300533225e-05
PNP,1.4024871555928746e-05
BSPRY,1.3994047469461659e-05
CFAP100,1.3980755518477576e-05
GPKOW,1.396054921316257e-05
PTPDC1,1.393116138812517e-05
USB1,1.3885492302694135e-05
FRMD4B,1.3860370653465354e-05
RPH3AL,1.3856754359327212e-05
ALDH1B1,1.384465882510431e-05
IKBKG,1.3823651003387031e-05
TMEM236,1.3804327351108882e-05
DRC7,1.3759866199921213e-05
KDM5A,1.3723529439557519e-05
Z98200.1,1.3701987359806833e-05
ZEB1-AS1,1.3659249700401417e-05
FMR1,1.3656711654401854e-05
CYTH4,1.358694263919618e-05
WNK3,1.3574226321322954e-05
TJAP1,1.353544535973148e-05
NDUFA6,1.3529545667760558e-05
SVIP,1.3452672946317817e-05
MRFAP1,1.3425529627020686e-05
IFT57,1.3407079137300271e-05
FOXN3-AS1,1.3402144413777692e-05
IMP3,1.340183222484487e-05
LGALS3BP,1.3385919056299985e-05
PCDHGA5,1.3355258741275753e-05
RIN2,1.3352524447875273e-05
CCDC144NL,1.3295778375466238e-05
VAT1,1.328892163498647e-05
KCNK9,1.3283069918991295e-05
LY86-AS1,1.3279068831441583e-05
ARMH3,1.3277531120562156e-05
MEX3B,1.3259674043667882e-05
ACAN,1.3248528393569654e-05
EDNRB,1.3246258799830734e-05
KIFC3,1.320173375495e-05
SLC16A13,1.3200461621158385e-05
PCP4,1.318385818199364e-05
HM13-AS1,1.317409557458114e-05
HS3ST3B1,1.315802655458864e-05
BRSK2,1.312024702322592e-05
BET1L,1.3066914540192335e-05
UBE2J2,1.304715424354453e-05
CDC42EP5,1.3026392312706383e-05
SEC23A-AS1,1.2996886717141464e-05
REC8,1.2941305736614259e-05
SNX14,1.294070038955578e-05
STPG2-AS1,1.2911505210904763e-05
CBX6,1.2898766198249538e-05
HADHB,1.2889756579023521e-05
Z99127.4,1.2871776117239613e-05
Z97832.2,1.2869369205227058e-05
IL15RA,1.2867630972515655e-05
EXOC3,1.2847610169670526e-05
PLSCR3,1.2739532943457189e-05
ITGA2B,1.2739028346181098e-05
ZSCAN20,1.2711610370652635e-05
TRIM11,1.2701447783285704e-05
GYS2,1.2697044601882304e-05
DOCK6,1.2665258534810339e-05
TAC3,1.2656022743272803e-05
NFE2L1,1.2652238412712527e-05
ZNF707,1.263193833035981e-05
CNOT10-AS1,1.2620111087995735e-05
USP25,1.260094888255375e-05
CUL4B,1.2545329324614365e-05
SFRP4,1.2537400334037207e-05
CUL3,1.2521382577602249e-05
ADRA1D,1.2513683662076536e-05
OR2F1,1.2493433380013361e-05
PROC,1.2470565393191586e-05
FAM161B,1.2462964687477589e-05
URM1,1.2443361115802201e-05
GPBAR1,1.2436364889683353e-05
NKAIN4,1.2432912782969644e-05
CCDC8,1.241742412143069e-05
MGST2,1.2398621882050005e-05
CSNK2A1,1.238411895876901e-05
ALDH2,1.236574416443461e-05
SULT1B1,1.236096047610181e-05
TMIGD3,1.231603945667624e-05
NCSTN,1.2307750846623913e-05
FAM104A,1.228268391894206e-05
UPK2,1.2240942146257035e-05
KLHL21,1.2232286985322819e-05
LRATD2,1.2216585901064962e-05
IRF9,1.2188933482783204e-05
NUPR1,1.216588867918916e-05
TOM1L1,1.215002527310373e-05
ZNF556,1.2146337650927358e-05
VTI1B,1.2132546261378239e-05
NUTM1,1.2097195406635818e-05
NR2C1,1.2066329459608664e-05
PCYT2,1.2061101468423553e-05
ZNF791,1.2055459948323146e-05
USP9X,1.204124924297701e-05
CAPN9,1.2035257773643098e-05
GPRASP2,1.2025081669194513e-05
C8orf58,1.1988123698370826e-05
MYORG,1.1923868207976084e-05
FAM71D,1.1908899283052188e-05
DDX47,1.1839707993564238e-05
RHOQ,1.1771586716770184e-05
RSU1,1.1761329667200004e-05
MTMR7,1.1756603212853118e-05
HOMEZ,1.172859140783288e-05
EPB41L4A-AS1,1.1710772553475326e-05
TMEM184B,1.1684120561258678e-05
CHPF2,1.167190105085429e-05
ZNF579,1.1648368466941228e-05
DNAH17,1.1638020838457122e-05
CERS3,1.1636208742817426e-05
EIF2AK3-DT,1.1586771458578802e-05
KLF7-IT1,1.1577906169011363e-05
CXCL10,1.1567146576990018e-05
NRIP3,1.1510635020737867e-05
APOA1-AS,1.1483001466430554e-05
GPR1,1.1461669092862757e-05
BAHD1,1.1447812338947603e-05
SNX11,1.1408232252406594e-05
SOCS4,1.1383828745575349e-05
PTOV1-AS2,1.1374422768050002e-05
PLSCR2,1.1358682467729751e-05
MEA1,1.1351864293119282e-05
BHMT,1.134951555811654e-05
OPA1-AS1,1.131029560469159e-05
C22orf23,1.1296464608956053e-05
CXCL13,1.1296298044548165e-05
MLLT11,1.1289103285825015e-05
ARCN1,1.1254506795048121e-05
DUSP18,1.1206874978793076e-05
PEG3,1.1203918829950013e-05
EPB41,1.1193038875969583e-05
KLHL25,1.114227290695155e-05
RAI1-AS1,1.1090697259510042e-05
CYP51A1,1.107877643263387e-05
TECPR1,1.1060579413246754e-05
ATG9A,1.1015699278803714e-05
ARID3A,1.1009001676986274e-05
UBE2E3,1.0959344378328149e-05
SMIM35,1.0950446095393388e-05
PRAG1,1.0919699928877269e-05
PAQR5,1.0897433139499996e-05
RTCA,1.0805007631273501e-05
SLC26A8,1.0751393514960935e-05
TRAPPC3,1.0696738507370837e-05
LAD1,1.068224187344871e-05
COMMD2,1.0681339335161644e-05
EZR-AS1,1.066215358210049e-05
SPRYD3,1.0662137986651255e-05
LGMN,1.0647400633802536e-05
FBXO48,1.0624838462459063e-05
CACNG8,1.05754062323203e-05
CNTN2,1.0547183243092586e-05
ALG13-AS1,1.0537246965871248e-05
CAMKK2,1.0499123248976226e-05
OR3A2,1.0469502412487763e-05
TSPAN14,1.0452593060590418e-05
TAF7,1.0446600917901747e-05
ZDHHC13,1.0408621013693719e-05
CNMD,1.0399371067382098e-05
IQUB,1.0372408823330085e-05
OTUD1,1.0344530622449286e-05
RUBCNL,1.0335594655316432e-05
SNX25,1.0328654419699996e-05
HMGCR,1.0327224371020106e-05
GBF1,1.031966266532388e-05
ARHGAP29-AS1,1.0279465640626112e-05
SPOCK1,1.0233406784091215e-05
NTHL1,1.0207053921870989e-05
ERLEC1,1.0172506804120524e-05
CNKSR2,1.017100765621654e-05
PPFIA1,1.0118076941646256e-05
SOS1-IT1,1.0111124436956418e-05
AP001160.3,1.0108629983811114e-05
MIR133A1HG,1.0039897946855484e-05
NOL7,1.0029577117877132e-05
RIC8B,1.0024428075327043e-05
GPR107,9.9661056360853e-06
HYPK,9.95221435547116e-06
EIF6,9.949845551109116e-06
AP002433.1,9.932265463406226e-06
ZNF555,9.890440346284567e-06
MST1,9.873131802848692e-06
AUH,9.86597462729735e-06
TMEM212-AS1,9.857732459841481e-06
TMEM234,9.855822067543527e-06
FUT1,9.85234220360428e-06
BGLAP,9.84825541447226e-06
DEF6,9.825876080930225e-06
THAP9-AS1,9.797212973009021e-06
CDKN2B-AS1,9.781812881947703e-06
C5orf22,9.762783213268514e-06
ZPBP,9.761820455103554e-06
CCDC12,9.749478660669702e-06
AP000944.7,9.726605552096393e-06
WWC2-AS2,9.70751704528161e-06
CCDC6,9.702836254065222e-06
PKP4-AS1,9.684081479789147e-06
CHD1L,9.682948613835422e-06
SAP30L,9.614127361618423e-06
LMF1-AS1,9.588030128209434e-06
AP000640.2,9.559743447108385e-06
YAE1,9.545834939151987e-06
BTRC,9.539063872429213e-06
MMP25,9.51657790289438e-06
LIX1L-AS1,9.506821149905207e-06
DUSP22,9.504344918086216e-06
PRSS16,9.496143268943164e-06
IL10RB-DT,9.473381230211125e-06
HIST3H2A,9.471600981195921e-06
AP003120.1,9.441819164390601e-06
MKX,9.437049652914617e-06
MED7,9.419242112004188e-06
SMG6,9.404968677986612e-06
RNF44,9.387551743709233e-06
GOLGA2,9.311407340797919e-06
HYOU1,9.310376477976703e-06
PSMD1,9.294702583934151e-06
BMPR2,9.261592304780199e-06
ERV3-1,9.183355407506647e-06
POLR2J2,9.181549501228332e-06
DRD4,9.176921774466841e-06
SUPT20H,9.168086317222678e-06
TSC22D4,9.16808249660616e-06
CAPN10-DT,9.124313884252997e-06
COX7A2L,9.09023829003071e-06
PCDH11Y,9.079719513521814e-06
PCDHGA6,9.074535442578301e-06
SIRT4,9.028964931739263e-06
PLEKHA3,9.019696617494376e-06
NUDT13,9.018981406718354e-06
ZNF222,8.991229491968266e-06
DNAJC17,8.988012623636483e-06
C9orf24,8.985253809088343e-06
AADACL2-AS1,8.978549516826554e-06
GAPLINC,8.92067269213308e-06
U47924.3,8.892492691838278e-06
KLF16,8.890651761397742e-06
SRP54,8.872051904383771e-06
MASP2,8.83779713947953e-06
ANKRD11,8.791653014150001e-06
PLA2G10,8.768399714411789e-06
SLITRK4,8.750007870716668e-06
LYVE1,8.74741326644104e-06
MYT1L,8.74719712953126e-06
CTBP1-AS,8.703554440914317e-06
FAM219B,8.701698679392816e-06
UCHL1-AS1,8.672211413667901e-06
PDZD11,8.631143647636018e-06
MAJIN,8.580337921725913e-06
PNRC2,8.572864076688351e-06
APCDD1L,8.550573286917088e-06
TCAP,8.547671161023e-06
NFYA,8.518702958345395e-06
CPAMD8,8.48425368535874e-06
IYD,8.447403578530379e-06
TSIX,8.432413199913592e-06
TLR4,8.421711779442331e-06
C8G,8.350094406714572e-06
ZNF35,8.343149718749146e-06
PIP5KL1,8.324318815759825e-06
CTR9,8.280250357898033e-06
PCDHGA8,8.273465223118347e-06
NUMB,8.26308430505e-06
FAM41C,8.21719382472024e-06
PCAT6,8.153535058204961e-06
MTRNR2L8,8.137840988607076e-06
BPGM,8.125842947447454e-06
DHRS3,8.010243805883654e-06
RCAN3,7.998918494156445e-06
DHH,7.974807876467125e-06
MLLT3,7.96419739645001e-06
ARL4C,7.935840402711817e-06
VPS8,7.908317606017884e-06
CDK16,7.898244509250003e-06
ZNF790-AS1,7.887647322614928e-06
C1orf220,7.886028044082553e-06
PCDH12,7.883772971813874e-06
KBTBD2,7.8269846115036e-06
CNTD2,7.814501349678747e-06
MEIS1,7.802347716112879e-06
CCL14,7.780184015075518e-06
TSSC4,7.77072285998414e-06
EFCAB14-AS1,7.747210331466074e-06
GTF2H1,7.730603240922452e-06
TNK1,7.715891624335236e-06
FADS3,7.69491536279084e-06
FASTKD1,7.694418521829177e-06
GSK3A,7.666362409685909e-06
SPSB2,7.625573707743739e-06
GNAQ,7.58990611057493e-06
CLCA1,7.587407391282278e-06
VIPR2,7.583474508580674e-06
BX664615.2,7.55683126778732e-06
UBE4A,7.5481554332053754e-06
AP000442.1,7.531034336780405e-06
HCG20,7.509820175824354e-06
AP001269.4,7.495455253157263e-06
XG,7.458752701345441e-06
ARHGAP6,7.4387119538559286e-06
HLA-DOB,7.426241846471512e-06
CDC42EP4,7.424085826642663e-06
FAM169B,7.419972514553312e-06
SLC8B1,7.415665014797281e-06
CSDE1,7.406176411970696e-06
TMEM45A,7.379172869849998e-06
YPEL2,7.3704273757709004e-06
NKPD1,7.356602232869634e-06
TMEM167B,7.339973225193877e-06
BOD1L1,7.3317339293815614e-06
NCOA6,7.318550090727809e-06
HHEX,7.310737958870775e-06
WFS1,7.307312898181113e-06
FICD,7.275958399865361e-06
ESYT3,7.240585861658029e-06
RASD1,7.2082946978725725e-06
UFL1,7.204251627572447e-06
ANKRD61,7.156792354056998e-06
TNFRSF10A,7.13209745841349e-06
TSPAN16,7.1077096520282625e-06
SNAP29,7.092737499208989e-06
VAPB,7.048792287018257e-06
MEX3C,7.041842538958087e-06
DGCR11,7.038767578310845e-06
CORO6,7.023286234898404e-06
SPON1-AS1,6.998395660583896e-06
TMPRSS13,6.995830244453245e-06
MPC1,6.9813797493237765e-06
TMEM40,6.9254387927024104e-06
OSMR-AS1,6.911237370147432e-06
SERPINB6,6.887334111905796e-06
GALNT4,6.861256151386541e-06
NSMCE2,6.853936219872376e-06
LY9,6.848868899918846e-06
OSTC,6.8411816437671165e-06
AREL1,6.8073679867494174e-06
HK3,6.7787977572946536e-06
NUDT14,6.761084099307371e-06
EFEMP2,6.744337530264936e-06
PLCG1-AS1,6.7197264783682805e-06
MAP7D1,6.671920778148627e-06
TMEM51,6.667504186887348e-06
TMEM131,6.6191539617544635e-06
C1QB,6.612220461097887e-06
GRID2,6.598788558250009e-06
CASC16,6.58062030612422e-06
ABRAXAS2,6.568040367707509e-06
DVL1,6.548967349265129e-06
IGFL2-AS1,6.546504055593083e-06
TNFSF15,6.514823238063804e-06
ZNF460-AS1,6.469504817116093e-06
YEATS2-AS1,6.466789294217726e-06
GGACT,6.441769994022339e-06
VIPR1,6.4388955181000044e-06
ACBD7,6.427746242703988e-06
MMUT,6.392619557913295e-06
XIAP-AS1,6.392077781068472e-06
SCHLAP1,6.316644586494862e-06
VPS37C,6.3158368185395525e-06
C1orf127,6.311240517500051e-06
NDUFB9,6.308660012368068e-06
CNN2,6.305913869671141e-06
HLA-G,6.297197031759568e-06
ABCG2,6.29659815106312e-06
LRRC25,6.285434753904004e-06
FGFR1,6.211426830388292e-06
C9orf85,6.205067267056328e-06
PRSS27,6.196806975844383e-06
XRN1,6.158615464379213e-06
HYMAI,6.133680913917468e-06
UNC13A,6.131510961175776e-06
OCEL1,6.116830869673004e-06
ABCA12,6.106820706705096e-06
LRRIQ4,6.068343776567749e-06
MAOA,6.030989773356307e-06
EPN2-AS1,6.016628104784431e-06
MAP3K15,5.989594340568873e-06
FAM160B2,5.983122521535754e-06
MSL1,5.974088747466674e-06
U73166.1,5.971086644558564e-06
MPZL2,5.969306705395053e-06
JSRP1,5.951594089774999e-06
CCDC159,5.842665090325256e-06
Z82217.1,5.799661735375883e-06
LPO,5.799382344139803e-06
DNAJA2,5.795338068383918e-06
RPA3,5.789125206449993e-06
TEX14,5.749405045989593e-06
NOMO1,5.737201018799997e-06
SPIN1,5.73205182589001e-06
CCDC181,5.716690829022625e-06
RHBDD1,5.706562889701185e-06
LDHAL6A,5.663984492010119e-06
CEPT1,5.655668171268032e-06
PTGES3L,5.631276396483823e-06
ELOF1,5.61341494948744e-06
DPP9-AS1,5.61321265357402e-06
LRRC59,5.59900571300451e-06
KCTD14,5.5900719218752325e-06
CYP2B6,5.583795128173773e-06
TRPM1,5.5814257477205285e-06
ATP6V1F,5.561070815949936e-06
GNG12-AS1,5.532082403291115e-06
ALOX12,5.50354092443164e-06
CARD8-AS1,5.497887188312593e-06
TMED10,5.481310622996682e-06
MDFIC,5.480578243797244e-06
AP1B1,5.468060887190842e-06
PLA2G4D,5.444486569493381e-06
NDUFA1,5.436025356553813e-06
ATP6V0A2,5.398364532467703e-06
LIN7C,5.39152758408828e-06
ITGB5-AS1,5.3328978526361e-06
IL26,5.311214943477287e-06
ZNF529-AS1,5.304242638146538e-06
LILRB5,5.249520564046584e-06
CCDC9,5.2324681280868385e-06
TNFAIP6,5.217164928923658e-06
CBL,5.211682283517561e-06
TTN,5.207398212170645e-06
HTR7,5.19969108732254e-06
VWC2,5.165134476537804e-06
ZFC3H1,5.164045239968096e-06
MYNN,5.149061268659635e-06
ETFRF1,5.148898216487102e-06
AQP7,5.116428930669306e-06
CDK11A,5.1138447719614865e-06
HARBI1,5.0817959607259775e-06
PSMD8,5.075080767046784e-06
DCAF5,5.07097256369677e-06
USP2,5.048103897518306e-06
TXNDC9,5.0352916980031815e-06
TCAF2,5.009794978031493e-06
MPI,4.9570511165677955e-06
PGM2,4.914491857789868e-06
NDUFB4,4.9013271091483425e-06
ABHD17A,4.894704914530926e-06
RHBDL3,4.809074781537405e-06
ADAR,4.780026538536444e-06
ANGPTL4,4.770070097047216e-06
ABHD6,4.7604918471513954e-06
UGT1A1,4.757070556111308e-06
KLF2,4.755550605450859e-06
CPPED1,4.7378860351236366e-06
ZDHHC11,4.733090622849425e-06
DERA,4.730746691448534e-06
TAGAP,4.69562723216117e-06
PRRG1,4.691321329122029e-06
WT1,4.670508661274296e-06
SH3GL3,4.660106634420945e-06
PLIN5,4.643955198640914e-06
HIP1R,4.556650467747101e-06
OTUB2,4.555000266902481e-06
MIATNB,4.513329009095103e-06
ERCC1,4.504468753685669e-06
STRIP1,4.445212620075049e-06
CYP3A7,4.369865081196026e-06
ZNF99,4.357925544294278e-06
IL19,4.326515695488095e-06
GFOD1,4.325023710166809e-06
VSIG10L,4.309579556161927e-06
DIPK1B,4.285643382325559e-06
DUSP11,4.26627048223296e-06
PDE4A,4.216914251738009e-06
ZNF81,4.209482760031661e-06
CABCOCO1,4.1926824623134986e-06
TMEM126A,4.18831525827587e-06
TMEM181,4.184833695625633e-06
IL17RC,4.171461412206585e-06
C5orf47,4.155434407714151e-06
F11,4.153747105314727e-06
ADO,4.142743621834728e-06
STK26,4.138215971927059e-06
KHDC4,4.133312548192394e-06
PPP3R1,4.1160259111765155e-06
AMN1,4.108473895034273e-06
ASCC2,4.105727796165797e-06
LRRC74A,4.08953946456167e-06
B4GALNT1,4.084680706039611e-06
CKMT2,4.082044169761435e-06
MOB3A,4.0692246936316575e-06
AANAT,4.0617271852645126e-06
MMGT1,4.040232308534024e-06
TMEM62,4.024034470119469e-06
AP1M1,4.000051275154767e-06
BNIP3L,3.965271414121704e-06
FDXACB1,3.9069660179269224e-06
DHCR24-DT,3.8749146354941165e-06
GBE1,3.867630572199994e-06
RBP2,3.8041585428736235e-06
SUSD6,3.7768339980207488e-06
DNAI2,3.761801056852724e-06
MAPK1,3.7317865712736332e-06
MITD1,3.7309440550324392e-06
PRR26,3.6976034693307966e-06
AF228727.1,3.693978230922344e-06
YTHDF2,3.6811941945541488e-06
PNCK,3.6810042158583795e-06
CDC42SE2,3.6783554043505766e-06
STAU1,3.6633093552261064e-06
EVI2A,3.647744227123214e-06
ATP6V1FNB,3.6332811986420986e-06
TRADD,3.598789020508549e-06
ZDHHC18,3.5949614730387583e-06
LRCH4,3.5948866358844625e-06
COX7B,3.576010725746913e-06
CASC6,3.5582667510856186e-06
IGLL1,3.529684422620059e-06
TPBG,3.5267072873931634e-06
MFSD14B,3.5242484269108096e-06
MIR200CHG,3.4443741359327733e-06
CWC22,3.437111989255432e-06
GOLGA7,3.4263387559730246e-06
MIS18A-AS1,3.424349492842856e-06
CCDC195,3.4201650255880344e-06
MRTO4,3.40901583039206e-06
WASHC5-AS1,3.402464776130285e-06
ABCB4,3.388270485156805e-06
TSPAN5,3.371932527057759e-06
FAM53C,3.368584176037973e-06
EXOSC4,3.3347377405962656e-06
ERP27,3.318871898238256e-06
TMEM158,3.2549320906486486e-06
MYO1A,3.2440352672993735e-06
TMEM272,3.236167474293053e-06
GTPBP10,3.2323496246085804e-06
ATP6V1C2,3.231522943536012e-06
SAMD10,3.1812669128492308e-06
C9,3.175792296256164e-06
NME9,3.165973253496404e-06
EMD,3.15362366723361e-06
GET4,3.1477769636755182e-06
TMEM44,3.1312094196637335e-06
ATP2C2,3.105996863622802e-06
KDM4B,3.099132365225868e-06
SMTNL1,3.088316085948991e-06
RNASE1,3.0681974735510895e-06
ERVK13-1,3.0019538933273017e-06
PRKX-AS1,2.9788495939950884e-06
ZNF585B,2.973187261162043e-06
KIN,2.9526007051169945e-06
IL11,2.9398929606999985e-06
UEVLD,2.9233757534141714e-06
LMNTD2,2.921268668046318e-06
AP001160.1,2.911923113801517e-06
NPSR1-AS1,2.9094542272260857e-06
AP001816.1,2.875310656998574e-06
SMCHD1,2.866818274400003e-06
ITFG1-AS1,2.8611294961383356e-06
STAT3,2.8470331029210984e-06
RASAL1,2.804285219651268e-06
FAM217A,2.761188262225919e-06
OVOL3,2.7118533288023604e-06
ZBTB22,2.7015873374937277e-06
MMP17,2.7003133877541335e-06
LIPE-AS1,2.6922346748499946e-06
TMEM185A,2.6353497584016667e-06
PTPN9,2.6202505414999055e-06
DYNC1LI2,2.5661027189687785e-06
AURKC,2.5639676070707402e-06
PARVA,2.5491529248771128e-06
NOTCH2NLC,2.534976227598735e-06
AP000897.1,2.530765403481934e-06
MED30,2.5133268048528237e-06
CEBPD,2.4964859915000114e-06
C7orf69,2.47769482205429e-06
FAM219A,2.4717351330524786e-06
AP001267.3,2.4638445722063833e-06
EOGT,2.4465880075557737e-06
PPM1A,2.4014286275354826e-06
AP001885.3,2.391105091912516e-06
LGALS8,2.3887263424346894e-06
IDH2-DT,2.3345765708415166e-06
TMEM80,2.249065547422294e-06
ZNF416,2.2319003790094753e-06
C2orf15,2.23070735827991e-06
PSMB8-AS1,2.1973053417570322e-06
MN1,2.1762797781247205e-06
PAUPAR,2.1651637250341647e-06
EDDM13,2.152604266136193e-06
PDXK,2.132109151909429e-06
MRPS18C,2.1209370419010096e-06
POR,2.0952621313791244e-06
NBPF14,2.0900919764678127e-06
WFDC1,2.0884483273000054e-06
KBTBD11,2.0680767777574047e-06
SCAT8,2.0551199768563847e-06
RSPH9,2.042930786505137e-06
ATP6V1E1,2.0395701948989853e-06
AASS,2.0275786617140347e-06
CDK8,2.015798902599999e-06
GLS,1.985620718300004e-06
MRPS14,1.983817943560792e-06
ZDHHC21,1.9745201274729978e-06
MYO7B,1.9643186018999996e-06
SLC39A12,1.921311279799914e-06
AP001767.3,1.9169984516191074e-06
C16orf54,1.887818572936771e-06
AP1G1,1.8702713113001583e-06
MTX2,1.8687496583778749e-06
YIPF5,1.8615163234680373e-06
FASTKD5,1.8593759458337987e-06
FAM228A,1.8380893793538568e-06
AP000697.1,1.8376254481707821e-06
ATP6V0D1,1.7972950313735822e-06
BORCS6,1.740051327076946e-06
AP003068.2,1.7237695462307171e-06
GIMAP4,1.7123554459781689e-06
NDST3,1.6525026848429499e-06
WWC3-AS1,1.64746488015414e-06
PLET1,1.5990711243157124e-06
HIST1H4E,1.549443452144173e-06
AP005131.1,1.5361738826352837e-06
ABITRAM,1.5342924435171217e-06
CHMP1A,1.5090765746573251e-06
FAM76A,1.4872005163098088e-06
SCARF1,1.4868890033693997e-06
RGPD1,1.4839133597340677e-06
NUP50-DT,1.4804559532320178e-06
AF131215.6,1.472202325225469e-06
SCAT1,1.4533626131069071e-06
MKRN1,1.4386497147229526e-06
LRRC37A,1.4276580329123292e-06
SLC25A34,1.394850197968883e-06
NCOA7,1.386532428750404e-06
HTRA2,1.3643263853471947e-06
OPN1SW,1.3259503571634652e-06
EFHB,1.3065020793050586e-06
STAG3,1.3002772960487178e-06
ATP6V1A,1.2901326501103561e-06
C1orf100,1.286809111317782e-06
VCPIP1,1.2765805542032013e-06
SDR42E1,1.2719355638322954e-06
RASSF2,1.2254372912499933e-06
ATG7,1.1982726620829052e-06
SLC9A9,1.1232120869440044e-06
DNAJC15,1.1115875407794033e-06
UBL4A,1.1095192176935445e-06
NT5C1B,1.1048019082308962e-06
ZNF140,1.0387472644104106e-06
BAD,1.0322046732453655e-06
KMO,1.0240551134190282e-06
ATP1B2,1.0238369258055887e-06
PEX13,9.849606268111264e-07
SLC39A13,9.828788387815641e-07
RBFOX2,9.566503869057788e-07
SNAI3,9.262622927621778e-07
ZCCHC9,9.254107665655494e-07
SOX13,8.87730693873594e-07
SLC25A29,8.627050642409978e-07
SNX12,8.434518552583472e-07
HCCS,8.378355477968147e-07
MOSPD3,8.112338002967823e-07
UMAD1,7.857511304479065e-07
FSCN2,7.803383377569565e-07
NAGS,7.745404035103802e-07
GPRIN2,7.623783024218685e-07
LDHD,7.424500865184423e-07
ARPP21,7.312177588047831e-07
SLC35A4,6.894562984416957e-07
MGAT5B,6.841898474112924e-07
TRNAU1AP,6.701280292918855e-07
WBP1L,6.421436114631043e-07
BRINP1,6.151400553180952e-07
TRIM36,5.342669447516448e-07
GRIP2,4.67363575058205e-07
ZNF765,4.49872237214122e-07
GRPEL1,3.789304919828255e-07
PRMT8,3.741118468887048e-07
NUDT12,3.651025416850539e-07
CNIH4,3.5844264369233893e-07
SLC49A3,3.371090374385803e-07
YIPF2,3.3468959545249686e-07
CCDC85C,3.282478252214049e-07
NUDT16,3.2223444077594534e-07
ZNF483,3.0927823508262095e-07
NPR2,2.918939216629405e-07
REPS1,2.6367081552934585e-07
UPK3B,2.5080622566745034e-07
DPP9,2.0333172921908214e-07
CRB2,1.9533037429144024e-07
ZNF649-AS1,1.8898038163694855e-07
TUBE1,1.7649088532324788e-07
C17orf49,1.6658846455968136e-07
SEC62-AS1,1.292687557780108e-07
CD72,1.2781696297877133e-07
TENM3,1.2417291801629843e-07
HAGLR,1.2225442214571225e-07
STX10,8.276294451494152e-08
CD46,4.6845349343422086e-08
ZNF598,4.582137209999782e-08
CLDN11,2.0151921666478357e-08
VGLL4,2.6456895773679576e-09
DEFB1,-5.771961458973535e-09
SAA4,-3.064791162889276e-08
POU6F2-AS2,-6.655536485809414e-08
NECTIN1-AS1,-7.660294770004227e-08
SLC30A9,-7.746684295921346e-08
EIF4E3,-7.886793750814973e-08
ERBB3,-8.149629044999459e-08
MRVI1-AS1,-1.2668696484282396e-07
MYCN,-1.41434438066645e-07
AF001548.2,-1.4246821315167026e-07
CCDC167,-1.5946574701828687e-07
PKD1L3,-1.6104314175636265e-07
DCAF11,-2.0005535262557855e-07
AP005717.1,-2.3954386238382225e-07
RGPD8,-2.4644444983413694e-07
SIRPA,-2.685678087791462e-07
AKR1C2,-2.723786511062881e-07
TXNDC8,-2.880931783323235e-07
UQCRFS1,-3.00143974039171e-07
FIZ1,-3.0507412098852385e-07
MARCOL,-3.0636611751308635e-07
SELENOP,-3.1466313309999703e-07
SRF,-3.764378434219508e-07
SLC1A6,-3.8610442467820187e-07
PHKG2,-3.8849377919824695e-07
AP2A1,-4.0003506174123303e-07
AP5S1,-4.371864357864284e-07
FUNDC2,-4.799231167422125e-07
SPEGNB,-4.913916830007425e-07
CSNK2A2,-4.970282138930533e-07
TMEM191B,-5.140698614955208e-07
TUSC2,-5.148352458405197e-07
MTMR6,-5.273051196074468e-07
NINJ1,-5.495004068568759e-07
DMTN,-5.864709635749732e-07
ABHD14B,-6.104483555633712e-07
MAPKAP1,-6.116878698499996e-07
NOSIP,-6.711991997240368e-07
EPHA10,-6.787058112295438e-07
ZNF304,-7.141828799003733e-07
SLC25A5,-7.30911831533244e-07
GPR55,-7.423101847852878e-07
POU5F2,-7.755138396591529e-07
PPP2R3A,-7.767999953341333e-07
UGDH-AS1,-7.848938005707751e-07
FAM167A-AS1,-7.89664284016002e-07
KIAA2026,-8.04178222327188e-07
SERF1A,-8.406195717159792e-07
SHC2,-8.586326391201102e-07
GAPDHS,-8.676805751165442e-07
POLR2C,-8.689117459738033e-07
TMEM229B,-8.856416007524966e-07
PNLIPRP3,-9.009728442729855e-07
BRF2,-9.048303240274774e-07
DHCR24,-9.18878923090085e-07
SPDYE5,-9.337574204613394e-07
C4orf36,-9.471982861098381e-07
RFTN2,-9.711120462606369e-07
NGB,-9.712564419980375e-07
RANBP6,-9.89912297450268e-07
PHF23,-9.993692946948947e-07
AQP8,-1.0084854453786917e-06
RIC8A,-1.0092067195874063e-06
PACC1,-1.0315040501842384e-06
DNAJC13,-1.0767545567543298e-06
AMMECR1L,-1.0888218509948215e-06
MCF2,-1.0998000214650812e-06
ZFPM2-AS1,-1.1878320907e-06
CHRNB1,-1.1942029760968804e-06
C21orf91,-1.2161382590887022e-06
TRIOBP,-1.2924680018697296e-06
MEGF9,-1.317518263284035e-06
CSRNP2,-1.3959482139918823e-06
PAPPA2,-1.478960069399784e-06
MED28,-1.4827621534199554e-06
ABHD12B,-1.4854223257974449e-06
RAB20,-1.492061786453453e-06
TAS2R4,-1.5172506078947285e-06
PBOV1,-1.5353427650810343e-06
BCL2A1,-1.5891027828768831e-06
PCDHGA10,-1.59635510880389e-06
RNF207,-1.6125471422999974e-06
MARK4,-1.6189063758701847e-06
SLC2A3,-1.651155961859834e-06
ABCA10,-1.6570407983707255e-06
C11orf52,-1.6657217059646895e-06
EIF4EBP2,-1.7241051408104324e-06
GGPS1,-1.740412000308873e-06
MED6,-1.7408432166365e-06
BAMBI,-1.752810823089054e-06
AF117829.1,-1.784559883713766e-06
IFITM3,-1.80607953239033e-06
OCIAD1,-1.8248305221928476e-06
FLNC-AS1,-1.865160117471104e-06
CERNA2,-1.8979256281515692e-06
TRPM2-AS,-1.9038627368971225e-06
YAP1,-1.9042639702499968e-06
CDK5R1,-1.9131012607104627e-06
ZNF148,-1.917017429076454e-06
SYNJ2BP,-1.923074025645892e-06
ZNF256,-1.945051481510206e-06
NECAB1,-2.017492368814263e-06
CLGN,-2.025618501956851e-06
FBXO25,-2.0282250319316483e-06
TBX18-AS1,-2.0674109122503568e-06
C18orf63,-2.074105303708005e-06
KTI12,-2.120461204720282e-06
AFDN-DT,-2.164077190000873e-06
MPP4,-2.1760835570085057e-06
ATG13,-2.2145666226671767e-06
SMUG1,-2.2527948124780553e-06
KIF5A,-2.315834040962939e-06
NUP50,-2.3680546061747777e-06
FAM241B,-2.384458700607843e-06
PPP4C,-2.3864791820197316e-06
CNIH2,-2.3947675911657086e-06
FMO4,-2.416306782325561e-06
GPR183,-2.41981869560289e-06
EBI3,-2.4474079525462224e-06
AP001825.1,-2.462515971134333e-06
ELL2,-2.4845978870999892e-06
INO80-AS1,-2.4886133985179656e-06
HYI-AS1,-2.5043908704274482e-06
FBXL16,-2.507910103568913e-06
DSG1-AS1,-2.525792963094429e-06
FAM153A,-2.5295639526424398e-06
AP001025.1,-2.537389217566786e-06
IL7R,-2.5388467907019606e-06
CLCN1,-2.563989620595278e-06
GAREM2,-2.5702937033618935e-06
OSMR,-2.6118083771999967e-06
HEATR5B,-2.626353150390126e-06
ALPK2,-2.628634752502666e-06
IRS2,-2.6527042748999963e-06
LEMD2,-2.6886863238604523e-06
MRPS10,-2.694119799853692e-06
PLPP2,-2.7125521231944645e-06
CTRL,-2.7276901046649546e-06
NR2F6,-2.730626835949997e-06
EEA1,-2.74590168859332e-06
CD22,-2.7528058751102942e-06
ZNF385C,-2.757049237204084e-06
CPEB3,-2.7825383765509885e-06
ZNF646,-2.807120623566913e-06
BTF3,-2.8265611321976532e-06
MED19,-2.8365471342870425e-06
FBXW5,-2.8450419937059546e-06
EBLN3P,-2.8535870869159078e-06
GABRR2,-2.8546027884732853e-06
FAM168B,-2.8686025453761777e-06
ZNF326,-2.8748970740283353e-06
KIZ-AS1,-2.8827356877990467e-06
MTMR3,-2.906561616170628e-06
SGCZ,-2.906705021918027e-06
ZNF622,-2.9629881532400864e-06
PDCD1,-2.9646647913641603e-06
SLC19A2,-2.968220243245741e-06
JAG1,-2.9952754453192506e-06
TMEM211,-3.0112911422848484e-06
AP002892.1,-3.028466149909084e-06
KLF9,-3.0384894223060548e-06
APC,-3.0452720498733715e-06
MRFAP1L1,-3.0535194611809528e-06
IL5,-3.127233251023351e-06
DNAJC9-AS1,-3.1445068268066753e-06
ATP6V0E1,-3.2285115035408377e-06
XKR3,-3.244103815299996e-06
MEAF6,-3.2483589397887667e-06
TBC1D14,-3.2519748477307204e-06
PIGG,-3.265618357152819e-06
MRPS36,-3.2768461931373657e-06
ZNF669,-3.360654091544279e-06
TDG,-3.3737542318630303e-06
MORC1,-3.3803651401190463e-06
MITF,-3.4217236381103305e-06
KL,-3.508070117191239e-06
SPON1,-3.5493465233791484e-06
MEIS3,-3.570351002438989e-06
DLGAP1-AS4,-3.571347773805859e-06
REEP1,-3.600545716846135e-06
PLAGL1,-3.6026560666893263e-06
PDLIM1,-3.6508184939849916e-06
BTBD7,-3.660454645077012e-06
AP001432.1,-3.675831202180738e-06
FBXW11,-3.67706248443581e-06
KLF7,-3.6793687891216873e-06
NHS-AS1,-3.68954298028293e-06
VPS9D1,-3.7026319352288355e-06
ZNF564,-3.724623770613241e-06
KIF17,-3.7439812387280722e-06
PPP2R1B,-3.764358512171913e-06
PTPRD-AS1,-3.7841016806746864e-06
CTSB,-3.7941001966418817e-06
TMEM263,-3.817755537764291e-06
NRN1L,-3.870490934103549e-06
TRAPPC2,-3.876302649245775e-06
ERICH2,-3.922726758057671e-06
AKAP3,-3.9463289516476654e-06
MPST,-3.950568302316381e-06
ZNF160,-3.959184966766053e-06
PSMD10,-3.9809371501045685e-06
ZNF24,-3.991958319701842e-06
PUM2,-3.999356286042383e-06
ATG16L1,-4.014858724027866e-06
CNOT11,-4.02306452630092e-06
MRPL10,-4.0250400702724036e-06
KANSL1-AS1,-4.030937326918807e-06
COA3,-4.116623247195636e-06
NAV2-AS2,-4.116729969579834e-06
SPSB1,-4.194874525081011e-06
SHISA5,-4.198877656537828e-06
TNFRSF9,-4.2055635769443935e-06
LCMT1-AS1,-4.2103977130279165e-06
KLHDC3,-4.210817168379413e-06
MPPE1,-4.225969282296998e-06
SCN4A,-4.227701257446521e-06
STC1,-4.334205494447748e-06
SCAF1,-4.3483675376462065e-06
CSNK1G1,-4.350356288957841e-06
OVCH1,-4.361146442001027e-06
OR7C1,-4.3947606374189985e-06
ENPP5,-4.407064838001796e-06
TSACC,-4.436854409897521e-06
HSPA1B,-4.461408794260572e-06
SIGLEC9,-4.485221720039576e-06
ASAP1-IT2,-4.494427197269617e-06
AP003559.1,-4.522853990135999e-06
DIP2A,-4.528148892863313e-06
ATXN7L1,-4.537891862049457e-06
TSPAN9,-4.542031155348676e-06
CALML3-AS1,-4.54620754374908e-06
RNF13,-4.556208816281576e-06
SCARNA9,-4.557160254467015e-06
EXT2,-4.570703001200322e-06
MAP2K7,-4.579353884790651e-06
SLC35B3,-4.588053412807253e-06
SLC10A6,-4.660736887815218e-06
TMEM256,-4.679484382129503e-06
PRICKLE2-AS3,-4.6895221399264005e-06
NFKBIL1,-4.701710832353917e-06
SNX16,-4.734771867101172e-06
MOGS,-4.761837228788129e-06
SHISAL2A,-4.76482355296025e-06
NOD2,-4.774467016942594e-06
BLOC1S6,-4.779253883863978e-06
TTLL8,-4.818272565842355e-06
KIF1C,-4.820298523687925e-06
CDK13,-4.82763101362466e-06
C11orf68,-4.833602214415198e-06
DOCK9-DT,-4.841699545727385e-06
DNAJC21,-4.845683342609545e-06
DIRC3-AS1,-4.848663133283377e-06
ELMOD1,-4.875359110102021e-06
COL9A2,-4.885085333155606e-06
CAMSAP2,-4.908624335604613e-06
SRD5A3-AS1,-4.912818225873713e-06
COPE,-4.931835463737399e-06
MAB21L4,-4.962763770633745e-06
CCDC13,-4.973641850988418e-06
DNMT3A,-4.976017995437837e-06
FOXJ2,-4.994071635954926e-06
NDST1,-4.998204903890867e-06
PCNP,-5.00056337002884e-06
AGTR1,-5.012802878724766e-06
VPS26C,-5.015864001722183e-06
AP005136.3,-5.043952100559404e-06
SMIM26,-5.044986861721362e-06
H2AFJ,-5.092289230428309e-06
RMND5A,-5.0977207174645315e-06
ZNF518B,-5.100143787092864e-06
EPC1,-5.102242247809114e-06
VWA8-AS1,-5.1316985573463205e-06
LRTM1,-5.151465773741562e-06
VAT1L,-5.17167183806315e-06
LTBR,-5.176134188040541e-06
NDUFB3,-5.183284430990896e-06
TMEM128,-5.1985258951871205e-06
PAWR,-5.220876759745508e-06
LARGE1,-5.245952216536908e-06
TSTD1,-5.249959439691515e-06
OLFML1,-5.308411363221192e-06
MAF1,-5.325153036412882e-06
ST7-AS2,-5.326067439747755e-06
C12orf40,-5.330664303226148e-06
LCMT1-AS2,-5.40889943959446e-06
SOS1,-5.4128858641781775e-06
CORO1A,-5.427211796636802e-06
G3BP2,-5.4342309451665634e-06
GPATCH11,-5.450693431114785e-06
KLHL1,-5.513606623192376e-06
SCGB1B2P,-5.532794600530328e-06
C10orf25,-5.532936933867991e-06
CBWD5,-5.5661043199896064e-06
MIR193BHG,-5.5670095427e-06
PELI3,-5.57346102218013e-06
ICAM3,-5.578294300939921e-06
GRK5,-5.5866678135191815e-06
NHLRC4,-5.592137931289644e-06
SPATC1,-5.5945064225348795e-06
CCDC89,-5.596289696015036e-06
PAN3-AS1,-5.6234064421930105e-06
FAM200A,-5.635111484132231e-06
PRKAR2A-AS1,-5.657694952516943e-06
PSG9,-5.662126638849771e-06
ITPKB-AS1,-5.667957056541153e-06
ASPRV1,-5.669793465182701e-06
HIST1H3J,-5.687707341595786e-06
TRIM62,-5.731421246638296e-06
CA4,-5.770358659469692e-06
VPS72,-5.780444140943702e-06
CCL28,-5.782378478254254e-06
FKBP14,-5.7885262011321865e-06
HGSNAT,-5.81379696474254e-06
RIPOR2,-5.8241208796000075e-06
SLC16A5,-5.8767337289915465e-06
EPRS,-5.88413683278309e-06
SMC5-AS1,-5.917002388577271e-06
PBDC1,-5.93183564011698e-06
AP000350.7,-5.965133584209403e-06
YWHAH,-5.979154869194656e-06
DNAJB1,-5.980240862199997e-06
DOLPP1,-5.9813622132073e-06
TMEM51-AS1,-5.984546580337877e-06
KLHL41,-5.996015514133379e-06
SOCS5,-6.001939481164741e-06
TNFRSF14-AS1,-6.0148744067479965e-06
EIF4A2,-6.02150408520666e-06
RDH11,-6.045465968932274e-06
C1QTNF12,-6.066715921795099e-06
ASAH2B,-6.073645712668435e-06
ALDH4A1,-6.0818096176883206e-06
BICRA-AS1,-6.102795307320011e-06
OR3A3,-6.113215250974681e-06
ADAMTS16,-6.146321635463856e-06
PJA2,-6.15489591688496e-06
C1orf189,-6.165533685057118e-06
CLN5,-6.182911134193378e-06
LRWD1,-6.298139769136753e-06
FARP2,-6.310168242915068e-06
KCNH1,-6.343313145414367e-06
IGF2BP3,-6.359682407694508e-06
KCNC1,-6.380194511933199e-06
NAP1L5,-6.397766178363316e-06
SNX24,-6.413036181706653e-06
VIPAS39,-6.417625779179682e-06
NACC2,-6.422323253123446e-06
ESCO1,-6.424550805260978e-06
AP001042.1,-6.46744497516412e-06
SLC38A4,-6.480611164656324e-06
CCNDBP1,-6.484653760078585e-06
LURAP1,-6.488355637050664e-06
C2orf16,-6.572477335424611e-06
ZNF252P-AS1,-6.585057874519403e-06
AF111167.1,-6.591129079535164e-06
SPHKAP,-6.6066652642621465e-06
LOXL4,-6.612497574237002e-06
ART4,-6.627050708453827e-06
IGSF5,-6.725474027302842e-06
C3orf38,-6.745397334901164e-06
PHACTR3,-6.747053650347987e-06
NCOR2,-6.747923555900005e-06
SLC25A13,-6.749118412106184e-06
UQCRHL,-6.7575259711449455e-06
MFSD13A,-6.777570759874296e-06
ABHD15-AS1,-6.778966671338913e-06
VMO1,-6.811309170503304e-06
SPRY2,-6.842965149767741e-06
Z96074.1,-6.888519157283988e-06
DGCR9,-6.894889294028056e-06
MAGED2,-6.897116991388909e-06
ICOSLG,-6.897590474595565e-06
SPRY3,-6.913520318015019e-06
C6orf99,-6.925549279867306e-06
KLHL2,-6.9310931948847675e-06
CATIP,-6.94562347361902e-06
MRAP,-6.9466569467485e-06
C8orf82,-6.9738092450950435e-06
PPA1,-6.977152741467045e-06
UPP2,-7.039144053788484e-06
CXCR5,-7.045822836085282e-06
SLC4A9,-7.06811541577839e-06
TTC7A,-7.070222459336012e-06
RBP5,-7.073140368519378e-06
AP001972.4,-7.0835237999281716e-06
U2AF1L5,-7.107368981160632e-06
OR10H1,-7.122678490622017e-06
NPFFR1,-7.165476426082406e-06
ADRB2,-7.183899261746504e-06
ZNF689,-7.196946267986727e-06
SLC2A14,-7.238774035985517e-06
BX284668.6,-7.242353708332911e-06
MBIP,-7.26136880051899e-06
KDM6A,-7.2707618833431684e-06
SLCO1B7,-7.27545550536698e-06
UGT2B15,-7.276483821157553e-06
TUBA8,-7.278155768738185e-06
THSD7A,-7.294750210241055e-06
PPP2R3C,-7.307293544970418e-06
PLA2G7,-7.345618114034412e-06
ZNF787,-7.454577339059254e-06
PSMB1,-7.472522677922826e-06
SMAD5-AS1,-7.477222386353976e-06
DMGDH,-7.4955893656811535e-06
TMEM53,-7.4975139976966444e-06
TRIM5,-7.501722216382039e-06
CARD16,-7.518518021072254e-06
TOR1AIP1,-7.522647098534723e-06
S100A8,-7.527492962547201e-06
SEC16B,-7.540699505340472e-06
GPR20,-7.554636943272725e-06
PDE12,-7.556109845309957e-06
CYP19A1,-7.586233392635267e-06
TBCE.1,-7.601338528747602e-06
BRWD1-AS2,-7.622681415796035e-06
SPIN2B,-7.62366063116807e-06
HORMAD2,-7.640287575889262e-06
CCDC62,-7.661505481270492e-06
IRGQ,-7.669968811234186e-06
ADGRE5,-7.68766313211737e-06
DNM1L,-7.695111962611423e-06
HPS5,-7.716183617724382e-06
GSG1L,-7.716184947322768e-06
KRBA1,-7.731771339799938e-06
AMER1,-7.75816902609689e-06
MFSD5,-7.773355092249641e-06
LCT,-7.796459776179637e-06
PGLYRP1,-7.81625942379713e-06
HES2,-7.858289968757425e-06
SH2D4B,-7.87114643914514e-06
AP003119.2,-7.882175046821375e-06
ARL10,-7.883219609639207e-06
GFOD2,-7.894198886640615e-06
HYAL3,-7.915420232480607e-06
SCART1,-7.95759164183612e-06
WDR45B,-7.968871167999998e-06
NDUFA13,-7.992714223499991e-06
NEXMIF,-7.997995762923294e-06
MAGEH1,-8.011538934746638e-06
ULK1,-8.012851546267802e-06
CNTF,-8.052078009958048e-06
PCDHGB6,-8.07482597168788e-06
WASHC2A,-8.09513349514327e-06
SLC39A11,-8.095881873050004e-06
PPARGC1A,-8.108932517585658e-06
GFER,-8.110450477782364e-06
RSPRY1,-8.127898049411327e-06
AP001437.1,-8.174451255905022e-06
IGDCC3,-8.20129490166919e-06
KDELR3,-8.224279742512015e-06
EIF2S3B,-8.249788812529444e-06
APOC4,-8.28751823257729e-06
SPAG8,-8.290325577316535e-06
ADAMTS17,-8.305576022799997e-06
MCHR2-AS1,-8.311659160196405e-06
MACROD2-AS1,-8.313754126472843e-06
DHX35,-8.365617116492455e-06
C11orf58,-8.374954664386568e-06
EIF2S2,-8.431073881740242e-06
AAMP,-8.444685493310067e-06
CLEC9A,-8.471037696167725e-06
STAT5B,-8.494111116891533e-06
GNAI2,-8.516398426833905e-06
BAIAP3,-8.526350617913456e-06
EYA1,-8.551731693493546e-06
AP005131.3,-8.573581801972568e-06
UPK3A,-8.582218539648224e-06
A1BG,-8.585497647649458e-06
NLRP7,-8.597094320468173e-06
CLEC4A,-8.600326223202795e-06
ARHGEF7,-8.654266114824747e-06
MAP3K11,-8.66184600436946e-06
S100B,-8.679343085586787e-06
AP3S2,-8.70206972677554e-06
KCNG2,-8.707582408762544e-06
PLA2G4E,-8.708073301760432e-06
SRA1,-8.764673210014159e-06
FAM20B,-8.768857809421072e-06
FAM43A,-8.778409525780603e-06
ACTR1A,-8.781047453810598e-06
SLC5A5,-8.806149928337213e-06
MIGA2,-8.828401691832797e-06
GNPDA1,-8.856434670405163e-06
C1QC,-8.875235815775261e-06
NBEAL2,-8.918711654956016e-06
C10orf55,-8.926765244035682e-06
MOSPD2,-8.973426206050057e-06
GJB2,-8.99532105915e-06
DPYS,-9.046871070990225e-06
RNF139,-9.063251106834046e-06
ADAM12,-9.063322636640157e-06
HIPK4,-9.07365929608381e-06
PYGM,-9.077217413672563e-06
CMTR2,-9.093374391535332e-06
TRMT10A,-9.104090601865821e-06
YPEL4,-9.105100905035116e-06
AP000695.1,-9.117209977965043e-06
TSPAN2,-9.12962201146809e-06
PDCL,-9.136038789655285e-06
CABP4,-9.139108716469717e-06
AP000704.1,-9.151090228203877e-06
SLC2A13,-9.155850531029966e-06
SLC4A5,-9.156950198312562e-06
TMEM200B,-9.171687637546588e-06
SLC45A1,-9.18749187256219e-06
BTG3,-9.198444746938553e-06
FAM13A-AS1,-9.2031506399838e-06
FAHD2B,-9.23545475572409e-06
GSTM2,-9.250135652255269e-06
SH3GLB2,-9.2675785807691e-06
ZSCAN32,-9.268198783635958e-06
KDSR,-9.276508233023148e-06
B4GALNT2,-9.336729079387684e-06
TMEM179B,-9.360854801552422e-06
CD163L1,-9.389076350778967e-06
RASGEF1C,-9.395012314700001e-06
PPP1R10,-9.420378849873678e-06
PRDM4,-9.43765052970997e-06
RAB4B,-9.441456776441798e-06
CRNKL1,-9.445892547977112e-06
LAMA1,-9.455458798626247e-06
PKP2,-9.474861788334689e-06
BTN2A1,-9.508991952932878e-06
EAF1-AS1,-9.512858116117065e-06
SUSD5,-9.576560896890172e-06
DNASE2,-9.595162676889326e-06
LDHC,-9.596899964677323e-06
AP006284.1,-9.608042815237602e-06
ST20-AS1,-9.623972927850063e-06
PLUT,-9.629025784119877e-06
EFCAB13,-9.644839999980341e-06
JKAMP,-9.64740060115675e-06
ATG4B,-9.649698016168817e-06
RNASEH1,-9.650942795033545e-06
RAB19,-9.674984314167603e-06
PHF13,-9.720740246211328e-06
WIZ,-9.741383154184403e-06
SKAP2,-9.803551173558936e-06
ZNF226,-9.808465856435986e-06
UBXN4,-9.827984974623222e-06
SPDYE21P,-9.832084483535664e-06
ZNF154,-9.851768042712072e-06
KIAA1755,-9.867130421458808e-06
FGL2,-9.873994723010616e-06
BICRA,-9.877840440158843e-06
ZNF711,-9.96240523872235e-06
ZNF776,-9.969372596383011e-06
NXPE1,-1.0000416801434801e-05
MRPS6,-1.0004645160916965e-05
PID1,-1.0015066934240365e-05
TMEM249,-1.0042248403083567e-05
VSTM2L,-1.004432487886495e-05
CCNQ,-1.0048420414691439e-05
CAMK2A,-1.007957737923246e-05
RBM8A,-1.0095338941440082e-05
CXorf56,-1.0140002771249204e-05
AIF1L,-1.014800937168177e-05
DCTD,-1.0154569343474826e-05
P4HA2-AS1,-1.0179314422133646e-05
MAN1A1,-1.0182433030454076e-05
ANO10,-1.01860711317265e-05
CHCHD10,-1.0192663394558474e-05
KCNJ6,-1.0218452673283853e-05
EGF,-1.0258891745891894e-05
SPDYE1,-1.0263147003124137e-05
NOXRED1,-1.0286030602450876e-05
AP005136.4,-1.0289897169222204e-05
AP000640.1,-1.0294305627189048e-05
NIM1K,-1.0311235361515513e-05
CYP2E1,-1.0391927765265904e-05
PSMG3-AS1,-1.0411640043373435e-05
PSMD6-AS1,-1.0413332915965229e-05
SSH3,-1.0413981013432283e-05
HSPA12B,-1.0462396517226326e-05
MPEG1,-1.0475134750118548e-05
CDO1,-1.0483697146592024e-05
POU2F2,-1.049617792064481e-05
YY1AP1,-1.0509496194097473e-05
PAPOLA,-1.0529172186765643e-05
BCKDHA,-1.0538911805674641e-05
NECAP1,-1.0576190384763095e-05
NOL4L,-1.0579504157721787e-05
TMCC2,-1.0583484838838302e-05
ACOT6,-1.0603377740897254e-05
KIAA0556,-1.0616910611503036e-05
MIR99AHG,-1.0634458719129972e-05
NXT2,-1.0661629572851529e-05
CCDC51,-1.0682051187300587e-05
MYOZ2,-1.0686104592637146e-05
PDRG1,-1.0690829112290303e-05
DGUOK,-1.070715036737633e-05
UNKL,-1.0724580747989636e-05
ALDH9A1,-1.0729754627894903e-05
TEKT3,-1.0762258651505119e-05
GDF7,-1.0793215254401529e-05
PRMT2,-1.0798467283556947e-05
RC3H1-IT1,-1.0814763988840609e-05
POP7,-1.0843727528450215e-05
GRAMD4,-1.0867328478263838e-05
CYB561D2,-1.0873482689435086e-05
PSD4,-1.088486203044972e-05
HNRNPH2,-1.0891340799456341e-05
HORMAD2-AS1,-1.0914421307826655e-05
ACOT7,-1.0917981316050003e-05
TMEM184C,-1.0952410036664659e-05
SAMMSON,-1.0953952784483194e-05
NANOS3,-1.0967249491088916e-05
SFTA3,-1.0988065209861186e-05
IZUMO4,-1.1020767990317767e-05
APOBR,-1.1037223524602552e-05
HSPA14.1,-1.1047295555202444e-05
MSX1,-1.1050424278029082e-05
ZNF641,-1.1054859384244e-05
CDC42BPG,-1.1070283812764911e-05
SSPO,-1.1072142194295548e-05
TMEM173,-1.1079518814850002e-05
ADAM23,-1.1096528104119783e-05
SLC23A1,-1.1103993830934632e-05
CHRFAM7A,-1.111290368231626e-05
SDE2,-1.1138544916668992e-05
TMEM130,-1.1147001065873006e-05
HSPB7,-1.1149746266108674e-05
CCR6,-1.1161654995845829e-05
CLECL1,-1.1163550234922283e-05
COMMD9,-1.1164033872349743e-05
GALNT15,-1.1170628346850174e-05
TOP3B,-1.1170747974849912e-05
C19orf73,-1.1192271814301682e-05
MLC1,-1.1198707595953717e-05
CLRN1-AS1,-1.1200609624790223e-05
FO704657.1,-1.1216797627280658e-05
LAMP3,-1.125813861228338e-05
SLC2A1-AS1,-1.1265610877885333e-05
RGPD3,-1.1270456911192735e-05
UNC13B,-1.1278436152826338e-05
PTEN,-1.1292081498799215e-05
PCA3,-1.1336400816478035e-05
TCP10L,-1.1360687083784434e-05
TACR3,-1.136305416882144e-05
LRRC4B,-1.13761474980243e-05
TRAPPC4,-1.1387198970994838e-05
RHOBTB2,-1.1416817098222586e-05
LYPLAL1-AS1,-1.141693588062155e-05
PEX11A,-1.142714422271831e-05
SLC22A4,-1.144007612488443e-05
ALOX15B,-1.1453835816565173e-05
FXYD2,-1.1470045215974496e-05
ARRDC5,-1.147386041041506e-05
LDLRAP1,-1.1499028319956317e-05
RHAG,-1.1506947235523403e-05
CYP11A1,-1.1533332599331036e-05
MAPKAPK5-AS1,-1.1539698080041712e-05
NTNG1,-1.1548137344225935e-05
HHIPL1,-1.1552904356203663e-05
SLC6A13,-1.155463546858066e-05
MFAP3,-1.155672536370137e-05
PLEKHF2,-1.1579121248286992e-05
HIST1H2BF,-1.1589616894066432e-05
NGDN,-1.160605261381881e-05
TESK1,-1.1628766490853416e-05
RRAGB,-1.1644905250718975e-05
DIS3,-1.1651200296122486e-05
NAV2-AS3,-1.169943349312521e-05
COPS5,-1.170331845737832e-05
CRIM1-DT,-1.1717117317470984e-05
CSNK1E,-1.172333319775e-05
CRIP3,-1.172404593223471e-05
SLC6A9,-1.1732778657789006e-05
TBPL1,-1.1735664625119709e-05
NOTCH2NLA,-1.175478541334761e-05
PAQR6,-1.1754924286793366e-05
CXCR4,-1.1757365895829866e-05
PDE4D,-1.1784968086400006e-05
LNPK,-1.182595332830237e-05
HSD17B14,-1.1843573209061349e-05
ERICH6B,-1.1858625143682992e-05
PSMC2,-1.1884362100040707e-05
ALX4,-1.1886499456122725e-05
KLHL24,-1.1889846178310225e-05
ERF,-1.1911444068471202e-05
METTL18,-1.1914325988843405e-05
FRMD6-AS2,-1.1940678380026386e-05
AF038458.3,-1.194429808059377e-05
TMEM252-DT,-1.198704624275358e-05
SUN3,-1.1995302222773659e-05
BABAM2,-1.2004514970508065e-05
SMIM20,-1.2032608829569517e-05
UBE2L5,-1.2065595281398689e-05
ECHDC3,-1.2071619467109422e-05
EPHA5,-1.2087632771473224e-05
TMPRSS11A,-1.2089548281879088e-05
ZNF330,-1.2095035977205212e-05
CXorf40B,-1.209622625075153e-05
TSR2,-1.2145611614760206e-05
SH3BP5,-1.2160687011041869e-05
BAIAP2,-1.2181432247713946e-05
CHST6,-1.2193193861857663e-05
TTLL13P,-1.2218901921463428e-05
TRIP10,-1.2238304367317917e-05
SRPRA,-1.2270784580137772e-05
TERF2IP,-1.2281475804722865e-05
STEAP1,-1.2304116883640078e-05
CIPC,-1.2312722454571253e-05
C18orf25,-1.2348178130032064e-05
TRIM58,-1.236312491777565e-05
ABHD16A,-1.237493139223797e-05
DCTN5,-1.2379884047992791e-05
EEF1A2,-1.2431212172630068e-05
RAB11FIP2,-1.2440338312462694e-05
ZNF619,-1.2444302774129071e-05
CCDC152,-1.2446250663899169e-05
ISOC1,-1.2449273003328139e-05
VGLL3,-1.2461318758237506e-05
WDR20,-1.2476817737282543e-05
HSD17B1,-1.2508779464537748e-05
GPS2,-1.252342969442442e-05
ELSPBP1,-1.2552356657823102e-05
BMP8B,-1.2556152972722878e-05
FBXL15,-1.2562387635519162e-05
ATP2A1,-1.2606859331046672e-05
TEX48,-1.2619678985735104e-05
FLVCR1-DT,-1.2621762257773103e-05
HUS1,-1.2634333608261975e-05
HAS2,-1.2652104318219773e-05
AP001001.1,-1.2655215377801795e-05
DBI,-1.2669995938910847e-05
PCDHGA11,-1.2670907266325712e-05
CCDC50,-1.26941753069883e-05
FLCN,-1.2694365721860267e-05
CHTF8,-1.2698175323912185e-05
RRAGD,-1.2706623724678793e-05
LDLRAD2,-1.2726194496484188e-05
SWSAP1,-1.2737926519332287e-05
SNAP25-AS1,-1.2744821429352291e-05
ZNF492,-1.2778706445739931e-05
TRAPPC13,-1.2795126873729893e-05
DNAJC6,-1.280782481066512e-05
CD3G,-1.2813242197715407e-05
SLC25A20,-1.2830484091061408e-05
GOLPH3L,-1.2841057524384224e-05
HIPK1,-1.284746967226341e-05
FAM89B,-1.2853277195360707e-05
RAI2,-1.2878817913740677e-05
FAS,-1.2898588376434512e-05
ZC3H11B,-1.2923983440809504e-05
SPOCD1,-1.2955123185405687e-05
RNF170,-1.296708342055823e-05
PPFIA4,-1.2971687235574853e-05
SPATA41,-1.2975474946372421e-05
TNR,-1.2988636002566128e-05
TBC1D8-AS1,-1.2996887060361501e-05
TAS2R31,-1.2999845076799553e-05
ZBTB46,-1.300209121926483e-05
C17orf113,-1.3014267206557153e-05
ANKRD53,-1.3031814889067614e-05
ADAM10,-1.3033037814070823e-05
EBF3,-1.3067731636665945e-05
GSPT2,-1.308458160839964e-05
ZBTB5,-1.3106479223512723e-05
METTL14,-1.3121461863273553e-05
CA13,-1.31229395271e-05
ATCAY,-1.3124399119882799e-05
FLRT3,-1.3127935722100008e-05
HIST1H4H,-1.3128039424089668e-05
CSF1R,-1.3147810257412097e-05
AKR1C8P,-1.3150662785370794e-05
ZNF581,-1.3157834079677338e-05
VPS35,-1.3194428764470552e-05
KIF26A,-1.3224921409042695e-05
LETM1,-1.3257127666477918e-05
BDKRB1,-1.3289613656569384e-05
NEDD4L,-1.3301774468999999e-05
RARA,-1.3310985247915963e-05
COX5A,-1.3315987151275457e-05
MEIKIN,-1.3323037135230679e-05
VPS25,-1.3350922540458142e-05
ANKS4B,-1.3376124915491893e-05
FSIP2-AS1,-1.338607985434556e-05
FAM162A,-1.3431711899565421e-05
TIGD5,-1.3509444131849123e-05
CAMSAP3,-1.3515943112361727e-05
ADPGK-AS1,-1.353621588378122e-05
SLC25A53,-1.3550447536193193e-05
SRPK1,-1.357229612097786e-05
RNF115,-1.3581110918445162e-05
HDC,-1.3636241610922004e-05
MEF2C-AS2,-1.3642661512327235e-05
RGL2,-1.3643604775456127e-05
DAO,-1.372025236746041e-05
C1orf56,-1.3725748229524884e-05
PRG4,-1.3725796424234402e-05
DANT2,-1.374297586965204e-05
AP000866.2,-1.3752036107434654e-05
RNF208,-1.3752318225841689e-05
MEMO1,-1.3775164677667772e-05
LPGAT1-AS1,-1.3786184236060173e-05
MIR3659HG,-1.3798858729026983e-05
PACERR,-1.3812789704654045e-05
SYT8,-1.382792012594797e-05
SRRD,-1.384091760270903e-05
YY2,-1.3854994432584474e-05
FRY-AS1,-1.3862065900508951e-05
CSPG4,-1.3894279219302559e-05
PSMC1,-1.3908518245458815e-05
FNDC5,-1.3913899014132097e-05
CA6,-1.3940287916530808e-05
UBXN1,-1.3946894893686736e-05
PHKA1-AS1,-1.39567353965454e-05
CBLL1,-1.395777120776246e-05
CDK9,-1.4011876546112517e-05
SNAP25,-1.4016541494631458e-05
TM9SF1,-1.401817453641233e-05
KCNK13,-1.4044662596099248e-05
GFPT2,-1.4050629280778083e-05
SSR1,-1.4076442469645369e-05
RAB3IL1,-1.4086504369665311e-05
NKIRAS1,-1.409719279439749e-05
COCH,-1.411315118791029e-05
TMLHE-AS1,-1.4145544166609743e-05
PKD2L1,-1.4180755376669861e-05
CPEB2-DT,-1.4182462358077755e-05
MRPL20-AS1,-1.4196019733706083e-05
SATB1,-1.4209346844088988e-05
CFAP52,-1.4214286607684759e-05
APOB,-1.4223986065398777e-05
HES1,-1.4231660795546898e-05
FOXO4,-1.4238366886473247e-05
MMP14,-1.4244692433844905e-05
MFSD2B,-1.4283172948582798e-05
MRPL43,-1.4340409352270842e-05
GPC1,-1.434558626609908e-05
LPAR5,-1.4353686523280112e-05
HSPG2,-1.435428272250828e-05
ERAP1,-1.4354355589480202e-05
SDC1,-1.4360276057799997e-05
RASAL2-AS1,-1.4417594357616691e-05
ATF6,-1.4459056451218727e-05
AP003066.1,-1.4477063209207817e-05
UCK1,-1.44911972482379e-05
RCAN3AS,-1.4492417804117962e-05
KCNC4,-1.4506220687462477e-05
KEL,-1.4547463136245017e-05
RPP14,-1.4550200876563094e-05
RGS2,-1.4593527116815182e-05
LAMC1-AS1,-1.4608752147884902e-05
ANKRD45,-1.4688158281531928e-05
MFF,-1.471389972064777e-05
THEGL,-1.4726592008311084e-05
GDNF-AS1,-1.4751363314003616e-05
RING1,-1.4752629913848403e-05
APBB2,-1.4752863233600009e-05
NEPRO,-1.4805415808185407e-05
LAP3,-1.4809482083016293e-05
MARCH8,-1.4810509469026911e-05
CSF2RA,-1.4813585758464879e-05
PAK2,-1.4815188672407185e-05
GRPEL2-AS1,-1.4822021114195737e-05
FYTTD1,-1.4835085860669727e-05
PODN,-1.4846005906004032e-05
VWDE,-1.4849534943018138e-05
NPR3,-1.4862647814855617e-05
UPK3BL2,-1.4867849027373932e-05
RRBP1,-1.4886664873203825e-05
LNPEP,-1.4903082025542814e-05
SCAMP4,-1.4904948362556425e-05
RNF113A,-1.492989420551469e-05
AP001885.2,-1.4938695417176254e-05
ELMOD3,-1.4953467689221004e-05
SRD5A1,-1.4967966297376937e-05
MED18,-1.4983996002458222e-05
ASPG,-1.499590397324405e-05
SCYL1,-1.5008782429432052e-05
CHD5,-1.5010468929203707e-05
SPCS2,-1.5018855853325577e-05
MAP3K7,-1.50476788792779e-05
AP000757.1,-1.5085361741106042e-05
TMC4,-1.5106180602514113e-05
GNL1,-1.5124294305124707e-05
NLRC4,-1.5127407043675966e-05
DCAF8L2,-1.5137108034372295e-05
CASTOR1,-1.5145022964400607e-05
RSF1-IT2,-1.51516290023133e-05
AP002748.4,-1.5163539242250723e-05
AP000345.2,-1.5167468816337782e-05
SFRP1,-1.5177025540745417e-05
FGF10,-1.518158972872518e-05
SMIM10L2B-AS1,-1.5187245103959155e-05
TDRD6,-1.5209683896081357e-05
KALRN,-1.5243657311495652e-05
RWDD2A,-1.524512506807989e-05
C10orf88,-1.5249088267835396e-05
NCF2,-1.5259196966226512e-05
SGSH,-1.527585276210377e-05
FITM1,-1.527663542627998e-05
BACH1-IT1,-1.5280033888932702e-05
DEFB131B,-1.533127347361984e-05
FAT2,-1.5345949117838572e-05
LMX1A,-1.536270440052563e-05
AP1S1,-1.5376728348043214e-05
IL31RA,-1.5392547769313802e-05
TEKT1,-1.539910067680689e-05
HLA-F-AS1,-1.5427099203987852e-05
ETFB,-1.5456420991164874e-05
GZF1,-1.5462118010018487e-05
URB1-AS1,-1.5520128078981317e-05
ZNF578,-1.5524149361003843e-05
CAPN12,-1.553075722693811e-05
TOM1,-1.555042350714914e-05
TTC33,-1.5550859864389216e-05
GPX2,-1.5580278961099998e-05
LSM10,-1.5585670893728444e-05
NXPH1,-1.559145619752246e-05
DISP3,-1.5601137822809475e-05
HAS2-AS1,-1.5675990873068178e-05
MRPL54,-1.570634585984152e-05
AP004609.3,-1.570676539710621e-05
LRFN4,-1.5744020756506394e-05
ODF3B,-1.57519775508328e-05
NAXE,-1.575717619235015e-05
ZNF341-AS1,-1.582327733253674e-05
ANKDD1B,-1.583634712110706e-05
CFAP57,-1.5863180672903817e-05
ZNF350-AS1,-1.5887087281388645e-05
SH3BP4,-1.589896193820646e-05
CNEP1R1,-1.5909788367318404e-05
ASAP1,-1.5933006235720787e-05
PAPOLG,-1.5933494015543982e-05
DPF1,-1.5933619384299063e-05
ZNF780A,-1.5997812558964073e-05
MTCH1,-1.6031573761460577e-05
PSMB4,-1.606354815535431e-05
CACNB3,-1.6101120057494125e-05
ADIPOR1,-1.612065016429271e-05
RPN1,-1.6155571235219974e-05
BBS12,-1.617230965395217e-05
SLC51A,-1.6218944568609906e-05
MAGI1-IT1,-1.6239147788333564e-05
ING1,-1.6264758742745863e-05
DNAI1,-1.632392697775187e-05
CAVIN2,-1.632521084986926e-05
AMPH,-1.6353608227837925e-05
ZFAND1,-1.635464769838016e-05
NBR1,-1.635537027348625e-05
DAPK2,-1.639161505061798e-05
C2orf88,-1.6429898624823196e-05
GASK1B,-1.6433660878857244e-05
SAP30,-1.6440381092729766e-05
TNFRSF10C,-1.6456127128625233e-05
ZNF414,-1.6467893801774987e-05
ISM2,-1.6472013125695925e-05
MFN1,-1.651034979133066e-05
LIPK,-1.6524667002811036e-05
DCUN1D2-AS,-1.655002730852702e-05
LRG1,-1.6554687009739365e-05
PRR4,-1.6561080371180522e-05
IFITM10,-1.657186622389721e-05
MCTP2,-1.6593366778825158e-05
MYO16-AS1,-1.6595151946690388e-05
ZNF630-AS1,-1.660024539955291e-05
CRY2,-1.6623127458225814e-05
GHR,-1.6653429503838417e-05
KPNA6,-1.6688995682704278e-05
RTKN,-1.670638378287823e-05
Z97192.1,-1.670919548510509e-05
ZNF324,-1.6719703271435215e-05
ZNF384,-1.6730038220509606e-05
CELF2-DT,-1.6745754776196326e-05
GPM6A,-1.6761017832246792e-05
CMC4,-1.677662816734337e-05
L1TD1,-1.6799992420359975e-05
RBM34,-1.6806129759570278e-05
WDR55,-1.6814599175915252e-05
FSIP1,-1.6874668608078246e-05
CHRNA6,-1.6879628920963145e-05
FBXO41,-1.6879645852598794e-05
RFX3,-1.6924517250380236e-05
TMEM251,-1.6926687169365596e-05
SNX15,-1.693675067310028e-05
TBX19,-1.6943244339299475e-05
CH25H,-1.6959999151327373e-05
TMEM120B,-1.6995678726926315e-05
AHCYL2,-1.7005028836771025e-05
GNRHR,-1.7009705890662877e-05
ZNF561-AS1,-1.7022189878623543e-05
DYNLRB2,-1.7047872064328286e-05
SLC49A4,-1.7059964880896776e-05
GRK7,-1.706114546686226e-05
PLCD1,-1.708886345971917e-05
FAM229A,-1.7090573944739385e-05
TRIP6,-1.710041592948054e-05
MT1A,-1.710944405322117e-05
CPNE8,-1.7119243355743153e-05
XK,-1.716698259026153e-05
CNDP1,-1.7174447120528118e-05
WDR83OS,-1.720546297904509e-05
HDGF,-1.7210392718869217e-05
TMEM212,-1.7217777191755466e-05
LBX2-AS1,-1.7220800262537072e-05
CCSER1,-1.7224206002506255e-05
ZKSCAN3,-1.7251101849240984e-05
RBPMS-AS1,-1.7254614113755062e-05
EIF5AL1,-1.7272817181842857e-05
HFE,-1.727311765784094e-05
TIPARP-AS1,-1.7282383704581632e-05
ZSCAN29,-1.728394127581728e-05
CNGB3,-1.730173236052234e-05
EMC6,-1.732185948102715e-05
MADCAM1,-1.7331460983306256e-05
MPP7,-1.7355243670055845e-05
R3HDML,-1.7375958439686315e-05
TTC39A-AS1,-1.7387202967278148e-05
SIRT1,-1.739579327766712e-05
B3GLCT,-1.742216446841615e-05
SLU7,-1.7423848317152082e-05
CYB561D1,-1.744012433155398e-05
NUB1,-1.7456249212658732e-05
JMY,-1.7464826265907454e-05
SPAG5-AS1,-1.7473523631543562e-05
RHD,-1.7476348305810914e-05
AD001527.1,-1.7511008242179385e-05
MRPL22,-1.7512839609731503e-05
CTIF,-1.7529913453785757e-05
ZNF426-DT,-1.7556455165175264e-05
OXSM,-1.7566696215756325e-05
HERPUD2,-1.7602201420758312e-05
ABCA9,-1.7607290442392765e-05
ZDHHC11B,-1.761615550100494e-05
ACOT8,-1.7629089583580405e-05
PLCB3,-1.7629521828951357e-05
BSN,-1.7642725201495543e-05
PLCD4,-1.7721277623200808e-05
SORD,-1.7724435959170577e-05
HSBP1,-1.773704602394412e-05
SLC52A1,-1.776161340304992e-05
AP002336.1,-1.7766833798345837e-05
LSMEM2,-1.7798368495431097e-05
CAPN10,-1.7799137566165473e-05
SLC25A30-AS1,-1.780866063900766e-05
PAX7,-1.784133967343791e-05
AP002762.3,-1.7853167504439013e-05
CSGALNACT2,-1.786553909857526e-05
DDX59-AS1,-1.7876914781738918e-05
MIP,-1.7879801462344464e-05
PAQR3,-1.7885452413354903e-05
ZNF799,-1.7907202930254665e-05
NFE4,-1.7920810378924028e-05
PLCE1-AS2,-1.793598794559579e-05
ZNF554,-1.7952692254094963e-05
GBP4,-1.7988010502987685e-05
LPAR2,-1.801016228204113e-05
TNNC2,-1.8025819211449654e-05
COMMD6,-1.8031348113920682e-05
HHIPL2,-1.8034494277272212e-05
ZNF57,-1.8049645957291118e-05
FUT8-AS1,-1.8072186865866482e-05
SUPT4H1,-1.8123652173241344e-05
CMC1,-1.8167547544088134e-05
SLC27A6,-1.816925156368195e-05
SUPT7L,-1.818333107364781e-05
FAM186B,-1.8195919980373065e-05
INE2,-1.821826056705016e-05
TMEM217,-1.8244755715499575e-05
RNF185,-1.828926913940703e-05
SLC14A2-AS1,-1.8303900290371262e-05
ENOX1,-1.834704010279514e-05
WIPI1,-1.8391625938252206e-05
RDH12,-1.8397053793543103e-05
UBE2K,-1.8448763410739406e-05
RABGAP1L-DT,-1.8451180838468796e-05
SATL1,-1.8452469552904607e-05
SLC22A5,-1.8468020522951238e-05
ALDH3A2,-1.8482461197451035e-05
ALG1L2,-1.848614795589512e-05
Z99572.1,-1.8489696844436428e-05
CTBS,-1.8507416104199603e-05
CRISPLD1,-1.8516255353277955e-05
CYBC1,-1.8525265254612335e-05
ZBTB48,-1.855880418041116e-05
TNFAIP8L2,-1.8564426071461906e-05
C16orf91,-1.8567709436444466e-05
OGT,-1.8572610274599997e-05
MOB4,-1.861153534256906e-05
SCN1B,-1.8644404279550002e-05
RBM15B,-1.8647709923781734e-05
SURF2,-1.8656695080024115e-05
TM4SF19,-1.865708415728995e-05
C1orf74,-1.86573186263283e-05
AP000708.1,-1.8658944067712873e-05
TMEM150A,-1.8660547770128143e-05
ISL2,-1.866708845848228e-05
ZNF425,-1.8667967914673232e-05
WSCD2,-1.869033213259901e-05
PLXNA1,-1.8690605700439175e-05
SLC34A2,-1.8724123885872297e-05
FZR1,-1.8733003180870682e-05
AQP9,-1.8735681746713074e-05
DDI2,-1.8740528408526224e-05
TMPPE,-1.8748562531544225e-05
F12,-1.8768650355571917e-05
NMT2,-1.8775916552712574e-05
MAPK8,-1.8778070835718983e-05
FBXO34,-1.8799067962550004e-05
SLC24A2,-1.880220405706734e-05
GOLGA5,-1.88039232230654e-05
CR1,-1.8820709045423665e-05
ZNF320,-1.8853467616758185e-05
CA1,-1.8856920634298055e-05
PLEKHH2,-1.890313969651528e-05
LOXL3,-1.890625951847811e-05
RASL12,-1.8909606248697122e-05
IGBP1,-1.8917502994342167e-05
ZFHX2-AS1,-1.892551941245773e-05
CLIC2,-1.892749843562076e-05
PDCD4-AS1,-1.893926550152639e-05
SPATA22,-1.895278127680719e-05
NCF1,-1.8955091591352565e-05
CHMP4A,-1.8960523538033226e-05
CDR2L,-1.8981147747290778e-05
KLRC3,-1.8986816158768414e-05
ALDH8A1,-1.8995915074089586e-05
ZNF723,-1.9069692412888344e-05
RBM22,-1.907030309866474e-05
KCNIP2-AS1,-1.908472489134106e-05
AARS,-1.918725034594192e-05
KLK14,-1.9207494769699946e-05
PSMD13,-1.92161954807224e-05
GNA14-AS1,-1.9230494193226574e-05
FAM118B,-1.9249851524572864e-05
CXorf21,-1.926723661669521e-05
CPA4,-1.9298651629317553e-05
NBPF12,-1.9327773382332906e-05
ADCY2,-1.9329262293721174e-05
FAR1,-1.9346522103569312e-05
CDC37L1-DT,-1.9363489396855914e-05
LENG1,-1.9379857446351858e-05
ANKRD34A,-1.940190175208392e-05
CHM,-1.9412938043627796e-05
PLIN4,-1.9418930502877457e-05
GSG1L2,-1.9423425188943346e-05
NBPF19,-1.9440782329028613e-05
SPDYA,-1.945794427561911e-05
TMPRSS15,-1.94660136912874e-05
THSD7B,-1.9535472528793958e-05
DIO1,-1.953998309525494e-05
SPATA9,-1.954544130919315e-05
DOK7,-1.955337937051584e-05
AP000936.1,-1.956220418575055e-05
UBQLN1,-1.9565056815434054e-05
SMIM29,-1.9576499704544803e-05
HCN3,-1.9613003995741756e-05
AP001972.3,-1.9615749213545053e-05
ZYG11A,-1.962423264988294e-05
ZNF19,-1.963692195835974e-05
CCDC71,-1.9654107849461165e-05
C15orf62,-1.9706914557154696e-05
LHFPL4,-1.9741364810916572e-05
METTL27,-1.9744534077896477e-05
U91328.1,-1.975239204748564e-05
GCAT,-1.97557811435578e-05
GAK,-1.9756387527450002e-05
CTSO,-1.9763183031370832e-05
BLOC1S2,-1.9775255025150384e-05
KATNA1,-1.9779780420889874e-05
CU633967.1,-1.978737751493174e-05
TH2LCRR,-1.9793813051419524e-05
LIPC,-1.9839651569413137e-05
RNH1,-1.985724798559082e-05
POU2F1,-1.986512063612478e-05
MPZ,-1.9866412693149995e-05
ANKRD65,-1.98771606293504e-05
PHKA2-AS1,-1.991197163400235e-05
STC2,-1.9918547661709332e-05
SLC35A3,-1.9922583420861555e-05
SYNPO2L,-1.9924560405020967e-05
TP53RK,-1.9933916941095908e-05
ALOX5,-1.9946958228905737e-05
ZNF586,-1.9950066231875748e-05
LEFTY1,-1.998102317784791e-05
ZNF655,-2.0027424235650004e-05
MTDH,-2.003648539454997e-05
HAVCR2,-2.003665691211977e-05
RCC1L,-2.0046621756361654e-05
SNX22,-2.0046653228461947e-05
HOMER1,-2.004931294557547e-05
SAR1A,-2.0059877959160897e-05
PLPBP,-2.0084491092114575e-05
EPHA1-AS1,-2.0085821442338726e-05
TCEANC,-2.008838447348699e-05
GIPC3,-2.0089409214320507e-05
SP3,-2.0105027752150107e-05
PRMT9,-2.0184445245936734e-05
PIK3C2G,-2.020965263174416e-05
TMPRSS9,-2.0210542851490696e-05
EFNA4,-2.021655989965618e-05
AP001574.1,-2.022830885177787e-05
AP003170.3,-2.022982804371882e-05
PYGB,-2.024406722360942e-05
SEPTIN3,-2.0249166877904536e-05
PPP1R26-AS1,-2.025917398888387e-05
ADGRB3,-2.0277880331310124e-05
CBWD3,-2.0292757535857426e-05
SMIM30,-2.029280662287171e-05
RELL2,-2.030348846201467e-05
SLC66A1L,-2.031220301934184e-05
GLTP,-2.0314381833356677e-05
CPLX1,-2.0331272435449345e-05
GADD45G,-2.0331863493048368e-05
SLC25A44,-2.03358311574544e-05
SELENOF,-2.0360755159718708e-05
CBX8,-2.0379484461813794e-05
TUBB1,-2.038829235865603e-05
UBXN7,-2.0418426780393442e-05
ZNF484,-2.0463750127854093e-05
EXOC8,-2.0469534651544883e-05
IL5RA,-2.0511248005128438e-05
MAPK8IP1,-2.0516038543260446e-05
LRIG2-DT,-2.0517723233054097e-05
RFPL1S,-2.052010777681132e-05
CTSA,-2.05212798660891e-05
C11orf45,-2.0546037627257534e-05
GIMAP2,-2.055296847295995e-05
U91328.2,-2.0556148567926026e-05
ADPRH,-2.0556413705403334e-05
TTPAL,-2.058876741887209e-05
AP000266.1,-2.059020881013003e-05
EFCAB6-AS1,-2.0595565871790068e-05
CCDC106,-2.0600247535848264e-05
KLHDC8A,-2.0610821907084165e-05
C16orf71,-2.061100582101207e-05
ARFIP2,-2.0619642767522195e-05
KBTBD11-OT1,-2.0626803160169118e-05
CAMTA1,-2.065830641567653e-05
FAM3A,-2.0671369963571147e-05
KCTD7,-2.0710172470001066e-05
ADCY10,-2.0734627196179505e-05
WDR82,-2.079966720207128e-05
MAT2B,-2.0834471320203187e-05
MGAT4D,-2.08688609482568e-05
SLC25A3,-2.0877324077896822e-05
SCN7A,-2.0898368650325648e-05
TMC5,-2.0907419696249998e-05
GML,-2.0914243014011343e-05
LRRC57,-2.0916464449523994e-05
ARHGAP1,-2.091973779720292e-05
KCNG1,-2.0936769315301012e-05
METTL6,-2.0944812668364245e-05
ARMCX1,-2.0952201941412935e-05
ZNF490,-2.098443956426186e-05
ZNF426,-2.1067010043045338e-05
TACO1,-2.1078175752364523e-05
TSPO,-2.1125097074828277e-05
MYOZ3,-2.1152577326529827e-05
LTB,-2.1166494176247846e-05
ETV2,-2.1180340072517137e-05
MEIOC,-2.119339685431006e-05
AP003352.1,-2.120426807761732e-05
GHET1,-2.1209706910589405e-05
ADGRL3-AS1,-2.1212909301372543e-05
MEP1B,-2.121538710887851e-05
C17orf67,-2.1239661113553338e-05
MDFIC2,-2.1290269339941644e-05
DOLK,-2.1292898360317115e-05
TUBG2,-2.129800038188737e-05
PEG13,-2.130437206633853e-05
UTP3,-2.131058378410012e-05
DNAH9,-2.1318487487471277e-05
USP35,-2.132876886850278e-05
ARHGAP8,-2.133618412207508e-05
LTK,-2.1357463057040417e-05
TUG1,-2.136730938149214e-05
AP001116.1,-2.137616606816742e-05
CR382287.2,-2.138394547165026e-05
C5orf30,-2.138910702453755e-05
TMEM198,-2.1405628909243513e-05
FGF11,-2.1421651522096727e-05
CASC8,-2.1429315826970887e-05
NAPEPLD,-2.143336021152196e-05
PC,-2.1443559471176626e-05
HOTAIRM1,-2.1464042909097882e-05
SULT6B1,-2.146758455227165e-05
AP001527.2,-2.1469618600899814e-05
ATP5MGL,-2.1476255046034973e-05
LPIN3,-2.1493373668554123e-05
ALAD,-2.1600958306745844e-05
ZSCAN22,-2.160360680514267e-05
PTCSC2,-2.160449101027545e-05
SAT2,-2.1631587695157642e-05
GABRA3,-2.1640202457707496e-05
TRPC6,-2.1656523469204965e-05
CALU,-2.166413893258454e-05
CCN6,-2.1693905945926683e-05
FCN1,-2.1706350302276063e-05
BHMG1,-2.1711106444588796e-05
AP4E1,-2.1729479062916176e-05
SSR3,-2.1729835093307336e-05
RBM20,-2.174328946070203e-05
DXO,-2.1761161069703664e-05
MED27,-2.1785049973567648e-05
RAD23B,-2.179599466950728e-05
OTUD6B-AS1,-2.1830904366612162e-05
SLC38A7,-2.1851092717440575e-05
DUSP28,-2.185970140234808e-05
DDX6,-2.185974882860047e-05
AP001437.2,-2.18677039356219e-05
GCSAML,-2.1869663008585733e-05
AKTIP,-2.1870717696126225e-05
BIK,-2.1873833932070353e-05
Z92544.2,-2.1877994133960378e-05
C6orf163,-2.1884565157882823e-05
RWDD4,-2.1929757148687984e-05
PDE4C,-2.1933212017020803e-05
B9D2,-2.1973095657918376e-05
NPIPB8,-2.2024602882443988e-05
PDE6D,-2.203285326594955e-05
ZNF624,-2.2043571644986107e-05
AP003327.2,-2.209221386864435e-05
HES6,-2.2118068975814163e-05
SNX13,-2.2141801712414094e-05
KIF13A,-2.2164867990734087e-05
TSPAN10,-2.2172145044364744e-05
IL1R1-AS1,-2.217522464996019e-05
SEM1,-2.21856459896606e-05
SZT2-AS1,-2.220073919307958e-05
CCDC190,-2.2205662931484625e-05
PSAT1,-2.2211851263623507e-05
SLC7A14,-2.22442499797234e-05
STON1-GTF2A1L,-2.2246151612749858e-05
EIF3CL,-2.2283809858391293e-05
FAM20A,-2.2284239176520947e-05
RGS9,-2.229204030906303e-05
ACSM1,-2.229306066851744e-05
TRIM72,-2.230358438272755e-05
MPL,-2.23157597134958e-05
BORCS7,-2.2317469404530738e-05
UBE2D3-AS1,-2.232601181329154e-05
TSPEAR-AS2,-2.2326049206267678e-05
NUDT15,-2.233853896160671e-05
IMPG2,-2.2368375476184067e-05
NFIA-AS2,-2.2391319237078974e-05
PTGIS,-2.2394032279703984e-05
EIF3A,-2.2401821524654285e-05
SLC6A1,-2.240575287641953e-05
FAHD1,-2.2412015355750564e-05
ADAMTS1,-2.241509025467567e-05
GCHFR,-2.242087138865541e-05
C19orf25,-2.243161998603311e-05
USP19,-2.2432490589092792e-05
SNTG1,-2.2434633580225037e-05
VAV3-AS1,-2.2448728716254574e-05
CBARP,-2.2458934337031288e-05
BASP1-AS1,-2.2460407410420994e-05
SLC26A7,-2.2486294620939686e-05
PIK3CD-AS2,-2.2493461689142432e-05
AP002784.1,-2.249936668872638e-05
HSF5,-2.2501804651614646e-05
BOLA3-AS1,-2.2553863813229807e-05
LRRC74B,-2.2567919175178248e-05
KIFAP3,-2.2574498431424417e-05
LSM1,-2.2583263206038708e-05
SLC15A4,-2.2591641535069786e-05
TSTA3,-2.2595106320455074e-05
STAMBPL1,-2.2599385118132173e-05
ARIH2OS,-2.2604823572134805e-05
NCBP2,-2.2615383826621886e-05
Z93403.1,-2.2617292841797768e-05
ZNF284,-2.261868778062975e-05
THEMIS2,-2.2631300192629984e-05
PCDHGA9,-2.2659257272377265e-05
AKAP5,-2.2659900797738357e-05
C14orf132,-2.2678678759567346e-05
GABRB1,-2.2693998611047926e-05
UBE2I,-2.2704599116161275e-05
MAOB,-2.270639017413431e-05
ROPN1L,-2.271327190942527e-05
ZNF436-AS1,-2.2714217759938255e-05
CYCS,-2.2754451236253454e-05
GGT7,-2.27747847234379e-05
THAP9,-2.2786312842615455e-05
GABRE,-2.280085548495554e-05
DDX52,-2.2801479689981632e-05
ZC3H11A,-2.2820691791449343e-05
GMPPB,-2.2829160609197133e-05
POLR2J,-2.2834344652045037e-05
BX322562.1,-2.285172137273325e-05
FAM89A,-2.28628371432254e-05
TEX52,-2.288121808102877e-05
OSTN,-2.2889054485926266e-05
GLRA1,-2.2917230264560038e-05
TICAM2,-2.292700582595479e-05
ADPRM,-2.2935989542785697e-05
JPH3,-2.293628773793254e-05
PCED1B-AS1,-2.294115723932193e-05
HRAS,-2.296723440383235e-05
ZNF804B,-2.29980173323025e-05
BEST4,-2.300265756869257e-05
KIAA1191,-2.302156929919637e-05
DCAF12,-2.302465464213328e-05
LST1,-2.304449779322551e-05
KLC3,-2.306346349924328e-05
METAP1,-2.306373067696228e-05
MED20,-2.308360260966152e-05
NSF,-2.309133479114364e-05
SLC25A18,-2.3094064167848047e-05
OTUB1,-2.312240922174794e-05
PEX11G,-2.3132886730812426e-05
ACOT13,-2.3148561890392276e-05
EPG5,-2.3159528094167845e-05
CHURC1,-2.3167719319460936e-05
RAET1E,-2.3168593212484477e-05
WNT6,-2.3177486049537205e-05
ZNF593,-2.318722123115366e-05
NUDT17,-2.3200054232142318e-05
UBE2Q1,-2.3200810930365587e-05
ZBTB6,-2.3204339690295085e-05
ZNF112,-2.3218076745149115e-05
SF3B4,-2.3238678412149168e-05
SMG7-AS1,-2.32558373737133e-05
ZXDB,-2.3270614268993336e-05
SPATA2,-2.3275264950761092e-05
DDX4,-2.3278560331538096e-05
RAB6B,-2.3286648644782404e-05
CASP10,-2.3295572135433214e-05
CLDN10,-2.330172945369606e-05
NDUFAF3,-2.3306912809538504e-05
NAA20,-2.3343568569089037e-05
AP002907.1,-2.334507575884434e-05
C10orf67,-2.3350811995565037e-05
GOLGB1,-2.3363795682466614e-05
NOL4,-2.3370637394265225e-05
FRS2,-2.343563904403593e-05
DPYSL5,-2.3456809088702253e-05
PROSER1,-2.3466883896972733e-05
NPHP3-AS1,-2.3480109570993052e-05
LRIF1,-2.348242837404461e-05
WDSUB1,-2.350938714915516e-05
ZNF699,-2.353749071905847e-05
DNAJC4,-2.3561422235273228e-05
LNCTAM34A,-2.356179719695162e-05
FO393418.1,-2.3563187377692302e-05
C6orf226,-2.3564292756767775e-05
ZNF28,-2.3564804967418338e-05
SUSD3,-2.356703118262886e-05
LRRC24,-2.3600540286270822e-05
NET1,-2.3628012900908997e-05
CYS1,-2.364476895255023e-05
HPSE2,-2.3651431061357447e-05
AMBRA1,-2.365661682800137e-05
IL17RE,-2.368103479046041e-05
YRDC,-2.3697633171820415e-05
MMADHC,-2.3698915233491854e-05
NAPSA,-2.3714503543554378e-05
LRRN2,-2.3723348500440762e-05
KBTBD3,-2.3778692160500775e-05
C1D,-2.3784278051959693e-05
RAMP2-AS1,-2.3789686141063825e-05
GDF5,-2.379364094587385e-05
CLSTN1,-2.3812428275872108e-05
PRKG1-AS1,-2.3813272453244655e-05
TTC3-AS1,-2.3817459329080562e-05
DISP2,-2.383126125983972e-05
PDC,-2.383351451721149e-05
TRPV6,-2.3844011823984707e-05
OR2A1-AS1,-2.3863229548996007e-05
RAP2A,-2.3903288958194535e-05
SCRN1,-2.3923189823304754e-05
NPTX2,-2.3949252073847632e-05
CPNE9,-2.395562001544058e-05
AF230666.2,-2.3965769861995448e-05
ADNP-AS1,-2.3971181850188033e-05
FBRS,-2.3980661094809633e-05
BMP6,-2.4001812638316383e-05
LRFN5,-2.400952562935831e-05
CASQ2,-2.4024728328375172e-05
PAGR1,-2.4039061824450556e-05
BTNL9,-2.40403356792431e-05
RHOA-IT1,-2.405902102786835e-05
FAM163A,-2.408354225433847e-05
C15orf65,-2.409174701249486e-05
PROX1-AS1,-2.4116071797999638e-05
EXOC7,-2.4132531333134712e-05
PABPC5,-2.4194178863743243e-05
SPIN4,-2.4242810007330137e-05
UCN,-2.4245279994887894e-05
TMEM74B,-2.425803339016398e-05
CMKLR1,-2.426123968826346e-05
MIR4458HG,-2.4262275853263157e-05
CATSPER4,-2.4275922648115648e-05
PCBP2-OT1,-2.4302570650238765e-05
COMMD5,-2.4307491723348105e-05
GUCA1C,-2.4320730907646745e-05
FBN2,-2.437022879586249e-05
PUSL1,-2.4418974454995064e-05
ARHGEF37,-2.442547582231053e-05
MFSD8,-2.442584683132812e-05
PCDHGA7,-2.4470442581889385e-05
PLPP4,-2.4476610935682358e-05
NDUFB8,-2.448100059179558e-05
MPC2,-2.4481438203987763e-05
CLCC1,-2.4492616666889097e-05
AP001977.1,-2.4524177406287334e-05
Z99758.1,-2.4527828015186856e-05
AUXG01000058.1,-2.4548489345565773e-05
SERPINE3,-2.4563778755784954e-05
RASSF5,-2.458651418426186e-05
CERK,-2.4588710354072675e-05
UNC5B,-2.459434200302871e-05
HIST1H3E,-2.4595647303965085e-05
CNBP,-2.4597273433887933e-05
ATXN1L,-2.4629722758723324e-05
RBBP5,-2.4640105970896396e-05
RTL5,-2.4647824641464868e-05
TNPO1,-2.4688021700417906e-05
MARCH2,-2.4690441044902232e-05
HSD3B7,-2.469212929066606e-05
CACNG4,-2.4700739529147122e-05
PFDN6,-2.4705492182674426e-05
Z82188.2,-2.470625272202914e-05
PIAS4,-2.471241687590339e-05
AMIGO2,-2.4716434117331376e-05
HELB,-2.4736876869489774e-05
LHX4,-2.4756062220074265e-05
FAM136A,-2.4786975183627453e-05
CABP1,-2.478741849462131e-05
TYRO3,-2.479867424601828e-05
ASB5,-2.4817177461242647e-05
BCO1,-2.4842142286445023e-05
RAMP3,-2.4845579845788555e-05
FBXO7,-2.4851652214622658e-05
TPRG1L,-2.486994553155424e-05
MAST1,-2.4871763340451283e-05
STAP1,-2.492264940228786e-05
CD300LB,-2.4923666600538523e-05
VCAM1,-2.492896735953805e-05
CDHR4,-2.49518561230209e-05
FKBPL,-2.4962688203209233e-05
FIGNL2,-2.49810259147367e-05
USP16,-2.4984747860596272e-05
BARX2,-2.4993849365610108e-05
BAP1,-2.5012307584629567e-05
TNFSF9,-2.5048337829778103e-05
C11orf96,-2.5061598955314243e-05
AP001604.1,-2.5062007017993667e-05
NDUFC2,-2.5074762581049994e-05
HIF1A-AS1,-2.508881288694926e-05
TLK2,-2.5128139659459155e-05
RGL3,-2.5133364225249263e-05
INPP5J,-2.5158293565262227e-05
AK8,-2.5165921379063107e-05
SLC16A4,-2.517292560046793e-05
DAND5,-2.5184689577163445e-05
OCIAD1-AS1,-2.5208811146410097e-05
C2CD2L,-2.5213822920416818e-05
LIPT1,-2.5278979711562237e-05
MROH7,-2.5283340366978097e-05
GNAO1,-2.5305631690059238e-05
SHPK,-2.5319532604549923e-05
ADGRL3,-2.532275370715107e-05
FOXF2,-2.5325130206448748e-05
ZNF540,-2.5326144529124414e-05
ATP6V1G1,-2.5348765794910366e-05
FAM167A,-2.5353607835248635e-05
UVSSA,-2.5361743787498724e-05
IDH3G,-2.536834502138376e-05
CAV1,-2.537072286614824e-05
ZNF552,-2.537470648019869e-05
RNF2,-2.537508538719841e-05
CCDC200,-2.5379808582171842e-05
RER1,-2.5406601406760194e-05
PAFAH2,-2.5412290261429408e-05
CCDC92,-2.542822063151994e-05
PLEKHA2,-2.5428902459708994e-05
CPEB1,-2.5493308547513966e-05
TAF1A,-2.5535710706071426e-05
CATIP-AS2,-2.5561934199868283e-05
TDRKH-AS1,-2.556243734674993e-05
STRA6,-2.55638320148363e-05
INCA1,-2.5597046607242587e-05
STEAP3-AS1,-2.5597621289212232e-05
TEFM,-2.560499514140377e-05
SMARCD1,-2.561675610494132e-05
CHMP6,-2.5617604553369915e-05
HIGD1C,-2.5622876366756006e-05
CYP27B1,-2.5642742149298623e-05
SCHIP1,-2.5644785268796566e-05
HHIP,-2.565003829358944e-05
AF233439.1,-2.566390824971337e-05
NKAPD1,-2.566596994700156e-05
KIAA0319,-2.5674717135517682e-05
BTC,-2.567649229062661e-05
HOXA1,-2.5683095542926877e-05
IDNK,-2.5696857254511327e-05
TMEM258,-2.5712165973114867e-05
ZMPSTE24,-2.5715420379943306e-05
DACT3,-2.572221337952001e-05
ZNF667,-2.572656575142412e-05
INAFM2,-2.573333374954968e-05
C17orf58,-2.575361006963793e-05
LIMCH1,-2.5760994972270888e-05
ATF2,-2.57655215531677e-05
KIRREL1,-2.5773417653789227e-05
MBOAT1,-2.5803584527899997e-05
FAM90A1,-2.580805000250256e-05
CORO2A,-2.5816173994943295e-05
TNK2,-2.583540773350787e-05
B4GALT6,-2.5908978307627627e-05
ITGA8,-2.596198152449393e-05
PCGF1,-2.5999035427724125e-05
PDE1C,-2.601777871289936e-05
KMT2E-AS1,-2.6018691001058592e-05
FANCF,-2.602781764161344e-05
TACR2,-2.603970149709009e-05
MAP7D2,-2.604017652702459e-05
NMUR1,-2.6049203623373728e-05
TRAT1,-2.6060242553104756e-05
MRPL33,-2.6067419225795693e-05
SCN5A,-2.6068604434931443e-05
SLC26A5,-2.6088103846139202e-05
BX842242.1,-2.6107630648263557e-05
DIDO1,-2.6145000541248532e-05
EPHX4,-2.6147454440919956e-05
HIST1H2AE,-2.61506753387502e-05
PDZK1,-2.6171036884061168e-05
INPP5K,-2.6173838083894636e-05
DNTTIP2,-2.6174937670373757e-05
NRK,-2.6187873833173848e-05
AP000282.1,-2.619057312941044e-05
AF235103.3,-2.619411461925073e-05
AD000671.3,-2.6195153406609487e-05
PEX16,-2.6257723500831165e-05
FAM9B,-2.6272241459741472e-05
RNF175,-2.628216578834123e-05
TNN,-2.6294716682758478e-05
PIP4P2,-2.6307944000936052e-05
NRARP,-2.631906282266503e-05
ENDOV,-2.6357744035426096e-05
PPP1R14D,-2.6382182042029826e-05
ACP7,-2.639332522496276e-05
PSD,-2.6402325086035174e-05
ARMT1,-2.643419974446853e-05
KREMEN2,-2.6459965490003635e-05
CHL1,-2.6477461054283135e-05
MYOT,-2.65011409282524e-05
LRRN3,-2.652560835250591e-05
MAPRE1,-2.6544247149659078e-05
KLC2,-2.6546541789161176e-05
BOLA2,-2.655493357058316e-05
TRHDE,-2.6568147148564845e-05
SLC35B4,-2.6568669731600033e-05
TRIM26,-2.6591759534789257e-05
ASGR2,-2.6596786543346226e-05
HEATR9,-2.6603674893933534e-05
MTRNR2L1,-2.6608460669747696e-05
MIR34AHG,-2.6621626150698397e-05
EXOC3L1,-2.6650358512641843e-05
HDAC7,-2.6658428499721025e-05
LRBA,-2.667591687065367e-05
PTGFR,-2.6679870313493145e-05
Z84484.1,-2.6687236425904757e-05
SOGA3,-2.6720512664088402e-05
SHISAL1,-2.6767854070476213e-05
NPIPB9,-2.6769467275527876e-05
TMEM41A,-2.677459809572971e-05
PICK1,-2.6782332400394633e-05
COL18A1-AS1,-2.68022409072005e-05
NSG2,-2.680939148695977e-05
RBFOX3,-2.6815955413349102e-05
APOOL,-2.682643028735443e-05
MED22,-2.684012909233433e-05
WSCD1,-2.6848534101878702e-05
PLPP3,-2.685305186764901e-05
PER2,-2.685382322748084e-05
C1orf141,-2.6854949340516982e-05
CNIH1,-2.6875260136241293e-05
C12orf50,-2.6906035409712505e-05
OSTM1-AS1,-2.6928644026730688e-05
CCDC36,-2.6960987031474842e-05
AP000926.2,-2.6965108892582766e-05
BECN1,-2.6966845547037957e-05
RUNDC1,-2.6967231473059593e-05
ANKLE1,-2.7002564783823953e-05
NDUFA11,-2.701120473816406e-05
COX7C,-2.7013080682311855e-05
FAM110D,-2.7015397353493677e-05
SDHD,-2.7019351543915465e-05
GRIA3,-2.706482716421254e-05
FMO1,-2.70881772129079e-05
RBM38,-2.7099258993231855e-05
C19orf71,-2.7099516861233225e-05
SRRM3,-2.710700004802495e-05
SLC5A12,-2.713608683057142e-05
CCDC38,-2.7137726380347057e-05
PI4KB,-2.7140183244993324e-05
ZBTB18,-2.7147961379653704e-05
DPF3,-2.7152059181725743e-05
XKRX,-2.718353721234219e-05
HPX,-2.719471068915228e-05
SNX6,-2.7197606736629323e-05
TADA1,-2.7207465454990633e-05
TBXA2R,-2.72285614134322e-05
ZNRD2,-2.7231321088114597e-05
HYDIN,-2.7234699561688543e-05
SLC25A34-AS1,-2.7239000313497822e-05
LYPD1,-2.725696326514624e-05
MRPL51,-2.7275822409945204e-05
UQCR11,-2.727653218677572e-05
SMIM17,-2.729863455263834e-05
C16orf74,-2.729865066223251e-05
WDR64,-2.731527883210271e-05
BRAP,-2.7315558070054617e-05
TOR1A,-2.733902895651263e-05
SLC45A2,-2.735071587684724e-05
FP565260.3,-2.7356107458360204e-05
PNPLA7,-2.7366740770718053e-05
AMH,-2.7373700700221848e-05
CYP2D6,-2.7383381656559592e-05
GTF2E1,-2.7387947055603313e-05
C9orf129,-2.7454845680264903e-05
SETD1B,-2.745596700879125e-05
IL17B,-2.7467922088043873e-05
GLOD5,-2.747138246282076e-05
ANKUB1,-2.7471889516659615e-05
JOSD2,-2.748564903203133e-05
PSMB10,-2.75568155061264e-05
GTF3C2-AS1,-2.756472367523488e-05
APC2,-2.756999624801952e-05
PARL,-2.7578909906544936e-05
RGS20,-2.759358804934475e-05
ABCA9-AS1,-2.7597818950438927e-05
PPM1E,-2.760213868869367e-05
SPINT1-AS1,-2.7603577670357973e-05
NEK3,-2.7608343268022365e-05
CACNA2D3-AS1,-2.7608807119123686e-05
C5orf63,-2.7634068659589173e-05
RGSL1,-2.7640878904447803e-05
ACTN1-AS1,-2.7665000083760124e-05
PTCHD1,-2.7722930260420876e-05
RAB11B,-2.775933513356427e-05
GFRA2,-2.7776024557937213e-05
DNAJB5-DT,-2.777777669548913e-05
NR4A3,-2.7790411758631596e-05
CC2D1B,-2.7795465390926335e-05
NPIPB13,-2.7797033144933374e-05
F2RL3,-2.7835030479372773e-05
AF127577.2,-2.7860974514099527e-05
TUBB2B,-2.788481975734221e-05
RBBP8,-2.7939246592809782e-05
ADGRE1,-2.794179212590996e-05
KCNK10,-2.806731504755236e-05
PTH2R,-2.809677269300738e-05
CTNND2,-2.8106623806077216e-05
IL18RAP,-2.8114730825969067e-05
TMEM74,-2.811919650617701e-05
FUT6,-2.815317681374586e-05
ZNF449,-2.8157626641298003e-05
EIF3H,-2.8163231549991642e-05
AXDND1,-2.819191976661298e-05
FBXW10,-2.8196360340118088e-05
NCDN,-2.8203539424932467e-05
AP000866.5,-2.8235535192072575e-05
USF1,-2.8237117481210274e-05
DDX25,-2.825947751916968e-05
SLC36A1,-2.8267353893173527e-05
C1orf105,-2.8277359173316266e-05
ZNF582,-2.828473583016145e-05
LRRC8B,-2.8341606822767757e-05
BICC1,-2.8370106319530492e-05
BCHE,-2.8383268234134383e-05
POLR2K,-2.839463518276546e-05
SLC31A2,-2.8450476661124763e-05
MUC16,-2.8452339252914208e-05
PXT1,-2.8456467840858833e-05
ASCC1,-2.8478905031962364e-05
RBFOX1,-2.8479829298816606e-05
SHKBP1,-2.848884145363909e-05
DOCK8-AS1,-2.85057007248387e-05
ARHGEF15,-2.8514932457799998e-05
Z83745.1,-2.854373227038762e-05
ERAP2,-2.8544204283364723e-05
CD3D,-2.8549812201584756e-05
GNAI1,-2.8553375412720085e-05
GOLGA1,-2.8555540829531604e-05
AP3B1,-2.8602831355757936e-05
TM2D2,-2.8618582976156704e-05
OCRL,-2.8626312631177402e-05
CPB2,-2.8629249467268044e-05
MEIS1-AS3,-2.864018762174233e-05
C19orf38,-2.8736208711061065e-05
GPD1L,-2.8738505393639965e-05
WNK4,-2.8756475288806552e-05
JTB,-2.878850143351729e-05
GTF3C3,-2.880079047872595e-05
TEX35,-2.881927535904358e-05
SLC31A1,-2.8828356944324984e-05
ZNF763,-2.8835949773654714e-05
GON4L,-2.8841865404835247e-05
MFNG,-2.8862119078996493e-05
SAG,-2.886286570220725e-05
NBPF11,-2.8874362152517886e-05
CCNB3,-2.8879856430892126e-05
AF121898.1,-2.8886408154800398e-05
ATXN7L2,-2.8895741142706794e-05
TPCN1,-2.8902137195737757e-05
ALG2,-2.891382440164182e-05
CDH9,-2.891713885516151e-05
MEGF11,-2.894505468355759e-05
NTPCR,-2.8967198182787437e-05
GALNT9,-2.8979941084047084e-05
SLC25A22,-2.8992316944126576e-05
RNF187,-2.8996144462156462e-05
HSPA2,-2.902074067928544e-05
HSD17B7,-2.904054944653252e-05
FIS1,-2.9046701729406837e-05
PDZD4,-2.905050800216506e-05
FLT3LG,-2.905164326115986e-05
PRDM7,-2.905456104279533e-05
ANKRD7,-2.9073288629948004e-05
LIG4,-2.9089134169630876e-05
KCNIP2,-2.9090342530014986e-05
Z69666.1,-2.9143236696287335e-05
FBXO39,-2.91575053085152e-05
CCPG1,-2.9173501914902998e-05
TBC1D8B,-2.9201155515948244e-05
LSM11,-2.9201354172726442e-05
TRAPPC5,-2.9218515402034504e-05
AP001992.2,-2.9218763071504703e-05
PDZD7,-2.9227644115602547e-05
CA5A,-2.9233788635349024e-05
SLC8A3,-2.926046029491644e-05
LMBR1L,-2.9270536704816727e-05
PDPK1,-2.9281542012765345e-05
BCAP31,-2.9315208211306567e-05
SPRTN,-2.9320885038009134e-05
GFRAL,-2.9323763758336384e-05
JAML,-2.932757524471584e-05
C6orf52,-2.933029616226617e-05
SP140,-2.9330915843399998e-05
GDF11,-2.933561260648277e-05
DCTN1,-2.93514883272047e-05
PCBP4,-2.9370656933302253e-05
TDRD5,-2.938173967702265e-05
NEXN,-2.938374095811197e-05
WNT3,-2.9405457120824605e-05
PRNP,-2.940675064968318e-05
ARMH4,-2.9409605981897043e-05
TSEN15,-2.9429257870641313e-05
ZNF570,-2.9460133185615947e-05
RBM48,-2.946021349639386e-05
GPR132,-2.9465173461651635e-05
ZNF668,-2.9466200887831186e-05
FAM53B-AS1,-2.947248966628658e-05
DNAH10,-2.9474620040235615e-05
GRIA2,-2.947919575769119e-05
LOH12CR2,-2.9482796447226136e-05
IDI2,-2.9507948072137345e-05
NDUFB2-AS1,-2.952503094904995e-05
TMED5,-2.9575918206172155e-05
PPP1R37,-2.9607158769132162e-05
AP000866.1,-2.9612428687359283e-05
CASC11,-2.9613701952640615e-05
C7orf25,-2.962309036990094e-05
CEMIP2,-2.9635797662810078e-05
ZNF212,-2.963971012456963e-05
DGKE,-2.9650308406062453e-05
RAB24,-2.9666717964408103e-05
CCND2-AS1,-2.967887518524951e-05
OGFRP1,-2.9683377875898476e-05
STK24-AS1,-2.9687492273520035e-05
ATP1A1-AS1,-2.9721295794888216e-05
Z97989.1,-2.9742250459742946e-05
KLRC1,-2.9743584379797885e-05
MTFR1,-2.9744445352035498e-05
TMEM59L,-2.9748602762688846e-05
LIMD1-AS1,-2.9785540526390577e-05
STOML1,-2.981424210010397e-05
AP001266.2,-2.9820782255117008e-05
AGL,-2.9828930051120106e-05
LYPD6B,-2.983558287870296e-05
PLN,-2.9839427332595982e-05
C4BPA,-2.9840161190971224e-05
BTBD18,-2.985560800315902e-05
LOXL1-AS1,-2.9881171500320734e-05
NLK,-2.9884656029720792e-05
ZNF548,-2.9893907925568403e-05
IQSEC3,-2.9900617933595292e-05
SNX18,-2.9903514640940616e-05
MAPKAPK3,-2.991367311226001e-05
SZRD1,-2.9914566565985705e-05
SENP2,-2.993174669561238e-05
IP6K1,-2.9956371047633214e-05
TAS2R14,-2.9958533603475862e-05
FAR2,-2.998628280810592e-05
IRF2BPL,-3.0030427286544372e-05
RMDN2-AS1,-3.003876407610199e-05
PWRN4,-3.0067716200865028e-05
DAB2IP,-3.0094282139158757e-05
CRYBB3,-3.010250718672225e-05
ZNF350,-3.0125441812113357e-05
SNRNP27,-3.0150718851886207e-05
ABI3,-3.0165579629354188e-05
SRP68,-3.0177230303976118e-05
PLEKHM2,-3.019437194362144e-05
ADNP2,-3.0221698528755198e-05
NDST2,-3.0231270011284716e-05
BOLL,-3.02787845461503e-05
LYL1,-3.0286923794422693e-05
PCDHGA1,-3.031029271905427e-05
TTC19,-3.0311262955480837e-05
MOCS2,-3.0322260942261284e-05
ARL4A,-3.0324687433519417e-05
C18orf21,-3.0333523785270727e-05
ZBTB7A,-3.034962365415971e-05
SHBG,-3.044545806006977e-05
CBFA2T3,-3.0456143593781554e-05
CHAC2,-3.0463551665458537e-05
DPYD-AS1,-3.0472365867838886e-05
HDAC11,-3.0493129557891245e-05
GPN2,-3.0499277459088196e-05
PSMD3,-3.05078724933732e-05
FAM153CP,-3.0559104027891095e-05
ATP5PO,-3.057800339118676e-05
SLC25A5-AS1,-3.059006468084774e-05
ZNF792,-3.059987411316977e-05
DND1,-3.060562454609061e-05
MDC1-AS1,-3.062073465325475e-05
MASP1,-3.062832102756329e-05
HSPA6,-3.0678773380193863e-05
ZAN,-3.068172343629516e-05
SLC16A8,-3.0685023533886166e-05
SOX5-AS1,-3.068664210930589e-05
IKZF5,-3.069751956054237e-05
MILR1,-3.070901709032378e-05
RHCE,-3.071803051550199e-05
TMEM240,-3.073824407723725e-05
PPIL4,-3.075520794770289e-05
UBE2L6,-3.076050633459398e-05
PGAM1,-3.085550066501728e-05
CFAP161,-3.0864723300296726e-05
PAF1,-3.0876979841731834e-05
HTR3B,-3.088299758528784e-05
PTPN14,-3.0890810570246764e-05
WNT10A,-3.0894372556471356e-05
MCUR1,-3.0897237641053455e-05
RAP2C-AS1,-3.0898857486451915e-05
AURKAIP1,-3.0904628799570424e-05
BMT2,-3.091342050463454e-05
HNRNPA1P48,-3.09225843676357e-05
AP3B2,-3.0928204891379165e-05
MAP3K19,-3.093450738117124e-05
TBC1D20,-3.0959613299523206e-05
PNPLA1,-3.096777360912541e-05
CNPY4,-3.096960827105865e-05
CX3CL1,-3.097179750138546e-05
RAP1GAP,-3.097206330041797e-05
CDKL2,-3.0974185375441036e-05
CYYR1-AS1,-3.097962459143525e-05
ZNF208,-3.1005036686565114e-05
TEN1,-3.101525495187014e-05
MYOM3,-3.1016827802725546e-05
STK19,-3.103719343646909e-05
NGRN,-3.105487745397947e-05
VSIG8,-3.107609095062904e-05
WNT3A,-3.107624179761092e-05
NPFFR2,-3.108218033672684e-05
FRG1,-3.109011634678119e-05
EXOC3L4,-3.112146437073184e-05
P2RY2,-3.114311153227641e-05
NPIPB6,-3.1154885256983204e-05
MIR600HG,-3.1171219870794955e-05
MYBPC2,-3.119328702638001e-05
PLA2G6,-3.120007072629404e-05
CDH19,-3.121316207564823e-05
ZNF295-AS1,-3.1217448488823075e-05
BBIP1,-3.1218964971931013e-05
SOCS1,-3.1232168593052925e-05
MICA,-3.12390607957078e-05
TUBA3D,-3.1245483997726625e-05
SEMA3C,-3.124617987884318e-05
ZMYM4-AS1,-3.126489816046197e-05
MINK1,-3.126553657232631e-05
LBP,-3.1284074722748524e-05
ZBTB46-AS1,-3.13124449442439e-05
GLT1D1,-3.1319016196207356e-05
SIGLEC15,-3.13209025844347e-05
CD24,-3.133785002895001e-05
KCND1,-3.1365007233556584e-05
AP002852.1,-3.138326381929918e-05
PSMD6,-3.139712060840889e-05
ST8SIA5,-3.140019818386135e-05
MRPL49,-3.140258275406604e-05
ZNF12,-3.143746379658767e-05
PSME3,-3.1437471312148384e-05
TBCE,-3.144094557670868e-05
CDC73,-3.144548111048406e-05
AP003307.1,-3.146788028203665e-05
NAA30,-3.147024430470381e-05
ZNF720,-3.148078490158419e-05
NADK,-3.1492934614628083e-05
CRYBA1,-3.1531800183335764e-05
MYO1H,-3.156718693932027e-05
DOK6,-3.156821272851915e-05
UBL7,-3.158364159696661e-05
PCDH9-AS2,-3.158434426509034e-05
RAD51AP2,-3.1585254053288074e-05
CARNS1,-3.162530218066018e-05
GSDMC,-3.163994256483319e-05
ERVK3-1,-3.164006578094397e-05
SCO2,-3.164454929381369e-05
CSDC2,-3.166032412998051e-05
FSCN1,-3.166269102036716e-05
CCL18,-3.1663766914732097e-05
TSKU,-3.1674839281560335e-05
CC2D1A,-3.168173104666203e-05
NR1I3,-3.171053854263119e-05
NDUFS7,-3.17285986118691e-05
CDH20,-3.1728767970615566e-05
VPS54,-3.174949995793902e-05
SLC35E4,-3.177242635284186e-05
CEBPB-AS1,-3.177600630465202e-05
CLK3,-3.179883791604519e-05
CCDC110,-3.1802105069264085e-05
CXorf58,-3.1852867630919075e-05
SPHK2,-3.185877683398612e-05
CSNK2B,-3.187031538022779e-05
TEX46,-3.187055983384364e-05
C1orf198,-3.188469095037971e-05
SS18,-3.1889735885884434e-05
IFI27L1,-3.189057592162878e-05
ABHD18,-3.1901797992921584e-05
CHRM5,-3.190378346583785e-05
JCHAIN,-3.190534929551281e-05
PRRT1,-3.19274192568078e-05
LPP-AS2,-3.194136362865756e-05
DEAF1,-3.194966728097245e-05
RASSF10,-3.197398167210379e-05
ADGRB2,-3.2098837830050844e-05
CLOCK,-3.210267026211774e-05
ZNF845,-3.210994346351955e-05
ITGB7,-3.21336905139527e-05
ARHGEF25,-3.2141858232986566e-05
MCF2L-AS1,-3.214616631529935e-05
BX255925.1,-3.216007801379171e-05
AF131215.4,-3.2163899971100285e-05
SIX1,-3.2163899971100285e-05
OGFR,-3.217801056141992e-05
TTBK1,-3.2195105755219e-05
PITPNA-AS1,-3.220788319249015e-05
MKRN2OS,-3.222379583221586e-05
UTRN,-3.22291752459501e-05
CDH8,-3.225876270839914e-05
SLC4A10,-3.226127735648369e-05
ISG20L2,-3.226312512800763e-05
TRAF3IP3,-3.2292284830401176e-05
PYURF,-3.229433355178274e-05
DCAF15,-3.233278779650146e-05
IGSF23,-3.2344579986280974e-05
VAMP4,-3.234523757550148e-05
TCF21,-3.242469737747417e-05
ANAPC13,-3.250005033793024e-05
ZFX-AS1,-3.250536520242402e-05
BAAT,-3.252236906779629e-05
ACSL1,-3.2530036088902796e-05
COLEC11,-3.257427853219033e-05
NFATC4,-3.2574795479098794e-05
OLFML2A,-3.25865827998455e-05
EPPK1,-3.259120012491556e-05
ZNF20,-3.259905721165668e-05
MAST2,-3.260953359191953e-05
AP001267.2,-3.2612294458737354e-05
WDTC1,-3.26402340201908e-05
FP700111.1,-3.2644580620484574e-05
KCNE4,-3.264923950914158e-05
S100A4,-3.26602344847598e-05
HACD2,-3.267132309437746e-05
GCA,-3.2702868594793794e-05
CAPN13,-3.270364773291456e-05
NUDT18,-3.27963391538658e-05
EXD1,-3.2810772580967746e-05
HIST2H4B,-3.281187363674735e-05
GMPPA,-3.281243922073806e-05
TSPAN6,-3.282470543657387e-05
SLC9A3-AS1,-3.287048688449131e-05
CSPG5,-3.287141465250304e-05
AK4,-3.289175785326909e-05
MLIP,-3.292540043006746e-05
MRPL30,-3.292778516209216e-05
EIF3C,-3.2951729453622726e-05
FXYD7,-3.297182242075695e-05
DNAJB12,-3.297419099740641e-05
NUAK2,-3.300164919048404e-05
CISH,-3.300971090006833e-05
PNLDC1,-3.302149332660439e-05
ZNF790,-3.3022197654137953e-05
HGD,-3.3024094754243054e-05
PRRT3,-3.304329140004136e-05
TIMM44,-3.304612208538715e-05
C12orf76,-3.3055066538017976e-05
BOC,-3.306418656469252e-05
AP000845.1,-3.306575826309433e-05
GPR89B,-3.307868910791026e-05
ZNF77,-3.308656944082726e-05
RSPH4A,-3.309112067563186e-05
C10orf95,-3.3113630357624266e-05
NRN1,-3.312641368780026e-05
TNFSF13B,-3.312759419431785e-05
PZP,-3.313495586082739e-05
FAM114A2,-3.314529726897059e-05
ILKAP,-3.315787186604923e-05
PTGS2,-3.3168157937737634e-05
DDHD2,-3.319466135741567e-05
LCN12,-3.320295056676906e-05
ATN1,-3.320872716221647e-05
AP006545.1,-3.321446164333313e-05
C2orf42,-3.323069120253525e-05
THAP5,-3.323765264695393e-05
CKMT1B,-3.325568021446714e-05
ELP5,-3.32619935691795e-05
CLCA4-AS1,-3.3263293501239585e-05
STARD5,-3.3277045234108695e-05
ZNF285,-3.327887491487425e-05
STMND1,-3.328437069270289e-05
ZNF491,-3.331075289644111e-05
CFAP77,-3.3310837401112785e-05
GRAPL,-3.331156437877185e-05
BRD3,-3.331194645642777e-05
PABPC4-AS1,-3.333605174856652e-05
HAR1B,-3.3342406826717666e-05
COQ7,-3.3360939383134626e-05
ARMCX5,-3.337349477679791e-05
SLC35G5,-3.341429783393284e-05
ZCCHC24,-3.344316450499095e-05
SART3,-3.3447170021887885e-05
C6orf120,-3.3452936276559664e-05
C3orf49,-3.3460272848360396e-05
OR10G3,-3.3463335773060785e-05
OTOF,-3.349190729415652e-05
DHRS1,-3.350177231461359e-05
SATB2-AS1,-3.3503034063406956e-05
GPAT4,-3.350885331845608e-05
SLC25A4,-3.354893749615149e-05
C16orf70,-3.355198573797153e-05
SPATA25,-3.35596969690912e-05
TBC1D25,-3.3602143128836434e-05
SSNA1,-3.3612000317232395e-05
ABAT,-3.3614937730169516e-05
ZFPL1,-3.361551332307755e-05
TMEM141,-3.3623208481448725e-05
ZNF470,-3.3628761237588946e-05
SDR42E2,-3.3633312217113154e-05
SYT12,-3.3667245275693624e-05
STAR,-3.369243299757748e-05
LYSMD4,-3.372250165704967e-05
RABL2B,-3.3740410554967666e-05
ZFR2,-3.3744624895705616e-05
SEC61A2,-3.37531643295461e-05
ERICH1,-3.376218911758849e-05
PLEKHO2,-3.376285990125853e-05
IGSF1,-3.3773352440778944e-05
HIST1H3H,-3.3775965999630365e-05
CAMK2G,-3.3789235063729635e-05
ARMCX6,-3.3808190191507135e-05
VAC14-AS1,-3.381358388242483e-05
SHE,-3.381453243854582e-05
ZNF830,-3.3817026368058485e-05
FKBP15,-3.383259673646525e-05
VANGL1,-3.3844360118092156e-05
PDIA4,-3.385375567651161e-05
ARHGAP23,-3.388907676359384e-05
SLC8A1-AS1,-3.3890324378866374e-05
KDM4A,-3.389357131299298e-05
PDE2A,-3.389783364380714e-05
GALNT6,-3.3912362587054805e-05
SLC7A14-AS1,-3.392737805162816e-05
RAB34,-3.3966895026569385e-05
SLC25A48,-3.400130404633581e-05
COQ9,-3.400375476178406e-05
MMP20,-3.400522484560059e-05
SIDT2,-3.402019056967085e-05
HCFC2,-3.40236714473513e-05
EXOSC10-AS1,-3.404161069424442e-05
ASB16,-3.404857841171435e-05
ATP8B2,-3.405798919900529e-05
COL9A1,-3.409394734385955e-05
SCAMP1-AS1,-3.4103127917252605e-05
ZNF2,-3.411866833678881e-05
ASB2,-3.413479075113812e-05
JRKL-AS1,-3.4135171997114946e-05
GLI1,-3.413793436801024e-05
EIF1AX,-3.4150727063192946e-05
DPM1,-3.416976983859675e-05
SH3PXD2A,-3.417545962157365e-05
ITGA9,-3.418989319719472e-05
PHF8,-3.4202347835844684e-05
BCDIN3D-AS1,-3.421471789093796e-05
DNAJC7,-3.424507351770038e-05
PRKY,-3.426131566972366e-05
CCDC124,-3.426151034789777e-05
MEX3D,-3.429908096337308e-05
TIPRL,-3.430300417818196e-05
RHOA,-3.432092714548326e-05
HHLA1,-3.4323674367960064e-05
MARVELD2,-3.43280067652878e-05
PCSK2,-3.433257149681009e-05
CMTM4,-3.434971766828696e-05
CCDC39,-3.435766248342852e-05
CLSTN2,-3.435891026792568e-05
ZNF671,-3.4371852157974725e-05
GID8,-3.4386718193312736e-05
UBE3B,-3.4397205101286794e-05
MAPK7,-3.4411541998081906e-05
NAIF1,-3.442307058534988e-05
HSPBAP1,-3.4439681799200966e-05
PINK1-AS,-3.44510984845866e-05
CCDC28B,-3.4453320720377966e-05
PURB,-3.450411367688474e-05
CLDN16,-3.4530675657566174e-05
CASC17,-3.455010318232377e-05
OTOGL,-3.456042887262992e-05
SLC28A2,-3.456426868983293e-05
RGS22,-3.45754854713908e-05
ZNF766,-3.458262091503656e-05
CD79B,-3.4584421371770226e-05
MEPCE,-3.458516151978711e-05
PPP1R12A-AS1,-3.461413011991082e-05
GRID2IP,-3.4629061422174865e-05
VPS33A,-3.464052663630373e-05
MRPS22,-3.465765934806607e-05
TRIM6,-3.467115998203616e-05
LEPR,-3.467746637365595e-05
SLC41A2,-3.4678589176421324e-05
GAU1,-3.468683959741818e-05
AP001059.3,-3.472176504224233e-05
MAP1LC3B2,-3.474604582434229e-05
NODAL,-3.475860114793287e-05
ZZEF1,-3.4786266565593284e-05
KCNRG,-3.479644123133988e-05
C5orf46,-3.4813263036660494e-05
MAL,-3.481777130117126e-05
ZNF394,-3.4832147247749524e-05
CMTM3,-3.4835609887655116e-05
SLC4A1AP,-3.483940946202601e-05
RGS11,-3.484209867259515e-05
ARMC12,-3.484785732965621e-05
NR2F1-AS1,-3.4849843318798316e-05
UVRAG-DT,-3.48886488805899e-05
GPATCH8,-3.489228421051652e-05
AP005059.2,-3.4893442280868694e-05
ADH4,-3.489595831411168e-05
IRGM,-3.490247618957719e-05
SLC6A6,-3.4907077810413606e-05
SYNPO,-3.49107558266647e-05
SELL,-3.4923843768928395e-05
ANGPT1,-3.493253008511746e-05
COL11A1,-3.4943436928729485e-05
TBX6,-3.495372521156542e-05
DCAF4L1,-3.496533152208314e-05
TTLL7,-3.497264362421636e-05
VBP1,-3.4973564474111915e-05
MBOAT4,-3.497446232463252e-05
CHRM2,-3.4976175651883336e-05
ENTPD5,-3.4982509311976726e-05
REM1,-3.498545801299509e-05
PITPNM3,-3.500389122957046e-05
UCKL1,-3.502116628644799e-05
DNAJC28,-3.505613175800458e-05
CTSL,-3.5088817189812896e-05
ARVCF,-3.509717503096065e-05
CASKIN1,-3.5108506136819735e-05
DPP8,-3.512133175044462e-05
TMPRSS6,-3.512291289931133e-05
SLC25A30,-3.512872193727549e-05
REPS2,-3.5138806917748915e-05
PCDHGB7,-3.51472552769482e-05
FGD5,-3.514764254286464e-05
USP50,-3.515429137797354e-05
PDZRN4,-3.5174641443748736e-05
STARD3NL,-3.5178723988276286e-05
USP8,-3.5182129521014725e-05
HAND2-AS1,-3.521635305534292e-05
HINT3,-3.5218081127333306e-05
CORIN,-3.522465896042628e-05
POGK,-3.522844288620321e-05
TNFSF11,-3.52398775449394e-05
LTB4R2,-3.52465499427911e-05
TMCO1,-3.524802068437089e-05
CYP4B1,-3.5259682144356486e-05
RBMS2,-3.5296025121504116e-05
GBA,-3.5311338475171124e-05
ST8SIA1,-3.532177284407016e-05
CALR3,-3.533863483117167e-05
MTMR1,-3.534354977703737e-05
CLEC5A,-3.5366608271907066e-05
MSC-AS1,-3.5397286656360324e-05
FBXL19-AS1,-3.5399310502450524e-05
SEPTIN4-AS1,-3.541350984149788e-05
CCR5,-3.542055325063774e-05
YPEL3,-3.5427378862072667e-05
PPM1N,-3.5434484921047774e-05
GMPR2,-3.543982836550463e-05
ZNF101,-3.545075352174412e-05
NOP9,-3.549476851751507e-05
YY1,-3.5497027852192004e-05
PYHIN1,-3.5531826921861276e-05
PRR14L,-3.554236668096489e-05
PLGLB1,-3.561086227416913e-05
WDR37,-3.561589157050808e-05
SLC7A5,-3.5621561941144275e-05
MED12,-3.5624468325446426e-05
ZNF844,-3.562808311448276e-05
TRGC2,-3.56605917689369e-05
SULT2A1,-3.566102069724304e-05
DMAC2,-3.56616786216217e-05
FZD8,-3.566194829794749e-05
TAF1A-AS1,-3.567610156744937e-05
TOB1,-3.5686504816593106e-05
RMND5B,-3.5699325602868315e-05
ZNF382,-3.5706620793955047e-05
MPND,-3.5725173262914765e-05
TMEM168,-3.573018832760254e-05
SV2C,-3.574898346922599e-05
NDUFC1,-3.575763197531234e-05
CNOT4,-3.579539990440489e-05
PTRHD1,-3.5811868529746915e-05
DLEU7,-3.5827395325087825e-05
NIP7,-3.58283758116883e-05
THAP4,-3.583461463169863e-05
OBI1-AS1,-3.583513045891396e-05
ZBTB47,-3.584546575893668e-05
THNSL2,-3.5870234557276834e-05
ZKSCAN2-DT,-3.589685935205284e-05
MTURN,-3.590531824420475e-05
TIGD6,-3.5907617602732756e-05
SVBP,-3.593199336824628e-05
CMTR1,-3.594723785361557e-05
HOPX,-3.5963076550816e-05
ASB3,-3.598806522398557e-05
TNFRSF14,-3.5990664854720336e-05
TEX43,-3.60060372833381e-05
APOE,-3.603546518549102e-05
ZNF574,-3.604355500940921e-05
KXD1,-3.6051404070443606e-05
CNGA4,-3.606390195686127e-05
EP300-AS1,-3.60686593674146e-05
NEK11,-3.608147761449254e-05
ENPP2,-3.608833210142692e-05
SAMD5,-3.6097276472178894e-05
GOT1,-3.6097923773794984e-05
SCYL3,-3.611054234089471e-05
GJA5,-3.611204735891944e-05
CCDC22,-3.611275493243078e-05
CD33,-3.6140856146996006e-05
IFFO2,-3.6141156786049996e-05
PPP4R3B,-3.6147142896201014e-05
NUDT16L1,-3.6147685158419696e-05
KCNK15-AS1,-3.616397416070149e-05
AGAP9,-3.624090592003349e-05
RGS6,-3.6246922772405035e-05
BMPR1B,-3.624848995821628e-05
LILRB4,-3.627640145031064e-05
ACTN2,-3.627901624841376e-05
CEP68,-3.6281352554025254e-05
ABCC5,-3.630205067920078e-05
PRMT5-AS1,-3.63085959403655e-05
MAN1A2,-3.632641507157515e-05
ANKRD13A,-3.634944746922898e-05
ECT2L,-3.635329625180618e-05
MEIG1,-3.6357079087736324e-05
AP000842.2,-3.6390728237080985e-05
CNTNAP3,-3.641068355286891e-05
ING4,-3.6440324772639314e-05
ADAM20,-3.644604336343346e-05
TLCD4,-3.644882327786553e-05
ANO3-AS1,-3.6450598838953867e-05
DRICH1,-3.646420127191864e-05
ZSCAN16,-3.646915101655174e-05
NYAP2,-3.648949046699904e-05
AP005482.3,-3.649151911467197e-05
ADRA2A,-3.6493531660073555e-05
CRTC2,-3.649404253022024e-05
DESI1,-3.650692863811461e-05
ABHD8,-3.651570162770585e-05
RIPPLY3,-3.652526937286847e-05
CARMIL2,-3.652762607592949e-05
CCDC28A,-3.6554712990872935e-05
FAM209B,-3.657830342773308e-05
PON2,-3.6609613136230286e-05
RAB7B,-3.6613245063751176e-05
PIWIL3,-3.6613800080374155e-05
EDNRB-AS1,-3.6613835254019706e-05
HTR4,-3.665948584931033e-05
TLE2,-3.6679955067315116e-05
NPSR1,-3.6694652781890674e-05
PCDHB15,-3.670482404992471e-05
TMA7,-3.671197570596277e-05
KRTCAP2,-3.671883999085048e-05
MAPK4,-3.6733995147166686e-05
SPIN2A,-3.673623400026351e-05
MFSD14C,-3.676754291257035e-05
FAM174A,-3.677861828901492e-05
DOK1,-3.680449710976954e-05
LVRN,-3.68205146248559e-05
ADCY9,-3.685571204280569e-05
ITGB1BP2,-3.687578906201519e-05
STX8,-3.6904645041417806e-05
GRIN2C,-3.691253182726624e-05
NIBAN3,-3.692480103876062e-05
PRNCR1,-3.6946410917574525e-05
CREBL2,-3.6949015321083006e-05
DGKD,-3.696903695506312e-05
NAT14,-3.6990381244412345e-05
SYNGAP1-AS1,-3.6994564920364995e-05
INE1,-3.699606846915941e-05
HIST1H2BJ,-3.7027636489292624e-05
NCAM2,-3.703721395487969e-05
GLIPR1,-3.705427183658769e-05
CSF1,-3.706481681199186e-05
DNAJB4,-3.707923139552713e-05
SLC5A11,-3.708161230779475e-05
TCTEX1D1,-3.708783537994196e-05
SNX2,-3.709497669838737e-05
LIPT2,-3.714127255471113e-05
SOCS2-AS1,-3.715892164987034e-05
DYNC1H1,-3.716593780784815e-05
PIP5K1A,-3.7170090784816864e-05
HID1,-3.7183103079994186e-05
CDS2,-3.719837325273282e-05
SLIRP,-3.7202284963013493e-05
SPTBN5,-3.7224119509435505e-05
GDI1,-3.722447494659015e-05
C11orf21,-3.726553190512313e-05
TPP1,-3.726700930302204e-05
GABRG3-AS1,-3.7280149605400695e-05
RINL,-3.731533739175949e-05
MSS51,-3.731740844182955e-05
ZNF319,-3.732050170159866e-05
GPM6B,-3.736432471853043e-05
SERPINI2,-3.741264372877295e-05
GCK,-3.7438256050832056e-05
SLIT1,-3.744229655457291e-05
P2RX1,-3.744405953128575e-05
TAOK2,-3.7450101800459666e-05
TPD52L2,-3.74579568894e-05
PANX2,-3.746268135691343e-05
DBH-AS1,-3.7500139370612426e-05
HS6ST2,-3.7503461250327724e-05
ALDOA,-3.750496665896093e-05
SEC61A1,-3.75249624811922e-05
TSNAX,-3.7558504964034076e-05
DCTN4,-3.756529148657309e-05
SLC38A1,-3.7576057400340266e-05
KIAA2012-AS1,-3.757700719658548e-05
NXNL2,-3.758461998638287e-05
C1S,-3.758647137519409e-05
PKLR,-3.758668466402231e-05
ALKBH7,-3.760132210656809e-05
ALDH3B1,-3.7601387050543425e-05
PNOC,-3.7602081722529294e-05
OLFM4,-3.760402511024403e-05
CYP46A1,-3.764660216050911e-05
UXT-AS1,-3.767275438961795e-05
ZBTB20-AS4,-3.7679930328087086e-05
ZNF727,-3.767999312660457e-05
GPR174,-3.7699545712102113e-05
FKBP9,-3.7699612554096625e-05
PYCARD-AS1,-3.774895683404212e-05
AP001033.1,-3.775705399249534e-05
SP2,-3.775911728516564e-05
RNF144A,-3.777774513787275e-05
HIST1H2BE,-3.780857591568923e-05
TMEM70,-3.780940158768656e-05
TMEM255A,-3.781217291388887e-05
DIO2-AS1,-3.7827734397518136e-05
BATF3,-3.785157524558664e-05
CNTN3,-3.786619412455725e-05
AP001029.2,-3.789950614274475e-05
C8orf34,-3.790991851166563e-05
KAZALD1,-3.791849075384084e-05
HIST1H3D,-3.7923229916674616e-05
JMJD7,-3.792848618472372e-05
DERL1,-3.793395256479961e-05
SDHAF1,-3.7946532325543575e-05
ORAI3,-3.7981281787105586e-05
ZFX,-3.8000172202036805e-05
INTS5,-3.800461498074566e-05
CCL4,-3.8037243092809556e-05
FBN3,-3.8049503381326214e-05
TNFRSF19,-3.8051129384160956e-05
SLC9A8,-3.806631391286204e-05
GDNF,-3.8081448245555884e-05
ALMS1-IT1,-3.810538279463944e-05
TEX26-AS1,-3.812510303018199e-05
KIAA0408,-3.8155719836088716e-05
CA10,-3.8190630833363396e-05
ACO2,-3.819898768199315e-05
DSCAM,-3.820721062626976e-05
FOXP4,-3.820843348986973e-05
CDH3,-3.822388174918332e-05
ZNF181,-3.825075917115741e-05
MYO1B,-3.825478596938242e-05
FZD7,-3.8255391671126195e-05
PCSK4,-3.828288658784967e-05
SMN1,-3.828637765446357e-05
OLR1,-3.828988498593344e-05
TET3,-3.8296623806561095e-05
SHOX,-3.830532500315857e-05
NCAN,-3.830848718794947e-05
PPP1R12B,-3.831002340895426e-05
LRRN4CL,-3.8314238294148844e-05
CXCR6,-3.832662623625038e-05
CDK18,-3.83273007783264e-05
TRIM46,-3.833821264008509e-05
KAT5,-3.8350367297057275e-05
C15orf39,-3.836039239945089e-05
CRX,-3.8365692343346556e-05
EIF2AK1,-3.837451685393843e-05
U47924.2,-3.8383692263489996e-05
VCP,-3.8388343993727315e-05
TMEM161B-AS1,-3.839352608351651e-05
MAFTRR,-3.839723312214283e-05
WBP4,-3.839787389060148e-05
CD302,-3.840187354734305e-05
COX7A1,-3.840358369183152e-05
GGT6,-3.8417748530825575e-05
CENPB,-3.84442989276646e-05
HIST2H2BF,-3.84463727365497e-05
CCN5,-3.845149440879911e-05
NOS2,-3.845669858066781e-05
SULT1A4,-3.847295588572152e-05
TESC-AS1,-3.848040588360282e-05
SPR,-3.8512358687137975e-05
KDR,-3.852302660587395e-05
ERMN,-3.8548867662082025e-05
OR1L8,-3.8563617407254204e-05
FASLG,-3.858852384155945e-05
TRBC2,-3.862132507219488e-05
STK16,-3.862986529593906e-05
SLC12A1,-3.8659435769573404e-05
NYAP1,-3.8676038262189566e-05
EML6,-3.8693258563044656e-05
IL12RB1,-3.8693817335504694e-05
NDUFA8,-3.871696927551427e-05
ISYNA1,-3.872617610435975e-05
LMX1B,-3.873275034846533e-05
SLA2,-3.873343858979875e-05
AP003117.1,-3.8746915620624965e-05
ADGRB1,-3.875431990743119e-05
PRR34-AS1,-3.876162117751694e-05
BRD3OS,-3.8762983941139495e-05
MC1R,-3.8785582057970055e-05
PSG8,-3.8795374801082535e-05
CCDC90B,-3.883159489987031e-05
MAFB,-3.883852973378567e-05
PLS3-AS1,-3.884216812940393e-05
MAP1S,-3.886907357718207e-05
RFXANK,-3.889300530792175e-05
NUTF2,-3.892114592828283e-05
CNOT8,-3.895404194429753e-05
MAFIP,-3.8979284074613083e-05
CRIPAK,-3.8996268555307276e-05
PPP2R1A,-3.901827851908575e-05
RTL6,-3.9018807230525044e-05
HS3ST3A1,-3.906171322571782e-05
EFCAB8,-3.910902611836011e-05
EFCAB9,-3.915033348707361e-05
DM1-AS,-3.91666573944942e-05
FAM111A-DT,-3.918934597127507e-05
C4orf51,-3.9190067601674275e-05
CHRNG,-3.9196665956032374e-05
CARD9,-3.922481198054368e-05
HM13-IT1,-3.9232166718740145e-05
PMEL,-3.924086164353484e-05
TMCO1-AS1,-3.924223297528405e-05
DNAJC27,-3.9255606964131234e-05
SNAPIN,-3.9288196100690774e-05
TACR1,-3.928924274486015e-05
CPEB1-AS1,-3.929238160989471e-05
AKR7A3,-3.9308250914275594e-05
PLA1A,-3.931940381357863e-05
MCTS1,-3.93230411325158e-05
FAM204A,-3.932529125735597e-05
FSD1,-3.932810351409901e-05
MYLK-AS1,-3.9338209781830574e-05
RETREG1,-3.934336879324e-05
CDC42-AS1,-3.934889492229974e-05
KCNK2,-3.934967743679289e-05
SUMO1,-3.9400537502181695e-05
HMGN3-AS1,-3.940502357534191e-05
ZNF816,-3.940743906117625e-05
ST7-AS1,-3.94269050940347e-05
TRIM68,-3.942788260845889e-05
SLC26A4-AS1,-3.943061272174885e-05
FAM178B,-3.9430685938180436e-05
INMT,-3.943316464518295e-05
CRTAM,-3.946080170291829e-05
ALOX5AP,-3.947557144439007e-05
DENR,-3.948100323482771e-05
FBXO24,-3.949808178423084e-05
KIF3C,-3.951560262937074e-05
RORC,-3.952904823900106e-05
UGT2B4,-3.95401637114906e-05
KMT5C,-3.95882482718023e-05
BIN2,-3.9599306258613276e-05
AP001631.2,-3.960757551124444e-05
CYP2J2,-3.962530982996982e-05
OPA3,-3.962951297077472e-05
CCDC121,-3.9661002781633754e-05
WWP1,-3.966424645630731e-05
KLHL3,-3.967388926121663e-05
LRFN3,-3.968175278881548e-05
RHBG,-3.969885335364465e-05
ANAPC15,-3.9723289245857564e-05
PKD2L2,-3.9792703090770915e-05
WSB1,-3.979902517868653e-05
TIMD4,-3.9804038439170114e-05
NAA80,-3.9810393094554954e-05
LIMK1,-3.9836799249335175e-05
ASB7,-3.984551330587328e-05
IWS1,-3.9849426691821007e-05
DNALI1,-3.985612853192517e-05
APCDD1L-DT,-3.9867363658761764e-05
ZNHIT1,-3.9873039568708684e-05
RNF212B,-3.987776216448105e-05
PLEKHG5,-3.988782553107822e-05
RAPGEF4-AS1,-3.989637314195749e-05
MOCS3,-3.990967293467267e-05
ECI1,-3.991142852972774e-05
AP001627.1,-3.991461661027797e-05
NSMF,-3.995031126057757e-05
UBXN10,-3.995369085303219e-05
ZNF410,-3.998206740581158e-05
MMEL1,-3.998505808406446e-05
EMC4,-4.0000603227894485e-05
TMEM114,-4.004563582230682e-05
TTLL2,-4.004792428580821e-05
C1QTNF3,-4.004940331437313e-05
POLH-AS1,-4.007062386005361e-05
WWTR1-AS1,-4.00889274350216e-05
CLEC4C,-4.010474541978347e-05
GUCY2C,-4.0109537776788465e-05
TMEM86B,-4.011184017003993e-05
CASS4,-4.012207305421619e-05
CFB,-4.012849593705867e-05
UNC80,-4.0128905407960146e-05
SLC38A6,-4.015020248386229e-05
TRAPPC2L,-4.015522526200129e-05
RFPL3S,-4.0162649811469335e-05
C11orf54,-4.016284103115479e-05
MAPT-AS1,-4.017766302449725e-05
TSNARE1,-4.019325061300019e-05
IKBKE,-4.021637565298064e-05
AK1,-4.021987139751658e-05
HEY1,-4.024642632193802e-05
RBM44,-4.025727639512326e-05
NLRP8,-4.025729130113039e-05
PGRMC2,-4.0272909903318744e-05
MUTYH,-4.028515457611631e-05
PDE9A,-4.0294353753949254e-05
Z99289.3,-4.029616474681594e-05
IRF4,-4.030876121052809e-05
AP4M1,-4.033011865248926e-05
ACOT1,-4.033765823599337e-05
BOK-AS1,-4.034358766744551e-05
NOL3,-4.0349766119051915e-05
RHEBL1,-4.035725858009571e-05
HEXIM1,-4.035827456515881e-05
AUTS2,-4.036138431567305e-05
DHDH,-4.038152151684997e-05
MAP11,-4.0405308693694105e-05
KCNV2,-4.041127170318236e-05
MEIOB,-4.0419452673035334e-05
LRRC38,-4.041997375327283e-05
LSM7,-4.043831371305703e-05
BTG3-AS1,-4.04509078903653e-05
TMEM39A,-4.045350476461305e-05
CLEC12A,-4.0459093986522104e-05
ELOVL2-AS1,-4.046278287451156e-05
HINT2,-4.049124329713579e-05
CLP1,-4.051460762891052e-05
TMEM92-AS1,-4.052013025657552e-05
ZNF236-DT,-4.054128668613198e-05
HCG25,-4.05736720268615e-05
BFSP2,-4.057387096776294e-05
ADRA1B,-4.0584118594136223e-05
SREBF1,-4.059581172938465e-05
GATA6-AS1,-4.060143538632175e-05
AIP,-4.0624307424099275e-05
CPN1,-4.065285102295853e-05
CADM4,-4.067692599962671e-05
CSTA,-4.06939181770066e-05
DSTYK,-4.069614057177578e-05
P3H2-AS1,-4.070114872456503e-05
DDOST,-4.070908238383422e-05
AGTPBP1,-4.071006209989008e-05
AP001412.1,-4.0737539485034716e-05
GEMIN7-AS1,-4.074421151673168e-05
TMUB1,-4.075081843361004e-05
FAM189A2,-4.0762560994262926e-05
WDR86,-4.080089362017145e-05
CCDC122,-4.082284449238889e-05
C1orf174,-4.082525309820126e-05
SSH2,-4.0842879028018926e-05
ARHGAP9,-4.085063827805618e-05
AKR1C3,-4.086555254666403e-05
TAF9B,-4.086757151405193e-05
PEX2,-4.088430825404291e-05
EXTL3-AS1,-4.088542744945127e-05
ATP2C1,-4.088584417876235e-05
STOML2,-4.0898632131468196e-05
NTRK1,-4.0900106611834105e-05
DLX4,-4.094945436462354e-05
OTOG,-4.095270473591449e-05
PAXBP1-AS1,-4.0956310638387394e-05
MMP24,-4.0957776419789675e-05
PKHD1L1,-4.098562996644981e-05
PLEKHG1,-4.0985771648546514e-05
ATXN2L,-4.1009549580015374e-05
ZNF596,-4.101399441942738e-05
ARSF,-4.101586165267399e-05
C13orf46,-4.1017293307278195e-05
FP325332.1,-4.101811989370081e-05
TP63,-4.103497460074821e-05
PTCSC3,-4.1042378882361714e-05
XIRP2,-4.1055750600710275e-05
ACSBG2,-4.1085471914461566e-05
MAIP1,-4.112363186802354e-05
ADGB,-4.114957888921078e-05
SENP8,-4.1195480162853374e-05
SCGN,-4.120999957070637e-05
MSANTD4,-4.122391476142191e-05
FBLN7,-4.123186182880532e-05
LRIT3,-4.124578945446778e-05
REEP5,-4.124909727158819e-05
ZBTB45,-4.1254608824947076e-05
UBR5,-4.1276255404176835e-05
CFAP74,-4.129078175429767e-05
CRMP1,-4.1293977208896104e-05
MARCH5,-4.1307747630947815e-05
TOB2,-4.1308092917638866e-05
KAZN-AS1,-4.1323244045531997e-05
PSMG4,-4.1326871594303266e-05
PEX5L,-4.132928182815268e-05
PLGLB2,-4.134407405576254e-05
AGER,-4.135236785494257e-05
CGRRF1,-4.135897264339781e-05
IZUMO1,-4.136850146296138e-05
AR,-4.1381519315885585e-05
AP002807.1,-4.138350235629766e-05
ABCG1,-4.139024605995424e-05
SLC2A8,-4.143133894153207e-05
GPR89A,-4.1446666601658335e-05
SYT15,-4.144828125672041e-05
IGSF22,-4.145228180912174e-05
ZBTB9,-4.146026643662381e-05
NUTM2D,-4.146614174961815e-05
OSBPL1A,-4.148079856041715e-05
WDR11-AS1,-4.1525192392171374e-05
DCDC2B,-4.1534080917488665e-05
CXorf40A,-4.157339705777807e-05
ZNF396,-4.159614690293848e-05
ZBTB8B,-4.1658667720580474e-05
ACSBG1,-4.1663091642558794e-05
BTG2,-4.1691561293495845e-05
HIST1H2AH,-4.171529200754277e-05
TIMM17B,-4.172963744016182e-05
BRD2,-4.17765424565464e-05
TMCO2,-4.1781337568271694e-05
AF165147.1,-4.178895506308225e-05
KCNH2,-4.1792759932121315e-05
SLC33A1,-4.1815419174819596e-05
EMP3,-4.1816688896890116e-05
TTC39C-AS1,-4.182964603495968e-05
BTLA,-4.184326215751608e-05
FO393415.3,-4.186972662558659e-05
MRPL50,-4.187366512712894e-05
PREP,-4.187478207225742e-05
FAM86B1,-4.188620664031648e-05
NLGN3,-4.189215124007227e-05
EIF1AD,-4.189468319189701e-05
CSF2RB,-4.1898887715836574e-05
AP001062.1,-4.190233767553752e-05
SMG8,-4.193634478371556e-05
CBWD6,-4.198922121334405e-05
NDST4,-4.200338855817623e-05
NSDHL,-4.20240147925804e-05
AP000873.4,-4.2063693374596156e-05
GATC,-4.206677712531335e-05
FMR1-AS1,-4.209279403609521e-05
ZNF404,-4.213035761784108e-05
MKRN3,-4.222662635753881e-05
ZNF530,-4.224794559353534e-05
SNX29,-4.225399848810404e-05
JMJD4,-4.227122800212418e-05
HDAC11-AS1,-4.227273715295718e-05
ARGFX,-4.228185759756917e-05
STRAP,-4.2287541140966615e-05
LDHA,-4.229791028891879e-05
CEACAM21,-4.231590827068932e-05
LARS2-AS1,-4.231872873518798e-05
LCAT,-4.2321825105267995e-05
TPH2,-4.2331108369360806e-05
KIAA1614-AS1,-4.2335164339707363e-05
PSMD14,-4.236157174533993e-05
SARAF,-4.236586117447207e-05
PRPF38A,-4.2367308018697214e-05
AP001626.1,-4.237061499287755e-05
REN,-4.239391184192739e-05
UBE2N,-4.240170673423456e-05
MRPL23,-4.2424962830656965e-05
PLEK,-4.242976961904243e-05
MYOCD,-4.243374033548624e-05
RORB,-4.2453772218853256e-05
AQP4-AS1,-4.247708235406027e-05
TRAM2,-4.2492001924106124e-05
PCDHB11,-4.24956452080363e-05
IRF5,-4.2510037048950474e-05
MAMSTR,-4.2514335088199436e-05
IQCE,-4.2531808530383016e-05
RNF5,-4.2532081945447104e-05
CXXC4-AS1,-4.254772076841037e-05
WT1-AS,-4.255914140824329e-05
FCRL2,-4.2568375146463864e-05
C22orf24,-4.259283693365861e-05
CRELD1,-4.259640128165397e-05
CRYGS,-4.2597838368432327e-05
ATP2A3,-4.261717537358299e-05
TLR1,-4.26347622473002e-05
TCF24,-4.2635712409986066e-05
TRMT2B-AS1,-4.264370546260358e-05
RNF17,-4.265209264934724e-05
CXXC5,-4.265937084815472e-05
GLIPR1L2,-4.266343881147368e-05
PGLYRP2,-4.2677489792219286e-05
GNG4,-4.268026895089015e-05
AP001922.5,-4.2685175918887905e-05
LPCAT4,-4.2689103937603876e-05
FRRS1L,-4.2695458532779065e-05
MYH13,-4.2714719287498213e-05
MUCL1,-4.273219914897006e-05
FLVCR1,-4.2739116351424066e-05
MSH3,-4.27909293081094e-05
UBE2U,-4.279500518691443e-05
PDE6C,-4.2798277282695495e-05
TTN-AS1,-4.280994643178585e-05
TMEM250,-4.281458333066262e-05
NANOS1,-4.2828115458750014e-05
RNF146,-4.282870141091511e-05
MIR4422HG,-4.282958009305884e-05
NCOR1,-4.2833748563516e-05
MPDU1,-4.285340187184768e-05
LINGO1,-4.285419291594015e-05
TFAM,-4.2864296193236355e-05
SMIM1,-4.286899620769668e-05
ELL3,-4.2872060347877336e-05
OPRM1,-4.2889488303575555e-05
CHRNA3,-4.29046413366123e-05
OXER1,-4.2907782981279335e-05
SYNPR,-4.292139585347647e-05
PLBD1-AS1,-4.2930591921724225e-05
LPAR1,-4.294041739561374e-05
SMCO3,-4.294301361252742e-05
STRN4,-4.2984805664259096e-05
ATF5,-4.3007152395524494e-05
C20orf203,-4.3009521076532543e-05
ANKRD24,-4.301379636857236e-05
PGD,-4.301484027641002e-05
PCAT19,-4.3057930170148816e-05
C21orf91-OT1,-4.305800807428769e-05
ERO1B,-4.3060083882647516e-05
GACAT3,-4.308134017121699e-05
TRAC,-4.308534555295929e-05
SCARA5,-4.3095837313854584e-05
KCNK3,-4.310556254323784e-05
USP46-AS1,-4.312379180420364e-05
AKR1D1,-4.313006071165883e-05
LMO7-AS1,-4.3137450280351285e-05
PCF11-AS1,-4.3144161501867644e-05
DRP2,-4.317580947882021e-05
PLD6,-4.317767409569994e-05
ACOX3,-4.3177953364201396e-05
RRAD,-4.3190837987758636e-05
HEY2,-4.31919162543164e-05
MYO15A,-4.319314221741637e-05
PPP1R7,-4.3204624668740984e-05
SCARF2,-4.32063242808986e-05
PPP4R1-AS1,-4.32141596630067e-05
HTR2A,-4.3253256002092504e-05
ATP5IF1,-4.325659856991126e-05
ROCK1,-4.326378884878029e-05
THAP11,-4.326780378540738e-05
CACNA1I,-4.330219668244976e-05
ARSA,-4.3306944071542955e-05
SNW1,-4.3322306938285284e-05
RNF126,-4.3331477636989126e-05
ABCC8,-4.333310011784852e-05
SFT2D3,-4.333830000786305e-05
C20orf144,-4.3339726065392704e-05
C20orf194,-4.334190389045686e-05
FBXO21,-4.3347758539204935e-05
AP002813.1,-4.336180069475249e-05
FHL3,-4.337783441301591e-05
SNX8,-4.3430855359689785e-05
PTPN23,-4.344149430518918e-05
AP001605.1,-4.345567827165494e-05
MEG3,-4.3484006805105605e-05
S1PR2,-4.3541793935362734e-05
ERVW-1,-4.354650640255968e-05
STAT5A,-4.354694143002379e-05
ATP5MF,-4.354924481976826e-05
ZNF808,-4.355149832639609e-05
KCTD1,-4.3556784252837037e-05
GNG10,-4.356537619968006e-05
ARTN,-4.3576871653180716e-05
FCGR1B,-4.3588348318299446e-05
MAT2A,-4.35903693213602e-05
TRMT10C,-4.3601099710528176e-05
TRIM9,-4.361286927929877e-05
DAGLA,-4.361424670358764e-05
RELT,-4.3620042788371085e-05
PAX3,-4.362042618300823e-05
DAPL1,-4.362965453661508e-05
ITPR1,-4.3641869336204624e-05
EGLN2,-4.364969077898692e-05
ATAD3C,-4.366444235178525e-05
SASH3,-4.3666050547488746e-05
ISCA2,-4.3667026159183645e-05
ZNF879,-4.367367263418736e-05
CSMD1,-4.367498268216507e-05
ILDR2,-4.3695198655744274e-05
DRAP1,-4.370230805317228e-05
DNAJC27-AS1,-4.370607519233933e-05
TGFB1,-4.371395729314588e-05
OR9Q1,-4.3725323448115126e-05
ARHGEF6,-4.37656753284055e-05
MLIP-AS1,-4.3767018826849554e-05
POU5F1B,-4.377930000940068e-05
FAM81B,-4.379656034149231e-05
SLC7A9,-4.380350800126777e-05
NFAM1,-4.380686568827257e-05
OR2L2,-4.3821752914775996e-05
SUMO2,-4.382625313205419e-05
DGKB,-4.3827576703367304e-05
GIMAP5,-4.382856092237791e-05
PYGO2,-4.383489501562976e-05
NME6,-4.383746603831045e-05
AP001107.4,-4.3845209700539266e-05
AOC3,-4.3863363824247154e-05
IPO13,-4.388586232542995e-05
SHLD1,-4.388593051656149e-05
EZH1,-4.389338005770937e-05
POP4,-4.389408063277202e-05
UBQLNL,-4.389755750783189e-05
UBXN2A,-4.391101063819037e-05
CIB2,-4.392607672675787e-05
FOXH1,-4.3976948881085265e-05
CD44-AS1,-4.3981991044371416e-05
NSUN3,-4.398431980195555e-05
SLC15A5,-4.3989365703024675e-05
UBE2G1,-4.4033209465723246e-05
GTF3C5,-4.404680340782705e-05
ZNF597,-4.405875033886503e-05
CCR2,-4.407428267616948e-05
SEMA5B,-4.407960326390154e-05
ACOT12,-4.409080801686959e-05
SAMHD1,-4.409326554690029e-05
SNX31,-4.410799858036718e-05
KMT2D,-4.41159301057868e-05
GLP2R,-4.412345708330393e-05
WDR83,-4.412733453576023e-05
IBA57-DT,-4.4129788320103826e-05
ZNF814,-4.413253280584717e-05
POPDC2,-4.413554950788343e-05
ZDHHC15,-4.4144533113765064e-05
NUDT2,-4.414511380878312e-05
LBHD1,-4.4148689758566654e-05
FAM222A-AS1,-4.416096094549915e-05
S100A9,-4.418669525845775e-05
TERC,-4.419747425499625e-05
SUB1,-4.421304182664108e-05
U73169.1,-4.423538277292059e-05
MBLAC1,-4.4239408001621205e-05
KCNU1,-4.424082085444095e-05
ZNF503-AS1,-4.4241198264753816e-05
FGD1,-4.424920475502758e-05
NHLRC2,-4.4272402402655453e-05
FAM66B,-4.428410633706056e-05
PDE6G,-4.4301562625169796e-05
BRPF1,-4.430304522119587e-05
IL34,-4.4304957531907755e-05
FYB2,-4.430777255282777e-05
C4orf47,-4.4345670408231875e-05
MDS2,-4.435695864647022e-05
AP002370.2,-4.4367426227670905e-05
PLRG1,-4.437876231596639e-05
AGPAT3,-4.43840989323235e-05
CDH26,-4.438533880115235e-05
TMEM26-AS1,-4.438844986860676e-05
CDK15,-4.4398384403188375e-05
ID2-AS1,-4.440129320865258e-05
LRRTM4,-4.440166068934179e-05
G6PD,-4.440916775006887e-05
ERVMER34-1,-4.441165284852678e-05
HOXA2,-4.441823103590659e-05
C19orf54,-4.4426524498580464e-05
ADGRG3,-4.4447493656024685e-05
LRP2BP,-4.4471110488154556e-05
MIR497HG,-4.454277347130856e-05
WIPF3,-4.455249110804665e-05
PCDHB10,-4.4553051290650436e-05
E2F3-IT1,-4.4557913876559714e-05
ARRB1,-4.456277748506529e-05
USP24,-4.4564027277145626e-05
IL23R,-4.456832280387742e-05
BCO2,-4.45745933813843e-05
RFX8,-4.4578695931025826e-05
FAM66A,-4.459141528110093e-05
CPLX2,-4.4592204203874726e-05
TENT5C,-4.462197204083207e-05
FOXF1,-4.464449316209284e-05
TMEM115,-4.467337236710923e-05
ZER1,-4.467874793129083e-05
CYP51A1-AS1,-4.471312856689756e-05
SYPL1,-4.473010909407387e-05
POLR3C,-4.474252268514506e-05
TMEM208,-4.476011490149373e-05
MEGF6,-4.477573726984652e-05
OOSP3,-4.478092151913196e-05
RAB43,-4.480253368332033e-05
TTC21B-AS1,-4.481407949261842e-05
PIAS3,-4.4816577161171706e-05
ZNF829,-4.481838292878278e-05
EPHA6,-4.4821432520454046e-05
EIPR1,-4.484988360757975e-05
SEPTIN11,-4.485854499964364e-05
MAS1,-4.485918499804454e-05
ZFP69B,-4.489431380729422e-05
RELA-DT,-4.491280652809472e-05
BAX,-4.491582487830387e-05
SLC38A8,-4.4921194163496884e-05
TSC1,-4.492529401308146e-05
ZNF677,-4.494652303827767e-05
EPC2,-4.4967086607952e-05
P2RY1,-4.498385996408622e-05
CDK20,-4.498594339311895e-05
NOX5,-4.499436715784339e-05
ZNF221,-4.4994724372251204e-05
PADI4,-4.5017719805516725e-05
TEX29,-4.501980532353913e-05
ZBTB7C,-4.5049205327385176e-05
KCNK12,-4.505386084669918e-05
STYXL1,-4.5056308749298335e-05
TNRC6C-AS1,-4.506160564120482e-05
NBAT1,-4.5075717287518286e-05
NAALADL2-AS3,-4.5077981334507635e-05
SHISA9,-4.508203742609474e-05
CTXND2,-4.510147750233104e-05
EMC10,-4.510169554836786e-05
CROCC2,-4.510521209171354e-05
IGHA1,-4.510533858449085e-05
YIPF1,-4.5107850928186854e-05
AIF1,-4.511244173814883e-05
DNLZ,-4.512795258117806e-05
TMEM11,-4.513772253956457e-05
SULT1C4,-4.515026383511108e-05
OSGEPL1-AS1,-4.515364120752709e-05
RERE-AS1,-4.5179372670736944e-05
FSTL3,-4.51799575581e-05
PPP1R16A,-4.518493143243202e-05
GNPTG,-4.519235723228218e-05
TESC,-4.5192376696781404e-05
ANO4,-4.5200966202383286e-05
THSD4-AS1,-4.520900453213899e-05
ATP6V0D2,-4.521213360531026e-05
POGZ,-4.522937578975405e-05
BRK1,-4.523805971770993e-05
DOK5,-4.5259186174177306e-05
AF241728.2,-4.5263531402178944e-05
RBKS,-4.5289349042184674e-05
ELAC1,-4.5291122406347174e-05
SLC16A12,-4.529488083697161e-05
EBLN2,-4.532954756119824e-05
EFNA5,-4.533122863971001e-05
GFI1,-4.534353794583092e-05
SORBS3,-4.535548190900527e-05
LZTFL1,-4.5357505959778766e-05
SLC2A10,-4.535756465283422e-05
GLOD4,-4.53593659780619e-05
TECTA,-4.537139789028016e-05
ZBTB40,-4.53805912667818e-05
TAF6,-4.541573427739359e-05
VPS13B-DT,-4.542152687690338e-05
SLC9B2,-4.542275442084787e-05
TMEFF1,-4.5443327911934434e-05
NAXD,-4.5444577071722934e-05
SMAD1,-4.5447211466905646e-05
DNM3OS,-4.545035866629277e-05
LUADT1,-4.5467795224383024e-05
RALY-AS1,-4.546845733138961e-05
TDRP,-4.5479375476328634e-05
DCUN1D1,-4.550457943934089e-05
VSIG10,-4.55170786071019e-05
ADCY4,-4.551881734577688e-05
CYGB,-4.552656471858503e-05
CCDC78,-4.553353152110789e-05
NQO2,-4.556853449781209e-05
PSMD7,-4.557314007251642e-05
ZNF433-AS1,-4.558894405080061e-05
CCDC26,-4.561122758744713e-05
BDNF,-4.56299446257824e-05
TXNIP,-4.5635274349199384e-05
TRMT12,-4.5637619404628144e-05
ZNF260,-4.566172021353442e-05
FZD1,-4.567122763357683e-05
ZHX1,-4.567560585369018e-05
EMC3,-4.5682828638693565e-05
ETFBKMT,-4.5699546938444226e-05
MFAP1,-4.5699821546837515e-05
FAM207A,-4.570956247305403e-05
PEBP4,-4.5711567355919214e-05
OTULINL,-4.5712737394196626e-05
GGCX,-4.57139184394597e-05
PDCD2,-4.571679785356144e-05
SLC35F3,-4.5719304216560994e-05
GLDC,-4.5732913451992826e-05
C1orf43,-4.5747508901011596e-05
PPM1J,-4.5760170700109154e-05
ESR1,-4.577299549862518e-05
PBXIP1,-4.57816881946501e-05
ZNF613,-4.578467787958902e-05
FGF7,-4.578875563548074e-05
ATP8A2,-4.579599441402591e-05
ABT1,-4.5841221639491134e-05
KCNT1,-4.584324346612199e-05
LIN28A,-4.585250002934663e-05
SLCO1C1,-4.589030467994855e-05
C6,-4.5948026914628906e-05
PRAM1,-4.595543160613506e-05
GABRG3,-4.596141898381356e-05
PSMA8,-4.597243673173601e-05
ZBTB3,-4.59804769125302e-05
ZNF700,-4.6008235926703105e-05
OPRD1,-4.6013062682003835e-05
CDKN2AIP,-4.601309473296807e-05
PGM1,-4.602436764172468e-05
KLHL10,-4.603044638275775e-05
ACKR1,-4.603811302265712e-05
PEF1,-4.610227260574785e-05
MYOM2,-4.610468808159031e-05
ZNF117,-4.611631917017653e-05
FGFRL1,-4.6185756209359243e-05
EGLN3-AS1,-4.621142721235121e-05
ZSWIM3,-4.622140037380448e-05
ZNF333,-4.624915845023007e-05
TRPM8,-4.6261404601598444e-05
EIF2B2,-4.626605586787949e-05
MTFR1L,-4.6266347865398725e-05
ASMT,-4.6296727776224083e-05
LRRC2,-4.6318659010247576e-05
OVGP1,-4.632454621258126e-05
MIA,-4.633034539690813e-05
MMD2,-4.633438106453085e-05
INHBA-AS1,-4.636520012925797e-05
TK2,-4.6391968584188966e-05
PLVAP,-4.639474092529959e-05
KCNAB1,-4.6399139395163626e-05
RSF1,-4.6399959991515535e-05
RNFT1,-4.6428035296374286e-05
FAM157C,-4.644745524276122e-05
KCNH6,-4.6469263353733825e-05
CLVS1,-4.648802178333556e-05
CARMIL3,-4.648991196146488e-05
SLC26A11,-4.64999861099053e-05
ARL6IP1,-4.650535011919644e-05
ZMAT5,-4.650781714004151e-05
PPP1R32,-4.6537364264593036e-05
GAPDH,-4.6539322414164054e-05
WNT7B,-4.654738299811e-05
KCNJ3,-4.654975680177862e-05
HOXA5,-4.655936078768084e-05
SMAGP,-4.6559897618412934e-05
AF279873.3,-4.656002237380431e-05
NPIPA8,-4.656690111026692e-05
HTRA4,-4.6580752576356246e-05
GATAD2B,-4.65807922353607e-05
ELMO1-AS1,-4.660806980334621e-05
POU2F3,-4.661790423626429e-05
KLHL6-AS1,-4.662113230690403e-05
PLEKHD1,-4.662177169120531e-05
HSPA4L,-4.662207320597389e-05
DAXX,-4.663053618116657e-05
FLVCR2,-4.663628086330441e-05
INTS6L,-4.6646383630789476e-05
Z69706.1,-4.667770392397797e-05
CEP350,-4.668020501332704e-05
CACTIN,-4.668776851849132e-05
TRGC1,-4.669605784076523e-05
ZNF41,-4.6708449968787776e-05
ZNF433,-4.6728845038197224e-05
DNER,-4.67386639165136e-05
TMEM170A,-4.673953883054871e-05
POLR2A,-4.6744923724495005e-05
GUCA1B,-4.678663727689034e-05
DRC1,-4.679689275456573e-05
SEC14L5,-4.680133851793013e-05
RFX4,-4.680804237991155e-05
NDNF,-4.6808760901456754e-05
MAP3K10,-4.6821829708868225e-05
HECW1,-4.6824156251184176e-05
HNRNPA3,-4.6829559410653734e-05
PARD6G-AS1,-4.683323775452421e-05
TMEM222,-4.683330779740096e-05
LRRC39,-4.685905915597226e-05
ZCCHC8,-4.685948331620053e-05
FBXL12,-4.687203669318056e-05
HMG20B,-4.6877672449730995e-05
GBP5,-4.689286461499176e-05
COA6-AS1,-4.689997956005969e-05
IL17D,-4.690793545977803e-05
TIGD7,-4.694216890843303e-05
PIWIL2,-4.695450123835395e-05
DBR1,-4.698273820196543e-05
CLEC7A,-4.698573128652369e-05
EIF5A,-4.698574682646776e-05
SEC23B,-4.6997612699959444e-05
EAPP,-4.700454722080315e-05
FCHO1,-4.7007627902635755e-05
CECR2,-4.702468486451413e-05
MRPL9,-4.7028614545554694e-05
ZNF563,-4.703474106720313e-05
ABCB9,-4.704215208501518e-05
POLE4,-4.704441262880814e-05
IGSF8,-4.704533340917882e-05
DHX38,-4.7053270211401883e-05
LAMP2,-4.7056605233359935e-05
DRD3,-4.7061813326456336e-05
CCDC88B,-4.706843446291867e-05
ANKRD30A,-4.709337936991486e-05
FBXL19,-4.709680709595179e-05
RPP21,-4.710215305664812e-05
GRM6,-4.712063390864329e-05
C12orf60,-4.7121278857904594e-05
ADAM8,-4.712746886024667e-05
SMPD2,-4.713086132117475e-05
FAM102B,-4.7132654932346354e-05
BX649632.1,-4.717721838325424e-05
KIRREL3,-4.719896645299213e-05
FAM241A,-4.720968800957295e-05
KCNK5,-4.721590557160956e-05
AP005432.1,-4.7220849936345695e-05
MYCBP2-AS1,-4.723063395019542e-05
EIF3J-DT,-4.723077441028508e-05
TMEM242,-4.723361103485991e-05
PPIP5K2,-4.724430121968859e-05
CHKB,-4.724838598069626e-05
ZNF503-AS2,-4.726520748269603e-05
DCUN1D4,-4.727401128318056e-05
CCDC114,-4.7282917219649224e-05
NCMAP,-4.728750831065091e-05
CD300E,-4.733320474253369e-05
ZNF487,-4.733419650260778e-05
TLN1,-4.733999658111827e-05
CRLF2,-4.736658655618934e-05
ARF4-AS1,-4.739144076371943e-05
SLC13A4,-4.739981874480103e-05
PCGF3,-4.7402202041744755e-05
RAB27A,-4.741818674738043e-05
AP001599.1,-4.745302281915684e-05
PSMA7,-4.7458285817810566e-05
RASSF10-DT,-4.748319394451773e-05
F2RL2,-4.7490501889739344e-05
CTU1,-4.7492996204028516e-05
TC2N,-4.749432572376555e-05
CCR3,-4.7513138931621006e-05
KLHL31,-4.755969906253287e-05
SHISA4,-4.756885454846518e-05
KIF25,-4.758867777528798e-05
EMILIN2,-4.7591948651847485e-05
PPP1R3D,-4.7617772868279495e-05
CCDC158,-4.7624780991503175e-05
CHKA,-4.764545233629567e-05
MAP1A,-4.7649357613245986e-05
ZPR1,-4.7650132936065137e-05
ASIC4,-4.7660972648164776e-05
AKAP6,-4.766173156202785e-05
METTL24,-4.7675544571661284e-05
EDC4,-4.767706019331978e-05
WDR45,-4.768412306646981e-05
TSBP1,-4.7696786920135125e-05
SNTN,-4.76991203177495e-05
INO80B,-4.773563470690567e-05
STX5,-4.7751280145584984e-05
CCDC183-AS1,-4.775883081490466e-05
BRSK1,-4.776402384969355e-05
EIF4ENIF1,-4.7859898091228606e-05
SNAPC5,-4.788880826536895e-05
AAR2,-4.789453631945817e-05
MAPK8IP2,-4.790586538085471e-05
MXRA7,-4.790699096611496e-05
CYP1B1,-4.793018152907009e-05
PIGC,-4.7930566904758485e-05
CDH2,-4.793411508375977e-05
FMN2,-4.793506329440906e-05
C12orf57,-4.795665528626325e-05
ZDHHC2,-4.795750004204957e-05
ST6GALNAC5,-4.797115493671516e-05
TSSK3,-4.7971939195360134e-05
NRAD1,-4.797649209026493e-05
HNRNPA0,-4.797725970268489e-05
MPP3,-4.7988456308100004e-05
CKM,-4.803681213692715e-05
AP001505.1,-4.804955052956032e-05
LRRC61,-4.80726784596492e-05
PADI2,-4.810961123881782e-05
BRINP3,-4.811141881891179e-05
MATN3,-4.8125583400149646e-05
PPP1R42,-4.813533624014484e-05
ADPRHL1,-4.816370168628408e-05
PDHB,-4.816739781670675e-05
L3MBTL3,-4.820087924334514e-05
NDUFA12,-4.821256285623784e-05
PDCD6,-4.8216285084014e-05
C1orf146,-4.8242230837946926e-05
SPEG,-4.824236571362893e-05
SYN1,-4.824757844463952e-05
IL4I1,-4.825884555951821e-05
ZNF446,-4.826482290562455e-05
RELN,-4.827226627507021e-05
TBX21,-4.827619555758695e-05
AP000547.3,-4.827886761855896e-05
TBL2,-4.8280919932526204e-05
CD5,-4.830519341176206e-05
IL1RAPL2,-4.833231904179134e-05
C8orf86,-4.834317277237743e-05
USF3,-4.8350922605913274e-05
SLC66A2,-4.836319855347908e-05
MTMR8,-4.836704561196107e-05
CU633906.2,-4.840369691724196e-05
LMNTD1,-4.84067218175909e-05
ZNF664,-4.841993935855424e-05
SDHAF2,-4.843246035841267e-05
BX322234.1,-4.844221719260042e-05
ZFP37,-4.8457760271741694e-05
FAM27E3,-4.846955690485505e-05
Z95114.1,-4.8480622372423593e-05
IL33,-4.848715795575534e-05
GNGT2,-4.849358614080913e-05
MOV10,-4.850427691779444e-05
ACP2,-4.852414133069058e-05
SCUBE2,-4.854952209969011e-05
TDRKH,-4.8610175148755725e-05
ADIRF-AS1,-4.8625605358615506e-05
PCDH15,-4.862767809731153e-05
PEAK3,-4.863593317719198e-05
DCLK1,-4.8640322015983514e-05
PKN2-AS1,-4.866191116026344e-05
SMIM15-AS1,-4.87020606235213e-05
ZNF233,-4.870796469413064e-05
USP6,-4.8712362007995755e-05
ZNF467,-4.871404282320239e-05
LTF,-4.8727878775306487e-05
GPATCH3,-4.8732677803429865e-05
GZMA,-4.8753379781041616e-05
NDRG4,-4.880288194174993e-05
CIR1,-4.8811800509095586e-05
IFFO1,-4.882318556990459e-05
REXO1,-4.886252269234314e-05
AFF2,-4.886349049742578e-05
RNFT1-DT,-4.88651761662028e-05
DUSP12,-4.8865539877886375e-05
PIM2,-4.8868843529032045e-05
CADM2,-4.888699391193521e-05
SPAG7,-4.889664934690622e-05
MUSTN1,-4.8899144072581035e-05
ATMIN,-4.890135361124193e-05
ACOT2,-4.8962133587140634e-05
EID2,-4.89720143072059e-05
TSC22D3,-4.898557788198618e-05
MED31,-4.89989844527227e-05
ATP6V0E2-AS1,-4.901972124573925e-05
PLEKHM3,-4.902678464440113e-05
PTGDR,-4.903608466148268e-05
TDRD9,-4.906873307721497e-05
ACSM5,-4.908395301022892e-05
MYLK3,-4.909170057336716e-05
TVP23A,-4.910445820942839e-05
ANXA2R,-4.910610915322652e-05
WFIKKN1,-4.9111388881635686e-05
ZNF213,-4.912413781717885e-05
TPP2,-4.915236258893464e-05
SYCP3,-4.91705822737819e-05
PGBD5,-4.925296212297145e-05
ZNF524,-4.9258027958835776e-05
CDC5L,-4.927722013842774e-05
CPTP,-4.9277581101587066e-05
MARCH4,-4.931377795029625e-05
ZNF417,-4.931433824536453e-05
RELCH,-4.9314765756026835e-05
HAPLN1,-4.932621940415834e-05
TINAG,-4.934912924456411e-05
CEL,-4.9359944857486454e-05
AP001372.1,-4.936496470184911e-05
RGL1,-4.938087838776615e-05
AP006545.3,-4.941246981709757e-05
ANKRD55,-4.9414334567483335e-05
MAP3K12,-4.941867185312787e-05
MMP21,-4.9478775604369625e-05
UBL7-AS1,-4.9497806371567105e-05
HOOK1,-4.950891208704606e-05
NGF,-4.952120495463706e-05
ZBTB11-AS1,-4.952200888540881e-05
SF3B5,-4.953982373929286e-05
ADRA1A,-4.954191274538956e-05
DNM1P35,-4.954706694970776e-05
MORN5,-4.955139353713567e-05
HSF2BP,-4.9559378121501264e-05
DHFR2,-4.956878592106674e-05
NLRX1,-4.9573922859521476e-05
SF3B1,-4.9576474598147594e-05
MYOCOS,-4.958041453915491e-05
SEC14L6,-4.961263453577336e-05
CR381670.2,-4.961362946275198e-05
GALC,-4.961941896694728e-05
EDRF1-AS1,-4.9621703244710435e-05
TSR3,-4.962754771144272e-05
RXYLT1-AS1,-4.963323357362597e-05
GPC5,-4.9640364694994357e-05
VSIG4,-4.964302838075099e-05
WDR17,-4.964914502533644e-05
XAB2,-4.9655238324394804e-05
ASIC2,-4.96872580954604e-05
TXNL1,-4.96883100651852e-05
GACAT2,-4.9728334233876086e-05
COX14,-4.975650205408299e-05
ARMC8,-4.976466550598634e-05
LRRC37A2,-4.979675464649771e-05
ADSS,-4.9799386075708806e-05
ADAMTS3,-4.980791911066525e-05
ZEB1,-4.9808115209200004e-05
KDELR1,-4.982296256038007e-05
ZNF665,-4.983443500471955e-05
NUGGC,-4.9834860226538396e-05
YTHDF1,-4.983906031177438e-05
ZAP70,-4.985393964523633e-05
SEC11A,-4.986674699000948e-05
C15orf61,-4.988984147139495e-05
TSEN34,-4.98926763230072e-05
SCN3B,-4.9901694149261524e-05
BAG6,-4.991387813571683e-05
ASB18,-4.9914302317148986e-05
ARL14EP,-4.994006723011504e-05
HIST1H4C,-4.994405787603816e-05
PARS2,-4.995956491753281e-05
TMEM60,-4.99636629016897e-05
PCAT7,-4.996410440608305e-05
IGLV10-54,-4.9967619011498904e-05
HIF1AN,-4.9988591606941424e-05
GNAS-AS1,-5.001344973531597e-05
ZC3H15,-5.001895081663271e-05
TSC2,-5.0020778307827095e-05
CES5A,-5.0025943862752065e-05
ZNF582-AS1,-5.003295712348627e-05
ARNT2,-5.003833773657458e-05
SDHC,-5.003907057664446e-05
PGBD2,-5.004765992363308e-05
ZNF98,-5.0054721706308585e-05
ENPP3,-5.007883366001465e-05
HIGD2A,-5.0089246038137225e-05
ZCCHC10,-5.008969163668923e-05
PROB1,-5.009438895223454e-05
COL8A1,-5.0101924988772304e-05
CCN2,-5.010672294982092e-05
ADAMTS8,-5.012317332208526e-05
ULBP3,-5.012335175672663e-05
BRPF3,-5.014122662195436e-05
CD109,-5.016213550344667e-05
KCNMA1-AS1,-5.018339440298571e-05
RAB1B,-5.019153576941667e-05
ZC2HC1C,-5.0192791150368874e-05
SPATA21,-5.020017786889631e-05
MBD5,-5.02033558781423e-05
ACSS3,-5.020673545093739e-05
PANO1,-5.021083972395056e-05
TLE6,-5.021895199013528e-05
PHEX,-5.022631504244807e-05
ZNF667-AS1,-5.02422286342595e-05
GPRC5B,-5.0252571817007535e-05
BAALC,-5.027847461300379e-05
CD200R1,-5.0279531216833364e-05
MCHR2,-5.028976011987807e-05
MED29,-5.0306999143398147e-05
ZSWIM1,-5.0308151558662545e-05
MTAP,-5.031622173569655e-05
GPANK1,-5.0323634993636285e-05
SYT11,-5.0326078095072475e-05
CAND2,-5.034097849750408e-05
PRADC1,-5.0363102409170356e-05
PGLS,-5.037404719338932e-05
MPV17L,-5.037721313602667e-05
MVB12A,-5.037817621911895e-05
PI4K2A,-5.039079489524377e-05
SEMA6A-AS1,-5.042686173440767e-05
PACSIN1,-5.045464622461877e-05
MYCBPAP,-5.051071565497028e-05
C19orf47,-5.052612828990626e-05
ZNF45,-5.052767404110155e-05
AP005671.1,-5.0561860706431785e-05
HSD11B1L,-5.058146218606393e-05
USP30-AS1,-5.0581746707221834e-05
TMPRSS5,-5.059924187074323e-05
LYRM9,-5.061336366694987e-05
HCAR1,-5.0631730630343495e-05
ENTPD3-AS1,-5.0634528487060324e-05
ST7,-5.06380017001353e-05
MAEL,-5.063893546513768e-05
LRAT,-5.066112119540533e-05
KIF1BP,-5.066218599438593e-05
ZNHIT3,-5.0677441220084885e-05
CLEC14A,-5.067912522960587e-05
CENPBD1,-5.068075379252937e-05
C1orf52,-5.068672544437367e-05
HIST1H2AG,-5.069676429843649e-05
SLC7A13,-5.071730138652909e-05
GRHPR,-5.072131372461793e-05
KLHL4,-5.0726031905424105e-05
CAPNS1,-5.076287870949935e-05
TAS2R19,-5.080905646721935e-05
TTYH1,-5.0871030080536255e-05
CORT,-5.08901753877274e-05
ZNF219,-5.0921277889383985e-05
PRICKLE4,-5.092814630452546e-05
MRM3,-5.094412611942678e-05
TOMM22,-5.09520082961548e-05
SLC9B1,-5.09617432278375e-05
VHL,-5.096704304502482e-05
IQCM,-5.097849916464721e-05
GEMIN7,-5.0997182297291743e-05
VWCE,-5.100048280895623e-05
DCST1-AS1,-5.104909237440631e-05
SHF,-5.1083798860934244e-05
CNDP2,-5.109011438651422e-05
SLC26A4,-5.109708555249863e-05
C5orf66,-5.110961351527943e-05
CASP1,-5.111752277532879e-05
DBP,-5.113660384331292e-05
CACNA1E,-5.115235788631199e-05
DSEL,-5.1169691504556494e-05
MCM3AP-AS1,-5.118014388706423e-05
SGCG,-5.1193051256701434e-05
MMP25-AS1,-5.123746703906859e-05
SLC24A4,-5.1242954701372586e-05
E2F6,-5.124441524726547e-05
LRCH2,-5.124916251533788e-05
SNRPB2,-5.125041128027328e-05
TMTC3,-5.126812432766021e-05
LYSMD2,-5.1268761299914817e-05
SMIM41,-5.1279377881997e-05
GNA15,-5.128039673466184e-05
SMAD4,-5.128898998447084e-05
BX255925.3,-5.132755828284566e-05
CYB5R2,-5.133720616339281e-05
ERAL1,-5.138912476085749e-05
AP001363.2,-5.1393870951723435e-05
CYP27C1,-5.14007151156818e-05
CCDC59,-5.1409649046160074e-05
SIGLEC5,-5.1422202498579316e-05
MRPL35,-5.1447350131596185e-05
DTNBP1,-5.146509645015805e-05
DACT3-AS1,-5.151801421684547e-05
DLGAP1,-5.15391712573236e-05
SULT1A2,-5.1545336135267544e-05
PORCN,-5.1557033825171574e-05
CDK17,-5.1561201792392546e-05
CACNB1,-5.157379736141866e-05
RANBP2,-5.1575484964953e-05
SV2B,-5.1596781624073406e-05
SPAG6,-5.16164596675211e-05
GAS5-AS1,-5.163377801530864e-05
F8A1,-5.164700593911841e-05
HINFP,-5.1662527024450185e-05
MR1,-5.167214205297659e-05
PLAA,-5.168748709652318e-05
DMRT1,-5.171538783410329e-05
CFAP157,-5.17155493165448e-05
AFG1L,-5.1753536229902025e-05
CFAP58,-5.176039863725341e-05
CCDC83,-5.1825528645208764e-05
PSMA3,-5.1846806117419295e-05
DHRS12,-5.1854607696736284e-05
EFCC1,-5.185658578838778e-05
PLA2G15,-5.1870942305390234e-05
SLC35G2,-5.1881838649728724e-05
PTPRQ,-5.191165219031758e-05
NEURL1-AS1,-5.1943057559835215e-05
ELK1,-5.1975466714585466e-05
CCDC82,-5.197944985053284e-05
FLRT2,-5.199140730325845e-05
CRABP2,-5.19952888555107e-05
PART1,-5.200555944823072e-05
RIOK2,-5.200905158957453e-05
RSPH6A,-5.201758503581443e-05
C16orf96,-5.201918946605028e-05
CIDEB,-5.2023482723932306e-05
CLPTM1,-5.202936864778397e-05
MANEA-DT,-5.203044699769026e-05
FBXW2,-5.203787454669964e-05
SYCE1L,-5.2047125887413326e-05
WRNIP1,-5.20834437944684e-05
TRMT5,-5.209800009850407e-05
ZNF730,-5.2119604682963986e-05
NUBP1,-5.2122501958984645e-05
C3orf20,-5.2131712979215305e-05
EHMT2-AS1,-5.213962408338839e-05
COIL,-5.214792431924772e-05
PRKCQ-AS1,-5.2167763112267134e-05
PEX19,-5.2170620015107205e-05
TTC7B,-5.217102895219848e-05
RFX5,-5.2218334328513794e-05
TFAP2A-AS1,-5.222039170006578e-05
ZNF805,-5.225634701749747e-05
UBAC2-AS1,-5.228276080009875e-05
ACER1,-5.229014656800138e-05
TRIM52-AS1,-5.2297052569113224e-05
NUDT7,-5.229807139703711e-05
LLPH-DT,-5.2315381527253803e-05
LRRC56,-5.232250516458358e-05
NMI,-5.232596238320966e-05
DIABLO,-5.2335179136741336e-05
LYPD5,-5.2336520729523136e-05
COPS8,-5.234567509897331e-05
CGGBP1,-5.23548101758467e-05
ZNF391,-5.236668038874665e-05
TMEM219,-5.237078244811563e-05
NOS1,-5.237127797194191e-05
ATP6V1C1,-5.237606186181907e-05
NOP53-AS1,-5.238722741177046e-05
CYP4V2,-5.23917852343984e-05
PRR22,-5.2412780988203456e-05
SSSCA1-AS1,-5.24257290570075e-05
FILNC1,-5.2430157265530606e-05
FDPS,-5.24480734275248e-05
TST,-5.244814351951688e-05
RHNO1,-5.245304836883183e-05
SLC25A33,-5.247020591038532e-05
AP000662.1,-5.248605596000833e-05
COMP,-5.248968962083825e-05
HSD17B6,-5.249480338978093e-05
RGCC,-5.250208737803889e-05
PWRN1,-5.255252484939339e-05
SNCA,-5.2583653154334906e-05
TNFSF4,-5.258444322109708e-05
FGF9,-5.261859552979209e-05
CDPF1,-5.263360774108239e-05
SSBP3,-5.265357059107696e-05
SLC9C2,-5.2653991395839363e-05
UQCRC1,-5.266178695763553e-05
ACTG2,-5.267048626691392e-05
MIA2,-5.268197352012389e-05
PACRG,-5.27002090814937e-05
PRKCI,-5.270448758359822e-05
MAST3,-5.271358479807097e-05
MED16,-5.271412891745376e-05
INIP,-5.2735399805322017e-05
WIPI2,-5.2738207391532105e-05
CAMK2B,-5.274072668882688e-05
ITGA10,-5.27673895587951e-05
RAB3D,-5.277200175435081e-05
ANKS1B,-5.277462289452144e-05
BX004987.1,-5.2782946599122e-05
DDTL,-5.280026922039011e-05
UBFD1,-5.285367180514163e-05
GASAL1,-5.286044060088197e-05
CD81-AS1,-5.288664718168642e-05
A2ML1-AS1,-5.290257204080699e-05
KDM2B-DT,-5.291534500414552e-05
AF111169.3,-5.292045087728162e-05
ZNF254,-5.293850793816497e-05
COMTD1,-5.294888028886847e-05
CCR7,-5.298108287378259e-05
STRC,-5.2988429814208044e-05
KIF5C,-5.298942769669413e-05
GABPA,-5.300367912580254e-05
COPRS,-5.3014537402653564e-05
CHRDL1,-5.3019227303940795e-05
CNBD1,-5.304222711469974e-05
CASR,-5.305194672482595e-05
PHF21B,-5.308253594292741e-05
ABI3BP,-5.30930349945629e-05
FAM133B,-5.31104248599662e-05
RORA-AS1,-5.312290548595028e-05
PCDHB16,-5.3129515926147154e-05
COA8,-5.313921815241327e-05
MEDAG,-5.3192676116793034e-05
AHRR,-5.319642737620753e-05
TGM6,-5.320247791454759e-05
PUS3,-5.322337406708177e-05
WAKMAR2,-5.324579855724054e-05
SLC27A3,-5.3268490147461944e-05
BNIP1,-5.326928128932553e-05
SLC46A3,-5.327233103308424e-05
ATP6V0A4,-5.3303294807346186e-05
MINDY1,-5.3335651740381095e-05
C3orf62,-5.3365519779406326e-05
PDE8A,-5.344822051803079e-05
SCRG1,-5.345165568716277e-05
PCTP,-5.345482543362814e-05
GTF2H4,-5.345574877476321e-05
CTNNBIP1,-5.345959018660619e-05
RPP25L,-5.347588478491657e-05
ZNF182,-5.348971361339341e-05
TMC3,-5.3516105196862635e-05
ZBTB11,-5.352112425516443e-05
ARID2,-5.3543673446979984e-05
TIMM8B,-5.35585558535122e-05
ZBTB32,-5.355946673768165e-05
SGK2,-5.357109387159126e-05
MDGA2,-5.3590195493498966e-05
AP002449.1,-5.360221869516743e-05
SRSF5,-5.36159071923265e-05
WDR93,-5.361792923410973e-05
MED26,-5.3620103859944846e-05
ASB6,-5.364834705309966e-05
GHDC,-5.3656850628354825e-05
TPTE,-5.3658402838637977e-05
TSPYL5,-5.366741238255208e-05
LHX6,-5.368180739066426e-05
ADM5,-5.3720194756587695e-05
APOBEC2,-5.372110935265402e-05
GART,-5.372826510426507e-05
PRXL2B,-5.374779071256073e-05
MORC2-AS1,-5.375619316464653e-05
AP000553.2,-5.375672706898434e-05
ZNF675,-5.376219553616059e-05
ZNF774,-5.377645104745224e-05
CHRNA10,-5.3784422464103575e-05
LZIC,-5.3800701695190186e-05
CAGE1,-5.380321993080141e-05
AFAP1L2,-5.380645236502057e-05
HIPK2,-5.382271241312491e-05
ZC3H12B,-5.382957734208761e-05
SLC22A2,-5.383277467810437e-05
MSI1,-5.388022926209121e-05
E2F4,-5.3884468447884156e-05
FAM107A,-5.389263451666073e-05
PRKAB1,-5.391186068465658e-05
ZSCAN31,-5.3915056442204224e-05
SLC6A11,-5.392494719910922e-05
SLC35B2,-5.392612718104964e-05
LMBRD2,-5.392709758095954e-05
FBXL4,-5.3951822237898006e-05
RNF125,-5.396155274971364e-05
TMEM187,-5.39716344533314e-05
CDC20B,-5.39723166837456e-05
CHRNA7,-5.398869596760629e-05
CASKIN2,-5.399376820049594e-05
ADRM1,-5.401154805221419e-05
DGCR6,-5.401775794978179e-05
BPIFC,-5.402156116010535e-05
ARHGAP45,-5.4036003059613525e-05
TEF,-5.4036784365458945e-05
YBEY,-5.40448028824595e-05
ID2,-5.404946975020196e-05
NANOG,-5.40883334958747e-05
SMU1,-5.409545246186652e-05
RGS19,-5.409841495808742e-05
ZNHIT2,-5.410077465157383e-05
CFAP44-AS1,-5.412027055497259e-05
NRTN,-5.4179892327742e-05
AP005131.5,-5.4182958410082976e-05
COL19A1,-5.4185442532435945e-05
COG1,-5.421032941439742e-05
RAB5C,-5.421468481119871e-05
DYNLL2,-5.421599152240152e-05
C17orf99,-5.422080861596777e-05
SRRM4,-5.422786124065604e-05
CPO,-5.42377831296734e-05
ZBTB49,-5.426044258071104e-05
NTMT1,-5.4264913336070844e-05
NEURL2,-5.42711207177195e-05
PCCA-AS1,-5.4280055467838156e-05
GALNT13,-5.428665682799605e-05
SLC11A1,-5.4328235868045946e-05
HCN1,-5.4374848624760766e-05
CCDC24,-5.437546632722207e-05
ZFP62,-5.4396752361247046e-05
CEP135,-5.44221782729104e-05
PSMB3,-5.445231904512074e-05
ZNF366,-5.44607329574001e-05
MRPL52,-5.4490802553397804e-05
FCER1G,-5.450668779215388e-05
KIF26B-AS1,-5.451993830480477e-05
ZC3H10,-5.4520294579435504e-05
SUDS3,-5.452339926310559e-05
RBM33,-5.452626074967832e-05
TOGARAM2,-5.453082591149105e-05
AP000779.1,-5.454351655851326e-05
MED11,-5.455245672738802e-05
C2CD6,-5.4582346605271374e-05
VPS33B,-5.459469018593965e-05
ELOC,-5.4596829612181954e-05
ABCF3,-5.4596865682984285e-05
METTL21A,-5.459885474174134e-05
FOXC1,-5.460550635690436e-05
STK11,-5.462447058029008e-05
GCNA,-5.4649419896112676e-05
MRPS15,-5.465243265669832e-05
ABCF1,-5.466032267154005e-05
EMG1,-5.4661078964333686e-05
SPIB,-5.467644303224422e-05
ZNF843,-5.468089206982762e-05
JAKMIP2-AS1,-5.46827761386494e-05
FOXD2-AS1,-5.468913762543423e-05
DLG5-AS1,-5.470501297449172e-05
DHX15,-5.4730857731024e-05
SLC22A17,-5.473978845506185e-05
PPP1R3F,-5.4740357884769184e-05
GJB7,-5.474335144435544e-05
ATP1A4,-5.474619757565452e-05
ADAMTSL2,-5.478796434411044e-05
KCNG3,-5.4810132862741424e-05
CRTAC1,-5.481232545169044e-05
SEPTIN4,-5.4830947770198235e-05
C9orf64,-5.483223491319678e-05
CD3E,-5.485795347043948e-05
PLPP5,-5.486143047903321e-05
GOLGA8O,-5.48777998348376e-05
SLC8A1,-5.488163187684358e-05
CR381653.1,-5.4883285098461504e-05
TEK,-5.4884746512442416e-05
HDHD2,-5.488998778643711e-05
AP000766.1,-5.489554717781332e-05
USP30,-5.48960202321527e-05
CCDC3,-5.4900584893588884e-05
VEGFC,-5.491072575596251e-05
TNFSF13,-5.491353040422821e-05
RBM18,-5.49161738860307e-05
LGALS2,-5.492102757436162e-05
DHRS13,-5.492498862535052e-05
DAP,-5.493645660488823e-05
GFI1B,-5.494392207152212e-05
TBC1D9B,-5.494797131878364e-05
DNAJB5,-5.496432892805073e-05
TSSK6,-5.50005576837815e-05
SYN2,-5.5009834865706876e-05
RNF222,-5.502792178868827e-05
MOGAT1,-5.5044725475682136e-05
STK11IP,-5.506160268261835e-05
NRAV,-5.506608008728014e-05
ABCB1,-5.508547987354782e-05
DNAJC5B,-5.508645845273292e-05
NALCN-AS1,-5.5094254634735983e-05
GUCY1A2,-5.5131204501739664e-05
MRGPRF,-5.5140783468569755e-05
DCUN1D2,-5.514374497832288e-05
POLN,-5.514982270753003e-05
C2orf76,-5.518734679723407e-05
BCL7B,-5.518889857188708e-05
ST6GALNAC4,-5.5195230534180995e-05
APOBEC3D,-5.523201277571842e-05
RANBP10,-5.5243082151666674e-05
SLC22A6,-5.5251223956677934e-05
KCNH4,-5.525465913065638e-05
ROM1,-5.526837985310079e-05
AP002812.2,-5.528693361640173e-05
PRUNE2,-5.5293305816723915e-05
HIF1A-AS3,-5.530694037728174e-05
AP002954.1,-5.5319391109385496e-05
C5,-5.532699927511448e-05
NREP-AS1,-5.5342293462629624e-05
TNFRSF13C,-5.534598286231836e-05
NBPF10,-5.534770860904103e-05
IQSEC2,-5.535193520267807e-05
PCDHB2,-5.539777990363339e-05
COL25A1,-5.539820940547416e-05
TRAF7,-5.540688251410711e-05
GABRB3,-5.5420806958863535e-05
TCEAL3,-5.5427188183968594e-05
MBD3L1,-5.54349533823726e-05
RXFP1,-5.544765763355982e-05
ZNF616,-5.5457398547213835e-05
TPRG1,-5.546173905834357e-05
PHYHD1,-5.5481752169245535e-05
KCNJ2,-5.5495875932741104e-05
GALNTL5,-5.550257653026089e-05
TMEM156,-5.550379839140914e-05
CCAR2,-5.5506533814321434e-05
BMP8A,-5.55134840634128e-05
ARMCX2,-5.552691249812462e-05
AP000254.2,-5.553296641315101e-05
IQGAP2,-5.553484278414651e-05
TNNI3K,-5.554356577501226e-05
FOXC2,-5.554978507615238e-05
Z68871.1,-5.5555780008978644e-05
FAM3B,-5.560042188248091e-05
SLC35A5,-5.56265099448855e-05
AP003778.1,-5.5633391493395964e-05
PSMC4,-5.56408562692532e-05
PLPPR2,-5.565034469776619e-05
ADD2,-5.565472957440846e-05
VDAC1,-5.566377662924965e-05
PLEKHF1,-5.567180227971883e-05
FSTL5,-5.568172000207143e-05
F2R,-5.568502739737288e-05
SNAPC2,-5.570561534089138e-05
POLR2L,-5.57076089094004e-05
RASL11A,-5.5711119150956295e-05
OLFM2,-5.574061807956595e-05
HARS2,-5.5743393740938316e-05
RABGGTA,-5.575238481561353e-05
ZNF502,-5.57580106625688e-05
LPL,-5.578056317627547e-05
DLD,-5.579255015413978e-05
AP003392.1,-5.5797574721286256e-05
SMOC1,-5.5797665301644676e-05
PHOSPHO2,-5.580130690981499e-05
LAYN,-5.581643383718122e-05
RNF122,-5.582480545210934e-05
IMPDH1,-5.5879147068888356e-05
MYO16,-5.589016726019219e-05
COQ8B,-5.589028369726761e-05
SPATA20,-5.5894216312327836e-05
SNORC,-5.589567760878911e-05
CD244,-5.591593172794688e-05
AK5,-5.5923842857493435e-05
MBNL1-AS1,-5.592893149709164e-05
ZMAT1,-5.593386182622178e-05
MLXIP,-5.5952445604078e-05
CCDC169,-5.595386188830737e-05
VXN,-5.5959400045150676e-05
C1GALT1C1,-5.5965911806838655e-05
HNRNPUL1,-5.597632785835635e-05
ACYP2,-5.600071078785965e-05
CATSPERD,-5.601478784321124e-05
TERF2,-5.602426428865646e-05
CCSAP,-5.604554059646224e-05
DAZL,-5.6066312799064585e-05
LERFS,-5.607331923223887e-05
BORCS8,-5.607607036921619e-05
IL1RAPL1,-5.608455272653555e-05
TUBB3,-5.608688421717243e-05
RAB9B,-5.6105393739056285e-05
FBXO30,-5.611277115388808e-05
PIH1D2,-5.6113896982600104e-05
ZNF585A,-5.613402635821773e-05
ALG12,-5.614254351572399e-05
YJU2,-5.615932099128569e-05
USH2A,-5.616636280502876e-05
TEX49,-5.617289942290548e-05
TMEM35B,-5.61737691835444e-05
SEPTIN14,-5.6192461448360303e-05
FUBP3,-5.619478527666964e-05
PTPN22,-5.619643775044875e-05
LHFPL3-AS2,-5.6198924161241796e-05
CLEC18B,-5.621199200334364e-05
PTN,-5.621469368155125e-05
PPP4R3A,-5.6222290640770956e-05
C8orf88,-5.6231915544352324e-05
DCHS1,-5.62790998345381e-05
S1PR4,-5.6282302083941345e-05
NOXO1,-5.628342046917649e-05
LMOD1,-5.630354956855721e-05
TDP2,-5.6310668769013795e-05
GATB,-5.631668747432773e-05
B4GALT3,-5.633159736454261e-05
FCGR3A,-5.634703922267357e-05
CEACAM4,-5.636647539194368e-05
ENOPH1,-5.637101731532198e-05
UBE2D4,-5.637160858586643e-05
SPN,-5.6372446604836244e-05
METTL2A,-5.63748554055961e-05
KCNK15,-5.638128889849385e-05
CTSZ,-5.6387270363092646e-05
PAK5,-5.638966126698452e-05
IGIP,-5.641964347569176e-05
SYCE2,-5.6431911125614194e-05
CD1D,-5.644378310420019e-05
NLRP3,-5.646463260277784e-05
ZIM2,-5.646571075498475e-05
CNNM1,-5.648866484604878e-05
USP12-AS2,-5.65140415664481e-05
APBB1,-5.652258495986801e-05
FAM85B,-5.6538255889983e-05
ZNF768,-5.6552882386202385e-05
RBMX2,-5.655523859333289e-05
UTP11,-5.656550359246163e-05
AD000090.1,-5.657224456602722e-05
S100A13,-5.657825222345992e-05
DCST2,-5.659206032957603e-05
GUCY1B1,-5.660079488689458e-05
LRRC31,-5.660713139945591e-05
ANO3,-5.66500154272395e-05
SLC6A4,-5.666236129571158e-05
CD8B2,-5.666549651632926e-05
PAX2,-5.666909800547432e-05
SPDYE16,-5.6691870858421844e-05
PRX,-5.6721804257768986e-05
GPN1,-5.672449356963136e-05
ZIK1,-5.67303276569765e-05
GORAB-AS1,-5.673308592007325e-05
Z93022.1,-5.6743991410304934e-05
ISCU,-5.674869720818521e-05
MIR4500HG,-5.676185606779266e-05
ACAA2,-5.676339839396178e-05
IQCD,-5.677384344163261e-05
LILRA6,-5.677637681012573e-05
RAB37,-5.678572734940652e-05
Z93930.3,-5.679853792424786e-05
ANGPT4,-5.6809552548625335e-05
ADAMTS18,-5.6809765694206306e-05
KARS,-5.684832932874699e-05
FAM78A,-5.6858130347323725e-05
NLRP12,-5.689778101650907e-05
MPHOSPH10,-5.690963560458045e-05
TXLNB,-5.6920032819703305e-05
FAM184B,-5.692796609061573e-05
CLIP2,-5.6937548016920946e-05
PPP1R3A,-5.693852030201873e-05
NUS1,-5.694074641224479e-05
ACPP,-5.696200640820902e-05
TMEM185B,-5.6963158839517063e-05
C1QA,-5.700060516273213e-05
FAM155A,-5.7005803939615956e-05
ASIP,-5.700719741981902e-05
CADPS2,-5.706164153750938e-05
PTGDS,-5.7065923821999486e-05
ATP13A3,-5.706937172823956e-05
NPIPA9,-5.7079649874101066e-05
NPIPA2,-5.7088239477192545e-05
IPCEF1,-5.7101817799625566e-05
TCP11L1,-5.710521634442679e-05
ELFN1,-5.713969374442276e-05
TGM4,-5.714487963061495e-05
BCL6B,-5.716790449754196e-05
R3HCC1,-5.718862485417255e-05
ZNF576,-5.720859592746543e-05
ZNF662,-5.720972180988099e-05
NLRP5,-5.721848858090622e-05
TCEA1,-5.7220664504289374e-05
TMEM233,-5.7234885335981184e-05
ANKRD39,-5.72513894298196e-05
COX20,-5.7252261648442726e-05
GTPBP8,-5.726074939518628e-05
SLC18A2,-5.727671117654842e-05
FGD2,-5.727878251476049e-05
EMX2OS,-5.72805314877181e-05
C5orf15,-5.7335242769045697e-05
ASAP3,-5.734217798793526e-05
FLYWCH1,-5.7410075269023606e-05
UNC13C,-5.74258410390655e-05
SLC5A1,-5.74317674154658e-05
ZNF91,-5.7434733363918034e-05
IL2RA,-5.744891932075969e-05
PKN1,-5.7465653716394635e-05
PIK3R4,-5.7479955386503996e-05
IPO9-AS1,-5.7502222590486346e-05
BTAF1,-5.750801769830625e-05
TIMM8A,-5.751172695028335e-05
HIC2,-5.7527477487726706e-05
CATSPERG,-5.7532211838487043e-05
PACSIN3,-5.7541012250768525e-05
ALDH3B2,-5.754322400594953e-05
TSPAN33,-5.7552014771807726e-05
CFAP299,-5.75810721556596e-05
TCF3,-5.758726206501931e-05
TMEM38B,-5.759750808663027e-05
ADHFE1,-5.7613736340252036e-05
TCTE3,-5.762088071650006e-05
RAB15,-5.763981132795688e-05
ZNF175,-5.764117089165961e-05
PRXL2A,-5.76563692540141e-05
TMEM121,-5.7679120795656444e-05
NFKBID,-5.768195207666714e-05
TLR6,-5.768551105771474e-05
HPD,-5.7715379811780306e-05
UBE2M,-5.7715982599963715e-05
FAM171A1,-5.77248533194259e-05
PKNOX2,-5.774645080416236e-05
BRD4,-5.775879976066745e-05
ZBTB33,-5.776214161994547e-05
TMPRSS12,-5.7762156227268874e-05
GLIS2-AS1,-5.776444352295039e-05
PCDHB14,-5.777456692118546e-05
CCDC194,-5.780483144463659e-05
ZNF7,-5.7832186096249004e-05
CABLES2,-5.783431391294991e-05
SH3BGR,-5.785873746169593e-05
LHFPL3,-5.786815657440749e-05
UCP3,-5.78729197599726e-05
NUCB2,-5.792496408020314e-05
TRDN-AS1,-5.792645413065782e-05
ZNF630,-5.7927873742923366e-05
ITPRIP,-5.793374630394392e-05
SLAMF6,-5.793486026081253e-05
OBSCN,-5.794282199519371e-05
OSCP1,-5.796041064333657e-05
LY96,-5.7961459581235626e-05
EFS,-5.798907204686446e-05
DGAT1,-5.800997744401087e-05
ALOX12B,-5.8031021668639756e-05
ITGB2-AS1,-5.8033901386622107e-05
TCAIM,-5.803759671171934e-05
MID1IP1,-5.8042602183248515e-05
TRBC1,-5.804825222179747e-05
TERB1,-5.804926219887931e-05
MRPL13,-5.806500256876586e-05
KRR1,-5.8066300809095924e-05
SNHG18,-5.8069439167381215e-05
ZNF385B,-5.806972600763306e-05
NPIPB12,-5.8071161165986576e-05
C17orf64,-5.8074766963203545e-05
COL4A6,-5.80992720454542e-05
DUSP15,-5.810000980388222e-05
PFN4,-5.8103895155192954e-05
ACADVL,-5.8103941314144005e-05
C1RL,-5.81150321089486e-05
CFAP206,-5.8117078284311094e-05
OARD1,-5.812327160476642e-05
STK32A-AS1,-5.815049395605785e-05
AP000829.1,-5.8152147800303106e-05
TP53TG1,-5.81567331462901e-05
MYLPF,-5.8158320272746835e-05
CORO2B,-5.817257659359745e-05
PRPH2,-5.819635179775015e-05
MAST4-AS1,-5.820209430864688e-05
RBM43,-5.8211051062761145e-05
HCG11,-5.822981874058126e-05
WDR66,-5.823250980290625e-05
S1PR1,-5.8260309113432673e-05
TEX36,-5.826269349947003e-05
CMPK1,-5.826552714529168e-05
SLC10A4,-5.827228485211703e-05
ITGB2,-5.827758538587146e-05
CLTA,-5.8290235460893594e-05
ALDH18A1,-5.831774269693351e-05
SLC28A1,-5.832032183487491e-05
MGAM,-5.832082139396881e-05
ATRNL1,-5.8323252108044514e-05
RSRC2,-5.833150409145757e-05
SLC4A3,-5.8334610017886906e-05
EIF4EBP3,-5.833623934346707e-05
GALNS,-5.8345822280401475e-05
SLC30A8,-5.835877318654962e-05
RPUSD2,-5.835976933707594e-05
RFTN1,-5.839309489425092e-05
AP5M1,-5.8395783824177126e-05
TPPP3,-5.8398841408473303e-05
TBX18,-5.840069954193684e-05
PRELP,-5.841923105203624e-05
UNC93A,-5.8436024961091856e-05
GNG11,-5.843910042846782e-05
CUL2,-5.8443635579394144e-05
UNC45B,-5.845022696238061e-05
DDX49,-5.8470681536913806e-05
AP001094.2,-5.848771096254755e-05
COL24A1,-5.849491507345415e-05
XRCC4,-5.850408599873078e-05
PARTICL,-5.851119526264268e-05
ACIN1,-5.851551006485422e-05
GSDME,-5.851948757387119e-05
TMEM9,-5.8526490960353306e-05
PAX5,-5.852762227686273e-05
SNPH,-5.8535431614793705e-05
ZMYND12,-5.855136153230094e-05
PCDHB9,-5.858937765850285e-05
SMURF2,-5.861817101522754e-05
LRRC7,-5.86310309946868e-05
PITHD1,-5.8637697179539896e-05
CPSF4L,-5.8638661334223824e-05
C10orf90,-5.865488714417831e-05
AOC2,-5.8655049376174915e-05
ZNF609,-5.8679211391589114e-05
NKD2,-5.870779484320958e-05
SLC47A2,-5.8714750249108696e-05
STX17,-5.875105411808786e-05
LCMT2,-5.875254954663908e-05
P2RX5,-5.878552135007481e-05
SYCP2L,-5.8792560548582725e-05
LIPI,-5.8793703640457726e-05
ITPRIPL1,-5.8829411313423305e-05
MAPT,-5.885717393924085e-05
RTRAF,-5.8857684163520944e-05
EFHD1,-5.885956168817789e-05
GRID1,-5.886326230621465e-05
SLC5A9,-5.886678304295608e-05
RADX,-5.887251973297468e-05
PRSS53,-5.889097140177747e-05
ZNF436,-5.889524805709798e-05
GSTO1,-5.8897545994048166e-05
SKIDA1,-5.891468855417071e-05
AF107885.2,-5.895344754673963e-05
MRPL41,-5.89794839604731e-05
UQCR10,-5.898559255898039e-05
SCN3A,-5.902051918796224e-05
LRRC3,-5.904546579003712e-05
HSPB6,-5.9047059758599225e-05
PLAC1,-5.9049624847127534e-05
ZNF660,-5.90649415141745e-05
NBAS,-5.9070751794900275e-05
TMEM216,-5.908198313208971e-05
TRIM34,-5.909540864940849e-05
SENP5,-5.9096450644690074e-05
GNMT,-5.911174918427443e-05
APPBP2,-5.912176322096824e-05
MAP3K9,-5.9136794485030123e-05
EPHB3,-5.915367328176701e-05
COA5,-5.916289599231178e-05
MAD2L2,-5.9188878407506526e-05
ING2,-5.919253458640825e-05
ZNF750,-5.9200183133666695e-05
SLC35D1,-5.921738817228443e-05
AP002954.2,-5.9227784439051375e-05
SPTB,-5.923814569646664e-05
UXT,-5.9241569442299044e-05
MFHAS1,-5.9257870720264064e-05
ACRV1,-5.9269022307358514e-05
FAF2,-5.9275471570849994e-05
TMEM63C,-5.92795102343283e-05
KLKB1,-5.9296472046016326e-05
NTRK2,-5.930238650393713e-05
MSANTD1,-5.934074520208343e-05
OSBPL11,-5.934300731394109e-05
EFCAB12,-5.934863452832658e-05
IFT43,-5.9355356435652664e-05
POPDC3,-5.9366524895114976e-05
KLHL7,-5.9372357011520194e-05
BPHL,-5.937749682368159e-05
KDM3A,-5.938703863731624e-05
RPF1,-5.9388906828066e-05
ZSCAN26,-5.942757318215648e-05
IL12RB2,-5.944498923352247e-05
APBA3,-5.944927097328768e-05
SH2D2A,-5.9456278130401497e-05
TBCB,-5.945911337227642e-05
FCRL3,-5.947990426149586e-05
COA7,-5.948171291032525e-05
C17orf100,-5.9485348685137605e-05
CCDC127,-5.9498257634049984e-05
MIR100HG,-5.950507803841486e-05
BACE1-AS,-5.951767888602866e-05
KLHDC8B,-5.954529282807546e-05
CHUK,-5.958482334776833e-05
ZNF275,-5.959735151990542e-05
ARMC4,-5.96250739487705e-05
AP006623.1,-5.9626754560600906e-05
ATOX1,-5.963625426767109e-05
LRRC19,-5.963953881425694e-05
TIGD2,-5.964066864637879e-05
KCNIP4,-5.96672491846859e-05
CD69,-5.96843870968175e-05
CEBPA,-5.970191836568955e-05
ARL4D,-5.9713600972391645e-05
ALDH3A1,-5.973998200454107e-05
CAMTA1-DT,-5.975611847079627e-05
BEGAIN,-5.976790367085637e-05
CHADL,-5.976800843642468e-05
KCNA2,-5.977213207881342e-05
DIRAS3,-5.9775187377876205e-05
TTC31,-5.982039042905696e-05
UNC119,-5.982267925265124e-05
SCN11A,-5.9832027159078066e-05
CRPPA,-5.9832726127141765e-05
FAM234B,-5.9838054792593015e-05
N4BP2,-5.9838409449209366e-05
LY6G5B,-5.984784517830218e-05
MIF4GD,-5.985958001638848e-05
FAM209A,-5.987691136235026e-05
ZCCHC3,-5.98899659508295e-05
THBS3,-5.99018275605421e-05
TREH,-5.991403082239848e-05
ANKRD30B,-5.991718776065599e-05
ATP2B2,-5.991794673616367e-05
CHST2,-5.991807573301402e-05
ZC3H12C,-5.9928686298605226e-05
CRIP1,-5.992940954025e-05
SPAST,-5.993734677339885e-05
GPR4,-5.994186962428209e-05
NOX1,-5.994435357813899e-05
SPRYD4,-5.994604942951462e-05
ARMC7,-5.994655773410495e-05
C5orf38,-5.9964156796569764e-05
LINGO2,-5.997077033422921e-05
ADCY8,-5.998572430006509e-05
SVEP1,-6.000165305371772e-05
ACP5,-6.0029813997505025e-05
GLRA3,-6.0042586747516186e-05
PAK4,-6.005857646582318e-05
GFM2,-6.005858069289343e-05
RSF1-IT1,-6.0060151467452016e-05
NEURL1,-6.010076351822621e-05
B4GALNT4,-6.0143964311109815e-05
P2RY10,-6.014511414105777e-05
ZFR,-6.014654695730645e-05
AF064858.1,-6.018333968484418e-05
LACTB2-AS1,-6.018904997882212e-05
WHRN,-6.0194186113365164e-05
NR2C2AP,-6.020083898779808e-05
RRH,-6.0215792716833275e-05
CFAP410,-6.0235866890231266e-05
BMPER,-6.023620481438661e-05
SLC39A6,-6.024591168934632e-05
AF131215.2,-6.026621441977162e-05
COMMD8,-6.027329374637001e-05
C17orf78,-6.0278805288733775e-05
MADD,-6.032663941353635e-05
STPG3-AS1,-6.033428319548458e-05
C6orf136,-6.0348812934593094e-05
PIP5K1C,-6.035844967274817e-05
SPNS1,-6.0365805020077375e-05
FUZ,-6.0367415218176194e-05
FOLR2,-6.0371954281026746e-05
DANCR,-6.037436355114076e-05
SEMA3D,-6.03785211494365e-05
PLEKHG4B,-6.04058486422066e-05
DPF2,-6.042242255562281e-05
CRIPT,-6.0422821888659844e-05
AP001341.1,-6.042771604228436e-05
PRG2,-6.044442482342947e-05
CXXC4,-6.0450206472325374e-05
PPIB,-6.045136236875611e-05
KDM8,-6.045212569976535e-05
AJ009632.2,-6.0462515229489205e-05
LRRC17,-6.050772883973493e-05
GNLY,-6.050964813602616e-05
HEBP1,-6.051218156468034e-05
CBR1,-6.051606177509471e-05
GRM7-AS1,-6.05208707101852e-05
IL6,-6.055235822481079e-05
TOMM5,-6.056056645635505e-05
FNBP1,-6.0562767539675135e-05
METTL14-DT,-6.056471425782046e-05
UBA7,-6.0568850470700897e-05
KPNA3,-6.0570377211750636e-05
C7,-6.0575971303803184e-05
FHL5,-6.057944178608245e-05
NR1H4,-6.0586562834037954e-05
PDE1B,-6.062030443193978e-05
GTF2H2C,-6.062731563054053e-05
NLGN2,-6.0634018486303074e-05
MFSD11,-6.063529796641435e-05
GALNT2,-6.065427442536167e-05
GRK4,-6.066189938169707e-05
TSN,-6.0663005806703424e-05
MIR4453HG,-6.067404076084135e-05
C9orf43,-6.0680326338438025e-05
BTN2A2,-6.068067832337228e-05
RNF139-AS1,-6.068967046664373e-05
FIP1L1,-6.069975179868011e-05
SLCO5A1,-6.069983300506344e-05
CNTN4-AS2,-6.070015623272378e-05
GPR171,-6.0702764857471184e-05
GRASP,-6.0715695673442e-05
RABL3,-6.072012273064029e-05
TIMM10,-6.073531865828691e-05
MDM4,-6.073891144400999e-05
PPM1M,-6.0759676412272783e-05
PGR,-6.077474192663181e-05
SPAG4,-6.077823281468903e-05
GHRLOS,-6.078266642246249e-05
ZNF813,-6.079701322914942e-05
WASHC3,-6.080708515980002e-05
MAP6,-6.0811282592761255e-05
FAM71E1,-6.081365616923885e-05
ZNF592,-6.082140387515666e-05
PRLR,-6.0832028780094535e-05
C18orf32,-6.08410510702716e-05
SYPL2,-6.0849204162977546e-05
WDR63,-6.0855966018788236e-05
SOX17,-6.0881818410836986e-05
ZNF572,-6.088334113123154e-05
BLOC1S3,-6.0886596038489614e-05
TWIST1,-6.0894701762207796e-05
PRDM16-DT,-6.090260060362602e-05
CACNB2,-6.0935982639657074e-05
PTCH2,-6.097036288624103e-05
BAG4,-6.099951873073013e-05
DEGS1,-6.102392330828679e-05
ZNF100,-6.102496838601817e-05
THYN1,-6.104218613459385e-05
PTGER1,-6.104730857456128e-05
GID4,-6.105810280625656e-05
MRPL2,-6.106447784281455e-05
STAB2,-6.108591405698131e-05
WDCP,-6.109231384644435e-05
CRYL1,-6.110581806886461e-05
ST6GAL2,-6.113292051618771e-05
PCOTH,-6.113646072108438e-05
OTUD4,-6.11499461367081e-05
CLUL1,-6.115924817092438e-05
CNBD2,-6.118954254676016e-05
VPS45,-6.119096972367777e-05
TRIAP1,-6.120616331747828e-05
PHF20L1,-6.120831627603763e-05
CCNJ,-6.121896414934053e-05
NGEF,-6.122269006669986e-05
NDUFAF1,-6.12439511376127e-05
ANOS1,-6.127526794013316e-05
KLHL12,-6.128353304635519e-05
RDH14,-6.12944027902096e-05
ADAMTS4,-6.13072148839916e-05
TAPT1,-6.132687567227409e-05
ASB14,-6.132993045114584e-05
IGFLR1,-6.133397292855438e-05
OAZ2,-6.133909859611068e-05
ZFYVE26,-6.135476532265639e-05
DPM2,-6.136636901408377e-05
TLL1,-6.136795773053519e-05
KBTBD4,-6.137236780651228e-05
LRRC43,-6.138785881120837e-05
ATP5F1C,-6.140633003505032e-05
ZNF230,-6.143196424952451e-05
ANKAR,-6.143410499365039e-05
CC2D2A,-6.144825311883568e-05
GPR18,-6.145214777594737e-05
GLI3,-6.145771682160737e-05
ELAVL2,-6.145863115651582e-05
DAAM1,-6.146010625565122e-05
MRPS7,-6.146281275418916e-05
TSC22D1-AS1,-6.147797189509458e-05
COL23A1,-6.149291075812205e-05
EMC2,-6.149628029446306e-05
B3GNT4,-6.149694240283458e-05
LAMB4,-6.149759352083817e-05
HS3ST2,-6.151006155414459e-05
CCDC168,-6.151824761186232e-05
MIR217HG,-6.152097785897201e-05
CU634019.5,-6.155081037916273e-05
LLPH,-6.156157228098844e-05
CNOT6L,-6.157448776530786e-05
KRCC1,-6.157873814937496e-05
ZDHHC7,-6.158074027809798e-05
RAB30-DT,-6.158904995460993e-05
EFCAB3,-6.162025532828108e-05
CYBB,-6.163229067003684e-05
TLCD1,-6.163263960901733e-05
GNPAT,-6.163484052328262e-05
OSCAR,-6.163729755452219e-05
RBM46,-6.163969954013582e-05
RITA1,-6.167598854013715e-05
COL26A1,-6.168379376359572e-05
SLC4A11,-6.168425529755553e-05
MINAR1,-6.171715454673655e-05
MRPS21,-6.172374264667368e-05
SELENOH,-6.17560796090084e-05
COLCA2,-6.176083827816882e-05
HSD17B12,-6.177182584373829e-05
RHBDL1,-6.177984244104198e-05
EP300,-6.181228234284639e-05
CCDC81,-6.187110641430376e-05
TTC30B,-6.187191828246801e-05
HMCES,-6.188799164331542e-05
ERLIN2,-6.190769570638615e-05
SLC46A1,-6.196481143999756e-05
C17orf97,-6.197684029645425e-05
HIST1H3G,-6.19776114761751e-05
RASL10A,-6.198233222100478e-05
UNC50,-6.198252324767127e-05
SIPA1,-6.198489905521901e-05
GOLGA6L4,-6.199996516063608e-05
MATN4,-6.20020355351946e-05
AGPAT5,-6.201147608242122e-05
ADAM15,-6.201502001290627e-05
MID2,-6.201832978311076e-05
MRPL36,-6.203334774849841e-05
SRRM2-AS1,-6.205328641474373e-05
F13A1,-6.209074584498505e-05
CALM1,-6.209158071721178e-05
TRIM16L,-6.209469555943384e-05
C16orf87,-6.210074471962035e-05
ACO1,-6.210567083753494e-05
ARID4A,-6.211292410379578e-05
OMA1,-6.213425808867933e-05
PIGF,-6.214305887609564e-05
VPS39,-6.215821058675915e-05
PSMC3,-6.216125343658345e-05
FOCAD,-6.220035840682761e-05
SNHG14,-6.221809014145096e-05
CALHM2,-6.222552005380938e-05
CYP2U1,-6.22317462082821e-05
LENG8-AS1,-6.223290811762241e-05
AGAP2,-6.223854681758226e-05
TESPA1,-6.225141431006149e-05
CCNG1,-6.226001392194199e-05
GSR,-6.226134811385276e-05
PET117,-6.228429950798759e-05
RNF227,-6.22882582072398e-05
KLHL18,-6.231755293957511e-05
CLCN2,-6.232470402512923e-05
PNMA8A,-6.233222622217058e-05
PRKCG,-6.23350736936624e-05
CEACAM19,-6.23376075983517e-05
FAAP24,-6.233935258352591e-05
DGKG,-6.235579131916492e-05
CHMP7,-6.23856227786818e-05
BTBD8,-6.239172326452224e-05
MON1A,-6.240321751088866e-05
TFIP11,-6.242018482014794e-05
PRDM6,-6.242772361204029e-05
NOMO3,-6.243389502824594e-05
ANKRD31,-6.24408062118069e-05
PIK3IP1,-6.24424371952802e-05
NCOA7-AS1,-6.251399477774766e-05
TMEM182,-6.252571534234812e-05
HEATR4,-6.252850767315865e-05
CACNG3,-6.254969755841954e-05
UTS2B,-6.255433773765699e-05
MFAP5,-6.255678096393353e-05
ITGA4,-6.261091458116879e-05
ZFP3,-6.263263433854312e-05
CMYA5,-6.264325211661922e-05
USP46,-6.265327943228383e-05
ACADL,-6.265789493840017e-05
HOXA4,-6.266447285399001e-05
COA6,-6.266895119318597e-05
RET,-6.267805894569728e-05
TPRKB,-6.268663570517153e-05
FHL1,-6.272365702833863e-05
RNASE6,-6.274199786801385e-05
GRM5,-6.275152193918608e-05
RIPOR3,-6.276843439051133e-05
PFKFB1,-6.277445183874716e-05
MCRIP1,-6.278635334414689e-05
GAL3ST1,-6.279459724988404e-05
AP005717.2,-6.281698922231763e-05
STX17-AS1,-6.282591318680002e-05
LHX1-DT,-6.284909348903498e-05
TMEM68,-6.285059708991138e-05
GALK1,-6.288246127405132e-05
HIST3H2BB,-6.288382538611193e-05
IL10RA,-6.291585276459492e-05
CDH18,-6.292187429008953e-05
NLGN4X,-6.292460240635926e-05
ZFHX4,-6.294110647681145e-05
DAAM2,-6.295588540637476e-05
BRWD1-AS1,-6.297702985638863e-05
NDUFB11,-6.29790519380221e-05
FAM174B,-6.29803291097888e-05
POLR3GL,-6.298280875134205e-05
IQCC,-6.299611731466387e-05
WNT9B,-6.301159082104923e-05
SLC7A6OS,-6.302306514625316e-05
MAN2A1,-6.303621233209234e-05
TAF12,-6.303928263153049e-05
ZNF614,-6.304675638267557e-05
PODNL1,-6.306216748694883e-05
RHBDD2,-6.309113701086077e-05
CELSR3,-6.309377794690529e-05
NXF1,-6.309888653790035e-05
BCL2L12,-6.310688309111278e-05
C1orf50,-6.311757141286993e-05
RAPSN,-6.313613676505436e-05
C7orf61,-6.315249817553025e-05
ABHD1,-6.316137613127058e-05
MGRN1,-6.317044807769961e-05
NCF4,-6.317429567670295e-05
ATXN7L3B,-6.318581725899846e-05
MPP2,-6.318625091593006e-05
GRIN3A,-6.320197701183014e-05
DDX19B,-6.321765197579146e-05
SMIM25,-6.322364155018274e-05
ZDHHC1,-6.322664022282324e-05
NDST1-AS1,-6.32301110347801e-05
GREM2,-6.32671660261734e-05
TRIM35,-6.327969940846535e-05
RORA,-6.328010203245589e-05
SLC14A2,-6.32806633571126e-05
TRAM2-AS1,-6.329386412496411e-05
IGSF10,-6.331431734482428e-05
MAPK15,-6.331794625107708e-05
RNF32,-6.334361526658431e-05
CASP8,-6.334974864379685e-05
FGFBP3,-6.335237877016066e-05
NRG4,-6.3353935119863e-05
ZNF33A,-6.335843875868345e-05
MAPK14,-6.339083418729457e-05
TMEM183A,-6.342719610737197e-05
RSPO4,-6.342813629852421e-05
CYP2W1,-6.34322756068218e-05
HIST1H2BN,-6.344903525858896e-05
SPACA9,-6.348405164626505e-05
FAM47E,-6.349526319467612e-05
SEMA6D,-6.349669456737333e-05
LTC4S,-6.351086726185113e-05
C7orf31,-6.358414738523992e-05
LRRN1,-6.359001037787307e-05
PARP3,-6.36149485988553e-05
B3GNT10,-6.36341769547479e-05
SLC14A1,-6.364426551229145e-05
PHYHIPL,-6.364520857686675e-05
ANO7,-6.3675093083894e-05
SNX20,-6.369064230245448e-05
GKAP1,-6.370023835844651e-05
PNPT1,-6.373549136747028e-05
CASC20,-6.373877669530095e-05
PTPMT1,-6.373944418464517e-05
TMEM266,-6.374264916371375e-05
ZNF311,-6.375077118637296e-05
ACTR8,-6.378673076859016e-05
C19orf53,-6.37951070973078e-05
PLCH2,-6.379882806237132e-05
TYW5,-6.379997511844594e-05
SRRM5,-6.380940931263348e-05
ATP1A3,-6.381300260915114e-05
SLC25A25-AS1,-6.381356670896565e-05
SELENOI,-6.381481300684904e-05
SMC1B,-6.381726498556187e-05
DHCR7,-6.382995623286634e-05
IL2RB,-6.383768514043373e-05
AP003464.1,-6.385166063821596e-05
CFAP47,-6.385361320287452e-05
ABCD2,-6.390911343613252e-05
AGA,-6.394227717827077e-05
TMEM71,-6.395055100425802e-05
TXN2,-6.395578586264162e-05
ETHE1,-6.397112413787851e-05
FADD,-6.39719218578323e-05
ART3,-6.400535752711908e-05
GRPEL2,-6.40316208228754e-05
BCL2L14,-6.403841867199913e-05
TIRAP,-6.40442256707089e-05
HINT1,-6.405083635488339e-05
LIX1L,-6.40594214681165e-05
CALHM6,-6.407071479459736e-05
CTSK,-6.407382867873515e-05
AP001781.1,-6.409216099814024e-05
A2M-AS1,-6.40962093534613e-05
KCNT2,-6.409805761419844e-05
CRTC3,-6.412070579451555e-05
RIC3,-6.414033948440213e-05
PCDHB4,-6.41425755013742e-05
GRAP,-6.41453613926261e-05
WDFY4,-6.415623716683593e-05
PCIF1,-6.416069312504757e-05
DNAH12,-6.416160136696767e-05
PDHA1,-6.417434924498893e-05
NDUFB7,-6.418978771727371e-05
KLHL13,-6.420238033820878e-05
FSD2,-6.423346549712826e-05
AKT3-IT1,-6.428176852805927e-05
ZC3H13,-6.429033228433638e-05
PLPPR5,-6.429560302327096e-05
CNOT9,-6.430004909735074e-05
FAM92A,-6.43266912693661e-05
ANKFN1,-6.433050553587675e-05
STX6,-6.434230412808014e-05
ZNF32-AS3,-6.43576094369672e-05
CNN1,-6.43623877822383e-05
LNCAROD,-6.437163781311027e-05
FGF13,-6.437782936325167e-05
RIT2,-6.439573503316486e-05
FXYD1,-6.441493934989756e-05
RPAIN,-6.44150967851011e-05
FOXA1,-6.44228546628927e-05
TMEM214,-6.443502905704554e-05
CCDC112,-6.446513011114212e-05
ZSCAN21,-6.447369860747057e-05
TSPEAR-AS1,-6.448510295085684e-05
GLS2,-6.451871631947862e-05
LRMP,-6.452028740409835e-05
ABCC6,-6.45344414647437e-05
GLIPR2,-6.453753218706702e-05
GOLGA8N,-6.455583618844541e-05
ZNF888,-6.456431260007803e-05
CABYR,-6.458019521461704e-05
LRRC4C,-6.459727464180335e-05
ZNF688,-6.459786410433193e-05
ZNF569,-6.461861800718748e-05
PAPSS1,-6.462938070423148e-05
PXN-AS1,-6.463033640013812e-05
STRADA,-6.466961607088517e-05
ARL1,-6.471597074178662e-05
PRKD3,-6.472301470414606e-05
ADORA1,-6.472577344700191e-05
AP002840.2,-6.474656880104514e-05
DACT1,-6.475404393180956e-05
GSEC,-6.476558523781888e-05
KCNIP1,-6.476673462493816e-05
CTF1,-6.47738828670481e-05
AP000812.1,-6.477467350077381e-05
BMP5,-6.477656183853005e-05
CERS5,-6.479591256429567e-05
IQCG,-6.4808901579712e-05
SV2A,-6.48092128407229e-05
BEND7,-6.481516050325795e-05
COG7,-6.481770311678186e-05
ANO5,-6.481814365370357e-05
MFSD12,-6.482159608878298e-05
SLC19A3,-6.48284894940269e-05
POMC,-6.4844138507313e-05
RCN1,-6.4887429524603e-05
VWA5B1,-6.489052172786676e-05
LMBR1,-6.489392367694697e-05
SDSL,-6.490473502803579e-05
MFAP3L,-6.494422886160799e-05
TBKBP1,-6.496903779767136e-05
TBC1D17,-6.497128974340857e-05
DSCAML1,-6.497262071795346e-05
DAD1,-6.498608807744126e-05
TMOD1,-6.498721640684353e-05
BCDIN3D,-6.500046808718758e-05
VPS11,-6.500051430365202e-05
RN7SL832P,-6.500417221460879e-05
CLDN20,-6.50113763572054e-05
THAP7-AS1,-6.505732088633424e-05
PARVG,-6.506911321250924e-05
EXTL2,-6.5071428053885e-05
EFCAB5,-6.510000915440458e-05
STIM1,-6.515295397011661e-05
MBOAT7,-6.518230055530615e-05
ZNF837,-6.518268776054972e-05
MME,-6.518467736321443e-05
CKB,-6.51906914796384e-05
CFAP61,-6.51995271846892e-05
TIGD4,-6.520087152138516e-05
DRD2,-6.520318974779536e-05
CD7,-6.522354162103721e-05
TMEM18,-6.523601105782303e-05
LPA,-6.524315948980232e-05
UBQLN2,-6.528841294381921e-05
ZNF184,-6.52919229440499e-05
MOV10L1,-6.52947074933275e-05
TMCO4,-6.530763474236269e-05
CYBA,-6.531202660183422e-05
SNHG32,-6.532844546044853e-05
CALCB,-6.535540786128304e-05
DCDC2,-6.538457066453811e-05
CTDSP1,-6.538545234477372e-05
TTC30A,-6.538874655437415e-05
ZNF697,-6.544170841128813e-05
STIM2,-6.544406048119533e-05
SORCS1,-6.544672274106773e-05
PSPN,-6.546819450987802e-05
CNOT3,-6.548008875845933e-05
TRIM23,-6.548179637475524e-05
FAM200B,-6.550661414878305e-05
P2RY12,-6.551099630971869e-05
ZNF415,-6.553145760072288e-05
FAAH,-6.555496324729036e-05
CCR1,-6.56002403892264e-05
CNTN6,-6.561270590692712e-05
STARD9,-6.56132913905598e-05
C1orf162,-6.566123762063468e-05
TAS1R3,-6.567312076683274e-05
COPG1,-6.568417568339654e-05
INKA1,-6.568608702554865e-05
TAF5,-6.56922241480262e-05
TIMM29,-6.5715281735781e-05
MANBAL,-6.571855817059751e-05
PYY,-6.573145191133703e-05
TSPAN17,-6.573550312240377e-05
RBM4B,-6.575706556172868e-05
GALNT16,-6.57803001438757e-05
FRZB,-6.578731010041879e-05
CHST7,-6.578839710934023e-05
TSPEAR,-6.580618131522744e-05
CCDC73,-6.581106971490563e-05
ZNF22,-6.583083199589407e-05
DNMT3B,-6.584430978249054e-05
PRKACB,-6.585247001637914e-05
AMY2B,-6.588569454799416e-05
BX284613.2,-6.589511364600585e-05
UBR1,-6.590010822336602e-05
SACM1L,-6.591098117198166e-05
HCN2,-6.59262503270424e-05
GRK2,-6.593758325089503e-05
FEM1A,-6.593833962376683e-05
AP4B1,-6.593889291345264e-05
ITGA7,-6.594485261723893e-05
ADORA2A,-6.595257101366012e-05
RMDN1,-6.595921388030031e-05
FANCE,-6.59618705295744e-05
BAIAP2-DT,-6.5969412342937e-05
SIGLEC1,-6.601333621563959e-05
NPFF,-6.602555499924406e-05
MTX1,-6.603850392578845e-05
KCNMB1,-6.605763544114589e-05
SNF8,-6.607463396821446e-05
YTHDF3-AS1,-6.609318667738373e-05
CASC1,-6.610151863757933e-05
SLC25A21-AS1,-6.61042531281879e-05
CREBBP,-6.610912973054431e-05
CACNA2D2,-6.613186646065863e-05
SAMD14,-6.613296783256508e-05
TPRA1,-6.61466920461847e-05
SORCS3,-6.615178579997424e-05
CD86,-6.616750751740429e-05
GLUL,-6.620496673803892e-05
GRM7,-6.622315264851043e-05
DCAF10,-6.622692366372867e-05
SYP,-6.622717289763877e-05
NPR1,-6.623262946231682e-05
CLNK,-6.625138742641281e-05
TMEM177,-6.625961491333541e-05
PTOV1-AS1,-6.630411881022339e-05
EEF1A1,-6.630602065444999e-05
SPANXA2-OT1,-6.630682630495829e-05
NHSL1,-6.630698970332033e-05
DLEC1,-6.63122565926791e-05
TSKS,-6.63144235689868e-05
KRBOX1,-6.63201069993109e-05
SNX27,-6.633172430513278e-05
SLC7A2,-6.634113921073279e-05
ZNF674-AS1,-6.635110067820915e-05
SEC13,-6.635118632936696e-05
RSPH3,-6.636443107450213e-05
MRPL47,-6.640415246762304e-05
ARLNC1,-6.641490668825699e-05
SYT16,-6.644789742149657e-05
HRK,-6.646713677337e-05
AP000446.1,-6.64818391903437e-05
TRPC3,-6.648505142107714e-05
CYB5D2,-6.650074502344898e-05
MRPL28,-6.654238264657579e-05
COX19,-6.654879799454927e-05
HNRNPUL2,-6.656535303741722e-05
AP002762.2,-6.660059612938722e-05
SLIT2,-6.662310709971514e-05
PPIAL4G,-6.662314317558055e-05
GGA3,-6.662410353860411e-05
ADAM29,-6.663678003210812e-05
CCBE1,-6.665397052582271e-05
LONRF2,-6.666324778918081e-05
TSPAN11,-6.668328347474762e-05
ITGB1BP1,-6.668572274547218e-05
CD8B,-6.668964570367821e-05
MED9,-6.670161120538239e-05
SERTAD4-AS1,-6.670759862243984e-05
SEC23IP,-6.671748211837599e-05
PRICKLE3,-6.67430655851955e-05
TSPAN32,-6.674812009345882e-05
OTC,-6.675772879448505e-05
ZNF497,-6.677219526596147e-05
EMC8,-6.677600141472374e-05
CLPP,-6.677968941906484e-05
GJC1,-6.67859795539712e-05
TRAF3,-6.678975320668955e-05
OR7A17,-6.686726113521699e-05
CITED4,-6.687114222537829e-05
RNF165,-6.687924204659733e-05
DPP6,-6.689347860113832e-05
CLK4,-6.689567984152456e-05
MAP7D3,-6.692126689376693e-05
PDXP,-6.693767382512218e-05
RGS7BP,-6.693770126005892e-05
ACOXL,-6.693808602864382e-05
NPIPB7,-6.696302245297717e-05
PAX6,-6.699277216412895e-05
ZNF93,-6.70000252441467e-05
NCK1-DT,-6.701543980940178e-05
ERFL,-6.702910527988768e-05
AKT1S1,-6.70439015944861e-05
TNC,-6.706242371361036e-05
SNX17,-6.70867994632025e-05
ASPA,-6.70956421022283e-05
GLRA2,-6.710119143209134e-05
DOC2B,-6.71086708717693e-05
VPS4A,-6.713071020378192e-05
RNF40,-6.713684581391418e-05
PAXIP1-AS1,-6.714895170252058e-05
SMIM3,-6.715920109962164e-05
ZNF132,-6.715956790607744e-05
CD40,-6.716004514973417e-05
CHRD,-6.717358634764087e-05
SLC25A46,-6.717359984562437e-05
RHOXF1-AS1,-6.719181452233477e-05
ARHGAP26,-6.719965367606746e-05
MRPL18,-6.720154568983002e-05
LRSAM1,-6.7264277353799e-05
ANKRA2,-6.726655357159144e-05
VIRMA,-6.726982742768439e-05
SURF1,-6.727605765423974e-05
RRS1,-6.728198446377018e-05
MPV17L2,-6.733392689018621e-05
PRKCA-AS1,-6.735057778365548e-05
TLR7,-6.735167840842407e-05
ZNF567,-6.74130841311817e-05
SPATA24,-6.741524399685986e-05
SBNO1-AS1,-6.742352089878719e-05
PDCD1LG2,-6.742861600754636e-05
LRRC32,-6.74294737529018e-05
AP000561.1,-6.744124198016845e-05
ARHGEF1,-6.74531512775981e-05
TOR2A,-6.747352428188888e-05
ZNF224,-6.747378528202456e-05
CTRC,-6.747513488690945e-05
OPRL1,-6.747880131446072e-05
LYSMD1,-6.750673411576609e-05
ISY1,-6.751575131849972e-05
DHX16,-6.752511552237883e-05
KCNC2,-6.752571041883808e-05
TMEM213,-6.752898075920705e-05
SIRPG,-6.752954264692927e-05
WRAP73,-6.753029299208648e-05
IFT20,-6.753487939133222e-05
PTCHD4,-6.753749605174498e-05
CCDC60,-6.754764605226414e-05
HARS,-6.755722037512496e-05
HMSD,-6.758928700558456e-05
PHYH,-6.759524763664111e-05
RARG,-6.76017484220898e-05
CHERP,-6.763196194211073e-05
B3GNT9,-6.763548062345911e-05
USE1,-6.76634117446346e-05
UBXN11,-6.766579936251114e-05
SLC39A4,-6.767350640645655e-05
NELFA,-6.771281628705568e-05
TCF7,-6.774065284788983e-05
TIFA,-6.775522238990007e-05
TRMT44,-6.7761120566394e-05
ZMAT4,-6.781476305964119e-05
MARVELD3,-6.78148224290192e-05
C5orf67,-6.782661932533002e-05
BCAT1,-6.78269051212548e-05
TPCN2,-6.784575218088392e-05
ATP5MG,-6.785135831690177e-05
CCDC115,-6.785777451525092e-05
INTS6-AS1,-6.785789421650699e-05
S100Z,-6.787578026881887e-05
TMED6,-6.787875517442574e-05
ACADS,-6.787980911897393e-05
RANBP3L,-6.788967092765851e-05
PIGBOS1,-6.791024939718458e-05
MRC1,-6.792371062800282e-05
MRPL40,-6.79270516661304e-05
SMN2,-6.794171282028842e-05
TMEM203,-6.794280666332032e-05
SMARCA2,-6.794325713397337e-05
RCE1,-6.799164020558071e-05
SNRPD3,-6.799978498228108e-05
GRIA1,-6.801726373345394e-05
CLEC10A,-6.806824078764522e-05
FREM2,-6.81016944926483e-05
GAD1,-6.81096453447324e-05
SNHG21,-6.812163118810258e-05
PKIA,-6.81503355854294e-05
NDUFA4L2,-6.815544100379258e-05
GUCY1A1,-6.817059827925394e-05
ARHGEF33,-6.817170337484405e-05
PHF6,-6.823607981399713e-05
IFI27L2,-6.82463634469208e-05
PLAAT5,-6.824923251588013e-05
GRM1,-6.825216803790401e-05
PM20D2,-6.826939861135805e-05
NUDT9,-6.827755838059885e-05
GRTP1,-6.828267208040768e-05
LTBP4,-6.83041830209362e-05
LSM8,-6.834256152116872e-05
ALDH1L1,-6.835897662016284e-05
NAGPA,-6.836601664884586e-05
STARD7,-6.844097789231549e-05
MRM2,-6.844751230393505e-05
GPR155,-6.847132954685332e-05
AJAP1,-6.852476227864115e-05
RTCA-AS1,-6.853392492065682e-05
TTLL1,-6.85653446847173e-05
POLR2I,-6.856861045028006e-05
B3GALNT2,-6.857282449123484e-05
FXR2,-6.863812579999517e-05
TGM1,-6.864872369277804e-05
CAMTA2,-6.867148988348972e-05
BST1,-6.86822653902084e-05
TRIB2,-6.871624324130264e-05
ATOH8,-6.872447166597673e-05
CACNA1F,-6.873558326609075e-05
SART1,-6.874536537221483e-05
FAM171B,-6.876721972407476e-05
FBXL20,-6.877223226443404e-05
DPT,-6.877281015032504e-05
TAF5L,-6.878483292619884e-05
PRMT5,-6.879731651637462e-05
MMRN2,-6.880629758567006e-05
MICB,-6.881350763274605e-05
DPY19L3,-6.881466474990066e-05
CDIP1,-6.88165454114892e-05
CD300A,-6.882782635208683e-05
GLRX,-6.883915876745956e-05
TMEM169,-6.88563091523117e-05
LURAP1L,-6.889558106585702e-05
INAFM1,-6.889801646821441e-05
SMIM19,-6.890938872824165e-05
MRPS16,-6.891293454145184e-05
AP001469.3,-6.892854154449358e-05
LRRC9,-6.895687086768296e-05
MAGIX,-6.898415609141569e-05
GRIK5,-6.900399997735095e-05
ZRSR2,-6.901916005789207e-05
HLA-DQB2,-6.902133172418607e-05
DHRS11,-6.902804121739377e-05
C22orf34,-6.902970908219063e-05
TEPSIN,-6.906257476151578e-05
CD6,-6.907382982204114e-05
ASAH1,-6.907460426067779e-05
DNAL4,-6.908436958655811e-05
HIGD1B,-6.90896774785921e-05
SMC5,-6.909964032393329e-05
FGD5-AS1,-6.91487409323714e-05
NPIPB3,-6.915717706826957e-05
MYO18B,-6.916053870704866e-05
AKR7A2,-6.916824795861553e-05
BCOR,-6.917687743269526e-05
SLC12A3,-6.918746700839413e-05
GMPR,-6.92125860576418e-05
ENPP6,-6.9231780018919e-05
ZNF575,-6.926013333148435e-05
CCDC117,-6.928788404517099e-05
CNTNAP4,-6.928936196061318e-05
TFPT,-6.930250053462069e-05
GK5,-6.930576920488139e-05
KCNQ2,-6.932551997297951e-05
MUSK,-6.934073246378481e-05
LIN7A,-6.934276208573049e-05
PTPN7,-6.936668085422215e-05
KCNJ5,-6.93733219628671e-05
CCL2,-6.939601523221959e-05
TSNAXIP1,-6.939775615838082e-05
TMSB15B,-6.940664349940077e-05
GRM3,-6.942181203791758e-05
SBF1,-6.942508714109064e-05
RFESD,-6.943898124948096e-05
ST8SIA4,-6.94494605452733e-05
NUP210L,-6.945109190830562e-05
SAP30L-AS1,-6.946122860175e-05
SIX4,-6.946214455133692e-05
SOX9-AS1,-6.946788939587133e-05
CREB3L3,-6.948024692638254e-05
BICDL2,-6.94906155517237e-05
WASHC4,-6.949709440567111e-05
GGT1,-6.951033110236563e-05
TMEM119,-6.954939071995346e-05
DCUN1D3,-6.955248113230136e-05
MSL3,-6.957565073037388e-05
CCDC102A,-6.959042898723639e-05
NRXN2,-6.960619707455692e-05
HNRNPA1L2,-6.96113094313426e-05
ATP13A4,-6.96700621885578e-05
ANGPT2,-6.967860283332351e-05
PPEF1,-6.968548364825938e-05
TCEAL8,-6.968897198219245e-05
SLC2A5,-6.969665330397677e-05
AMIGO1,-6.970026504470304e-05
TBL3,-6.975118004254866e-05
RBSN,-6.980231408743684e-05
ATP5F1D,-6.982219874974855e-05
AP001037.1,-6.983492524615984e-05
DNAH3,-6.984549233895004e-05
TATDN3,-6.98576492240143e-05
C9orf78,-6.98589489866176e-05
IAH1,-6.986375873977818e-05
YBX2,-6.987054298633483e-05
PCOLCE-AS1,-6.987423773042491e-05
SCRN2,-6.98754882732935e-05
SSBP1,-6.989110877713397e-05
CANT1,-6.989252924972503e-05
CD36,-6.990943492425118e-05
YIPF7,-6.992344873264113e-05
MED1,-6.993129167573006e-05
AP1G2,-6.99396777328086e-05
ZFP91,-6.996559615655037e-05
ZNF471,-6.996875981962758e-05
ANAPC11,-6.998329148823204e-05
RBM42,-6.998539877716705e-05
NBPF3,-7.000804385704817e-05
DBT,-7.001242887110984e-05
TDO2,-7.002069975142191e-05
PHGDH,-7.00253819655917e-05
ZNF804A,-7.002608553957127e-05
PLPP7,-7.004565073381229e-05
ZNF48,-7.005134278395596e-05
FAM151B,-7.007117606718069e-05
ZNF629,-7.008511103418963e-05
NOXA1,-7.008893022804518e-05
CIB4,-7.009359225511883e-05
EEF1AKNMT,-7.012101940927974e-05
RAB12,-7.013027573829294e-05
FAM110B,-7.014762587157854e-05
MLYCD,-7.01638279806596e-05
CLDN5,-7.017201815504614e-05
PPIL1,-7.017702385942915e-05
ZNF610,-7.019100441451318e-05
PALM3,-7.020510199024971e-05
GPR143,-7.024627068433183e-05
MYC,-7.024773731744189e-05
MCOLN3,-7.025709490583027e-05
PSMG2,-7.027434815875691e-05
RBFADN,-7.028352105028807e-05
MYOSLID,-7.028554148337724e-05
IGKC,-7.028808552759912e-05
MAP2K2,-7.029792019091497e-05
MICOS13,-7.030900981354976e-05
SH3BP1,-7.031514398280592e-05
AP002381.2,-7.037330953304145e-05
AP001021.3,-7.037860115677256e-05
TENM3-AS1,-7.038535112593113e-05
SLC2A7,-7.040556230918705e-05
GPR146,-7.041196439693971e-05
CCDC154,-7.042203278036505e-05
ZSCAN16-AS1,-7.043026813465839e-05
LILRA2,-7.04383136866727e-05
RNF167,-7.046763843408018e-05
NUFIP2,-7.046904746091548e-05
COL10A1,-7.049775975266097e-05
STXBP5L,-7.05013112139084e-05
SLC11A2,-7.053360941391667e-05
FAM182A,-7.05339042630318e-05
RBM27,-7.054446625239015e-05
DERL2,-7.056710700473074e-05
TRPT1,-7.056890273425161e-05
THAP6,-7.061529354486318e-05
PCP2,-7.063578953886741e-05
PSMG3,-7.064123335887675e-05
TMEM116,-7.064136291227157e-05
TTLL12,-7.064191252090605e-05
HOMER3,-7.064321894329793e-05
HIKESHI,-7.067193988674108e-05
FLT1,-7.070204182723063e-05
VPS37D,-7.071872533018027e-05
ZNF174,-7.07218711476759e-05
CT69,-7.073966429748078e-05
FDXR,-7.077149490254775e-05
ZNF557,-7.07738460679153e-05
HIST1H1E,-7.077474843375078e-05
ZBTB2,-7.077830515535768e-05
PHF5A,-7.079163111133075e-05
PTCD1,-7.080317084502346e-05
ZMYM6,-7.080519408857923e-05
CFAP53,-7.080789531397561e-05
ZNF687,-7.082112123373753e-05
CETN2,-7.082639798370403e-05
TDRD12,-7.084908675636956e-05
IDI2-AS1,-7.084942116294259e-05
GIMAP7,-7.084943557978638e-05
GOLGA6L9,-7.085243588368813e-05
TCHP,-7.085811242606694e-05
PTRH2,-7.090747526003363e-05
BCORL1,-7.090771754246471e-05
ZBTB44-DT,-7.091822616995288e-05
SLC39A3,-7.093695995353717e-05
HTT,-7.094076948833932e-05
GNPDA2,-7.098063007037652e-05
CHCHD7,-7.101093824126909e-05
ARHGAP31-AS1,-7.10262558363241e-05
ZNF473,-7.103356154994024e-05
AVIL,-7.103651591114187e-05
DEUP1,-7.104666774848014e-05
TCF4-AS1,-7.110266587555695e-05
DNAH5,-7.110428945583998e-05
COL8A2,-7.112489472366402e-05
HUNK,-7.115133106044465e-05
WWOX-AS1,-7.116859639349444e-05
CLEC2B,-7.117758688711681e-05
ZNF266,-7.117879132634534e-05
WDR49,-7.120507066752689e-05
TGOLN2,-7.120553717857498e-05
MYBPC1,-7.121716128014644e-05
TYROBP,-7.12231198881636e-05
PDIA6,-7.123202690285165e-05
ZNF397,-7.123277604620648e-05
FBXO31,-7.12376038573998e-05
GRIPAP1,-7.12459242142758e-05
TENM4,-7.125308184424315e-05
COL13A1,-7.125788329192738e-05
HMCN1,-7.126818632657134e-05
SCAF4,-7.12696132277534e-05
C2CD4B,-7.128361339705592e-05
TNNI2,-7.128705061430395e-05
ZDBF2,-7.129130049755284e-05
GPC2,-7.129767984273735e-05
MORN2,-7.129984069089087e-05
PCDHB13,-7.131275869925967e-05
PCDH17,-7.1373441116544e-05
IMPAD1,-7.140547093781211e-05
UMODL1,-7.140641382677736e-05
BCCIP,-7.148195685245017e-05
CA2,-7.149291172071536e-05
ATP8B3,-7.15330025670426e-05
PRKAG2,-7.1553648043964e-05
CELF5,-7.156141731764008e-05
DCTN3,-7.164440442269212e-05
COLCA1,-7.165593134586036e-05
NLRC3,-7.166963237647736e-05
ZNF710-AS1,-7.168732458976306e-05
ATG3,-7.169201938801999e-05
ZNF852,-7.170588991822348e-05
CSE1L-AS1,-7.171392417708986e-05
KAT6B,-7.171839910423251e-05
SLC23A2,-7.17265522041632e-05
PM20D1,-7.173276473226884e-05
STRADB,-7.173585018427662e-05
PTPRZ1,-7.176555126584355e-05
RRP36,-7.17980553874857e-05
HSD17B8,-7.18430999358113e-05
FASTKD3,-7.186436076182859e-05
ZNF235,-7.186788170270193e-05
HIC1,-7.194125669381224e-05
CDC27,-7.195175011449911e-05
HR,-7.195438104159148e-05
LIN28B,-7.197146851329834e-05
UFD1,-7.197232457715295e-05
BX088651.4,-7.201599800518736e-05
ZNF79,-7.205249358406443e-05
SLAMF8,-7.206093309400618e-05
IGHGP,-7.209803424529212e-05
PRSS36,-7.211017305467242e-05
ALG14,-7.211563677680756e-05
CCDC126,-7.213113390923134e-05
ZNF749,-7.215643961423405e-05
SMTNL2,-7.215833312886432e-05
GEMIN6,-7.215936354439746e-05
DUSP19,-7.216283381608756e-05
LANCL2,-7.217106975857744e-05
ENDOD1,-7.217121707588796e-05
TRIM45,-7.217214537629809e-05
RGS10,-7.21961215836042e-05
HACD4,-7.22198213447001e-05
LYG2,-7.222132208526665e-05
PHLDB1,-7.222560395812584e-05
LZTS1-AS1,-7.22334358203105e-05
TMPRSS11D,-7.22391383174892e-05
PSEN2,-7.224639114514267e-05
RWDD3,-7.225300714410268e-05
C9orf40,-7.225360989625194e-05
RBM3,-7.226446299036933e-05
ROR1-AS1,-7.227848748904921e-05
MAP2,-7.228273183426299e-05
UQCRC2,-7.228464662017504e-05
ERMP1,-7.230267866372447e-05
DCK,-7.23558581216184e-05
ID4,-7.236999092586094e-05
MTLN,-7.23715399669836e-05
SAYSD1,-7.237606060473216e-05
TRO,-7.238145497230341e-05
PSMD9,-7.241538770655492e-05
PCYT1B,-7.242440176505213e-05
ZNF200,-7.243566954142234e-05
NTN5,-7.243644377574806e-05
TCEA2,-7.24954142220931e-05
CHAMP1,-7.249680396043276e-05
ATPAF1,-7.249985860413034e-05
RAB38,-7.250352852788776e-05
ADARB2,-7.252146913619767e-05
PDE6A,-7.25380849073651e-05
NME4,-7.254104836836451e-05
CCDC86,-7.255208215233808e-05
RGS12,-7.257387795862958e-05
ACOX2,-7.257969458077898e-05
HCLS1,-7.259452014842642e-05
AF127936.2,-7.259617915420964e-05
HOXA-AS3,-7.260935629758376e-05
CD200,-7.261244271073958e-05
CARD14,-7.26272300932262e-05
KBTBD8,-7.26400339879779e-05
PUS10,-7.266335094403396e-05
GOLGA8M,-7.267149093090705e-05
OSR1,-7.269300757728445e-05
ST3GAL4,-7.26972600126888e-05
SMIM10L1,-7.271029466520941e-05
TMEM79,-7.271160375182211e-05
CNRIP1,-7.271572743097575e-05
DMWD,-7.272162946046662e-05
RFNG,-7.273260746594421e-05
ADA2,-7.274325977393652e-05
TRPC4,-7.277336670902881e-05
UBXN6,-7.277468497154008e-05
APP,-7.279015125900846e-05
AP001830.1,-7.280031072423778e-05
CFAP97D2,-7.280571256221665e-05
ELOA,-7.281578416503773e-05
PLAT,-7.283753011201477e-05
C20orf204,-7.285769630023142e-05
PNMT,-7.286548221750741e-05
SPATA16,-7.288820909284437e-05
RNPEP,-7.290590514456632e-05
TRIL,-7.291845511328672e-05
RGS13,-7.292203637466449e-05
PPCS,-7.292627874499535e-05
ATP1A2,-7.292662599162635e-05
TM6SF1,-7.293825608749317e-05
FGF18,-7.294148936168107e-05
SNAI3-AS1,-7.29597507189062e-05
ZNRF3-AS1,-7.297413580622616e-05
ZBED6CL,-7.297778184971767e-05
FMO5,-7.298607630631848e-05
ATP5PD,-7.299647027545283e-05
PPP6C,-7.299985286953884e-05
EGFL6,-7.300051621163234e-05
TCP1,-7.301070999638789e-05
TIMM23B-AGAP6,-7.301446079393131e-05
ATP2A1-AS1,-7.304879395849931e-05
PLOD3,-7.305111926435995e-05
STK32C,-7.305247542885409e-05
CCNT2-AS1,-7.309415734787342e-05
TRIM61,-7.30970138434857e-05
LRRC75B,-7.310152261556715e-05
OLFML2B,-7.310586403879628e-05
WWC3,-7.310596091701562e-05
GLB1L,-7.311579139895784e-05
TBC1D10C,-7.31164639176782e-05
KTN1,-7.312465887119714e-05
PEX11B,-7.312467042177798e-05
GLYATL1,-7.313776580383513e-05
Z69720.1,-7.314659372625634e-05
CENPV,-7.315242498788829e-05
SUGT1,-7.316054907816322e-05
LILRB2,-7.319038998530853e-05
TGM3,-7.319404407510829e-05
KHDRBS1,-7.321317295382814e-05
SPINK5,-7.322404205966867e-05
KCTD18,-7.32501214027454e-05
GAL3ST4,-7.325028264013876e-05
C11orf16,-7.326311909142789e-05
AP000253.1,-7.32655297929654e-05
FAM193B,-7.330158364229802e-05
SF3B2,-7.331306357821632e-05
AF274853.1,-7.333083604149128e-05
PPM1K-DT,-7.333885215150678e-05
RAB40A,-7.335670896515444e-05
FAM174C,-7.34158974529511e-05
COL21A1,-7.343303225757355e-05
SHROOM1,-7.344844337130552e-05
CLEC3A,-7.345133064917609e-05
FMC1,-7.34514553206672e-05
SNAP91,-7.347235260700295e-05
PSMG1,-7.347440892557867e-05
SH2B2,-7.347520302147185e-05
HTR1E,-7.349635888091137e-05
CCDC173,-7.355094230800509e-05
ZNF225,-7.356853209921214e-05
COL6A1,-7.359938119752482e-05
PGF,-7.362967819965856e-05
PPP1R36,-7.363764167895428e-05
LAX1,-7.368853492172774e-05
ILF2,-7.371277669618157e-05
ACTR1B,-7.373589074343334e-05
NDUFA2,-7.373838619557677e-05
ST3GAL6-AS1,-7.376926795171566e-05
GABRG2,-7.377176088160849e-05
AP005131.6,-7.37841224058328e-05
BBS7,-7.382991522979953e-05
IQANK1,-7.384168005773824e-05
C9orf92,-7.384637088391055e-05
RCBTB1,-7.385285851755938e-05
CSTF2T,-7.39005164249832e-05
SYNE4,-7.392374364081322e-05
PLAGL2,-7.39258710303566e-05
DGCR2,-7.394109082755308e-05
DCLRE1C,-7.395562992575554e-05
BAG5,-7.395565429403896e-05
ZNF746,-7.396052070669478e-05
DLGAP4-AS1,-7.397769539691308e-05
SALL2,-7.399132710710973e-05
LRTOMT,-7.39927751030138e-05
MAP6D1,-7.401236618415618e-05
SLC35F1,-7.402115371773375e-05
MZF1-AS1,-7.402435191506371e-05
ZNF595,-7.40272949577397e-05
TWISTNB,-7.403102607059086e-05
ARRDC1-AS1,-7.403765154108288e-05
TSPYL1,-7.405289805060883e-05
NALT1,-7.405442675641873e-05
GATA2,-7.406815897837446e-05
MICOS10,-7.409475159570866e-05
CCL5,-7.409994599094293e-05
TRAPPC3L,-7.412979752854372e-05
CWC15,-7.413266109457354e-05
HOOK2,-7.41658804404682e-05
FXYD6,-7.41666331125087e-05
SPSB3,-7.421139698586426e-05
NINJ2,-7.423563244547351e-05
SPINK9,-7.426935451503177e-05
TMEM52,-7.427312911090553e-05
NUDT21,-7.433292916542294e-05
DPP10,-7.436475890562737e-05
SGMS1-AS1,-7.43897427263353e-05
LEF1-AS1,-7.439567018595959e-05
RNPC3,-7.439705917312839e-05
SAP130,-7.439843520877316e-05
DAGLB,-7.441291181625937e-05
COPS9,-7.442369549230679e-05
L3MBTL4-AS1,-7.442532519877827e-05
IGHG3,-7.44346485243038e-05
JRKL,-7.44468521870573e-05
CCDC144NL-AS1,-7.447403213078381e-05
RIPOR1,-7.449326521438047e-05
ACSL6,-7.452641636301698e-05
SEC22C,-7.454482001927539e-05
AP000866.6,-7.455779665915322e-05
TMEM72-AS1,-7.456200636819304e-05
FAM24B,-7.45657171453424e-05
AP3D1,-7.458025090226508e-05
LRRIQ3,-7.458025754881685e-05
Z84485.1,-7.459412051842292e-05
ZNF778,-7.46365344854406e-05
VAMP1,-7.464355394341505e-05
SNX32,-7.464533144581855e-05
FPR3,-7.471344068986618e-05
CCR10,-7.473929708417904e-05
AP005230.1,-7.474079776019049e-05
NRDC,-7.474429404936011e-05
CD4,-7.474691873359055e-05
PSMD5,-7.474805947902122e-05
MFAP4,-7.47879933344041e-05
PIGP,-7.482376880020373e-05
KCNS3,-7.483282211865496e-05
C12orf29,-7.485482639855129e-05
ZNF529,-7.487999928855726e-05
ZNF764,-7.488756961792462e-05
DUS1L,-7.488777563437996e-05
AIFM3,-7.488901602041532e-05
CAPN3,-7.489843967985909e-05
MYPOP,-7.491034927299318e-05
GOLGA8R,-7.491112619403389e-05
KCNK17,-7.493354340399913e-05
KLF10,-7.497031886916574e-05
SGCD,-7.497470116425467e-05
SVOP,-7.500385554210239e-05
SLC37A3,-7.500493435117812e-05
MISP3,-7.500834352050319e-05
PNKP,-7.50122926890389e-05
PEX26,-7.506323073492713e-05
DENND10,-7.510156473615347e-05
ANKRD33B,-7.510492054270182e-05
CAPN11,-7.512574737850722e-05
ARL5C,-7.514706416488748e-05
ZNF506,-7.516438716491893e-05
ZNF316,-7.517312674441557e-05
GRIK4,-7.519263327624956e-05
AK6,-7.519593782519108e-05
ZNF17,-7.52063539479217e-05
ADAMTS13,-7.523960582486905e-05
ADAMTS20,-7.52399060402546e-05
MDP1,-7.525796558559621e-05
STX1B,-7.527753881202911e-05
OSBP,-7.530162485595009e-05
PTPN13,-7.534304142896314e-05
PARM1,-7.53648549861867e-05
DHPS,-7.537322950501238e-05
FAM149A,-7.537825548971459e-05
REM2,-7.540007293208536e-05
CDKN2D,-7.540033506945969e-05
SYNGR2,-7.543659866622334e-05
GLA,-7.544087212390403e-05
PLEKHG3,-7.544119109746887e-05
ZNF566,-7.545044458931123e-05
FLT3,-7.54508416307771e-05
MYH15,-7.546431861990994e-05
PANK4,-7.549144107548249e-05
DPP3,-7.549234244874256e-05
EMID1,-7.552414754686134e-05
KCNIP3,-7.554288414038438e-05
GRIA4,-7.556179040859318e-05
CUTC,-7.559006742277437e-05
MIR4300HG,-7.56053340329747e-05
LRP11,-7.566651535500482e-05
LINS1,-7.568431011794901e-05
ZNF441,-7.568986726461742e-05
SBNO1,-7.569473733368286e-05
CRAT,-7.56973244952727e-05
SPOCK2,-7.570504456874462e-05
SNHG11,-7.570552765832652e-05
FABP6,-7.576112561608228e-05
ZFHX2,-7.576600007310487e-05
SMARCD2,-7.579488651136047e-05
MUC19,-7.579530903856584e-05
HGF,-7.580530815169676e-05
CD93,-7.582226886877783e-05
TMEM202-AS1,-7.582284023246636e-05
SRSF9,-7.586467872221206e-05
MRPL32,-7.587301016760565e-05
ADAP2,-7.587345002476674e-05
SLC30A10,-7.587868250191201e-05
ORAI1,-7.588889740725333e-05
JAKMIP2,-7.593073624505373e-05
PPP3CC,-7.59327291192291e-05
C12orf73,-7.594229502815569e-05
TUBGCP2,-7.597539325404969e-05
ACVR1C,-7.600439735833264e-05
ZXDA,-7.600921700230193e-05
XPC,-7.601260862137239e-05
GADD45GIP1,-7.602018937898167e-05
PAPPA,-7.603525201784782e-05
SH3BP5-AS1,-7.60640254219701e-05
GPRASP1,-7.607177239182765e-05
SCUBE1,-7.607442136430244e-05
DEF8,-7.607577807709447e-05
UBE2V1,-7.607931809919691e-05
ARSI,-7.608462121533934e-05
RRN3,-7.60851657582552e-05
VIT,-7.608687984005409e-05
FGL1,-7.608884005979569e-05
EBF2,-7.609275895340448e-05
NPIPA7,-7.609436882299848e-05
MCRS1,-7.609926508492034e-05
TMEM238,-7.612800314986599e-05
CCDC33,-7.614154774287981e-05
PXDN,-7.614519763977801e-05
GAS1,-7.614947119275321e-05
MRPL39,-7.617166806420941e-05
HNRNPF,-7.620835563795561e-05
COX15,-7.62130915627249e-05
KLF8,-7.622419731593392e-05
CBFA2T2,-7.622571069870957e-05
GP1BB,-7.62402188356354e-05
RAB39A,-7.624381894963086e-05
FADS6,-7.625052446294783e-05
APEX2,-7.62691059184887e-05
TALDO1,-7.630905810144251e-05
IGFL4,-7.63103019818973e-05
KLHDC9,-7.633795003710531e-05
CAVIN3,-7.634253181281703e-05
UPF1,-7.634253560975451e-05
ZNF25,-7.637276709308772e-05
TBX1,-7.637901012742351e-05
INSRR,-7.638930749964535e-05
ZC3H4,-7.639434857411795e-05
FKBP11,-7.639530405126064e-05
ALPL,-7.639807192468486e-05
SAPCD1,-7.640719899402346e-05
MTCP1,-7.641108521517457e-05
TNFSF8,-7.641865084416182e-05
RANGRF,-7.642706520096426e-05
ANGPTL2,-7.643193350085654e-05
BRMS1,-7.643882320577197e-05
ADGRF5,-7.643929151045e-05
CCM2,-7.645603222591096e-05
MRPL17,-7.647555297748474e-05
RASGRP2,-7.648093275798379e-05
IL17RB,-7.651707152520632e-05
OLFM1,-7.652828828332166e-05
RIOX1,-7.656836476639724e-05
ENO3,-7.657627221654662e-05
FAIM2,-7.658129834929537e-05
PPID,-7.659609597525087e-05
B4GALT2,-7.661043867307349e-05
C2orf74,-7.663647850801097e-05
PTPN5,-7.665605415738799e-05
GINM1,-7.667457829471153e-05
PNPLA4,-7.669174036384077e-05
ZFYVE19,-7.669482780394895e-05
GSTM4,-7.669803069121765e-05
PLCL2,-7.671165681124659e-05
DPM3,-7.671944869254755e-05
G2E3-AS1,-7.672980756036949e-05
CD53,-7.67491405113588e-05
SRPK3,-7.679809196919331e-05
CCDC183,-7.682106065103624e-05
GIMAP1,-7.68549486768639e-05
TLL2,-7.687010705121136e-05
ZNF786,-7.687587463429623e-05
DNAH2,-7.687931670986164e-05
AP001636.3,-7.688149281973563e-05
ABCC12,-7.689120867475886e-05
MARCH10,-7.68935889101996e-05
SRC,-7.692001970487166e-05
PBX2,-7.692184861644109e-05
ISCA1,-7.694632638237802e-05
ASNSD1,-7.694864966241213e-05
STXBP6,-7.695967101269249e-05
HIST2H2AC,-7.696131111214181e-05
CORO7,-7.697224123443172e-05
MAGOH,-7.697583346702725e-05
CACNA2D3,-7.698685178015305e-05
BVES-AS1,-7.70079350432707e-05
TAFA1,-7.70115281446403e-05
EIF3F,-7.701742666288632e-05
DESI2,-7.701952027266564e-05
PMVK,-7.702428130374755e-05
BIN1,-7.702884319197305e-05
GBGT1,-7.704184949264276e-05
HOGA1,-7.707710259301215e-05
TTTY14,-7.708459489678847e-05
CFAP70,-7.712606609953235e-05
XKR4,-7.715406990596012e-05
UBN1,-7.715638657500518e-05
HDLBP,-7.715929525980185e-05
ASL,-7.721154593447039e-05
APLP1,-7.724526911453835e-05
NSUN7,-7.727511188933579e-05
VEZF1,-7.728109572765735e-05
DEPP1,-7.728289055755069e-05
HLX,-7.72834062687595e-05
MRPS24,-7.728436199408242e-05
POGLUT2,-7.730240056612007e-05
TAS2R30,-7.734408966365234e-05
UACA,-7.734780278606128e-05
APOBEC3C,-7.734830745685265e-05
FBXL22,-7.737727658942571e-05
ATP13A1,-7.73825845348735e-05
RNF123,-7.738302985644106e-05
RBM26-AS1,-7.738757611680308e-05
SSC5D,-7.738817416716939e-05
FKBP6,-7.739123547368354e-05
POLE3,-7.739960006086403e-05
COPS7B,-7.743162500786972e-05
PYM1,-7.745514797708825e-05
RAF1,-7.745972928217052e-05
TPGS1,-7.746321661810697e-05
GATD3B,-7.746508272895131e-05
EID1,-7.747027483022421e-05
MS4A14,-7.747785064181521e-05
LRRC75A,-7.748625409534802e-05
VASH2,-7.751311239393558e-05
DEXI,-7.753597162054514e-05
SEMA6A-AS2,-7.754842531098875e-05
DENND4A,-7.755114511500208e-05
ZNF296,-7.756876940306452e-05
STXBP1,-7.757051255298697e-05
ADH5,-7.75804840372672e-05
CTC1,-7.758646495737994e-05
AUP1,-7.75893538463218e-05
BFSP1,-7.759397498178696e-05
NUDT22,-7.760981147670165e-05
YWHAG,-7.762668360949077e-05
TAF8,-7.763209692672892e-05
SILC1,-7.763781970998431e-05
MTRF1L,-7.766899611093274e-05
BTK,-7.767314642862403e-05
IL16,-7.768092105259943e-05
RRNAD1,-7.768267986485745e-05
MCOLN1,-7.769622676470788e-05
KHSRP,-7.772304230678527e-05
STAM-AS1,-7.772678031362556e-05
MAU2,-7.772756169185198e-05
AP001160.2,-7.77466334214981e-05
GPR65,-7.777533328173785e-05
KBTBD7,-7.778694314815714e-05
ANXA9,-7.780745052570284e-05
NDUFS6,-7.782006325956399e-05
NUDT3,-7.782369051067974e-05
SMPDL3B,-7.782666454377894e-05
GSDMD,-7.785071975957884e-05
FRMPD3,-7.785086140550654e-05
SNTB2,-7.78864410171176e-05
ZNF3,-7.790159906759914e-05
ADGRG2,-7.791853645948914e-05
ABCB7,-7.792387035154296e-05
HMGCS2,-7.792767245251602e-05
ZNF549,-7.796191730294718e-05
TF,-7.79909490612145e-05
LLGL1,-7.800129027965195e-05
DDX56,-7.801290602721535e-05
SLC7A8,-7.801634716767263e-05
LILRB1,-7.80169666668268e-05
MAN2B1,-7.802201720176449e-05
ZNF543,-7.804575539565762e-05
RPH3A,-7.806202233263841e-05
SMARCA5,-7.807040157384432e-05
METTL7B,-7.80812439861652e-05
HAVCR1,-7.808513343175826e-05
ZNF317,-7.809388111417644e-05
NPHS1,-7.813657903056292e-05
ZNF70,-7.813774160880932e-05
ZNF341,-7.81660038697153e-05
ERC1,-7.81787141605e-05
FTSJ1,-7.81905805396726e-05
PYCARD,-7.821202306712607e-05
MTRNR2L12,-7.82204587859454e-05
COL28A1,-7.824301711907186e-05
FBXO15,-7.826102916009181e-05
TMEM14C,-7.830452819047693e-05
CIAPIN1,-7.831269492709183e-05
CSNK1G2,-7.831448807885482e-05
OTX2-AS1,-7.834726599802625e-05
BTN3A2,-7.838214258635502e-05
TNFRSF11B,-7.838425344393308e-05
SLC36A4,-7.839062505382624e-05
TLCD3A,-7.839345552351602e-05
THOC7,-7.84495763588844e-05
LYPLA1,-7.845648072700825e-05
INTS9,-7.847577285982675e-05
SHOX2,-7.854318056421317e-05
SLC25A1,-7.85441982897702e-05
RPUSD1,-7.855324952986413e-05
KIAA2013,-7.856200428250356e-05
TFEC,-7.856898130300383e-05
C3orf14,-7.859453739337437e-05
GDAP1L1,-7.860770515803029e-05
GTF2F1,-7.86080862233169e-05
RSRP1,-7.862177959301581e-05
HHLA3,-7.86256187331825e-05
SMIM11A,-7.863898130997305e-05
DNAJC18,-7.866045493042483e-05
CWC25,-7.867183011007086e-05
CDK5,-7.867677944380124e-05
TNFRSF11A,-7.869045978030466e-05
C3AR1,-7.871313863184498e-05
DDX23,-7.871529300796596e-05
TIMM13,-7.87224925124992e-05
SNAI2,-7.87376397395725e-05
SLCO2B1,-7.874604881801856e-05
NBPF20,-7.876763383449203e-05
ANKRD30BL,-7.877077014401298e-05
CARM1,-7.87729076373509e-05
PRF1,-7.87775079998235e-05
ZMAT3,-7.8795041157553e-05
HPSE,-7.883192613967116e-05
TCERG1L,-7.883478310338273e-05
TESK2,-7.88807907413113e-05
KMT2B,-7.889187240944244e-05
CCDC125,-7.889692283484688e-05
HIST4H4,-7.890140904822541e-05
NICN1,-7.892720607078111e-05
ESYT1,-7.896939224044165e-05
PDLIM3,-7.902367696080883e-05
USP27X,-7.902703312825818e-05
BX842570.1,-7.903009329771437e-05
NGLY1,-7.903444821811458e-05
BYSL,-7.90353113259704e-05
C19orf12,-7.906403480644261e-05
GIN1,-7.912472965735278e-05
FOXO6,-7.912940865220289e-05
RBM15-AS1,-7.913559331389216e-05
PTGFRN,-7.914212490182297e-05
MIEF1,-7.914634031440815e-05
PKNOX1,-7.915916092633692e-05
CCDC84-DT,-7.918254068403838e-05
COLEC10,-7.920872132832753e-05
CCDC151,-7.922106311162165e-05
PHAX,-7.92551130689347e-05
CGNL1,-7.925839300516521e-05
CCDC157,-7.926919430283768e-05
C6orf201,-7.928498168832813e-05
MYO3B,-7.928526571820074e-05
FUT11,-7.929324458738577e-05
SF3A2,-7.932261135590367e-05
PTGER4,-7.937984358578586e-05
NSMCE3,-7.93867334649034e-05
SYTL3,-7.938903151264493e-05
GEMIN8,-7.939458329974789e-05
DNAJC3-DT,-7.940885777627473e-05
TOE1,-7.942460539299117e-05
OSER1-DT,-7.944226395632276e-05
EPOR,-7.945145989668982e-05
POLR3K,-7.947817290477097e-05
IL17RD,-7.949070506071612e-05
CNTNAP5,-7.95218724303321e-05
CPB1,-7.953289765711208e-05
TMEM175,-7.954978681328054e-05
AF123462.1,-7.957078870026493e-05
RAMP2,-7.959721203077644e-05
BOLA1,-7.960037692014151e-05
AKAP8,-7.962780650658317e-05
ZNF227,-7.963379453469768e-05
ZDHHC4,-7.96605562418364e-05
CCT6B,-7.968951768982168e-05
FNBP4,-7.970554230021532e-05
ETAA1,-7.970971885927127e-05
SUGP1,-7.971865114401062e-05
VPS51,-7.974048310431341e-05
CASC9,-7.976806971319905e-05
THAP8,-7.977486036933284e-05
HORMAD1,-7.977694094053858e-05
CALHM5,-7.979988867394232e-05
ZKSCAN2,-7.981821509779246e-05
MRPS2,-7.982343571743462e-05
ZNF740,-7.984176122951952e-05
POLR3D,-7.984238961040077e-05
RPGRIP1,-7.984878559365652e-05
EDC3,-7.985744894463463e-05
KIAA1143,-7.987011351301654e-05
HBS1L,-7.987370323254842e-05
UCHL1,-7.987674880100947e-05
GON7,-7.98900059717612e-05
BBS10,-7.991340458599584e-05
FER1L5,-7.991701980909768e-05
SHANK1,-7.993472305861644e-05
GALNT8,-7.993692931464007e-05
VEGFB,-8.001515820055504e-05
RUSC1,-8.001521892373188e-05
BUD23,-8.002196113465502e-05
TMED1,-8.006947140683078e-05
SETD4,-8.007336352818083e-05
ZNF550,-8.007744886726737e-05
ZNF419,-8.009395952132651e-05
SRP72,-8.012299144590593e-05
FLACC1,-8.013845797268207e-05
TRAPPC11,-8.014832153804496e-05
PEX12,-8.015255731634653e-05
DCAF8,-8.015477563437309e-05
KIF19,-8.016327503544444e-05
SSBP2,-8.016757768692276e-05
MFSD3,-8.019569182045725e-05
XPA,-8.02339411236164e-05
DZIP1,-8.024007602334501e-05
C12orf42,-8.024149357828447e-05
GPR156,-8.024819998698256e-05
GFRA1,-8.025002480827833e-05
HSF1,-8.025598430779038e-05
CDH22,-8.026770201879379e-05
AJM1,-8.031179738206573e-05
CD300LF,-8.031450564288033e-05
SORBS1,-8.031642902685657e-05
CPNE2,-8.034639397816194e-05
ANKRD20A1,-8.037552096297162e-05
KIF9,-8.042978319763907e-05
PLPPR1,-8.043314718016163e-05
AHSA1,-8.043799069216726e-05
SGK3,-8.044337705115709e-05
HDAC4-AS1,-8.045546329506925e-05
ZBTB16,-8.047007705107862e-05
SCIMP,-8.047913836128376e-05
CFL2,-8.048851467409195e-05
SEMA4A,-8.049003378478767e-05
CASP6,-8.049199917613864e-05
SEPSECS-AS1,-8.05135424296431e-05
ANAPC16,-8.051393678014748e-05
ZSCAN25,-8.053454401829406e-05
CA11,-8.053485678618822e-05
MAVS,-8.054310209621616e-05
QDPR,-8.056605649693979e-05
LYNX1,-8.060067795825385e-05
MAP10,-8.063322804004221e-05
TXLNA,-8.06354592399772e-05
PCBP1-AS1,-8.064871110576442e-05
TMEM94,-8.066644582312061e-05
TIMM17A,-8.073089110805789e-05
MYH11,-8.073234578383094e-05
NDN,-8.073282261139961e-05
MTA2,-8.074045294555082e-05
ZNF587,-8.076006994949496e-05
BVES,-8.080906319062942e-05
FAM126A,-8.082156222046335e-05
KCNMB3,-8.083496070391507e-05
CAMLG,-8.08453496402643e-05
PNMA2,-8.090753157199813e-05
AP005203.1,-8.090990732409564e-05
TRIO,-8.091545426229998e-05
GLIS2,-8.093193304638819e-05
ZNF696,-8.094395494258668e-05
STAC2,-8.094405763712847e-05
CYB5D1,-8.096560634676599e-05
C8orf31,-8.096931012824743e-05
FAM186A,-8.100634851515695e-05
PRCC,-8.102719379121759e-05
ELOVL2,-8.104749838084566e-05
SNHG12,-8.107041414865693e-05
NHLH1,-8.109675282046199e-05
GRIK2,-8.109687738989394e-05
DSCR9,-8.110599861655947e-05
SEC22A,-8.1125777920686e-05
CCN1,-8.117810938159055e-05
HIST1H2AD,-8.11894803775271e-05
TRIR,-8.11945441576512e-05
DGKI,-8.119747038672672e-05
ACRBP,-8.120459772571742e-05
TOX2,-8.12051259766183e-05
NOA1,-8.121861959321835e-05
PHKA1,-8.123004383393474e-05
NEK8,-8.124767672087772e-05
CHCHD4,-8.124861710524975e-05
ZC3H6,-8.125041162805225e-05
CNTN1,-8.126323376309713e-05
HECTD4,-8.126505206432601e-05
CDIPT,-8.126581514937743e-05
PCSK9,-8.127219188256666e-05
FAM228B,-8.129552660659244e-05
VRTN,-8.131375702792888e-05
ADGRE2,-8.131571579053561e-05
CEP19,-8.132562312447656e-05
SMARCC2,-8.136049053887579e-05
MPP1,-8.13610059383266e-05
SKP1,-8.137516040989075e-05
SPRYD7,-8.138861615220426e-05
TPH1,-8.140858633160546e-05
C3orf33,-8.146014453234492e-05
ATG12,-8.148789560430787e-05
RIMKLA,-8.15018024810233e-05
HDDC3,-8.15802678044792e-05
PARP10,-8.158902299778631e-05
TTC34,-8.161885312151876e-05
DENND11,-8.166270364175976e-05
SCN9A,-8.168602745280947e-05
AGAP5,-8.173897789476534e-05
SYAP1,-8.17493198944724e-05
SOD1,-8.176432396202058e-05
KAT14,-8.177766616526881e-05
VAX2,-8.177792049612282e-05
CCDC136,-8.180225953917944e-05
ALG10,-8.182401467515257e-05
ARMC3,-8.184651069387329e-05
TMEM14A,-8.186523302225952e-05
KLHL14,-8.190052253265766e-05
SLX4,-8.190158567024299e-05
IFI30,-8.19215177714251e-05
VMAC,-8.192378717437407e-05
POLR1D,-8.19393381857454e-05
UNC45A,-8.199864056427756e-05
GET1,-8.201329728899784e-05
CAVIN4,-8.203476043292052e-05
KLHDC10,-8.204911750306603e-05
CYP4A22-AS1,-8.204972924745818e-05
CNP,-8.206249751329959e-05
PLTP,-8.206433502798674e-05
SERPINF1,-8.208749695896056e-05
COLQ,-8.209308376937998e-05
MOXD1,-8.210554645658773e-05
RTN4RL2,-8.213061347997068e-05
PLD5,-8.214433235151318e-05
PTPN20,-8.2157860226871e-05
COPS4,-8.218634630803054e-05
HEXD-IT1,-8.220702588751492e-05
KCTD16,-8.220779649595865e-05
GPAT2,-8.222639151288556e-05
COG6,-8.223860946049538e-05
ILDR1,-8.225217554153091e-05
TCHH,-8.225902780844055e-05
AGAP4,-8.226712083563297e-05
FAM13A,-8.229183305530111e-05
RBIS,-8.230948354813605e-05
SCTR,-8.231527041744828e-05
OXTR,-8.231661982042288e-05
POMZP3,-8.233936950992175e-05
EIF4A3,-8.236097086255146e-05
CSF3R,-8.236659447011975e-05
MED4,-8.237048590562815e-05
SLC1A2,-8.238083806968164e-05
CUL7,-8.24186615805914e-05
GAB3,-8.242898106768972e-05
SOD3,-8.243572702267883e-05
GSTCD,-8.244700717902485e-05
LIMS2,-8.245094285000033e-05
DNAJC16,-8.24617322972158e-05
PDCL2,-8.24930240754941e-05
TBC1D7,-8.250190371462008e-05
SNRNP200,-8.25100314477949e-05
TMEM269,-8.252564974123223e-05
CTU2,-8.258758379387949e-05
SH3GL2,-8.259049091752886e-05
MVK,-8.259736415839125e-05
CPB2-AS1,-8.262385813800495e-05
GLRX5,-8.262789456832024e-05
SEC63,-8.263302298197138e-05
TMC2,-8.263859886594694e-05
GRIN2B,-8.265281253300371e-05
POLR2E,-8.268098102003525e-05
MFSD2A,-8.268673345847469e-05
FPR1,-8.268957434623486e-05
SIK2,-8.270760870904204e-05
PIK3CD,-8.271549774830871e-05
ZNF860,-8.274142469316841e-05
A2ML1,-8.27444547878175e-05
NLRP2,-8.275857995256725e-05
CAMK4,-8.279705576560765e-05
CCER2,-8.283851721003761e-05
ZBED4,-8.287998556932582e-05
GIMAP6,-8.288054746400168e-05
TIE1,-8.289675840778349e-05
UNC79,-8.289817249232986e-05
FGR,-8.290998657282616e-05
BBOF1,-8.293138920807978e-05
CES4A,-8.29466975715179e-05
ZNF773,-8.295513925878188e-05
ALPK1,-8.296776915722422e-05
POC1B,-8.297415027913799e-05
DNAJC8,-8.298554780394876e-05
CACNA1A,-8.305888589211771e-05
MAP3K2-DT,-8.310166060327104e-05
UBP1,-8.311117947183337e-05
PFDN4,-8.311964774049355e-05
RFX3-AS1,-8.312363480159201e-05
NPIPB11,-8.312764590617186e-05
ULK3,-8.313019301439494e-05
POLR2D,-8.314280086644163e-05
TEX45,-8.31541730540348e-05
MAN1B1-DT,-8.318334273683668e-05
VWA5A,-8.318469933903034e-05
LRRC36,-8.321595886805464e-05
ITIH5,-8.326267371376889e-05
TMEM126B,-8.329364877709863e-05
UAP1L1,-8.329460867056869e-05
CCL26,-8.335249901251596e-05
MCPH1-AS1,-8.34054541051966e-05
RNF8,-8.341636693097019e-05
S1PR3,-8.343190481763618e-05
GTF2IRD2B,-8.344824191066166e-05
SPART-AS1,-8.348219601149548e-05
SAXO2,-8.351232139148832e-05
BX664727.3,-8.351899851738967e-05
PLXNA4,-8.355317825581591e-05
NPM2,-8.35670870534542e-05
TNFSF14,-8.359325504235804e-05
P4HA1,-8.361616216862229e-05
CAHM,-8.362107955608336e-05
NEK5,-8.363038974003984e-05
TSPYL2,-8.363501686595768e-05
VIL1,-8.367070202017401e-05
IL18BP,-8.367589218409628e-05
MCF2L,-8.368615183531624e-05
FAM122B,-8.369791389870238e-05
SPA17,-8.370536074519424e-05
TTF1,-8.372130761792607e-05
GRM7-AS3,-8.372863760341967e-05
ZNF205,-8.373915066390376e-05
DIMT1,-8.374016526249871e-05
ZNF229,-8.374386020132432e-05
MS4A7,-8.37591224212236e-05
ZNF649,-8.376017788167128e-05
COL5A1,-8.376157266051299e-05
CSMD3,-8.37749954177923e-05
IBA57,-8.379670463500319e-05
NHEJ1,-8.381195952842288e-05
MARCH1,-8.38642813556301e-05
KCND3,-8.387422595978844e-05
PLAAT1,-8.387440742379447e-05
TSPYL4,-8.389962430003223e-05
FOXD2,-8.394198227817431e-05
FGD3,-8.395695948100697e-05
GPAM,-8.396821194914319e-05
TMEM147,-8.398017799706704e-05
NFATC1,-8.402009077114669e-05
AIMP1,-8.408524815391481e-05
SLC16A6,-8.408742104864068e-05
ATAT1,-8.411320526180083e-05
GREM1,-8.412271505290968e-05
MTMR4,-8.412599707559402e-05
MRPS17,-8.420334933140539e-05
GORASP1,-8.421627997202725e-05
FGF14,-8.42715204646887e-05
MEOX1,-8.427312784497942e-05
TMEM101,-8.431663562093666e-05
PDCD2L,-8.43359425299474e-05
DNAAF3,-8.435191690059502e-05
H2AFY,-8.435451085586485e-05
FBXO44,-8.44386259539259e-05
ADAM19,-8.44598950711183e-05
SCOC,-8.446358660124438e-05
IFNAR1,-8.453339012383809e-05
BAZ2B,-8.45571799317088e-05
HRCT1,-8.456888016849078e-05
NCBP2AS2,-8.45919237419576e-05
CDNF,-8.459204967405456e-05
WNK1,-8.459500501818105e-05
THAP2,-8.4601597561289e-05
C2orf68,-8.460919849395378e-05
ZFP69,-8.461014718884056e-05
TWNK,-8.461639428031698e-05
FAM189B,-8.461808145028273e-05
ITGA11,-8.462763252784526e-05
EVA1B,-8.466396094591306e-05
EVA1A,-8.469045320153492e-05
PRDM10,-8.469354468743197e-05
ALDH6A1,-8.469860853033807e-05
C14orf178,-8.470757159274232e-05
LZTS2,-8.473378158030895e-05
RXRA,-8.473448675764769e-05
M1AP,-8.478562220362216e-05
ABCF2,-8.47900570809393e-05
VWF,-8.480402162964061e-05
GNS,-8.484261650691179e-05
ZNF443,-8.487327991998586e-05
ZKSCAN7-AS1,-8.487613409655126e-05
ZNF527,-8.487649424426187e-05
LAG3,-8.494160042574592e-05
GMDS-DT,-8.496841198417805e-05
CAPN7,-8.498146178039317e-05
PPT2,-8.498250957954292e-05
TMEM42,-8.499092302434078e-05
PAXIP1-AS2,-8.499667127913641e-05
MRPL16,-8.502972749910726e-05
C9orf16,-8.503351883611431e-05
SLCO1B1,-8.510571407358771e-05
SNHG22,-8.51134048367664e-05
RBM12,-8.511591462970879e-05
MALINC1,-8.51235393608906e-05
NBDY,-8.514682760831616e-05
VENTX,-8.517034165206523e-05
AP000462.1,-8.517958792621323e-05
CLMAT3,-8.518553902021302e-05
RAB3A,-8.520458486666873e-05
ZNF583,-8.520857625621728e-05
CYTL1,-8.521699361002403e-05
GHRHR,-8.524922795236745e-05
PRTG,-8.52555705417818e-05
ZC2HC1B,-8.527971940096865e-05
TYMSOS,-8.528852945439371e-05
NEMP2,-8.530050231556755e-05
ALOX12-AS1,-8.53042582602209e-05
PXDNL,-8.53106558805028e-05
EBAG9,-8.531152302840593e-05
NECTIN3-AS1,-8.532399263081783e-05
BMP7,-8.534722744318951e-05
MTRF1,-8.535226864940114e-05
TBC1D30,-8.536131308731971e-05
VDAC3,-8.536420243343863e-05
SUSD1,-8.536812205859705e-05
HESX1,-8.537027690192933e-05
ZNF277,-8.541221663208902e-05
DOC2A,-8.546056285404824e-05
EMC1-AS1,-8.547125915593142e-05
NR2C2,-8.549874556503087e-05
C1orf131,-8.551002545599231e-05
ERICH6,-8.554297960984031e-05
LRRC23,-8.554742444732559e-05
CTNNAL1,-8.554931027449779e-05
LSM3,-8.556458703800335e-05
HOXA-AS2,-8.557682517255867e-05
ARL11,-8.559001524025933e-05
ENSA,-8.560252156620496e-05
DHTKD1,-8.560617576414032e-05
MYCL,-8.561186053858621e-05
HNRNPH3,-8.562221503347016e-05
ZBED5,-8.564178580230971e-05
HS6ST1,-8.566523655750071e-05
ADGRL4,-8.567709100592397e-05
PQBP1,-8.567938952154183e-05
RAC3,-8.568511675073608e-05
LARP6,-8.569454088701562e-05
SNTG2,-8.570284739395927e-05
CLEC19A,-8.570622389308984e-05
REEP6,-8.571307379293336e-05
PDPN,-8.571711389851922e-05
SH3YL1,-8.573780495691252e-05
KLRK1,-8.574081659867123e-05
MIS12,-8.574406817449281e-05
TSPAN4,-8.575236638135329e-05
PRDX6,-8.576049087899334e-05
ACBD5,-8.576113916379424e-05
EIF5A2,-8.576773330271717e-05
BRDT,-8.577408788686773e-05
TRPC1,-8.577789440853862e-05
SLC41A3,-8.578309106408106e-05
VSTM5,-8.578333556633858e-05
HDDC2,-8.578657710449824e-05
MORC4,-8.579154690449575e-05
UQCRQ,-8.579396255301464e-05
MYLIP,-8.579773782601535e-05
SFTPD,-8.581279364205282e-05
TMED2-DT,-8.581998639481229e-05
TEX41,-8.584888280913181e-05
HNRNPD,-8.5881399368303e-05
RMRP,-8.588698691266782e-05
GMCL1,-8.589728133557174e-05
FAM66D,-8.590451971007521e-05
ZNF853,-8.59624154607092e-05
NXT1,-8.598997721576347e-05
ISM1,-8.601973312957329e-05
TGFB3,-8.602313699683399e-05
UFL1-AS1,-8.602426496501612e-05
SEMA4F,-8.602736368368005e-05
TBP,-8.60490169079723e-05
BLOC1S5,-8.605667362917993e-05
DGAT2,-8.605933056915406e-05
COL7A1,-8.60990861482579e-05
ZNF136,-8.612185120685995e-05
AP002490.1,-8.612242836101945e-05
SGTB,-8.612933637604613e-05
RAB29,-8.613529622771232e-05
C1GALT1,-8.616913800361924e-05
DNAJC19,-8.620126240612509e-05
AP001029.1,-8.62169423090014e-05
SIPA1L2,-8.62199498184476e-05
NME5,-8.622089795781409e-05
COPS2,-8.622600565206096e-05
NISCH,-8.624050238736946e-05
UPF2,-8.624693000553125e-05
FAM98C,-8.624849193116326e-05
NOC4L,-8.627844624716001e-05
ASPHD1,-8.629955795158562e-05
SLCO1A2,-8.63094417475006e-05
MORN3,-8.632512716921269e-05
MME-AS1,-8.632565757148874e-05
TBL1Y,-8.633148998876255e-05
TNFRSF6B,-8.637449140200948e-05
TPST1,-8.638929875919173e-05
RPP38,-8.640657405485373e-05
TEDC1,-8.644559589577694e-05
PEX14,-8.64525031682115e-05
HSPA4,-8.648453351388481e-05
TNIP3,-8.650223797217633e-05
MS4A6A,-8.651024235259468e-05
NPTXR,-8.652205764567539e-05
KANK2,-8.652555013018399e-05
RAB11B-AS1,-8.653209232847831e-05
PPM1D,-8.65384360879632e-05
FKBP7,-8.656272646210473e-05
PITPNB,-8.657660429714999e-05
FOXP3,-8.659379024796043e-05
MYL5,-8.664327110712077e-05
ANKDD1A,-8.667907628137884e-05
UNC5D,-8.668171926942103e-05
ZCCHC17,-8.670816028518815e-05
TEX22,-8.672392590746713e-05
EDEM2,-8.67252551992693e-05
VTCN1,-8.67464286395737e-05
KCNN3,-8.675423523377601e-05
CIAO3,-8.675466894707487e-05
GPR162,-8.676170863455305e-05
PDAP1,-8.67776452724452e-05
GEMIN4,-8.677979976318142e-05
KCTD19,-8.68213156374795e-05
POMT1,-8.68280054281131e-05
NARF,-8.682854107772017e-05
ZNF90,-8.683023605002497e-05
MAMDC2-AS1,-8.68458021515299e-05
NFYC-AS1,-8.685549350638016e-05
ZNRF1,-8.688299890075355e-05
ABCD1,-8.691350570283643e-05
CXCL14,-8.700657397353926e-05
DYNC1LI1,-8.701813706512295e-05
HSDL1,-8.702737655057573e-05
LARP7,-8.70381562217808e-05
DDX43,-8.703835018102727e-05
FBXL17,-8.705404846312922e-05
FAM72D,-8.710560103253238e-05
ZNF777,-8.711227360864366e-05
GJA1,-8.71149033485529e-05
AGMAT,-8.711978561679672e-05
ATP5PB,-8.714264118186833e-05
CTBP1,-8.714710879651258e-05
GANC,-8.715949654986404e-05
C22orf39,-8.71699898701565e-05
VKORC1L1,-8.717300078591243e-05
U2AF2,-8.717644972384473e-05
CCNI2,-8.718110977838428e-05
LYPLAL1-DT,-8.71939570553364e-05
SIRPB2,-8.719738590612833e-05
YARS2,-8.720317875392228e-05
ZNF346-IT1,-8.721160227652501e-05
NAGK,-8.722447961750107e-05
ZNF517,-8.723839129997005e-05
STAC3,-8.725060172233071e-05
CDKN1B,-8.727245402353357e-05
RTN1,-8.728162923242344e-05
KLHL11,-8.729709212450033e-05
DACH2,-8.730615092123118e-05
TERT,-8.73084221197415e-05
ZNF709,-8.733912416260199e-05
MPG,-8.734730844714981e-05
PNMA8B,-8.73538327340006e-05
PRCD,-8.735944390607682e-05
HAUS3,-8.736873074679467e-05
GPX7,-8.739046731027072e-05
CCDC189,-8.741442316302758e-05
PRPSAP2,-8.742017330088071e-05
FAM193A,-8.743065339312977e-05
PCDH9,-8.743697788910699e-05
CU638689.5,-8.74779307977166e-05
RIN3,-8.747818039703424e-05
COPZ1,-8.747976299375105e-05
KCNJ14,-8.750028591186134e-05
TRPM2,-8.750250512509211e-05
TMEFF2,-8.750450959754035e-05
NRDE2,-8.753037352067419e-05
NPB,-8.755275229521166e-05
IDUA,-8.757409549118677e-05
CCDC61,-8.75880827920862e-05
NPIPB2,-8.759206425864215e-05
RNF25,-8.760848799766132e-05
ROBO4,-8.761400515582584e-05
AS3MT,-8.76346448190839e-05
ZMYND19,-8.763498479909504e-05
JADE3,-8.763783080247204e-05
GCNT2,-8.765485994602869e-05
ABHD12,-8.76966759124684e-05
TIMM22,-8.771078995556912e-05
ZNF865,-8.773915657129522e-05
LNCSRLR,-8.777317370098952e-05
ADAMTS10,-8.781472967942983e-05
DECR2,-8.781845076110881e-05
EIF4EBP1,-8.787762750798761e-05
PPFIBP2,-8.788860685655609e-05
SEZ6,-8.790481412634977e-05
PMM1,-8.79326850644414e-05
ING3,-8.795236164315813e-05
SPTY2D1OS,-8.795399565042196e-05
C11orf53,-8.79589416181205e-05
MAPK11,-8.796631591038869e-05
ITPRID1,-8.800053121163891e-05
PTP4A1,-8.800832038926459e-05
C19orf57,-8.800872163526e-05
RAVER2,-8.80113233190348e-05
ZNF653,-8.801631003139257e-05
TM9SF4,-8.802408040751231e-05
HLX-AS1,-8.803756958608583e-05
TMEM47,-8.806713072150892e-05
ALKBH6,-8.812687593927997e-05
ZNF747,-8.814516314224324e-05
RIMS1,-8.815292541953338e-05
HIST1H1B,-8.81581217282384e-05
KIAA1211L,-8.815895424492257e-05
PIKFYVE,-8.816450547828696e-05
GSS,-8.816868113580985e-05
EPN3,-8.818454260202453e-05
C1RL-AS1,-8.81973986107768e-05
SEC24B-AS1,-8.819935266116426e-05
GALNT17,-8.823125499181257e-05
OPA1,-8.823438155921483e-05
AP002961.1,-8.823877976357999e-05
TMEM19,-8.826039540907835e-05
FLYWCH2,-8.829806200810896e-05
QPRT,-8.833391980953818e-05
MRPS30-DT,-8.837874728953094e-05
SULT1A3,-8.840970451369336e-05
MAP3K5,-8.841654839528795e-05
PPM1K,-8.844303032062247e-05
NELFE,-8.844472492318064e-05
MTIF3,-8.845489682350694e-05
ZNF658,-8.846984507991937e-05
HSPA9,-8.849313554152057e-05
CCDC163,-8.85263641837503e-05
PAIP1,-8.853473087982192e-05
USP49,-8.85368326212408e-05
EPN1,-8.85573697358752e-05
ELMO3,-8.857595552267907e-05
ZNF282,-8.857971698145905e-05
UBE2L3,-8.860606839905524e-05
MBNL1,-8.860966137702867e-05
FAM215B,-8.862077924849215e-05
ATG2B,-8.862182454024093e-05
AP000892.1,-8.867020300302813e-05
GNB3,-8.869664148374783e-05
THBS2,-8.869870598339903e-05
NAALAD2,-8.871327878181505e-05
MICALL2,-8.872502772611443e-05
WAS,-8.8728599029228e-05
PLCB1,-8.875201097572606e-05
KIAA1958,-8.876104743399694e-05
HLF,-8.876877566836916e-05
THUMPD2,-8.878075127570517e-05
RCOR2,-8.878132291805505e-05
WDR5B,-8.87875736720678e-05
LPAR6,-8.886500219618312e-05
ELN,-8.88749038499348e-05
B3GALT6,-8.887888218651413e-05
CHST8,-8.89136226255672e-05
OOEP-AS1,-8.89522986249092e-05
LSM4,-8.895702684685502e-05
EXOSC3,-8.900187026355447e-05
AP002518.2,-8.903231679602372e-05
CCDC25,-8.903683329847912e-05
AKT2,-8.908926166367554e-05
SH3RF3,-8.911491330479722e-05
Z94721.3,-8.912311605667483e-05
VPS36,-8.913401559399188e-05
LUM,-8.915165643342185e-05
C6orf58,-8.916432375273719e-05
NIPBL-DT,-8.918637129074549e-05
SLC66A3,-8.920118863681108e-05
MIR548A1HG,-8.92030244878188e-05
TPI1,-8.921306475484321e-05
CNOT1,-8.922517653486873e-05
SCN1A,-8.923008736068093e-05
METTL5,-8.924113352594251e-05
AP002387.2,-8.924826012665185e-05
EPS15L1,-8.925330309325779e-05
FERMT3,-8.925502657240092e-05
POU6F1,-8.928447004484858e-05
MLKL,-8.931783080464725e-05
FKRP,-8.933709367952094e-05
FAM198B-AS1,-8.934283466241914e-05
FKBP5,-8.934402119025459e-05
TMEM200A,-8.936400674289972e-05
IL1RL1,-8.939003538188442e-05
CCDC85A,-8.939372127750413e-05
DPY19L2,-8.940486722675025e-05
GPC4,-8.94149103869155e-05
CTDNEP1,-8.942151946338538e-05
ELK4,-8.943782061163018e-05
THAP10,-8.943818759976075e-05
CD101,-8.94491088691389e-05
ZNF835,-8.944927701765077e-05
ZBTB39,-8.946419109255353e-05
SAR1B,-8.950988177783623e-05
FRMD6,-8.954583447222778e-05
RAI1,-8.95770308679195e-05
ESRRB,-8.958231487007993e-05
LOXL1,-8.958786202492331e-05
DLGAP3,-8.959156291517768e-05
RNF144B,-8.959201018205404e-05
NDUFA5,-8.960933667128348e-05
DNAH1,-8.965568418967266e-05
PPP1R9B,-8.966288823445881e-05
LANCL1-AS1,-8.969009054055567e-05
GMFG,-8.969371652153912e-05
ABRAXAS1,-8.970713297879359e-05
BCKDK,-8.974628931845384e-05
ZNF335,-8.974734806461567e-05
ARMH1,-8.975785134644575e-05
CRLF1,-8.977317552640883e-05
EFR3B,-8.978474972420056e-05
METTL4,-8.981824195830425e-05
NAALADL1,-8.982359849578673e-05
CSTF2,-8.983827992272892e-05
ZNF782,-8.984286927777244e-05
DUS4L,-8.985013190031694e-05
LSM12,-8.988100454740725e-05
CCDC134,-8.98849839212999e-05
UBQLN4,-8.988980211572508e-05
EEF2,-8.991316938423928e-05
LRRTM3,-8.991633365771222e-05
ZNF672,-8.993724531028717e-05
CHRNE,-8.99414251478994e-05
ECHDC2,-8.99493932108461e-05
NLGN1,-8.996594972998908e-05
NOVA2,-8.997687680245714e-05
CEP76,-8.998213486926179e-05
SNHG6,-8.998475544608138e-05
NTNG2,-8.998646566742276e-05
PTGER2,-8.998953151661656e-05
ABHD14A,-8.999610661962696e-05
PCYOX1,-9.001443278473022e-05
TRIM32,-9.002130410898018e-05
TMEM104,-9.002812682584323e-05
USHBP1,-9.004214922725005e-05
TMEM17,-9.004844445532651e-05
MFSD4A,-9.004963732273054e-05
CCDC43,-9.005328432946306e-05
WDR25,-9.00548865092056e-05
PRR16,-9.007232223174174e-05
SORBS2,-9.009666203863516e-05
LY6E,-9.011287053704534e-05
SEMA3A,-9.013214630456584e-05
SCRN3,-9.013302947552703e-05
ZW10,-9.01467150681324e-05
MAPKBP1,-9.015856842715864e-05
ZNF580,-9.016943246115952e-05
NIBAN1,-9.018613092120912e-05
TULP1,-9.020453542125387e-05
SAMD1,-9.02106713189655e-05
ZNF541,-9.023559911497872e-05
LAT,-9.02754698736542e-05
HMG20A,-9.029219166122023e-05
CARMN,-9.030330358883397e-05
CCDC178,-9.031509921916559e-05
KLHL26,-9.032079835438507e-05
IK,-9.033191000240148e-05
TARBP2,-9.033493060843734e-05
ITM2A,-9.037254016910882e-05
CCDC175,-9.039748381689503e-05
SP2-AS1,-9.04068312906553e-05
SPATA5L1,-9.041336917684279e-05
OLFML3,-9.042843789308794e-05
SAXO1,-9.043697110111166e-05
PDE5A,-9.045413923451179e-05
GIHCG,-9.045824291664968e-05
ZNF880,-9.046673948629e-05
PIGO,-9.046847684545752e-05
FAM117A,-9.048978986715833e-05
RRP9,-9.049976118655795e-05
FOXP1-IT1,-9.050144983337241e-05
GRAMD2A,-9.056179987774014e-05
TTC14,-9.058870452221709e-05
TAF11,-9.062702072663295e-05
ASTN1,-9.064195563839054e-05
NAGLU,-9.068949520063904e-05
C5orf64,-9.070302172376427e-05
EID2B,-9.071881319410534e-05
SLC15A2,-9.071995190870183e-05
NIFK,-9.074353831809691e-05
FH,-9.074777758593132e-05
FAM66C,-9.075154201148866e-05
INPP5F,-9.076578943800421e-05
LZTR1,-9.077002736739687e-05
BANP,-9.07771657688537e-05
NUDCD3,-9.080994238149556e-05
NCK1,-9.081559321211368e-05
POM121C,-9.081737962948041e-05
EHHADH,-9.086756671197412e-05
YIPF4,-9.089416168017663e-05
METAP2,-9.090885686127709e-05
VARS,-9.091532513983212e-05
MEN1,-9.093447521592977e-05
SGTA,-9.09769041609759e-05
LAMC3,-9.097904733323158e-05
FAM50A,-9.098273881369398e-05
FMOD,-9.098493466091427e-05
EXO5,-9.098923196337324e-05
PRUNE1,-9.101324402538278e-05
RPRD1A,-9.101638502830425e-05
F11-AS1,-9.1045322303778e-05
COG2,-9.104707132743693e-05
ZBED5-AS1,-9.10815580728387e-05
MKRN2,-9.110062285081391e-05
MAML1,-9.110322255723411e-05
FAM182B,-9.110837818590567e-05
IGF1,-9.112268246436392e-05
MAMLD1,-9.11441224215345e-05
SNTA1,-9.114729378258084e-05
BTBD1,-9.115918343076247e-05
ZMIZ1,-9.116071424256806e-05
NKAIN2,-9.118954362073894e-05
THOC6,-9.11919226708854e-05
ZNF345,-9.119272246665656e-05
RSPH14,-9.12508964283856e-05
TMEM273,-9.127400291054647e-05
TTI2,-9.132933794124436e-05
VMA21,-9.134545955590682e-05
SLC9A3R2,-9.136844237719909e-05
GABRA2,-9.136871968142083e-05
ANKFY1,-9.139795224590963e-05
C12orf43,-9.140163806250617e-05
RYR3,-9.140395184019105e-05
NEXN-AS1,-9.145571162103797e-05
LRRC34,-9.147619380408758e-05
TARDBP,-9.151895186012279e-05
TUB,-9.151935568500885e-05
NMD3,-9.152782512921852e-05
SIAH2-AS1,-9.154662990132024e-05
AKT1,-9.156445237321555e-05
TMEM129,-9.156649671196637e-05
TP73,-9.157114169822979e-05
TTC13,-9.159845443826184e-05
ADGRF3,-9.163125965059523e-05
ZNF670,-9.1631889273386e-05
POC1B-AS1,-9.166767317030719e-05
GNL2,-9.167261217397622e-05
CCT4,-9.167361205645356e-05
SLC47A1,-9.167518716526379e-05
TTPA,-9.168554046241182e-05
ST6GALNAC1,-9.171447465784788e-05
SALL1,-9.171615513286162e-05
CPXM1,-9.172804394312487e-05
ZNF526,-9.17294064177929e-05
UNC5CL,-9.175683632389693e-05
CD70,-9.175795458786623e-05
DMXL2,-9.177105732775994e-05
ZNF793,-9.180264252379251e-05
CPNE3,-9.183953769440137e-05
FABP5,-9.18942261202314e-05
SIRPD,-9.190945348882691e-05
ALKBH3,-9.19297916836682e-05
ZNF329,-9.194524482266786e-05
LFNG,-9.197807763229059e-05
GALNTL6,-9.200699354679377e-05
CD80,-9.202589727352023e-05
SERHL2,-9.204360221535049e-05
HOXB2,-9.204589243387089e-05
ZNF234,-9.205416645928613e-05
PFN2,-9.207044546381577e-05
GAS2L1,-9.208418359516431e-05
BPI,-9.215278062068175e-05
MPHOSPH6,-9.215305698384063e-05
AGMO,-9.21530885629477e-05
Z97055.2,-9.215552787365583e-05
CDK4,-9.215952712956291e-05
KDM3B,-9.216744153748137e-05
ASTE1,-9.21747395863191e-05
HIBADH,-9.21894796332e-05
TLCD3B,-9.22161140804487e-05
PRKAG1,-9.221713374268109e-05
LILRB3,-9.221758384653342e-05
TM4SF19-AS1,-9.221764523199917e-05
TNFSF12,-9.223139581176232e-05
MRPS11,-9.223242204960998e-05
LIX1,-9.223674694808063e-05
TMEM176A,-9.226530355083731e-05
TMEM132C,-9.228148044763363e-05
ZNF324B,-9.22838521054406e-05
AP001528.1,-9.229749712595771e-05
RNF4,-9.23199365087372e-05
MT1E,-9.232904323240547e-05
NOTCH2,-9.233181232568569e-05
OVCH1-AS1,-9.233800007429319e-05
SLFNL1,-9.236392053964921e-05
TGS1,-9.241564967659154e-05
KDM4A-AS1,-9.241768764293572e-05
KPTN,-9.242164132560624e-05
LIFR-AS1,-9.243700234192788e-05
SCAP,-9.24445992727523e-05
UBAC2,-9.245520234469999e-05
CD27,-9.24929955802105e-05
BMX,-9.251726353815543e-05
MIER2,-9.252194511865549e-05
PRDX4,-9.253512600770626e-05
SUPT5H,-9.25392447629471e-05
KCNB1,-9.258404988182241e-05
FEZ1,-9.260673682458901e-05
PRKAG2-AS1,-9.26350738507e-05
DOCK4-AS1,-9.264196826471274e-05
RC3H2,-9.264753731147923e-05
ZNF135,-9.266051275119741e-05
AP001628.1,-9.26795576139339e-05
MMP24OS,-9.26832976022044e-05
PIK3R6,-9.270110831473181e-05
ESS2,-9.273274042874531e-05
FECH,-9.273500746056931e-05
KBTBD6,-9.273585553982182e-05
PRKAR2B,-9.276409996623342e-05
APOBEC3F,-9.27646566724563e-05
PSKH1,-9.280606647762923e-05
LCK,-9.28067342137824e-05
NAGA,-9.282137762468984e-05
SRSF8,-9.282600374445973e-05
EML1,-9.28801227609948e-05
TCEAL1,-9.28802404028842e-05
HGH1,-9.290392269473323e-05
KIAA0895L,-9.290777472362253e-05
FBXO2,-9.291996538148548e-05
PRRX1,-9.292309707538816e-05
WNT5B,-9.29293683871378e-05
SMIM11B,-9.29331262973288e-05
ACD,-9.296106024777435e-05
ASB16-AS1,-9.297962738661538e-05
AGBL1,-9.303581142177208e-05
CREM,-9.303788261875529e-05
ICOS,-9.304617975666014e-05
C12orf10,-9.308777568408795e-05
SLC6A17,-9.314748715650003e-05
CISD3,-9.314832850965802e-05
SLC37A2,-9.315192013787012e-05
GRSF1,-9.317917036121782e-05
COQ10A,-9.323984579279323e-05
DDX5,-9.324272671838597e-05
MIR155HG,-9.325684535578393e-05
GATM,-9.328035005279562e-05
AOAH,-9.328538298594523e-05
PYROXD2,-9.330981677945617e-05
GAS7,-9.332682133826847e-05
ATL3,-9.33446339098661e-05
ABCB5,-9.336628068276856e-05
DIPK1C,-9.33856917268302e-05
SNAPC3,-9.339870286530612e-05
PGBD4,-9.340138841835803e-05
ARL9,-9.3407919153218e-05
LRRC28,-9.34106160977428e-05
STK35,-9.342046065549976e-05
LIFR,-9.343201299373088e-05
C12orf65,-9.347213573936494e-05
TMEM69,-9.349264626929714e-05
FAM98B,-9.351662962711023e-05
SKIV2L,-9.351819926002227e-05
HNRNPU,-9.355443519280325e-05
GSTZ1,-9.356152094913354e-05
ANKRD20A4,-9.356746484771945e-05
EEF2KMT,-9.356783849670053e-05
TBX2,-9.357693542411374e-05
C15orf40,-9.358499797807121e-05
DARS-AS1,-9.358852471101796e-05
KMT2A,-9.359466995340193e-05
PRPF18,-9.359715190823686e-05
TRMT61A,-9.359957284233011e-05
YDJC,-9.362308449779528e-05
LPCAT2,-9.362495016192468e-05
IGFBP3,-9.362982660162953e-05
TTYH2,-9.364055457796622e-05
TMC8,-9.36537952769181e-05
C11orf1,-9.367451078597246e-05
MLF1,-9.367871560290722e-05
AIFM1,-9.370803034220828e-05
TSHZ3,-9.374824585796807e-05
NCOA1,-9.375246998149912e-05
SAMSN1,-9.380558626564847e-05
USP4,-9.381365196254259e-05
FREM1,-9.385966690244166e-05
TMEM8B,-9.386114087498941e-05
KLHL7-DT,-9.386646376200266e-05
IER3IP1,-9.388042819609513e-05
CD248,-9.388430462967898e-05
SP4,-9.389017689074196e-05
DVL3,-9.394046386135238e-05
FRS3,-9.39577654704792e-05
MXD4,-9.395869335375253e-05
NRP1,-9.397292137855842e-05
ATP5F1B,-9.399442995890043e-05
C16orf86,-9.402578355450429e-05
DISC1FP1,-9.403656194400108e-05
SNRPE,-9.40528167986176e-05
ATP2A2,-9.405873465462922e-05
CNOT6,-9.406468940394501e-05
NIPA2,-9.407604105756925e-05
TREM1,-9.410674501077376e-05
ZNF34,-9.411555189616512e-05
HSD17B10,-9.413319981016433e-05
SNRNP35,-9.413625421365208e-05
HTATSF1,-9.420309404245956e-05
SLC3A1,-9.420961629983464e-05
ZSCAN18,-9.421707317327753e-05
PDGFRL,-9.422206392698444e-05
COMMD7,-9.425262485279111e-05
KLHL35,-9.426323930217712e-05
C2CD4C,-9.427108416376506e-05
SH2D4A,-9.427398495225184e-05
C11orf71,-9.430907030006923e-05
DLEU2L,-9.431310649594554e-05
FIBP,-9.43198268359795e-05
CZIB,-9.432345005779126e-05
NMB,-9.433477515301454e-05
BCLAF1,-9.435661862237409e-05
NDUFB2,-9.436662523082674e-05
MTFP1,-9.437353379486722e-05
RPP40,-9.44025196873265e-05
GPR68,-9.442319461315963e-05
SDF2,-9.444254570409549e-05
ZSCAN12,-9.447560143528396e-05
CERKL,-9.447954424718233e-05
EVPL,-9.452241236003199e-05
POLR2B,-9.456198133341902e-05
GAS8,-9.458525252704083e-05
PCED1B,-9.459033133794715e-05
SPTSSB,-9.459655194889105e-05
MYL6B,-9.459728494141069e-05
UTP25,-9.459910041222958e-05
ARHGEF26,-9.461033380421793e-05
AP002851.1,-9.462272393542185e-05
HOXB4,-9.462605495875331e-05
POU6F2,-9.462778780577718e-05
C7orf26,-9.463794631473482e-05
TMEM259,-9.46697529089528e-05
PVALEF,-9.467403565156595e-05
MRVI1,-9.468357983970895e-05
USP40,-9.469566686245951e-05
GNPNAT1,-9.471814113990552e-05
ZNF518A,-9.472088635728644e-05
MRPL55,-9.473828646796032e-05
CKS1B,-9.473906007419578e-05
WTIP,-9.474995814082055e-05
ZNF620,-9.47760095698957e-05
SARDH,-9.477986850334419e-05
PKIA-AS1,-9.478504934349665e-05
ZNF418,-9.482046543366758e-05
LSM14B,-9.48237317876916e-05
PTPA,-9.482409523390908e-05
PDE11A,-9.487962886655419e-05
FAM124A,-9.490686210568074e-05
TOP2B,-9.490777288676471e-05
ZNF300,-9.490805298945818e-05
ZNF571,-9.493357902374564e-05
FBXL6,-9.49593876640225e-05
DNPH1,-9.496341697468279e-05
PRDM2,-9.496448329478488e-05
GRAMD1C,-9.496834066139898e-05
GJA4,-9.496899947987231e-05
MTERF4,-9.497366559214581e-05
ZFP82,-9.499505910429978e-05
ZBTB26,-9.500863400082693e-05
NUDT5,-9.503080649821946e-05
PHLDB3,-9.506887880995375e-05
C3orf79,-9.507889782842758e-05
ADCY5,-9.510337972353393e-05
HDX,-9.511413593356232e-05
FAM192A,-9.512023189511795e-05
RB1-DT,-9.514442545945534e-05
SERPINF2,-9.51697135719218e-05
OGFOD2,-9.519999873351461e-05
AGBL5,-9.520659807893968e-05
KCNAB3,-9.523128932594142e-05
TRMT112,-9.523569874311786e-05
TEDC2,-9.52515944424373e-05
PMPCB,-9.526238484565319e-05
TTC1,-9.526777979425031e-05
DLGAP2,-9.52787196976301e-05
LYRM2,-9.528092815247086e-05
PIGW,-9.530892837657687e-05
CSRP3-AS1,-9.530960302993722e-05
CNTNAP3B,-9.53379098468993e-05
COX16,-9.539020795955495e-05
GNE,-9.540708736022283e-05
RAC2,-9.542880002179514e-05
U52111.1,-9.543360930422324e-05
GAS6-AS1,-9.544273413581701e-05
USP39,-9.544851773012248e-05
IL1R1,-9.546627217608615e-05
PRKACA,-9.548514132652948e-05
TRDN,-9.549769502016352e-05
CCM2L,-9.549955306272762e-05
SIGLEC10,-9.551706685932972e-05
ABCA8,-9.553106181489591e-05
TBC1D2B,-9.555303776843539e-05
LRFN1,-9.556965041958961e-05
PCBP2,-9.558216631155545e-05
MYLK4,-9.560415835979332e-05
LDOC1,-9.561003360809313e-05
MAP4K1,-9.561929158806396e-05
HYI,-9.562325264281983e-05
AP003390.1,-9.56271352445169e-05
TUSC3,-9.563331876764472e-05
WFDC2,-9.566684132116859e-05
EDAR,-9.572208281236926e-05
PURPL,-9.572241450789666e-05
MYL9,-9.57243597969836e-05
PTPRG-AS1,-9.572577326835936e-05
FAM13C,-9.573657989625034e-05
OOEP,-9.574336268976577e-05
FBXL8,-9.575263357223053e-05
PLEKHH3,-9.581467358191377e-05
BANF1,-9.582108767183419e-05
VWA2,-9.58251126894218e-05
NKAP,-9.585688865783444e-05
VWA1,-9.585912522958391e-05
H2AFY2,-9.587054714181352e-05
SMIM10,-9.587984344093142e-05
ETF1,-9.59382905307344e-05
EIF2D,-9.594848987326554e-05
HDAC10,-9.59612767281113e-05
ARHGAP35,-9.596258336724217e-05
LCA5L,-9.600161689237111e-05
CLSTN3,-9.60052597803251e-05
CHORDC1,-9.600528064409072e-05
STEAP1B,-9.603406052615155e-05
POLDIP2,-9.605697800108171e-05
EIF2S1,-9.606828491616916e-05
NFX1,-9.608353766048555e-05
ARHGAP31,-9.61078502101851e-05
EPCAM-DT,-9.613986105032609e-05
DNAJC10,-9.614876534062459e-05
GDPD1,-9.620898148046782e-05
CIAO2A,-9.620947309333657e-05
RBPMS,-9.622782432594126e-05
ERG28,-9.623745346736807e-05
TM9SF3,-9.624214111658775e-05
ASF1A,-9.624307754729376e-05
RTN4RL1,-9.625421821174571e-05
H1FX-AS1,-9.625749945102331e-05
ZNF8,-9.626129208219675e-05
CCT8,-9.629989181074058e-05
TCN2,-9.631938919823055e-05
ARHGEF10,-9.632876897073755e-05
ADAMTS5,-9.636196662357529e-05
ZBTB41,-9.636700188246405e-05
C2CD2,-9.63851484974696e-05
REPIN1,-9.638788651288396e-05
FUNDC1,-9.639213567772183e-05
ERG,-9.639318095950854e-05
THAP3,-9.639804570323298e-05
USP44,-9.642300048444166e-05
MS4A4E,-9.646184797611654e-05
SGPP1,-9.646371571422621e-05
SMARCE1,-9.652795836626085e-05
ERC2,-9.65369755377187e-05
MINPP1,-9.653925873066845e-05
HEYL,-9.654951445866242e-05
EXD2,-9.655789345455127e-05
LRRC37A3,-9.656296738584671e-05
TSBP1-AS1,-9.659470797922322e-05
CASC3,-9.6616419095427e-05
GOLGA6L10,-9.661674543936753e-05
SF3A1,-9.662465086065749e-05
AP2S1,-9.662800826874051e-05
PCNX4,-9.665504358623219e-05
TTC32,-9.666805101841543e-05
KLHL15,-9.668682545304427e-05
SNRNP48,-9.671184662553924e-05
PROCR,-9.675782281498663e-05
NCKAP1L,-9.677391840298267e-05
NR2E3,-9.677839928343197e-05
DLK2,-9.680137698330456e-05
PRICKLE1,-9.68051595534986e-05
PWWP3A,-9.683009164493294e-05
ZNF439,-9.686191581008652e-05
RNF31,-9.686292562991601e-05
TEX261,-9.687561649316484e-05
KCNB2,-9.688684205465962e-05
MARS2,-9.688760044445e-05
DIAPH3-AS1,-9.689770637463742e-05
CLEC1A,-9.6920376991203e-05
CA8,-9.692317792287632e-05
ERN2,-9.692783052438406e-05
IDH3A,-9.697238595112346e-05
TRIM22,-9.699008835981123e-05
SCAF11,-9.699479924449577e-05
AEN,-9.700326791283698e-05
LRRC27,-9.700518562618703e-05
RUNX3,-9.701089707483956e-05
LIPE,-9.702407097204722e-05
KLHL6,-9.705702194457951e-05
DNAJC12,-9.707958566283447e-05
MIR2052HG,-9.708071983287894e-05
GAR1,-9.70847863340529e-05
CDT1,-9.709967391071568e-05
PYGO1,-9.710259499982695e-05
SNRPN,-9.714050743733089e-05
FBXO27,-9.715437491989752e-05
RSKR,-9.716657560735349e-05
ACVR2B,-9.716995743938158e-05
CFP,-9.726626074013582e-05
STT3A,-9.726739968352686e-05
GLB1L2,-9.729552536339806e-05
IGSF21,-9.732403588571365e-05
ZNF558,-9.734779935943714e-05
ADGRD1,-9.739754576793873e-05
CCDC191,-9.739959908046835e-05
ALDH1A3,-9.743165335222044e-05
RAD23A,-9.743955824305961e-05
ZNF626,-9.744548188185133e-05
BTBD11,-9.744894587927065e-05
UFSP2,-9.748644557164027e-05
GLIPR1L1,-9.752675785583062e-05
ZNF354A,-9.753484316718657e-05
ZNF528-AS1,-9.754909012264125e-05
IL21R,-9.758167850274256e-05
RAD54L2,-9.76177866830074e-05
IL18R1,-9.761826619249781e-05
ZNF454,-9.762864205015142e-05
METTL23,-9.763800229907494e-05
TGFBRAP1,-9.776497632122305e-05
ANKMY1,-9.777343080867491e-05
NDUFS1,-9.780967096781191e-05
SCRIB,-9.78148377780159e-05
PRRG4,-9.782023701028383e-05
BRD7,-9.783564175069028e-05
ALDH1L2,-9.788946196087649e-05
CACNA2D4,-9.789336480153075e-05
CCDC180,-9.789706549500523e-05
RFX1,-9.792316097052912e-05
AGBL3,-9.793943375851688e-05
PIH1D1,-9.794903660491287e-05
PXK,-9.797947835415299e-05
HAGHL,-9.800129489975437e-05
LAMA4,-9.802592924125287e-05
RAB36,-9.803561208823229e-05
DNAJC30,-9.804234479407757e-05
CUZD1,-9.80489984129728e-05
SLC25A16,-9.809877781761217e-05
ZFP2,-9.811683166968464e-05
MGAT1,-9.811854191041168e-05
SLC41A1,-9.813837615145317e-05
C1QTNF2,-9.814643091536228e-05
EXOC6,-9.82186403976704e-05
PPIP5K1,-9.82329972409536e-05
ZADH2,-9.824590222653651e-05
CENPW,-9.824615700430324e-05
MARCH9,-9.827174443314965e-05
ZNF846,-9.827633938644445e-05
MRPL57,-9.829493666316302e-05
FJX1,-9.830392347073637e-05
FANCG,-9.832564328402759e-05
PDP2,-9.833605189513197e-05
PPP4R4,-9.835793720264118e-05
ZNF334,-9.836278374453823e-05
GPR85,-9.837571946294473e-05
SETMAR,-9.83782474431617e-05
CNTN5,-9.840336434715413e-05
PRPF3,-9.840726849934848e-05
UCP2,-9.844411896102725e-05
DEGS2,-9.845604484973817e-05
DNAH7,-9.848261120608135e-05
HECW2,-9.848404498205889e-05
ISOC2,-9.851485953281229e-05
TBC1D13,-9.852050597292737e-05
NDUFAF7,-9.853032348802754e-05
FAM222A,-9.854488902548148e-05
ACAT2,-9.85650383575976e-05
SEC62,-9.858214354698766e-05
C8orf37,-9.859304567857398e-05
ZDHHC23,-9.859868468041664e-05
KTN1-AS1,-9.860187998656112e-05
SMOC2,-9.861896844850238e-05
CU638689.4,-9.87195551854405e-05
LOX,-9.87255723928581e-05
BX890604.2,-9.874384417385477e-05
ADGRG5,-9.875800448877394e-05
RIBC1,-9.87962977015016e-05
RASIP1,-9.888239221910773e-05
MAEA,-9.888703364934582e-05
GATA3,-9.888747913604744e-05
ADI1,-9.889433239646222e-05
SPRY1,-9.890176443672668e-05
RIMS2,-9.894768586035259e-05
TM7SF2,-9.895470350427591e-05
TTC29,-9.896048590628996e-05
MDGA1,-9.897524668240986e-05
ZBTB14,-9.902552965413675e-05
TRIM13,-9.90483173042058e-05
SLC25A15,-9.905419618392726e-05
ACP1,-9.905973009692264e-05
ZBTB44,-9.906944340613494e-05
ZNF398,-9.908314154667431e-05
NPIPA1,-9.908821199215718e-05
PPP2R2B,-9.909211490617184e-05
TNS2,-9.909585174046527e-05
SNRPG,-9.913875293953948e-05
MDH1B,-9.915462384172001e-05
SNHG30,-9.916417952265865e-05
KIAA1217,-9.919669214004462e-05
DRC3,-9.922576730642086e-05
PLCB2,-9.924439253161684e-05
SRPRB,-9.92489707679724e-05
USP11,-9.927455326437615e-05
AP002989.1,-9.931510103550339e-05
TMTC2,-9.933785875209008e-05
GPS1,-9.936014684649472e-05
B4GALT7,-9.937044192257738e-05
FBP1,-9.937840401111613e-05
LPAR3,-9.939742383063619e-05
PHKG1,-9.940428508595677e-05
CCDC69,-9.944079496126587e-05
CHTOP,-9.944701760269029e-05
PRR7-AS1,-9.950063768727899e-05
SMIM13,-9.951280580091616e-05
EXOC3L2,-9.957876592524756e-05
PDIA5,-9.958679225825626e-05
ANKMY2,-9.960446600984236e-05
METTL17,-9.962645447704248e-05
TTTY10,-9.963884949243496e-05
OSGEPL1,-9.964832823448804e-05
AGBL2,-9.966407964299377e-05
PIK3R3,-9.968777343109347e-05
CSMD2,-9.969167766477979e-05
COX18,-9.969390215156926e-05
TIGIT,-9.969877786329802e-05
SKAP1-AS1,-9.970108928078663e-05
APPL2,-9.970319658867025e-05
ZCCHC4,-9.970387787424089e-05
SLAIN1,-9.974665609973832e-05
TRAF1,-9.975990989240352e-05
NNMT,-9.979142019139707e-05
TFAP2E,-9.98259403538044e-05
SMC3,-9.983341004967712e-05
UROD,-9.985423655376022e-05
CACNA1B,-9.986812132382252e-05
MSTO1,-9.990499720150523e-05
ZNF214,-9.991289478710966e-05
SRGAP2-AS1,-9.993258317989292e-05
C10orf143,-9.995563077105205e-05
SDR39U1,-9.998822415370488e-05
CRIP2,-0.00010002363402135037
ZSCAN30,-0.00010003941726571271
MECP2,-0.00010008891696711138
ZMYND10,-0.00010009251270932853
RETREG3,-0.00010009562157280546
DTX3,-0.00010012211829344073
RBM5,-0.00010018652124788128
LACTB2,-0.00010019201528434396
OBSL1,-0.00010019462365017868
RBM17,-0.00010020109665289794
TDRD10,-0.00010020466118139631
FBLN2,-0.00010020498337364779
ZNF428,-0.00010021846728977711
NRIP1,-0.00010025911996501246
OSGEP,-0.00010027665750669216
UBXN8,-0.00010029006789063512
FZD4-DT,-0.00010029511198929818
CDC37,-0.00010032227415045202
PSMA2,-0.0001003245305702403
DRAXIN,-0.00010033683400715801
DENND6B,-0.0001003498854924431
SETDB1,-0.000100374162085283
EMILIN1,-0.00010038443763796044
CELF6,-0.00010039242865574645
ZNF354C,-0.00010040751815297054
LRP3,-0.00010041150370708156
REEP2,-0.00010041404320636541
C21orf62-AS1,-0.00010044062779969023
HEATR5A,-0.00010049244263201043
MTHFD2,-0.00010049859978088431
EDARADD,-0.00010051516928171023
PTS,-0.00010054961299721325
SNX21,-0.00010055940577963945
TSGA10,-0.0001005949569649035
TWIST2,-0.00010064289781144004
C19orf18,-0.00010064640193430664
LCP2,-0.00010065083500703454
NSMCE1-DT,-0.00010066518822768504
NPL,-0.00010069226014488026
RALBP1,-0.00010071915431107551
MSH4,-0.00010072402300532584
RYR1,-0.00010072641931326633
OTULIN,-0.00010073464964628543
CLCN7,-0.00010075079404049893
GEMIN2,-0.00010075916442270659
NANS,-0.00010077697021297924
GLO1,-0.0001007976765270717
LARGE2,-0.00010081690283201671
GTF2A1,-0.00010083840974194381
Z95115.1,-0.00010084649249917574
DPCD,-0.0001008949993351107
ZNF215,-0.00010091866523871618
MMP2-AS1,-0.0001009278643419
SNX4,-0.00010098804502116738
MYO1G,-0.00010103902605211449
MNDA,-0.00010105699524440108
GLT8D2,-0.00010111651803256476
HYKK,-0.00010112003632002714
SPATC1L,-0.00010115463529064338
CFAP20,-0.00010117293418604925
SNHG26,-0.0001011759247313167
NADSYN1,-0.00010118964159034712
A1BG-AS1,-0.00010125516934894843
CRB1,-0.00010127268162354048
TXNL4B,-0.00010129346190226816
ZFP30,-0.00010129690103348911
KLC4,-0.00010136931081957854
TMEM254-AS1,-0.00010142868005094403
DLG4,-0.00010144502292983979
ARMC5,-0.00010149258864597383
CIC,-0.00010150793194841739
NEDD8,-0.0001015386030776329
SWI5,-0.00010155700076308692
SCAND1,-0.00010156446591430095
RASGRP4,-0.0001015767187097
ABCG8,-0.00010158455524670755
PMFBP1,-0.00010160835239002801
DCTPP1,-0.00010161020868064324
ZNF358,-0.0001016300242954
CEP104,-0.00010165013138392895
WARS2,-0.00010166682017139072
ZNF510,-0.00010170627353578668
ITFG1,-0.00010170798325285897
ZNF75A,-0.00010171406302440391
ACTA2,-0.00010172217865363147
ZNF268,-0.00010173217894067556
ZNF461,-0.0001017678534457123
BTD,-0.00010177031676687024
FLRT1,-0.00010182028682550661
UBAP2L,-0.00010182518191361263
WEE2-AS1,-0.00010182971575418548
CAVIN1,-0.00010186466393553715
AGPAT4,-0.00010186794121105001
ACBD4,-0.00010190363553032162
ANKRD40,-0.00010191143770883038
HNMT,-0.00010193601559471048
EIF2B4,-0.00010194194540213725
ERVMER61-1,-0.00010197682031464504
AQP11,-0.00010198419471751958
NPW,-0.00010198765634488064
CPA6,-0.00010200015858839315
NETO2,-0.00010200682547325729
DOCK3,-0.00010200986727764119
DICER1-AS1,-0.00010201106520017226
ZNF280B,-0.0001020489466763539
TNFRSF8,-0.0001020595325659
EXOSC6,-0.00010206842495951373
TRG-AS1,-0.00010208454072980636
FGFR2,-0.00010208959366803483
SIRT5,-0.0001021107746224417
GNG7,-0.00010211530213865136
DBN1,-0.00010211675894617687
CFAP298,-0.00010211872563984032
MCAT,-0.00010212423511596661
ATP23,-0.00010213493798332603
F10,-0.00010214653667439937
SOCS7,-0.00010216859341688781
CBX7,-0.00010217350543496397
NTM,-0.00010217696467286576
PHF2,-0.0001021941368094734
LYRM1,-0.00010220308899550302
GTF3A,-0.00010222728359260419
LRRC58,-0.0001022303976258916
LIPA,-0.00010224997748498656
TMCO6,-0.00010227603506985614
SHARPIN,-0.00010227806147903714
RBP1,-0.00010228975421966454
SYNPO2,-0.0001023074590086302
KCTD2,-0.00010231563434597015
SNX1,-0.00010232766934560104
RNPS1,-0.00010233760638525178
TTLL9,-0.00010239209736312764
PSMD2,-0.00010244778729778315
PNPO,-0.00010245206311591274
FAM110A,-0.00010245742258460637
TRMT1L,-0.00010245743383783816
C16orf46,-0.00010246925456431488
IKZF4,-0.00010249249015681898
XBP1,-0.0001025055274333081
CCDC146,-0.00010251385380115353
MAMDC2,-0.00010252113993959515
UBE3A,-0.00010253421078403894
MRS2,-0.00010255409350113103
SNCAIP,-0.00010257041442934421
MYCBP,-0.00010257649995617996
MRPL21,-0.00010260135429701762
FALEC,-0.00010262340640771744
NMNAT1,-0.0001026274049943816
IL27RA,-0.0001027074560576573
PARP6,-0.0001027213087626424
GHRL,-0.00010275040137794849
LMNB1-DT,-0.00010278787255217631
M6PR,-0.00010278975080663797
PAIP2B,-0.00010281275939812445
UBN2,-0.0001028595951634884
NUP54,-0.00010287358582062803
ZNF469,-0.00010287427499856956
SBSPON,-0.00010287910357310341
RABEP2,-0.00010288522795513273
PALM,-0.00010289359238264278
ZNF615,-0.00010289558338345143
CAPS2,-0.00010293119406861096
CRYZ,-0.00010295268910958305
GPC3,-0.00010297090943246252
C1orf216,-0.00010299959341922274
FAM53A,-0.0001030056642035722
YTHDC2,-0.00010301724696948668
PLLP,-0.00010302241494830001
MARF1,-0.00010303123999086633
MMRN1,-0.00010303191133165793
SEPTIN8,-0.00010304922680557962
APLF,-0.00010305850493022516
SEPTIN7-AS1,-0.00010309711539284952
FAM221A,-0.00010310376119933774
RAB3C,-0.00010311788840944999
SINHCAF,-0.00010313297345009705
C3orf18,-0.00010315065876514965
AP005482.1,-0.00010315572132926263
PEX6,-0.00010316660592526238
GLIS1,-0.000103208725812663
COL5A3,-0.0001032160626614535
PIK3R5,-0.00010321889654291689
RAB26,-0.00010322740585737723
SCP2,-0.00010325352745352447
VPS52,-0.00010325471236235052
NOL12,-0.00010326156720867915
NDUFA6-DT,-0.00010328946875588944
ACKR3,-0.0001033126358028931
DMXL1,-0.00010338071713285852
PLCG2,-0.00010338389659790808
AP002433.2,-0.00010339654512905718
LY86,-0.00010343650651663508
POLR3F,-0.00010345673163501954
P2RX7,-0.0001034570215452039
BEND6,-0.00010350830114210001
GXYLT2,-0.00010350988505831275
RAD9B,-0.00010351693506285
SLAMF1,-0.00010357451160521842
TIMM23,-0.00010361378210535933
TXNDC11,-0.00010361634770346642
ITK,-0.0001036288206837559
SCML1,-0.00010364767447714498
PGAM5,-0.00010366116675879369
NSFL1C,-0.00010366477963142871
TWSG1,-0.00010369556502328584
TMEM260,-0.0001036998689476
MDM2,-0.00010371890467806487
TRMO,-0.0001037247933628214
AKIP1,-0.00010372930097985138
NDRG2,-0.00010373029743634949
PPP1CC,-0.00010373428283193804
DDX59,-0.0001037433714446004
CDC123,-0.0001037549377923369
SLC9A5,-0.00010379050564512228
ALKBH1,-0.00010380035052258713
WDR97,-0.00010382235670844187
PIK3IP1-AS1,-0.00010383453765409117
ABCB8,-0.00010385290029624877
IGLC1,-0.0001038599014556
RNASEH2B-AS1,-0.00010387204879475618
CHST1,-0.0001038750098375
GOLGA8A,-0.000103883219731946
SLFNL1-AS1,-0.0001038895101026741
ZNF337,-0.00010389474621857163
TNFSF10,-0.00010389767443447708
HOXB-AS3,-0.00010392377170630041
HIRIP3,-0.00010394383780855
FCGR2A,-0.00010394631914248623
BTN3A1,-0.00010397720745187149
OXLD1,-0.00010398215205042601
RCOR3,-0.00010402127522407084
DENND2A,-0.00010402468973041149
EIF2A,-0.00010403281440424717
SEMA4C,-0.00010407191615993419
DNAL1,-0.0001040905563853935
ROGDI,-0.00010409361857445
FLG-AS1,-0.00010410155065243305
PTPRT,-0.00010416164300307862
KIFC2,-0.000104171054829684
ST18,-0.00010418694459495576
MRPS12,-0.00010423003848020264
MRPL42,-0.00010423434979796279
KIAA1324L,-0.00010423487640237383
TNKS,-0.00010425291364286944
FAM98A,-0.00010425555212141622
FPGT,-0.00010427155289452708
NAPB,-0.00010430406870106878
SEL1L2,-0.00010431016674919955
PSMB5,-0.00010434195118574998
RUFY3,-0.00010437849377281943
ZNF18,-0.00010438340957522971
SRP9,-0.00010440707606069628
ANPEP,-0.0001044184891668779
HIRA,-0.00010445646001845679
FKBP4,-0.00010447014071190443
PTCHD1-AS,-0.00010447517453343033
ECI2,-0.00010453248441486247
MELTF,-0.00010453700315633823
B4GAT1,-0.00010453924916013249
PXMP2,-0.00010458186800058378
RNASEH2A,-0.0001045893189288435
ANAPC2,-0.00010462199319164042
TOB1-AS1,-0.00010464153498940826
TSEN54,-0.00010465526719974877
NDUFS3,-0.0001047017004695897
VPS26B,-0.0001047340582720221
INTS1,-0.00010473899050001072
ZNF551,-0.0001047397023236795
IDH3B,-0.00010475213851466076
NPAS3,-0.00010475423753109887
SLC30A6,-0.00010485343457639956
PAMR1,-0.00010486556318989857
FAM167B,-0.00010486878048704545
PKP4,-0.00010491299526756576
SRCIN1,-0.00010493418601406457
ATP6V1E2,-0.0001049406708667
FAAH2,-0.00010495435596280589
PAQR7,-0.00010495981632057526
PFKFB3,-0.00010497095356191756
DNPEP,-0.00010497153123921653
ZKSCAN8,-0.0001049940336818064
TRIP11,-0.00010505406377834999
HOXA10,-0.00010509207781873064
EXOSC1,-0.00010509498094478538
TIMM23B,-0.00010514851113144314
MAGI2-AS3,-0.00010514895435206675
PCBD1,-0.00010515872171355
LDB1,-0.00010517051660323736
FAP,-0.00010519398519126653
RNF157-AS1,-0.00010519705221667307
ESPN,-0.00010523154218462955
PLCXD3,-0.00010526879198241285
NTF3,-0.00010529778583070967
MALRD1,-0.00010532053696222439
AGTRAP,-0.0001053359678225501
MIR3681HG,-0.000105349129831
CNOT7,-0.0001053498780357
PIGB,-0.00010536220326335442
PMF1,-0.0001053646391621
GTF2IRD2,-0.00010539186312565586
CYSLTR2,-0.0001054055611957
NOVA1,-0.00010543211921235387
RPP30,-0.00010545425948248362
HFM1,-0.0001054675191443
MCOLN2,-0.00010547404527324774
ARHGAP22,-0.00010547911611672744
SLC25A28,-0.00010550633840885288
NBR2,-0.00010554169648435
CYB5R3,-0.00010554457655040328
CDH24,-0.00010557282757645001
AMDHD2,-0.0001055811666340839
BAALC-AS1,-0.00010560077273878715
ALYREF,-0.00010562918617899999
GPN3,-0.00010563581877723868
RHOT1,-0.0001056490613413829
P2RY8,-0.00010565177066444999
EAF2,-0.00010566183526113565
PRKN,-0.0001056680899564856
CUX2,-0.00010573354488372871
DCXR,-0.00010575319574665
UGGT1,-0.00010576123863920337
MRPL45,-0.00010576728778896339
ERH,-0.00010577377157957406
HHIP-AS1,-0.00010579286053798268
KCTD13,-0.00010579826085745
ITIH4,-0.0001058510898388835
SAMD15,-0.00010586464007996023
AK7,-0.0001058796115690906
TTLL4,-0.00010591286135614434
CLDN15,-0.00010594160768125369
CCDC137,-0.00010595606350458301
PCNX3,-0.00010596445684235532
USP21,-0.00010597370618435
ALKBH4,-0.0001060081022183711
ATP11C,-0.00010601500122833058
DHRS4,-0.00010603006073713361
CD28,-0.00010603515427259468
PPP1R9A,-0.00010605020967417371
KATNB1,-0.00010605438979632666
PSMD11,-0.00010607378919020598
MOCS1,-0.0001061205558425
AF305872.2,-0.0001061700592442
SDS,-0.00010625701794555
SLC6A16,-0.00010628162975905001
HYLS1,-0.00010628719540749815
MKKS,-0.0001063091871904513
MRPL24,-0.00010631117521911219
EXOSC9,-0.00010633760042050308
SUSD2,-0.0001063551341247
TSPAN7,-0.00010637492337684747
FOXO3B,-0.00010640257641725365
BABAM1,-0.0001064284059635499
NDUFB5,-0.00010644120926285538
COPZ2,-0.00010644496531555
LRRC37B,-0.00010647064983365884
MAFG-DT,-0.00010648150343715427
TMEM218,-0.00010652706609166184
ZNF197,-0.00010654628744783358
ENKD1,-0.00010655426773066297
GALNT10,-0.00010656515758676141
MIAT,-0.00010656564501344965
CROT,-0.00010656632611105534
SLC26A1,-0.00010657134483453139
EEF1AKMT3,-0.00010658195561937079
ZBTB1,-0.00010659198720441722
ANO6,-0.00010662053154999999
FZD4,-0.00010662338537279636
DONSON,-0.0001066357947083
C12orf74,-0.00010664267481148216
SLC29A2,-0.00010672516509119299
POLR1E,-0.00010677770521687429
ZNF385A,-0.00010686140946018607
NEURL1B,-0.00010688658372626205
SHMT2,-0.0001068872204567365
POMGNT2,-0.00010688768677355448
TXNDC5,-0.00010691441244837187
CINP,-0.00010692395410753199
PRRC2A,-0.0001069244781879
GPNMB,-0.00010692963263995796
FOLH1,-0.0001069300541321
MMP28,-0.00010693919101382497
RGS17,-0.00010694118967735373
ECSCR,-0.00010697953125638724
WBP11,-0.00010698610565867652
TPRN,-0.00010699920156025
EDRF1-DT,-0.00010704124025015001
SEPTIN1,-0.00010706050841620171
AKNAD1,-0.00010708339162568685
PSMC5,-0.00010716375409150001
SIM2,-0.0001071696272753934
PRPF40A,-0.00010724198990682497
PPHLN1,-0.00010726309459153531
C3orf35,-0.00010726619376339892
DELE1,-0.00010728132890563435
CSRP2,-0.00010730284988389096
ANKRD49,-0.00010735429569542208
MAMDC4,-0.00010739866324569735
SEMA6C,-0.00010742168732739346
HPN-AS1,-0.0001074248991603748
GNB5,-0.00010744953801116355
MORF4L2-AS1,-0.00010745808272167391
SNRNP25,-0.00010746288085138387
ERI1,-0.00010746848338117972
TAF2,-0.00010747246037551942
GLI4,-0.00010748883127989266
C9orf139,-0.0001075043907944134
PCBP3,-0.0001075045223114
TG,-0.00010754267729355531
ZFHX4-AS1,-0.00010755732979695
MAGOHB,-0.000107566219571293
TTC25,-0.00010760448927645916
KAT8,-0.0001076128508620557
AP002383.2,-0.00010762443351453452
APH1B,-0.00010765216778898989
PTGS1,-0.0001076577041555305
KCTD6,-0.00010767554704141755
SDHA,-0.0001076961198605823
ZNF546,-0.0001077065513719
CHST15,-0.00010771871328739887
TNRC6C,-0.00010772153701989258
PHF19,-0.0001077634569665664
RALYL,-0.0001077786180060999
MMP26,-0.00010778062361553165
LRP1,-0.00010778759561775941
ABCA13,-0.00010779654428627872
CCDC18-AS1,-0.00010782345629885215
SLC24A3,-0.00010786403228455002
TACC1,-0.00010786588055426347
RADIL,-0.00010791385401412858
ZNF383,-0.0001079185223178489
LOXHD1,-0.00010793125673886394
HAGH,-0.00010796073725554381
THUMPD3,-0.00010796243327156399
DOK2,-0.00010796358870379999
FAM106A,-0.00010796592362348627
ANTKMT,-0.00010796622895784029
VSTM4,-0.00010800135274723337
SFMBT2,-0.00010802139768963853
CD34,-0.00010802151446780338
IFT27,-0.00010808751398929767
CNTNAP2,-0.00010813454090933239
MORF4L1,-0.0001081566151866
PLA2G4B,-0.00010820960176386105
ILVBL,-0.00010821206502987432
CCDC113,-0.0001082225078366711
HMOX2,-0.00010822281485114951
ZNF627,-0.00010823488475424218
SYDE1,-0.0001082356127927
SLC38A5,-0.00010824511317900952
SCARA3,-0.00010824956580526619
CCSER2,-0.000108270855831569
WASF1,-0.00010827113323353508
ALG10B,-0.00010833221336298035
NCBP1,-0.00010833602305246288
TGDS,-0.00010838549451937474
TRIM3,-0.00010841650793935
LSP1,-0.000108436761995614
SMG1,-0.00010845269964342835
SYNC,-0.00010848742463055069
KNDC1,-0.00010852693761460627
CPE,-0.00010852927870598507
MZT1,-0.00010853826344474999
FITM2,-0.00010854996608132168
RTL8B,-0.00010855866741634493
SIN3B,-0.00010861615824777417
NMRAL1,-0.00010863242519426697
CPED1,-0.0001087366379025
LMCD1,-0.00010874077712917266
NPM3,-0.00010874740140890001
RAB28,-0.00010875408931663511
PYCR2,-0.00010878880221317462
SIAE,-0.00010882213875353992
METTL22,-0.00010882837157596693
VPS13B,-0.00010884438527932686
RPAP1,-0.00010884705537507259
C1QTNF1,-0.00010885179559704569
GSTM3,-0.0001088753855745369
MAK16,-0.00010887899334233526
RBBP8NL,-0.00010888863324335
BCL2L11,-0.0001088892531733
ZNF287,-0.00010889459027542698
TAFA5,-0.00010891584699646775
PHLPP1,-0.00010893063079662289
BAG2,-0.0001089466131578552
MIR3936HG,-0.00010898214520005262
SERPINI1,-0.00010900454384806026
APCDD1,-0.00010902974759545453
KIAA1257,-0.00010905119724755001
RASAL3,-0.00010908756496055
SEC16A,-0.00010910470248715
SVOPL,-0.0001091269620818
GDPD5,-0.00010913994322968499
UPRT,-0.00010914326960198846
STARD3,-0.00010919729659640166
MRPL34,-0.00010921014888962236
LSM6,-0.00010921739982616794
CFAP54,-0.0001092275513166
TMX1,-0.00010923345579335
TTC21A,-0.00010923694496055
TATDN2,-0.00010928578218259384
RIN1,-0.00010938046963493862
JAKMIP3,-0.00010941151287768505
CDH5,-0.00010943882118149182
CRYZL1,-0.0001094395876391022
TRAK2,-0.00010955894001499195
PNO1,-0.00010960069966095152
NOP14,-0.0001096220302393
SGO1-AS1,-0.00010963002093027877
DYM,-0.00010966736533129554
MYSM1,-0.00010967585715181828
WDR24,-0.00010969638046225
COASY,-0.00010969877118286665
ADGRG7,-0.00010970307530887768
NFASC,-0.00010970775287675
PREB,-0.00010971987812606364
DET1,-0.00010974493530408087
NDUFAB1,-0.0001097756422412897
INTS14,-0.00010978282420379999
SSU72,-0.00010990756609275
SLC2A12,-0.00010991084796024489
VASH1,-0.00010995833545592792
ADCY7,-0.00010996349424065044
MOB1B,-0.00010996867961031048
NOL6,-0.0001099824318872
COMMD1,-0.00011000969584722406
GORAB,-0.0001100148923207
JRK,-0.00011003925448835
ADAMTS2,-0.00011004667156444951
APTR,-0.00011006915867787136
TMEM50B,-0.00011008690866066558
STXBP5-AS1,-0.00011008963345270992
GPSM3,-0.00011011380510392806
FAM156A,-0.00011011965589479137
C11orf95,-0.00011012091173976933
GLRB,-0.00011012329728477602
CREB3L4,-0.0001101313567145036
MPLKIP,-0.00011014026601675
NANP,-0.00011015157397693617
ARL16,-0.00011016963622685598
GPR176,-0.00011018773753140252
BRICD5,-0.0001101888220798267
DCAF6,-0.0001102068741281903
ZNF568,-0.00011020732749414199
ACTR6,-0.00011022165388962048
ZNF501,-0.0001102480670487196
NHP2,-0.00011025696742760001
RANBP3,-0.00011026314217940877
NT5M,-0.00011029914626390001
CHODL-AS1,-0.00011029938572383641
DNASE1,-0.00011030571652775
ITGAL,-0.00011030605598205068
LAMB2,-0.00011035179743155868
IFT22,-0.00011037770111682008
IL11RA,-0.00011044034067712524
PLBD2,-0.00011044183970701732
PGBD1,-0.00011048867227915188
MRPS23,-0.000110489654685085
GAA,-0.0001105183746310031
SMAD5,-0.0001105204733353259
ZBTB17,-0.00011054949968999057
UNC5C,-0.00011055026914101457
ACTR3C,-0.00011062273499645
FDX2,-0.00011062692555389463
USP22,-0.00011062871624202081
MTF2,-0.00011066157328317137
PRMT6,-0.00011066372717019378
NRCAM,-0.00011066664485951167
GAL3ST2,-0.00011072187284346897
ZNF500,-0.00011073687709542554
JAK3,-0.0001107525548389
STRBP,-0.00011075988349514036
AAMDC,-0.00011076578588644999
CD37,-0.00011078812599209016
DGUOK-AS1,-0.00011079642665095
FAXDC2,-0.00011080356943339272
GTDC1,-0.00011084702418783917
Z69733.1,-0.0001108882847393529
CEBPZ,-0.00011089426065981285
ORAI2,-0.00011091260362801217
TMEM132D,-0.00011094182339762219
NUP88,-0.00011097723327185
SLC12A4,-0.00011099532246621842
USP7,-0.00011099943488350822
SOX2,-0.00011101118943262768
RFC1,-0.00011101869181001376
DIO2,-0.0001110305648021229
BMS1,-0.00011105856592945902
KDM4D,-0.0001110622861198696
SUOX,-0.00011107393646555641
UBR5-AS1,-0.0001111058271977405
MRPS5,-0.00011112580953605693
NBPF1,-0.00011113805331213714
RBBP9,-0.00011118382897695235
TAF4,-0.00011119372732329947
P2RY14,-0.0001112096996086
PPFIA2,-0.00011122324335915
KIAA1549L,-0.00011122891537074277
SGCB,-0.00011123198433635
FKBP1A,-0.00011130490294112247
RPARP-AS1,-0.0001113138603306
ZNF250,-0.0001113139537928
FAT3,-0.00011132020698007488
AK3,-0.00011133047315739848
LRRIQ1,-0.00011133296919579374
ARHGEF17,-0.00011134224630385332
DCAF4,-0.00011134480469324818
IQCA1,-0.00011135528167269628
TNFRSF18,-0.0001113600499425
NUCB1,-0.00011146020928502726
RIMBP2,-0.00011146146230532013
PDGFRA,-0.00011146573818714421
C17orf80,-0.00011151607186750054
FAM86C1,-0.00011157251970417606
YIF1B,-0.00011157504565036333
IP6K2,-0.00011160188494524934
PDCD5,-0.00011161400024475
TSHR,-0.0001116297274616
TRIM4,-0.00011165909054096051
FBXO4,-0.00011168854494699999
CHST14,-0.00011175532475446924
MIGA1,-0.0001117748983060743
DPY30,-0.0001117950524575
VPS29,-0.00011182174150739163
CBX2,-0.0001118253851648276
GM2A,-0.00011182761149644847
CENPX,-0.00011182828514040081
ZNF43,-0.00011188961184590597
UTP14A,-0.00011195137561123003
ANP32A,-0.0001119531179335191
MIIP,-0.00011195648589811142
NRG2,-0.0001120245263588604
C9orf116,-0.00011203934985911369
MRPS30,-0.00011204723612276719
ETV4,-0.00011206468687529638
APRT,-0.00011208535354881221
DTD1,-0.00011210019370054217
PPP5D1,-0.00011211384603145671
CLN3,-0.00011211988254155
COQ8A,-0.00011212173075549635
LRP1B,-0.0001121394657054
KCTD12,-0.00011214717002526026
AZIN2,-0.00011219322504315
SYNDIG1,-0.00011219507930078314
KAT7,-0.00011220422135612063
AQR,-0.00011223687084086296
DYNC2LI1,-0.00011225759825845324
CYP27A1,-0.00011226476422
GET3,-0.00011228347245825
TMEM138,-0.0001123162258706007
ECHS1,-0.0001123391136008797
UBAC1,-0.0001123469698338
ISLR,-0.0001123504679974
GSTK1,-0.00011240499466622676
ANKRD18B,-0.00011241029373356726
AP000755.2,-0.0001124438275446
KCNA7,-0.00011245261296000263
LIPG,-0.00011247527595123369
TTC4,-0.0001124876440251264
CMTM8,-0.00011252948999467094
HDHD5-AS1,-0.00011259667432976796
VANGL2,-0.00011263291513966499
MIR4713HG,-0.00011263809366471653
ST8SIA6-AS1,-0.0001126391256856
ZNF714,-0.00011264958851167488
HMGXB3,-0.00011265902964817482
ARAF,-0.0001126637449052
CEBPA-DT,-0.00011268960350597361
RNASEH1-AS1,-0.00011271138318112695
CYYR1,-0.00011271417827081845
STIMATE,-0.00011272913796672002
DUSP23,-0.00011274836676535
ANKRD17,-0.00011274886438246323
RNF217-AS1,-0.00011275663368309714
LIN7B,-0.0001127911748094
GPR158,-0.00011279350595315512
ZNF883,-0.00011279516108037195
FBXO36,-0.00011280100179045664
ZNF678,-0.00011280310335039394
NRXN1,-0.00011280927385303321
APEH,-0.00011287077380325
PIGX,-0.00011287631634800878
EVA1C,-0.00011288395989604013
CAMK1,-0.00011294108804611974
DDC,-0.0001129425953532
SHROOM4,-0.00011295910083720866
GPATCH2,-0.00011300984491784917
TAPBPL,-0.00011305453554712915
THNSL1,-0.00011305615345007953
SRSF3,-0.00011305636085836081
NCKIPSD,-0.00011306845028968414
PAQR4,-0.00011308431506770702
GNB1L,-0.00011311934827472492
ATP6AP2,-0.00011314462680653705
PGK1,-0.00011314549087524316
OGFRL1,-0.00011316996663662656
CBWD1,-0.00011318623778928971
HSP90AB1,-0.00011319245142443055
SLC25A51,-0.00011319296300077322
DUS3L,-0.00011320086706440362
ZNF121,-0.00011328753583695001
IPO4,-0.00011331459628905
SZT2,-0.00011334252894443449
UBE2V2,-0.00011334593608495488
KIF21A,-0.00011336632918345
SLC5A4,-0.0001133757317794
MEX3A,-0.00011346966499553415
GRK3,-0.0001134919656781306
STIP1,-0.0001135819474857311
COL9A3,-0.00011358289685578282
CWC27,-0.0001136089241134912
TPTE2,-0.00011361329307626292
ZC3HAV1L,-0.00011362640416491253
ZMAT2,-0.0001136418140382
MSH6,-0.00011367193826866567
LIAS,-0.00011369675963981803
ENY2,-0.00011373149260277336
DRAIC,-0.00011377286827065998
DHX40,-0.00011381521827282418
FDFT1,-0.00011385160434898391
ANKRD52,-0.00011389471789612921
DPH1,-0.00011389902266863989
AP3M1,-0.00011391202080390447
ZNF681,-0.00011392602394105
HS3ST4,-0.00011395266109395018
CSK,-0.00011395299552787502
ZNF440,-0.00011398405125514483
SNX10,-0.00011399698744482789
TMEM170B,-0.0001140034376771247
CR1L,-0.0001140729559953
MATN1-AS1,-0.00011408885078525776
ASXL3,-0.00011409213850382934
DGCR6L,-0.00011409328804684956
C12orf4,-0.00011411478200425586
ZNF606,-0.00011412716430821397
FAM124B,-0.0001141373804923
MYRIP,-0.00011416138527281844
FZD2,-0.00011418983939798092
CCDC47,-0.00011421601881618898
NUMBL,-0.00011423740577649301
CDH12,-0.00011425798541913579
ERCC6L,-0.00011426978290032249
AFG3L2,-0.00011435171759311829
AMZ2,-0.00011435697673735452
ACP6,-0.00011436214799004352
BOD1,-0.00011437773597124228
TMSB15B-AS1,-0.00011440119550513029
ARL6IP6,-0.00011441239830281204
ZNF691,-0.0001144174409193452
CDC23,-0.00011443065232528228
ZNF444,-0.00011444770219795001
COL11A2,-0.0001145608002057092
TULP3,-0.00011457148963908073
NLGN4Y,-0.00011461025867525383
NDUFS5,-0.00011461140905989729
NSUN5,-0.0001146218450700697
SPESP1,-0.00011462337826135001
XACT,-0.00011462505664050547
ANAPC4,-0.00011462577653552589
CAPS,-0.00011463480585355
ZGLP1,-0.0001146377803496194
Z93943.1,-0.00011467741694013491
QRSL1,-0.00011469824016643735
MTG2,-0.00011472172895431359
BEX4,-0.00011474858220920104
SCAT2,-0.00011477363034045132
RGS1,-0.00011479526604167961
GYPE,-0.00011481288659183524
SAMD11,-0.000114815074753082
AK9,-0.0001148346496816
VRK2,-0.00011485059521227511
BTN3A3,-0.00011485168288370224
IDH1,-0.0001148575844297
PLP2,-0.00011487922124789828
EMCN,-0.00011501040690276704
NOB1,-0.00011505952181150012
CDC14A,-0.00011507777459006725
NAA10,-0.00011508910694531475
MAP3K21,-0.0001151155548831689
FCAR,-0.00011511669904450922
ANKRD6,-0.00011515234789203335
LAMTOR4,-0.00011517493642685
TEAD2,-0.00011525696882264393
CHD7,-0.00011527666667418606
EIF3G,-0.0001152895399997105
SLC1A4,-0.0001153021055219
SAFB,-0.00011542286800549976
FADS2,-0.00011543675212916969
HILPDA,-0.00011544352315253701
NOLC1,-0.00011546300032482844
ZKSCAN7,-0.00011548334641286984
TMEM150C,-0.00011551399551868268
RAMP1,-0.00011552422563876169
IFRD2,-0.0001155259385753
GPR157,-0.00011553224461061435
REEP4,-0.0001155350378204
ZCWPW1,-0.0001155752495724892
ARHGAP28,-0.00011564205267457456
INPP5E,-0.00011564322324459999
ATP8A1,-0.00011564343698037737
HIST1H3B,-0.00011564434481128424
PARP15,-0.00011564490110814999
PCCB,-0.0001156466142397
AXIN2,-0.00011564758738007779
UVRAG,-0.00011566353721788084
CCDC15-DT,-0.00011569970052208118
SLC30A5,-0.00011572478618488287
SETD1A,-0.00011572639078115442
VNN2,-0.00011573730424127542
MRPL11,-0.00011576325503377308
BCKDHB,-0.00011582297801451848
SMC2-AS1,-0.0001158401770495059
CCNO,-0.00011586302543659672
TSTD2,-0.00011589671095600329
FSBP,-0.00011591253511095
STUB1,-0.00011594732523129294
SLC24A1,-0.00011596144704640202
KRBA2,-0.00011598199397211428
RBM23,-0.0001159974259645225
SENP1,-0.0001160051358215
WDR91,-0.00011604290107195908
PRR14,-0.00011608073314495001
COQ6,-0.00011610147517434741
STK4,-0.0001161041986141348
C5orf24,-0.00011610937489620601
SHISA6,-0.00011611725528185
ZNF385D,-0.00011612457856088537
PDCL3,-0.00011612793165033401
MANEAL,-0.00011613615320498722
TTC5,-0.00011613742423614021
SLC25A38,-0.0001161677728125
ZNF365,-0.0001161801460471
RCC1,-0.0001161812126571
MYT1,-0.00011618839868745
EP400,-0.0001161893318287165
KCNQ4,-0.00011630772913734575
STAC,-0.00011635211051064243
REXO2,-0.00011635686688686302
GIMAP8,-0.000116357394011
HDAC3,-0.000116363294747
TRABD2B,-0.000116368216986
SPART,-0.00011637970734540049
DNAJC25,-0.00011640236487174674
AMFR,-0.00011646276321257866
SLC25A11,-0.00011653809167335
DYNC1I1,-0.00011654522610258554
MYH10,-0.00011656243729041799
MROH8,-0.00011659934250112462
SGCE,-0.00011660556318645
TCAF1,-0.00011661940049879999
PINLYP,-0.00011663677184046745
PRKCQ,-0.00011671580004265
FAM27C,-0.00011672311621246104
RABL2A,-0.00011673338594705
ZNF638,-0.00011674059470059999
PARP16,-0.0001167467805686613
EIF3I,-0.0001167581496066
DDX20,-0.00011678492219815
WRAP53,-0.00011680097213691945
STAU2,-0.00011680345165502532
FHAD1,-0.00011690890856843429
SLC29A4,-0.00011691796503805
CLEC11A,-0.00011693649312397567
TERF1,-0.00011694882331214119
DMKN,-0.00011697230474812202
FN3KRP,-0.00011697486667192892
LDB3,-0.00011699124544615
SYNM,-0.00011702420286314807
ICAM2,-0.00011702997627461534
PIN1,-0.00011703468659505
MEF2C-AS1,-0.00011708071778424235
CELF4,-0.00011709554228775
ZYG11B,-0.00011709563721500466
KCNC3,-0.00011709685086637018
TRIP13,-0.0001171144879682
CHRM3-AS2,-0.00011713727244229686
USP14,-0.00011713769151970497
TTC23L,-0.00011714379461005901
HCFC1,-0.00011721330146995001
MLST8,-0.00011724622373195
TRUB1,-0.00011725954816338026
OSBP2,-0.00011726236181622674
ZNF257,-0.00011727153284295
ZFP64,-0.0001172825501231053
TMEM178B,-0.00011732748384602673
AP2A2,-0.00011733424749738161
MIS18A,-0.00011734696893253348
NPIPA5,-0.00011736037867675
LEF1,-0.00011737928826681577
SCN2A,-0.0001173821015782
RWDD1,-0.0001173822819948
CBWD2,-0.00011738607423887323
LRP4-AS1,-0.0001174046084918
GYPC,-0.00011740908420064547
PTGR2,-0.00011749970000863395
TENM1,-0.00011752273806051512
ABCA3,-0.00011756270673443494
KRBOX4,-0.00011759606102550006
NUAK1,-0.00011764999470958704
BLVRA,-0.00011765253073310969
FOXJ3,-0.00011768094240175984
NELL1,-0.0001177178202279623
CPT1B,-0.0001177354829707628
PTRH1,-0.00011775279785311498
HAUS7,-0.00011778803906980001
ANKRD62,-0.00011784765447796236
NPIPB4,-0.00011785171404650924
CSTF3-DT,-0.00011788940147028617
TMSB15B.1,-0.000117907417574305
FAM149B1,-0.00011797267467305656
ECPAS,-0.000117972860461979
CLDND2,-0.000117978922635
UBIAD1,-0.0001179894967095
NELL2,-0.0001180967659327
SEMA3G,-0.000118098068837
NRSN2,-0.00011810284223833581
SLTM,-0.00011812846655413086
TRIM73,-0.00011818524563939116
CIAO1,-0.00011819222017673594
FMNL1,-0.0001182006833648955
ZBTB37,-0.00011820771059835
C2orf72,-0.00011820854206840567
BUD13,-0.00011824631468088632
PTGR1,-0.00011826834225082605
JPT2,-0.00011827186053344938
LRRC47,-0.00011835864760605
FAM217B,-0.00011835997358536269
DFFB,-0.00011837631287687101
CD38,-0.00011839963228173447
DIO3OS,-0.00011841230327509521
TTC6,-0.00011841280128116597
EFEMP1,-0.00011843014884106014
DEC1,-0.00011843418445739382
SPCS1,-0.00011844857883481561
KSR1,-0.00011846141365956499
DPYSL3,-0.0001184661048248
CLIC6,-0.00011849083070843258
SLC44A5,-0.00011851985859145142
CRISPLD2,-0.00011852312567063415
EFHC1,-0.00011854004964304999
APOL3,-0.0001185471912040105
ANKRD23,-0.00011859445336135
GIPC2,-0.0001186080776830789
TRUB2,-0.00011866588683310432
GABRD,-0.00011867207576484999
NCAM1,-0.00011867318498175712
RSPH1,-0.00011867559244216263
LOXL2,-0.000118682327493
PPFIA3,-0.00011870134439235
VARS2,-0.00011876870933238094
ELP3,-0.00011880390562721426
LRIG2,-0.00011880523769123143
TIGD1,-0.0001188242807583
VWA3B,-0.00011882878472541412
ADGRA2,-0.00011883043601504999
SLC2A9,-0.00011884812866147038
RAB4A,-0.00011886346895135
AP001372.2,-0.00011888199793995
RPUSD3,-0.00011889999901605
PARD6G,-0.0001189011521067
H19,-0.00011892013961950734
CPD,-0.00011892395816073318
RLF,-0.00011893757278681047
NOP16,-0.0001189536604011
FAAP100,-0.0001189955546537
PPP1R12C,-0.00011904101358090001
EMP2,-0.00011905026603816786
STAB1,-0.00011909808992633228
GALT,-0.00011911685690120001
AP001107.9,-0.000119142532285
BBS5,-0.00011915102349938832
AP003110.1,-0.00011915907924115607
KCNQ5,-0.00011920032630768063
ATPAF2,-0.0001192049635519797
MEI4,-0.00011921958116256023
PDK2,-0.00011925419508733017
P3H3,-0.0001192864937978247
IGFBP6,-0.0001192893751148
AP000676.5,-0.00011929216633454019
ANKZF1,-0.0001192980395913256
PRKX,-0.00011934562592906038
ADH6,-0.00011934801413955001
TTC38,-0.0001193506407118
EYA3,-0.00011938431543663448
HSD11B2,-0.00011940007441325
CDC40,-0.0001194182292439
EBF4,-0.00011942131584515601
PPP4R2,-0.00011942797514906352
MRGBP,-0.00011950896070331697
PPIE,-0.00011952027697418593
FCSK,-0.00011955114156750374
EXOC3-AS1,-0.0001195726844403305
IPP,-0.00011957422709550625
POLDIP3,-0.00011957925852565
UIMC1,-0.00011958033628710739
EIF3J,-0.00011971985638299999
MTUS1,-0.00011981619412529999
N6AMT1,-0.00011981890139953639
RNF38,-0.00011982597762093654
PRB2,-0.0001198810406581
RNF215,-0.00011989021731558138
EVC,-0.00011991203776100002
QRICH2,-0.0001199529666128194
APOD,-0.00011999158446831883
PSMD12,-0.00011999431719849558
CHIC1,-0.00012004238818043845
ELMO2,-0.00012005414839900035
VPS53,-0.00012012669527252829
LIMD2,-0.00012013266260383311
FAM169A,-0.00012015448669780768
MIR762HG,-0.00012017441949029999
JAM2,-0.00012018591372500014
CDYL2,-0.00012020457271796103
CHN1,-0.00012021226581835
GLIDR,-0.00012022842458034032
SYN3,-0.00012029119029295001
MAK,-0.00012029683410883776
STARD4-AS1,-0.0001203211038861
UMPS,-0.00012033774945
GINS2,-0.00012034692280574999
NDUFAF5,-0.00012035289241170544
RGMB-AS1,-0.00012037633624370001
TMEM186,-0.00012039280409819322
MMACHC,-0.00012039940297884564
MRPL19,-0.00012042514795754818
NDOR1,-0.00012045144678975
LNP1,-0.00012046730803525
SS18L2,-0.00012050496928563804
ZNF676,-0.00012052237223750002
FBH1,-0.00012053388980655001
HLA-DOA,-0.00012053809521768419
MTHFD2L,-0.00012055005307495001
ZNF23,-0.00012065422303886533
TIMP3,-0.00012069101762636508
KLRG1,-0.00012083152139740001
VPS35L,-0.00012084803651635001
PDIK1L,-0.00012088010540209999
PRKCH,-0.00012088716333202558
NR1H3,-0.00012089059985795
LCMT1,-0.00012094911333414151
KANK3,-0.00012095486990588847
CGREF1,-0.00012097392076343394
MAGEF1,-0.00012100612152652123
CPNE4,-0.0001210348991539831
TRERF1,-0.00012109704502705307
STARD7-AS1,-0.00012109921647285001
ZFP1,-0.00012112191428398978
DPEP1,-0.00012117688334676774
ARHGAP29,-0.00012123873944276256
RBM45,-0.00012124672914286929
ARFGAP2,-0.00012125923058770011
CKAP4,-0.00012126018181785
NRGN,-0.0001212724053028
MYCT1,-0.0001213646469405
DGKZ,-0.00012137613022570001
LZTS3,-0.00012139019428185
PPP1R3E,-0.00012142066538065
EVC2,-0.0001214545004218
RMST,-0.00012148992419158672
PIMREG,-0.00012150678630574999
CALML4,-0.0001215280740881
C9orf147,-0.00012155429982343448
CRCP,-0.00012156543429420823
NDUFA9,-0.00012157986418635
MATR3.1,-0.00012160017957008179
VPS16,-0.00012160286795159244
SPACA6,-0.00012161410948203348
METTL15,-0.00012161900456879962
ZNF789,-0.00012162053537800001
NRG1,-0.00012162056326642132
CRNDE,-0.00012163605091535
TRPA1,-0.00012164392419246651
IRAK4,-0.00012164489307477726
TUBA1A,-0.0001216525601123837
C1R,-0.00012165973404885
ENTPD2,-0.00012170507551704698
KCTD8,-0.00012170868397072234
PLAU,-0.00012173939964002932
VPS50,-0.0001217467161618142
ALKBH5,-0.00012174896524280691
KCTD3,-0.00012179021742754782
SUPT6H,-0.00012181388120536021
TMEM204,-0.00012184759498651612
HNRNPDL,-0.00012188806105707886
WBP1,-0.00012190687496094999
NHSL2,-0.00012194108196463587
CUL4A,-0.00012194928454797192
ASTN2-AS1,-0.00012195020283529749
MMP23B,-0.0001219586679668675
HTRA3,-0.00012195973981735864
PRR7,-0.000121964393835612
TIAM1,-0.0001219655111525
ICA1L,-0.00012198493354553438
RTF1,-0.00012201187539168258
NUDT19,-0.00012201804859366797
REV1,-0.0001220209182293548
ADAM22,-0.00012204936408597966
COL4A4,-0.00012210029808335128
LONP2,-0.00012214664701123683
CD209,-0.0001221679761518
METRN,-0.00012218883312384998
TMEM26,-0.00012219932538185
TEX10,-0.00012221044489971343
EGLN3,-0.000122237298603
EDA2R,-0.0001222710487977
SRRT,-0.0001223254960115515
SAMD13,-0.00012234090942805
MUC6,-0.00012236118651991876
MEI1,-0.00012240014609535
CRKL,-0.00012240266487808415
DDT,-0.00012243747067088967
ROR2,-0.00012248073955244934
GALNT12,-0.00012248877073679998
FCF1,-0.000122489486203471
HPGDS,-0.00012251718480823644
CCDC196,-0.00012252711378514747
SFI1,-0.00012253186048509046
SLC7A6,-0.00012255820818257075
NABP2,-0.00012258285907685
HEXA,-0.00012258909133556266
TOMM70,-0.00012261582453923107
CLASRP,-0.0001226270761803289
PTGES3,-0.0001226870017915
ATP5ME,-0.0001226877513302
NECAB3,-0.0001226941816673
SRRM1,-0.00012272888132837175
CCDC142,-0.0001227352446675
CACYBP,-0.00012276303616307394
AP003059.2,-0.00012281230710246282
ADD3-AS1,-0.0001228259511301
ACAP1,-0.0001228409524733
ZNF14,-0.00012284848833559998
PKD1L1,-0.00012289867050135
INTU,-0.0001229069340507
TSPOAP1,-0.00012293217228059625
CFAP69,-0.00012295721659338904
APBB3,-0.00012298505082026742
LAGE3,-0.0001229999153347
TGFBR3,-0.00012300318065948607
GPR63,-0.00012301080561155
DOCK11,-0.00012304545438905
PPP1R14A,-0.0001230458449411
BCR,-0.00012305728581891117
GABPB1-IT1,-0.000123101782945
NEIL2,-0.0001231471237994594
TMEM176B,-0.00012315229588225
EPHB1,-0.00012315483281818734
CD247,-0.0001231763510967908
CPT1C,-0.0001232005218982805
ABCB6,-0.0001232052151037
SUCNR1,-0.00012320762907486746
NELFB,-0.0001232272653695
C20orf27,-0.0001232380537253592
MYO3A,-0.00012324330981650973
TMEM44-AS1,-0.0001232506652635
LONP1,-0.00012326334886815
CLHC1,-0.00012328218591105
MINCR,-0.0001233395494565
CMTM1,-0.00012336108520185
WDR88,-0.00012340204723312832
CYP4X1,-0.00012340872478217743
SNRPC,-0.0001234360131461943
MCM8-AS1,-0.00012343623761262648
RPP25,-0.00012345006069065
DPH2,-0.0001234657142178152
SEZ6L2,-0.00012347080655290683
C1orf35,-0.0001234826847433
CASTOR3,-0.0001234849163373
DUBR,-0.00012352196478703138
ELMOD2,-0.00012352884877665
ZNF682,-0.0001235448632410513
MTFR2,-0.00012357774959085
AGFG2,-0.00012360709389164999
ATRN,-0.00012364109638024785
DIAPH3-AS2,-0.00012369022993166087
RRP8,-0.0001237332017782
NEDD4,-0.00012375097151593606
UBAP1L,-0.00012377300612870408
CNPY3,-0.00012382367718139273
ESAM,-0.00012384974279895
SND1,-0.00012388402194328882
MDH2,-0.0001238919340891
MYH3,-0.0001238938807865
UHRF1BP1L,-0.00012390351877794998
RUSC2,-0.00012392565421444858
SAMD3,-0.00012398269339385
ZFP28,-0.0001239837964854729
COG8,-0.0001239873359244
PIN4,-0.00012401426468635
ALKBH2,-0.00012401700008834868
GMDS,-0.0001240659648775902
HIST2H3PS2,-0.00012406917267099814
LRRC41,-0.00012408196942665002
FRMD6-AS1,-0.00012409174944952008
ASMTL-AS1,-0.0001241206506631
ASH1L,-0.0001241208496018
FAM104B,-0.0001241366721994
CCDC130,-0.00012414655883755
PAPLN,-0.00012416457527513153
RNF150,-0.0001241661587471
GTPBP4,-0.00012416799757671823
HSBP1L1,-0.0001241900416941
WAC-AS1,-0.00012420800172355
PTGIR,-0.0001242195419147
KCNMB2-AS1,-0.00012422071370780762
RAD17,-0.0001242220763614003
ZNF599,-0.000124251095413
THG1L,-0.00012430768850768241
TMEM255B,-0.00012431241915261554
ZSWIM5,-0.00012433447651635
SOX7,-0.0001243587956973532
STKLD1,-0.00012438057157275177
FAXC,-0.00012438281213055
PCOLCE,-0.00012439598306037805
CGAS,-0.00012444815291201165
MRPS18B,-0.00012448370020562985
PTK2,-0.00012458266364766735
CCT5,-0.00012460045418490544
RUFY2,-0.00012465002282277893
ZNF831,-0.00012467192158160001
ABCC9,-0.00012470538590415002
TARS2,-0.0001247248925885465
NSA2,-0.00012472806206237103
AADAT,-0.00012473098617252348
TTLL6,-0.00012474158764023122
CDC16,-0.0001247439897525404
NEK4,-0.00012477859617677774
DCC,-0.00012478883629155396
ZNF155,-0.00012479807592755148
ANO2,-0.00012479834498241286
NSMCE1,-0.00012480907269620526
CCDC141,-0.000124813873967
C14orf93,-0.00012485584614777803
GLCE,-0.00012486561246742716
USP51,-0.00012487548219645002
APOBEC3G,-0.00012496262677505
ADAMTS19,-0.0001249678255007007
ZNF429,-0.00012496888878945963
PPOX,-0.0001249734435532276
ITGBL1,-0.0001249905139293
TCF25,-0.00012500031457815
STEAP2-AS1,-0.00012502152646805
AATF,-0.0001250254194176898
PLPP1,-0.00012505022461169998
ZBED1,-0.0001250684305216859
EYS,-0.00012507469433861007
CERS6,-0.0001251328322862488
TPR,-0.00012515195296095
RNLS,-0.00012516023112340001
MZF1,-0.00012517267943215745
ARFGEF2,-0.00012519974415177817
TSFM,-0.00012521636093065
ROBO3,-0.000125220701699
SLC22A10,-0.0001252906087539
LRRK2,-0.0001253088739992
DAG1,-0.00012533220950607124
LDAH,-0.0001253337283888113
ARHGEF40,-0.00012538650738521938
SMAP2,-0.00012539288836615
ARSK,-0.00012542533255944073
CATSPER2,-0.00012543290236813288
AGPAT1,-0.0001254551559271
HAUS2,-0.00012547987567572319
ABCC10,-0.00012548471720797599
ATF1,-0.00012550483502427867
KRTCAP3,-0.00012554528876724093
ARAP1,-0.0001255529243953056
LRRC29,-0.00012555441492897125
Z95331.1,-0.00012556349516392953
ARHGDIB,-0.0001255700051322
CPSF2,-0.000125587359764923
LY75,-0.00012565777675006026
AAAS,-0.00012566741371434998
GRHL2,-0.00012568641138506286
MPZL1,-0.00012568794246495
ZNF503,-0.00012569403966050002
HIPK3,-0.00012569905184544258
KCNMB4,-0.0001257293862602236
C3orf70,-0.00012575838331235
CLMP,-0.00012579087963845
SCML4,-0.00012586226124615
NR5A2,-0.0001258674397061034
ZNF486,-0.00012586891638525
GRIN2A,-0.00012589217278532208
MPDZ,-0.00012592301025073966
PRDM15,-0.00012593350481552332
ZNF354B,-0.0001259378358533251
ADAMTSL3,-0.00012594764729292388
ATRAID,-0.00012596839108511482
AFAP1L1,-0.0001259830004262985
DYRK3,-0.00012599146144525
PLXNB1,-0.00012601946962629402
LRATD1,-0.00012602282221395
SLX4IP,-0.0001260484253682
ZNF621,-0.0001260715635578649
ZNF263,-0.00012612702646605
GATA6,-0.0001261286421269145
LXN,-0.00012615041472945
KCTD17,-0.00012620981269702918
COPS7A,-0.00012622824242385
PHIP,-0.0001262507626543279
CYP2R1,-0.00012625959020305
SOX9,-0.0001262744813921416
SIRLNT,-0.000126298110864
VCPKMT,-0.00012630659782334914
ZNF514,-0.00012631229918368133
AP002748.6,-0.00012633966397125
TMEM201,-0.0001263625503548
PTPRO,-0.0001263848583478
CEBPZOS,-0.00012641673970256086
BRCC3,-0.00012644381559275
SIX5,-0.00012644528585064254
RFLNB,-0.00012648680416334999
NDUFB10,-0.0001265376674072154
LYAR,-0.00012662060894476975
PCLO,-0.0001266385130404
ZFAS1,-0.0001266722295420007
IQCH,-0.00012667671243355
QPCTL,-0.0001266850478068529
ALDH1A1,-0.00012668705555153988
BCL9,-0.00012670459616715853
EXPH5,-0.000126715338063
MRPL46,-0.00012671723715610453
KIZ,-0.00012675126485871285
UPK3BL1,-0.00012675861239890061
ZCRB1,-0.0001267596097098257
Z83844.2,-0.0001267598426659
LIX1-AS1,-0.00012679577431117306
NT5C3B,-0.00012681698182115002
SDHB,-0.00012686194234216212
HELQ,-0.00012687880764212915
ANKHD1,-0.0001268884716235833
Z82206.1,-0.0001269112598824
HLA-DMB,-0.0001269688536345977
LSM14A,-0.00012697376929338532
ST8SIA6,-0.0001269882392367959
CCDC148,-0.00012698857785361324
NSUN6,-0.0001270114397187
MMP11,-0.00012701422988572672
DLL1,-0.0001270367106664
ZNF589,-0.00012703792073075
RBAK,-0.00012711160164922367
ZMIZ1-AS1,-0.00012713617900884737
EXOC4,-0.0001271373257821
ATF6B,-0.00012714624415608298
C9orf152,-0.00012715576083085
SMARCAL1,-0.00012721822615479415
DHX36,-0.00012727870168285
FNTB,-0.00012730652974749478
PYCR3,-0.00012731107898588892
SLFN12,-0.00012735023679321322
RP9,-0.0001273638068443168
GIGYF2,-0.0001273784833066074
AMACR,-0.00012739187932
ARPIN,-0.00012742049227020002
GTPBP6,-0.00012743201645925
VPS9D1-AS1,-0.00012743832344800778
WDR61,-0.00012744324057568267
NBPF26,-0.00012747184173627317
FOPNL,-0.0001275519510400727
DNAJC22,-0.00012755331090550138
ECH1,-0.0001275926906835
TNXB,-0.00012761380216615
USP9Y,-0.00012761421534985
CD83,-0.00012763306052120002
CD320,-0.00012764750596084266
TCEAL4,-0.00012766825765157203
EDNRA,-0.00012767666715009392
OXA1L,-0.00012770524084675
LIN54,-0.00012770745904635
ZNF639,-0.0001277301765263957
ORC1,-0.00012775747914710919
SLC5A4-AS1,-0.00012780041663421879
C9orf153,-0.00012780593698579905
SOX12,-0.00012781390730571174
DCP2,-0.00012781708439515
EIF4G1,-0.0001278706740931633
CLCN4,-0.00012787153148185
ABCD4,-0.00012787978723185
CLPTM1L,-0.00012788745076729998
JPH2,-0.00012789067503122034
DTX2,-0.0001279405582763058
BMP4,-0.0001279665876033
HOXA9,-0.0001279711201459
MTERF1,-0.00012804273319686415
TGFBI,-0.0001280858898623
LIG3,-0.0001281383916112242
NUBP2,-0.00012817002043048861
SARNP,-0.00012820676528717292
PRPF19,-0.00012821141233531185
TOMM6,-0.00012822087863241294
ARFRP1,-0.00012825082725215
PBRM1,-0.0001282657380341785
ENG,-0.00012827789118639046
ZNF74,-0.00012841388159683394
P2RY6,-0.00012842368847015
EIF5B,-0.0001285024462436874
FTSJ3,-0.00012852703551167365
RASSF1,-0.00012857361521147862
SERPINE1,-0.00012861583875797172
HOXB-AS1,-0.0001286219817329
COQ2,-0.00012863551669515
OBI1,-0.00012865278623125001
CTHRC1,-0.0001286985595146808
ADGRL1,-0.00012870959313477276
AASDH,-0.00012872001938586786
SDK2,-0.0001287363916544
ACE,-0.00012880956722577397
PTPN18,-0.00012884194441417665
ATP9B,-0.00012884607387284928
PPIG,-0.0001288763173386649
STK25,-0.0001289404821245693
RECQL,-0.00012896719348952574
CD3EAP,-0.00012898643649325
SHANK2,-0.0001289947876744
SNX30,-0.00012900406064245
COQ3,-0.00012905852834275
COL12A1,-0.00012907323956916464
FAM184A,-0.00012907423247745001
YIF1A,-0.00012912400185989998
IKBKB,-0.00012914417532397377
ZNF684,-0.00012916726277004278
SRR,-0.00012920455893845
ZNF781,-0.0001292399055891
TMCC1-AS1,-0.00012926221050359516
SRPX,-0.00012929900226065
GNB4,-0.00012934149983694461
POSTN,-0.00012937435794287995
STPG2,-0.0001293902464768
SATB1-AS1,-0.00012941842318435002
STYX,-0.0001294470714521
NUDT6,-0.00012944786037085
IL3RA,-0.0001294570494323
PRPF4,-0.0001294640089584575
DCLRE1A,-0.00012947425788781698
USP1,-0.00012948266392009999
CTDSPL,-0.00012950790822219998
SYNGR1,-0.0001295524429383
PHF3,-0.0001295670016732591
DERL3,-0.00012956733431328862
PHB2,-0.00012961662403455
HDAC2,-0.0001296249703501
KLRB1,-0.00012962522887185
ZNF37A,-0.00012964227459755
FAM227B,-0.00012973427833370325
SLA,-0.00012973566139159998
PTGER3,-0.0001297481151427061
CNTNAP1,-0.00012975414675864998
ZNF32,-0.00012977279251725
STK31,-0.00012977585200680002
RNF183,-0.00012978407452270761
ARV1,-0.00012986342217855413
ZDHHC16,-0.0001298726117603
PLEKHO1,-0.00012989460930962673
SUV39H2,-0.00012992236367164998
POU2AF1,-0.00012995505388834998
SLC4A2,-0.00012997598725200001
PTH1R,-0.000129990548304023
MAP9,-0.00013001053541705
TMEM98,-0.00013006166032784855
ZNF195,-0.00013009640060149247
FRA10AC1,-0.00013011097668134999
CELSR2,-0.00013012526657562307
SPRY4,-0.00013012599443024998
FUT10,-0.0001302041283379873
SLC44A3,-0.00013032498477752398
ENPEP,-0.00013041222406260001
PDE10A,-0.00013043383248815922
COA4,-0.00013044221520568445
FSTL1,-0.00013046003116305005
KANSL3,-0.00013050495224877341
SLC25A36,-0.00013057620519602538
USF2,-0.00013060053061235
GARNL3,-0.00013060401342357314
ACVRL1,-0.00013063837006474998
IGDCC4,-0.00013067088931368768
IGHMBP2,-0.00013069002106210002
C1QBP,-0.00013069043513375
HOXB5,-0.0001307356032348
PPARGC1B,-0.00013075873348654708
CRACR2B,-0.0001307714275351
RNF214,-0.00013077331628990002
MRPL15,-0.0001308303398526367
PPIL3,-0.00013084892582350283
ZDHHC24,-0.00013087095266474833
EML4,-0.00013095267789474998
GPC6-AS2,-0.0001310726104539
FCGRT,-0.00013111721901611136
NFU1,-0.00013113561236867334
MAGI1,-0.00013115456843907836
APPL1,-0.00013116017607664232
GREB1,-0.00013119837869475
SLFN13,-0.00013128930971435
SLC25A14,-0.0001312912100369
EPHB4,-0.0001313158534423
FMO2,-0.00013135479446889999
PHF21A,-0.00013136313362503105
ZNF85,-0.0001313752671313
PEX10,-0.00013138024956782556
SLC26A10,-0.0001313973583384
CDKN2C,-0.0001314131705528968
FN3K,-0.00013142068834704515
SRCAP,-0.0001314270237107
CBX3,-0.00013142784001545
MDH1,-0.00013143035714065
LRRC49,-0.00013144238525605
MAP1B,-0.000131460152715133
PGM2L1,-0.0001314725904630658
OXNAD1,-0.0001314824637154
STEAP2,-0.0001315004626237368
MIR663AHG,-0.00013150466879565049
ZCWPW2,-0.0001315084321147
CDH4,-0.00013151299539974058
CLINT1,-0.00013152734924165184
NEDD1,-0.00013153058057215002
NCK2,-0.00013154306453860002
KMT5A,-0.00013156652210855567
FXYD5,-0.00013157637541035008
GCDH,-0.0001316010265374
ZNF607,-0.0001316224355794
RTL10,-0.00013163508150619885
TMEM25,-0.0001316447255905788
NFYB,-0.00013165121685895
MEF2B,-0.000131665187970719
ZNF605,-0.00013169523247412912
DPEP2,-0.00013174815851175
SDAD1,-0.0001317497162667
ZMYND11,-0.0001317561990232
MCTP1,-0.00013184562226606567
WDR18,-0.0001318477993104
ADAMTS7,-0.00013199827938024998
PTDSS2,-0.00013199915357697885
EBF1,-0.0001320199090659568
APBA2,-0.00013203016942355
SLC17A9,-0.00013203076851098661
UBE2D2,-0.0001320431227202186
CLBA1,-0.00013207601320726662
LTBP2,-0.00013208459380324998
SPTBN2,-0.00013210903748957288
WASF3,-0.00013211983628570002
RUNDC3B,-0.0001321234189553
VPS13A,-0.0001321373710259
IRF3,-0.00013214714371956478
ZBED3,-0.00013214788382365
KANK4,-0.00013217887792289456
IMPACT,-0.00013218264795601738
YJEFN3,-0.00013219741292775
MTCH2,-0.00013220680732577898
CYHR1,-0.0001322226661294
NAV1,-0.0001322404055582706
COL4A5,-0.00013224242427470128
SCN1A-AS1,-0.0001322615921162793
TMEM223,-0.00013226970456815
NKAPL,-0.0001323134592471
PPWD1,-0.00013231984909689012
AUNIP,-0.00013232985142413886
SRGN,-0.0001323345707929
E4F1,-0.0001323754242290533
CDKL3,-0.00013237920735887317
OSBPL6,-0.00013239682497450002
CHDH,-0.00013241509980525828
TBC1D10B,-0.00013243888016725
JAG2,-0.00013245068119345
ATP6V0E2,-0.00013248614102565
NPRL2,-0.00013251224864345
PRPF38B,-0.0001325485929967
THSD1,-0.000132551529475
HEG1,-0.00013266300065612686
ARHGAP20,-0.00013267434240435
FIGNL1,-0.00013268245839075
GLYCTK,-0.00013275144270365001
BEX3,-0.00013277108838535
DDX1,-0.00013277661191815
CEP44,-0.000132806785636
CYTH3,-0.00013285464210472205
IRF8,-0.0001328615291643
DMPK,-0.00013286688864147135
RGS18,-0.00013288323987645
NR2F1,-0.00013289098151315662
UBE2O,-0.00013289294949030177
MRI1,-0.00013290731962464195
HEATR6,-0.00013293567023194691
CALCRL,-0.0001330003490619871
HSD17B11,-0.00013302035138310875
CARNMT1-AS1,-0.00013302048917555
DNAH6,-0.00013303710448664998
WNT5A,-0.00013308458090309998
KCNN2,-0.00013311821621676023
EIF1B-AS1,-0.0001331258328868
PTPRJ,-0.0001332148680194807
PON3,-0.00013324219676642607
BNIPL,-0.0001333359051363
KCTD21-AS1,-0.00013334118449840837
ACTR5,-0.00013337126161125154
SASH1,-0.0001333846844944
CANX,-0.00013339013582075495
SCAMP3,-0.0001333950055687433
TBCEL,-0.00013344077391753143
TMED3,-0.00013345816174945
GRK6,-0.0001335048885856
TRAF2,-0.0001335080954859
ENDOG,-0.00013355228040445
COL14A1,-0.00013362622050614999
HAT1,-0.0001336531672027334
FADS1,-0.0001336972827301309
SLC12A9-AS1,-0.00013381265259220114
ZKSCAN1,-0.00013385844687675
ADAT1,-0.00013391079731356556
GOSR1,-0.0001339649178060606
OSBPL3,-0.00013397719297974557
PILRA,-0.0001339881236962517
EMC1,-0.00013399341780681885
CCHCR1,-0.00013402345133124998
ADARB1,-0.00013403318866323917
PUF60,-0.00013406700747969238
EFHC2,-0.00013412087628530002
PIK3CG,-0.00013413067494705
SPDYE3,-0.0001341315666777
DMAC2L,-0.00013414301685590443
AP001831.1,-0.00013415805456584988
ALG13,-0.00013416077268285
ATP1B3,-0.00013419311474836322
CCP110,-0.0001341936143081
CDK3,-0.0001342285937830063
MTERF2,-0.00013427841620454998
MYEF2,-0.00013427915277221093
DYSF,-0.0001343906355926948
GRAP2,-0.00013440702671810002
RB1,-0.00013442808418678614
DCLRE1B,-0.0001344378902489
ZFAND4,-0.0001344579308487
RGN,-0.00013446696873458175
MGST1,-0.00013446989142076125
NRBP2,-0.00013455522499224135
HEMK1,-0.0001345850515785247
PPP6R3,-0.0001345923016504474
BICD2,-0.0001346053250623106
POLR2H,-0.00013465386556165
TMEM132A,-0.00013468206376448217
EPHX2,-0.00013475973915875458
CRYBG1,-0.0001347607401251
POLR2G,-0.00013477386948755
PCSK1,-0.0001347783028199
MXRA5,-0.00013479562086085
ZFP14,-0.00013481474946175
ZNF480,-0.00013482684093130002
ZNF528,-0.0001348880977338
BRD9,-0.00013489526827155
EDIL3,-0.00013492533347991335
EFCAB6,-0.00013493273883640508
ZNF644,-0.00013498377118270892
TFR2,-0.00013500424744055
CYTIP,-0.0001350916590079176
ARL5A,-0.0001351201125355
RFXAP,-0.00013516518257879743
SYBU,-0.00013516785342523077
GPR137,-0.00013518468737892082
LNCOC1,-0.00013518482476695
RRP1,-0.00013519758364915
CD2,-0.00013521327845705
IMPDH2,-0.00013522812895585
ANKEF1,-0.00013524747684875
SARM1,-0.00013530537041565784
PSMA4,-0.00013535924470879998
TMC3-AS1,-0.00013540501138775002
NDUFB1,-0.00013544565657105
MBTPS2,-0.000135456889974417
KIF6,-0.0001354669652144
PGM5,-0.00013546754223205001
ADCY1,-0.0001355019500424
NDUFA7,-0.00013550817475665002
APOL4,-0.0001355938953699
TCN1,-0.00013560086069614997
SPG21,-0.00013562763770061048
DCPS,-0.00013562765517057944
ABCC1,-0.0001356280228975132
SRSF4,-0.00013563995008218296
SNHG31,-0.0001356568103971885
FBN1,-0.000135720563669
BMF,-0.00013573548471524998
ACAP3,-0.00013575074867826838
SNRPD1,-0.00013578756391895
ZFP41,-0.00013580348387023068
SYDE2,-0.00013581024367988168
PCDHB7,-0.00013583062307350358
SCO1,-0.00013584254283833394
SNUPN,-0.0001358560972878655
GABRB2,-0.00013590319239980002
PCYOX1L,-0.00013592008575405
FBLN5,-0.0001359253053447
COPS6,-0.0001359367890463
CD14,-0.00013599461048345
HSPBP1,-0.000136001187021
EML5,-0.00013601354928880087
DIPK2A,-0.00013603919986646752
ADAMTSL1,-0.00013603928454165
ZNF180,-0.00013606295703648793
GPLD1,-0.00013606490595290002
PMPCA,-0.00013608639752894672
NUP62CL,-0.00013609016446562548
COBLL1,-0.00013610695798145001
DPH7,-0.00013613214746091866
PEX5,-0.0001361634288545
B3GAT3,-0.00013619661201438356
SLC25A26,-0.0001362100399797787
ZNF493,-0.00013623620636125
QTRT2,-0.00013625575198947392
PLD3,-0.00013630790110935001
PDCD7,-0.00013631456928302088
IGSF9B,-0.0001363301547096651
KEAP1,-0.00013633069568420002
CDK2,-0.00013637834674289087
ANKRD54,-0.00013643201784250292
SLC38A9,-0.00013644966635909927
CLK2,-0.0001364554934441
SNHG8,-0.0001364589415361
SGIP1,-0.00013646212897395
NUP58,-0.00013647977889405795
GIT2,-0.00013651118072998523
PSMF1,-0.00013651178877567804
PDLIM4,-0.0001365168301722464
NDRG3,-0.00013653531842160827
RBBP6,-0.00013658345268489208
TGFB1I1,-0.00013664708737019365
CYP39A1,-0.0001367104404810235
KCTD15,-0.00013677445765770602
MID1,-0.0001368133205445461
MRPS34,-0.0001368236045273
UBOX5,-0.0001368622220896043
RPA2,-0.0001368676435406216
DDX18,-0.0001368980126997
ECSIT,-0.00013690082583811124
POLB,-0.00013691821318381335
ZNF92,-0.00013697342665525
NIPSNAP3B,-0.00013697853899925002
RUFY4,-0.00013699355568550002
PLCB4,-0.0001370168256434
FBXW4,-0.00013701809207415
ZNF485,-0.00013714555504805
TMX4,-0.00013714667422645
DNAH11,-0.00013717719656565
DCLK2,-0.0001371879577734
FAM118A,-0.00013724391223372132
TRA2B,-0.00013724594730005
ZFP36L2,-0.00013725447646724403
IKZF2,-0.00013726538884955
CDC6,-0.0001372956626297
MTHFSD,-0.0001373043902116
MTRR,-0.00013731222533564086
DARS2,-0.0001373338503343326
SYTL1,-0.00013739024886195002
PRDM5,-0.00013739946976040987
SPON2,-0.00013740793117890857
KHDRBS2,-0.00013742850735725
PPP1R8,-0.00013748689590819998
ERCC6,-0.00013753683564163478
CCNE1,-0.0001375876064881
TMED8,-0.00013759319243509594
GNAZ,-0.00013761778626231882
PNPLA3,-0.0001376356720471559
TMEM135,-0.00013764877292269637
PCGF2,-0.0001377462435829
ARHGEF19,-0.00013777833001755
HIST1H1D,-0.00013778456550595
TAF9,-0.0001378116387843
CEP97,-0.00013782008905515
TPGS2,-0.0001378326567105
WDR47,-0.00013784630280196399
GNPTAB,-0.00013787406399135
NAAA,-0.00013790439932455
ZNF331,-0.0001379173062902
FBXL18,-0.00013797841890344999
DOK3,-0.00013802775480015
CTBP1-DT,-0.00013803744418415
FBRSL1,-0.00013806185439114998
PTPN2,-0.00013810576899646242
SLC25A19,-0.0001381083225008
ZNF213-AS1,-0.0001381158949519872
NEIL1,-0.0001381214161304
NYNRIN,-0.00013813260027495
NOD1,-0.00013815370730459452
KIAA1841,-0.00013823654657470002
HSD17B4,-0.0001382489828328
ZNF512B,-0.00013825087969581213
FO393401.1,-0.00013826532461011916
TTLL11,-0.00013827388851596836
LSM5,-0.00013828272909225
ALG5,-0.00013829754191035
MARC1,-0.00013833597611505002
DYRK4,-0.0001383560983288
JADE1,-0.00013837886381428994
FES,-0.00013837983737580606
CAV3,-0.00013841655783887994
RBM10,-0.00013844190048890536
CASK,-0.0001384563904951
PEPD,-0.00013847385245575
CARHSP1,-0.00013848629338811453
DHX29,-0.0001384951662280281
ZWINT,-0.0001385009107884
KLHDC1,-0.00013852001238844823
NUDT8,-0.00013863895208774998
SFXN5,-0.0001386937067422023
POLR2F,-0.00013869502016565
GPX8,-0.00013871225777739306
CYBRD1,-0.00013871941386009998
CAAP1,-0.000138768746651
COLGALT2,-0.00013877333653563177
LARP1B,-0.0001387974020397
CYC1,-0.0001388255905971815
HTR3E,-0.0001388312074411
RWDD2B,-0.00013887824484941694
ASH2L,-0.0001388831030416
MAP3K6,-0.0001389061042588315
SBK1,-0.0001389061145890541
THOC3,-0.00013891164384585
PCMT1,-0.00013894640439455
CCND2,-0.0001390101140652787
CDAN1,-0.00013902660762645
PROCA1,-0.00013904100877979998
UPF3B,-0.00013910739061405
LCA5,-0.0001391153104263898
RAPGEF6,-0.00013911690613517642
PRKAA1,-0.0001391505196796
MAPKAPK5,-0.00013918501240367843
A2M,-0.0001391973758720998
PSTK,-0.00013919966985675
MTPAP,-0.00013929335276900042
PTBP1,-0.0001393042397512
CCNJL,-0.0001393171978257
PARP11,-0.0001393562774037428
SMARCD3,-0.0001393571247639
VAC14,-0.0001393802427343519
LONRF1,-0.00013938198492365002
KLHDC2,-0.00013939968359135
ERICH6-AS1,-0.0001394502753326044
OGFOD3,-0.00013945594465115442
C17orf53,-0.0001394910764167
CASP2,-0.00013949721768091147
DVL2,-0.00013962290724275
MATR3,-0.00013965426204390027
CPSF7,-0.0001396806523744331
SNHG20,-0.00013970040807700001
CCDC84,-0.00013970546472373874
ASCC3,-0.00013972659567388124
EIF3M,-0.0001397324874046696
COQ5,-0.00013974656479709999
MRRF,-0.00013975860697361406
FAAP20,-0.0001397815090933
TBC1D24,-0.0001398171103463895
THBS4,-0.0001398199617225713
NOP53,-0.00013985450276920685
AMD1,-0.00013990529174200657
HSF2,-0.00013992630508410556
CNTN4,-0.0001399485722580661
TRRAP,-0.00013995786098310918
MANBA,-0.0001399645438275
MRPL38,-0.0001400260577528119
AKAP10,-0.00014004629750801942
PISD,-0.00014005464446941487
SORL1,-0.00014006992985405
SERP2,-0.00014017418755782454
NRM,-0.00014021302644045
RAPGEF4,-0.00014024981754978658
PSMC3IP,-0.0001402510713605
KCNJ12,-0.0001402824483543
HCK,-0.0001403813492914337
PFKL,-0.00014043561861024135
RCC2,-0.00014054426591530002
SLC37A4,-0.0001405451034867644
RAD9A,-0.00014064519203855
C16orf58,-0.00014065667330436665
CUL1,-0.00014068426993542167
GPAA1,-0.00014070774789428663
BRIX1,-0.00014072190561844624
SFMBT1,-0.0001407262530113
BNIP3,-0.0001407494818925228
PTGES2,-0.0001407774257038
FAM76B,-0.00014082469334160115
ZRANB2-AS2,-0.0001408270750348858
SPPL2B,-0.00014083763740620436
RHBDF2,-0.00014085316037992188
TRPM3,-0.00014086656708930188
ANXA13,-0.00014089744836995002
TMEM237,-0.00014097280814204997
DOCK7,-0.00014099033880392617
SET,-0.00014100555332164998
CETN3,-0.0001410385587293
ANK1,-0.000141082419163
GATAD1,-0.00014109907713492665
NOX4,-0.0001411869776607397
MCUB,-0.0001412074233540345
CXCL12,-0.00014123704963395
UQCC3,-0.0001412378332263
ADAMTS12,-0.000141240946626
COMMD4,-0.00014124351921340002
RFX2,-0.00014124600931144998
CCDC192,-0.00014130371612058895
P2RY11,-0.00014138007482855
ABCA7,-0.0001414052140060219
POLH,-0.0001414560457421
MAP3K20,-0.00014145877784059663
DMAC1,-0.0001414709258187589
UBTD1,-0.00014148674268653626
C17orf75,-0.00014150784469433442
LPCAT3,-0.0001415325085663
CDK19,-0.00014154774943531514
CFD,-0.00014155094939721335
TRMT9B,-0.00014157034943795
HNRNPA2B1,-0.0001415728952907
BBOX1-AS1,-0.0001415740268461
SSPN,-0.00014157825149135
UQCC2,-0.00014159762677685
PRR3,-0.00014161547739203838
ZFHX3,-0.0001416286953333424
NKAIN3,-0.000141631473676209
RBM15,-0.00014166498999755
LY6E-DT,-0.00014166896797226767
INTS4,-0.00014167030293374248
ZNF280C,-0.0001416785808230167
TIMMDC1,-0.00014169331620263043
ARL6IP4,-0.00014169607795085
TMEM192,-0.00014171272767605
TRAF3IP2-AS1,-0.00014171282723874113
MBNL3,-0.0001417729143335689
VKORC1,-0.00014180634898475
MAP4K2,-0.00014187222840124098
ZNF521,-0.0001419122454280634
ACCS,-0.0001419529034062269
TVP23C,-0.00014203922954387506
MAPK12,-0.00014204263013305
CLDN2,-0.00014207635244705
HEXIM2,-0.0001420883098861
TRPV2,-0.00014210332005256627
WDR77,-0.0001421374365515
GPR19,-0.0001421660090112
MIOS,-0.00014223105482734824
ALG1L9P,-0.00014225803706323454
FBXO43,-0.00014226735102125
ACSL3,-0.0001423383501391
SNHG10,-0.00014236859881745
NSMCE4A,-0.00014237115834605
FAM229B,-0.00014242062871915
FAM171A2,-0.00014243779561285
MED25,-0.0001424423373848367
ATXN3,-0.00014245103061785554
TMEM147-AS1,-0.0001424529522619475
SRP14-AS1,-0.0001424734624419054
ERP29,-0.00014249233228986793
CCDC58,-0.00014254205978080753
TAF1B,-0.00014259457651995229
MBTPS1,-0.00014263025422386
AP001462.1,-0.00014264874822595
GAPVD1,-0.0001426751581804999
PRKCB,-0.00014268806533095
RIBC2,-0.000142761615136
MCM7,-0.00014279830189836663
CHRNA5,-0.00014282124463455
ADD3,-0.00014285141063057072
GLCCI1,-0.00014285888462142287
CCT7,-0.00014288186202735
HMGN5,-0.000142891383059486
ACADSB,-0.00014289166704013471
POLL,-0.00014291299784975
TCEANC2,-0.0001429333909108
EEF1AKMT4,-0.00014293571627860258
CCDC80,-0.00014297513005573633
SLC7A7,-0.00014298939146976277
ITFG2-AS1,-0.00014301422658145
GYG2,-0.00014308527558586317
CENPC,-0.00014311761711615
FUCA2,-0.00014312037775680001
CTSV,-0.00014312687741282435
AP000763.3,-0.0001431462234685426
AP000787.1,-0.0001432188123623
GTF3C4,-0.00014322360463870447
COLEC12,-0.00014323650996115
STOX2,-0.00014323988703805128
SEPSECS,-0.00014324228916655
PIGT,-0.0001432581991269
TRA2A,-0.00014328141105351272
SMCO4,-0.0001432835416402
PGAP1,-0.00014329565387725
C1QTNF6,-0.0001433068611198
KCNN4,-0.00014335830819435486
OTUD7A,-0.00014336178788838336
PHB,-0.0001434109140775
MCM2,-0.00014350961140465
UBA5,-0.00014357273362680412
RBM12B,-0.00014358385338698878
OMD,-0.00014361801094715
CPSF4,-0.0001436444156859
EYA4,-0.00014368104950965
WASHC1,-0.00014370436526020628
HMGN1,-0.00014372925021205
LRP4,-0.0001437506042764
GSTA4,-0.00014378651895495
CASTOR2,-0.00014378990732974998
SLC16A14,-0.0001437904642137
RNF145,-0.0001438735036918755
HRH2,-0.0001439520063441
ANKRD44,-0.00014395663076705002
SLC18B1,-0.0001439671284624908
C4orf46,-0.0001439770029727
ZNF862,-0.00014398885613255
INPP5D,-0.00014400089836485
DDX27,-0.00014400334861043836
CDK2AP1,-0.0001440174756206
TMEM9B-AS1,-0.00014403682809240517
ZNF623,-0.00014408570535100394
PUDP,-0.0001440951873137
RAVER1,-0.00014413962406145
YWHAQ,-0.00014418006148461757
RECK,-0.0001442144047913
PPP6R2,-0.00014422178309789427
GPATCH4,-0.00014423606830239998
UTP15,-0.00014427227924547546
ANKRD42,-0.00014427253770647814
CUTA,-0.0001443539413087
ARHGEF9,-0.00014437684131735
EGFLAM,-0.00014440040136410166
AKAP9,-0.00014442748345465
ERCC4,-0.0001444448582428001
POM121,-0.0001444467768902113
NDE1,-0.00014455161270650002
TRIM41,-0.00014462625187580002
RPAP3,-0.00014467952558407853
ATXN2,-0.00014469005249105
IL1RAP,-0.00014474217635175
TSPAN18,-0.00014475256192665
FOXRED1,-0.00014476677366225
SHTN1,-0.00014477747258795001
MRNIP,-0.0001447898379656
TRIM71,-0.00014480025936550243
GFM1,-0.00014481363763278691
GLI2,-0.00014482376712701814
AEBP2,-0.000144856963449
TYK2,-0.0001448821166216
QARS,-0.00014490501667055
C16orf95,-0.00014494132421177943
IMP4,-0.00014494904478255002
BANK1,-0.0001449498035863
SLC25A10,-0.00014495337423215
SLC38A10,-0.00014496312249856686
DCP1B,-0.00014496586514252518
PDGFD,-0.0001449700514151882
HSPE1,-0.00014499193480347987
CRADD,-0.0001450046937344
HS2ST1,-0.00014501340054446686
PFKFB4,-0.00014501540870837915
CD226,-0.00014503167021285
DHRS4L2,-0.00014506670358859327
NCKAP5,-0.0001450833156833
SAMD12-AS1,-0.00014510506210241176
PALMD,-0.0001451340683515
RTN4IP1,-0.000145146570888697
SLFN12L,-0.0001451503971373
TTYH3,-0.00014515324098618952
CENPQ,-0.00014516560834075
ADA,-0.0001451675994883
BMERB1,-0.00014518381054886068
MAGI2,-0.00014519858508776066
ZNF577,-0.00014521743572226537
JAM3,-0.00014522044669360002
ENGASE,-0.00014522809824305
HOXC8,-0.00014525564050235
RASSF4,-0.00014529943424331743
RAD21,-0.00014530536691072045
RRM2B,-0.00014537998889964054
MRPS31,-0.00014544404457753386
PIEZO1,-0.00014548523536265
RNF157,-0.0001454967869185
ZNF839,-0.0001455440127437
USP5,-0.00014555677431365
GPR180,-0.0001456424481096736
DHX8,-0.0001457362466617
THUMPD1,-0.00014581448559225
RARRES2,-0.00014586246879345
SOX6,-0.00014586578080565
METTL3,-0.00014587881689596304
CALN1,-0.00014588244401389998
GLYR1,-0.0001458888940716
RDM1,-0.0001460363832983877
HS6ST3,-0.00014605444059812272
DPAGT1,-0.00014612444260085508
CSGALNACT1,-0.00014618971166535
MAGED1,-0.00014618972693645
DEPDC7,-0.00014630401352825
ZNF347,-0.00014632423836236872
ROBO2,-0.00014635544439945
WNT10B,-0.00014636419041895
B3GALNT1,-0.00014640058289885
DDX24,-0.00014641369515345
RHBDD3,-0.00014650267722145
SNRPA1,-0.0001465050740382
FUT9,-0.00014652445484266108
KIAA0319L,-0.00014652548518565
RAD51-AS1,-0.00014657112843329998
ZC3HC1,-0.00014657252450738312
GINS3,-0.00014660112346265
CDKL1,-0.0001466259867446
KHK,-0.00014668827859475
CRBN,-0.0001467880816337845
TUFM,-0.00014680737658625
FANCD2OS,-0.0001468360478136
DLAT,-0.0001468637862046812
RP1,-0.00014691077473482608
OGG1,-0.00014692589783508986
PTPRS,-0.00014694377683225
NT5DC3,-0.00014695453383045014
ALG9,-0.00014695619179590404
SPARCL1,-0.0001469605576711
SYNCRIP,-0.00014702315669430193
C8orf33,-0.00014705103717603318
PPIL6,-0.0001471743843067599
MAP3K7CL,-0.00014717512472335001
BCL7A,-0.00014718970023451546
TMX2,-0.000147198321517
FBXW9,-0.00014721801192325
GALNT18,-0.00014721856087235465
LEO1,-0.00014723672411987373
CNNM3,-0.00014727467889895
LTB4R,-0.0001473476959034
TRMT10B,-0.0001473572921233291
GALNT14,-0.00014736248336315
TUBA1B,-0.00014741535972105
CPOX,-0.00014746643486645
RASSF3,-0.00014747128636379497
BDH1,-0.0001475481089951
MAN2A2,-0.00014759522634004999
TNRC6B,-0.00014760307778635
CYB5A,-0.000147605570546
ZNF71,-0.00014761458500465
TRPV1,-0.00014761772595405
GGT5,-0.000147646454519
CHAF1B,-0.00014774568713789998
SAFB2,-0.00014778012702740002
RNF220,-0.00014778518371942926
UBR7,-0.000147786592691
NWD1,-0.00014784064933195002
PHC1,-0.00014793426101505
SNHG3,-0.00014796422946534998
NCF4-AS1,-0.0001480003147395
TMEM161B,-0.00014801250594545
GVQW2,-0.0001480906098233
ITPKB,-0.00014811195465435002
C12orf66,-0.0001481137189477187
POLI,-0.0001481703131793664
LIN52,-0.00014817234065091472
RASSF8-AS1,-0.0001482083743774
HSPB11,-0.00014824331079965
CDC42EP3,-0.00014828714469973845
RXRB,-0.00014828832827377053
PFKM,-0.00014829935985484998
MORN4,-0.00014832182018657632
ARRDC3-AS1,-0.0001483974631324713
LRRC63,-0.0001484114953337
SH2D3C,-0.00014844712404565
ZNF850,-0.00014851945361195643
EEF1B2,-0.00014855320583215
PRPS1,-0.0001485572465799
HENMT1,-0.00014855760582439999
MPP6,-0.00014861212187368593
CCDC170,-0.0001486449791007
FP671120.4,-0.00014864731882201286
SLC4A4,-0.000148687838244
EBNA1BP2,-0.00014878100440559997
OSBPL5,-0.00014878488269240003
ZDHHC20,-0.00014880314733706733
NEK10,-0.00014880945183180002
SDHAF3,-0.0001488154908348
RUVBL1,-0.00014883570914605
SGMS1,-0.0001489254646690743
CHD1,-0.00014898378839605958
AFMID,-0.00014899267949754636
TUT1,-0.00014900509829839353
MS4A4A,-0.0001490304448054
USP2-AS1,-0.00014920275996800001
RANGAP1,-0.00014924002678623079
CCDC102B,-0.0001492482177215
MIR3142HG,-0.00014931762371485
DRG1,-0.00014933383747510904
BBX,-0.0001493412948845
HAUS8,-0.0001493509890000233
CAP2,-0.000149351985028323
NME7,-0.00014939219554099999
THOC5,-0.0001494114401598085
LMF1,-0.0001494332001582919
FP236383.3,-0.0001494899648768
EIF3D,-0.00014949084958585762
LRP6,-0.00014950457384585
TRMT2B,-0.00014955849771265
NAA35,-0.00014956134079251832
PHTF1,-0.00014958967233080563
TGFB2,-0.00014959701954183764
TMEM132B,-0.00014962515857655002
DPH6-DT,-0.00014962860840830273
INPP5B,-0.00014965318948989998
RBL2,-0.00014967671541445002
MTUS2,-0.00014967680584735
ARSG,-0.0001496782317847659
LHFPL3-AS1,-0.00014969201234079997
THOC2,-0.0001497065902393838
B3GNTL1,-0.0001497685312816308
CEP162,-0.0001498016968231
ARL17A,-0.0001498129048112331
NSUN4,-0.00014984905264545
CTNNA2,-0.0001499378703038
ERGIC3,-0.00014994290083529999
ELOVL5,-0.0001499467239652
PPRC1,-0.0001499542352543539
MTX3,-0.00014998581632752407
PREPL,-0.00014999456069885
DEPDC4,-0.0001500119776077
WDR31,-0.00015010437315884998
TEX30,-0.00015011215122819998
DDX54,-0.0001501383643079749
ZNF232,-0.00015014060453590001
SNCG,-0.00015015023617702744
TMEM268,-0.0001501635043886
RNF138,-0.00015017493005118094
PAFAH1B3,-0.0001501857816198
CUBN,-0.00015018906833633427
CENPN,-0.00015019277961145
SLC35G1,-0.0001502183490811
C2,-0.00015023124540145
IKZF1,-0.00015024520000535
METTL25,-0.00015026491587645226
AGGF1,-0.0001502761047997
SNHG29,-0.00015028734513778807
CDON,-0.00015031777699511022
OPLAH,-0.0001503296712385
NRF1,-0.0001503320310432875
DTNA,-0.00015033539535285
MFAP2,-0.00015033731816445
NIPAL3,-0.00015034629660441335
MLH3,-0.0001504173769586245
GUF1,-0.00015045854005115
ZFPM2,-0.00015050552295339998
SCD5,-0.0001505409784226277
XRCC1,-0.00015054336198319998
TMEM109,-0.00015054569430244998
NMU,-0.0001505619908475
VASH1-AS1,-0.00015056714923119999
TXNDC15,-0.0001505683215906
AVEN,-0.00015058156343022042
ZNF625,-0.00015058451356775
CD27-AS1,-0.0001506559669626
ABCE1,-0.00015080172353005468
SPATA18,-0.0001508858243652
SURF6,-0.00015089383794845
SPC24,-0.00015092180463335
PIGQ,-0.00015093999159745
BBS4,-0.0001509565903711
EXOSC7,-0.0001509585580606252
SIRT3,-0.00015098592248015
KCNMB2,-0.00015104072817421596
ARRB2,-0.00015104220244880001
P4HTM,-0.00015108930873185
GIT1,-0.00015109355756375
TFB2M,-0.00015109524355279313
EIF2B1,-0.00015114740327475
FAM216A,-0.00015115081994308336
DNAAF2,-0.00015121664815286541
CTCF,-0.00015123659910975
NDUFAF4,-0.00015124817661348129
HCFC1R1,-0.00015129767717625
SMIM8,-0.00015131699080984834
SPIN3,-0.0001514383913566
OVOL2,-0.00015148767324504547
ZNF726,-0.0001514952622668
DHRS7B,-0.00015161917922025
POLE,-0.00015162183435280002
RNF217,-0.00015163709993954875
MRPL58,-0.0001516634800738
ACAD9,-0.00015173576672405
FAM172A,-0.0001517653743697
ATL1,-0.00015176711743975
NUP62,-0.0001517699736476
CCDC15,-0.0001517973886016
STOX1,-0.00015185337376905
SPATA17,-0.0001519024431557413
MKS1,-0.00015197847121594998
PIGN,-0.00015198951195304097
PURA,-0.00015200560857399998
TAB1,-0.0001520423635167
SMO,-0.00015205120217395
F5,-0.0001521063156414335
STARD13-AS,-0.0001521485969511
MRPS33,-0.0001521495012023
RNF130,-0.00015215611613550936
ARID1A,-0.0001522042025175
FBXL7,-0.0001522278453917692
GPRIN3,-0.00015229845447124857
ADAL,-0.0001523274127091722
ZBTB8OS,-0.00015237712493589999
FARSA,-0.00015244726710165
HOMER2,-0.00015248098509283007
VPS13C,-0.0001525109139925805
SYT17,-0.000152514175665
FAM161A,-0.00015252763074845
SMG9,-0.0001525582410328679
HNRNPM,-0.00015257219274562595
ALG1,-0.00015257705847585002
RGS5,-0.00015258105820995
ASPSCR1,-0.00015258513091785
NCAPH2,-0.00015260571301194999
TFF3,-0.00015260839738429999
GABPB1,-0.00015266155798743903
IFNG-AS1,-0.0001528479746845
SMIM7,-0.00015285636335609469
CLIP3,-0.00015293282979614455
GPER1,-0.0001529374780832
SLC16A7,-0.00015295167245064998
SUCLG1,-0.00015299799193065
MRPL37,-0.00015306555550835
TPM2,-0.00015310992375345
KRIT1,-0.00015312562496975
SLC1A3,-0.00015314593040351485
ROS1,-0.0001531774952747591
SLC43A2,-0.00015317868930203742
LRPAP1,-0.00015321968772855
SIGLEC11,-0.00015326960064
RPE,-0.00015329011175183103
GASK1A,-0.00015329797604135
CYB561,-0.00015335065354125
GTF2H2,-0.00015337979898775528
SLC25A35,-0.0001534009686539
ZNF652,-0.00015340632815510002
MTO1,-0.00015351140261324998
RNASEH2C,-0.0001535177628623
TMEM243,-0.00015355827435960002
CYP20A1,-0.00015356097764562246
EHMT1,-0.00015356120000725
CD180,-0.000153569634026
FAHD2A,-0.00015362423159456004
RBFA,-0.00015362833348683464
ZNF708,-0.00015376642352815
KCND2,-0.00015379278686334998
SNHG16,-0.00015381275294054555
MRC2,-0.0001538165617449
USP20,-0.0001538767423909
TNFAIP2,-0.0001538905759797787
EPM2AIP1,-0.00015389362413505077
ACAD8,-0.00015392303977899643
SEMA6A,-0.00015397985373133215
MMAB,-0.0001539949479016
NIT2,-0.00015401346062925
ZNF276,-0.00015405985124670145
MARVELD1,-0.00015406853441605
P3H4,-0.0001541040775553
ZFYVE16,-0.0001541192752936
PPP1R13B,-0.0001541210955511
PXYLP1,-0.0001542473481911
CHODL,-0.00015428086192899998
DNHD1,-0.00015428158525989343
IKZF3,-0.00015437083802005
ARRDC3,-0.00015441479157007632
RNF135,-0.00015444028352037104
RSPO3,-0.00015453271105849998
HOXC4,-0.0001545463036011
DIRC3,-0.00015456189743592055
GLE1,-0.0001546288617626
C2orf92,-0.00015465392807894438
FXN,-0.0001546674644497
ZCCHC14,-0.00015471488512097816
SUSD4,-0.0001547283481707
BCAM,-0.00015473909729925
FIRRE,-0.00015474107647355493
CWF19L1,-0.00015474858407515
HACL1,-0.0001548280227921186
DDRGK1,-0.0001548297248613181
MRPL12,-0.0001548529412911
RERGL,-0.00015487096306634134
MTSS2,-0.0001548917209261
ANKRD50,-0.0001549139121224584
CFAP300,-0.00015494384256673307
AKNA,-0.00015495744871369999
GTF2H5,-0.0001549848766638
ZNF771,-0.0001549941797986109
PEX1,-0.0001550056367183
G6PC3,-0.0001550433964557
CFAP36,-0.00015505164464531344
FAIM,-0.00015507914698129999
TMEM232,-0.0001551354420163
SSBP4,-0.000155135530795
HNRNPA1,-0.00015516092368245002
C2CD3,-0.0001551621940613
IPO8,-0.000155171415581
MCRIP2,-0.0001552006805432
CDKN2AIPNL,-0.00015520832164555
TESMIN,-0.0001552325811912
SLC25A27,-0.00015525863648869999
CPS1,-0.00015527437433184127
TKT,-0.00015531799933845002
METTL1,-0.00015532083794205
DMAP1,-0.00015542153349875
PLEKHG4,-0.0001554492573989
SMAD9,-0.00015547609889414346
RNF20,-0.00015550658136985002
BSCL2,-0.00015552269459415
H6PD,-0.00015556217604036847
DDX51,-0.00015557665728124998
MYO9A,-0.0001555799066942648
SLC25A6,-0.00015560313521899999
WNT5A-AS1,-0.00015564993082265
SMIM4,-0.00015570350090282715
BCAT2,-0.00015572153966409485
PI4K2B,-0.00015579729269765
BDH2,-0.00015580413296475
LYPD6,-0.00015581517020784682
DOCK9,-0.00015581886477514999
THAP12,-0.00015584571109239837
HHAT,-0.0001558833521133913
RBX1,-0.00015590729847603582
HDGFL2,-0.00015592734791034998
SLC26A6,-0.0001559382090917
IGFBP4,-0.00015596358515883476
BOP1,-0.00015596556154425
LARP4,-0.00015603373463269973
GOLGA8B,-0.0001560510131665
SIGIRR,-0.00015606639596555001
ZNF738,-0.00015612731920930164
ANP32B,-0.00015614460823975
TOX,-0.00015619120716952743
ENPP1,-0.00015619844389645
TIMM50,-0.00015620133283155
DDB1,-0.0001562151672845094
PHF10,-0.00015630503391275
SIGMAR1,-0.00015631045132125
HIVEP3,-0.0001563179866740778
MBD4,-0.0001563274817016
NBPF9,-0.00015635752658945
AKAP8L,-0.00015637240228305
GDAP1,-0.0001564138907019
TTL,-0.0001564384410162651
KLF3-AS1,-0.00015647231441149998
PAK1IP1,-0.00015654768572951458
AP1S2,-0.00015659745564059426
NUP98,-0.00015672856600845
ADORA2B,-0.00015675844392595
BX004807.1,-0.00015676760609565
LCP1,-0.00015678745984645
PPP2R5D,-0.00015684738427934998
GRB14,-0.0001568997298592
GATA2-AS1,-0.00015692764814899998
SLC25A39,-0.0001569516747448
AKAP7,-0.00015696193499647467
YEATS4,-0.00015696638372180002
MYLK,-0.00015705947903699998
HOXD3,-0.0001571488938144
GGNBP2,-0.00015715171843959998
CROCC,-0.0001571889960554
ATP5MC1,-0.000157198272383
ZNF141,-0.0001572334735527
L3MBTL4,-0.00015729613279388068
WDR59,-0.00015736045060795
SIVA1,-0.00015736592853105
GCSH,-0.0001573944889464555
MARC2,-0.00015741470094575
RNF26,-0.00015742194236971369
CYP1B1-AS1,-0.0001574537293937
CACNA1H,-0.00015749124182715
AP001318.2,-0.00015750324540435
RMND1,-0.00015754417140269753
KLHL17,-0.0001575523435854
ELAVL1,-0.00015755804728495
CASC15,-0.00015757869489624999
CA12,-0.00015758860883699998
GPC6,-0.0001575970004201
DCN,-0.00015762308696635
NDUFV3,-0.00015780425752647114
PACRGL,-0.00015780561205065
CCDC144A,-0.0001578808882924202
IER5L,-0.00015788534273635
C2orf69,-0.00015794248442134998
GOT2,-0.0001579512271182662
ZNF496,-0.00015795802777474668
KCNAB2,-0.00015797400019849998
IARS2,-0.000158015105995
ZNF584,-0.0001580471610209582
TKFC,-0.0001580523602361
MARK1,-0.0001580907976793
SLC25A42,-0.00015812512881693635
RAD1,-0.00015817223233220002
WDR72,-0.00015819560235815
NNT,-0.00015824579319685
XPO7,-0.0001582598963987
GNA14,-0.00015830419976010002
GATD1,-0.00015841548483515
USP37,-0.0001584296662686
UNC119B,-0.00015843246320625
TOMM7,-0.00015846703450985
SESN3,-0.00015846862836375
AACS,-0.00015851437027224834
TXNDC12,-0.00015853613239784998
ZNF286A,-0.0001586167234120973
CLTCL1,-0.00015863905774709999
PDE7B,-0.00015864148108275
PIK3R2,-0.00015865321566225
MEST,-0.00015867834779514998
MIF,-0.00015880133969414117
PRDM11,-0.00015881786400578384
TRMT13,-0.0001588297623688
HSF4,-0.00015884432967223425
CEP131,-0.00015891230579865
FIGN,-0.00015897983967605
CLASP1,-0.00015898047692365
AASDHPPT,-0.00015906910242605976
SHROOM2,-0.00015909455260240798
MRPL1,-0.0001590955643859
FAH,-0.00015910008193424998
CAT,-0.00015910488332255
ADIRF,-0.0001591393645691
NIN,-0.00015914328133764078
DCHS2,-0.00015914605508365
CFAP97,-0.0001591560686532
AEBP1,-0.00015915640994455002
KNOP1,-0.0001591649328514
ARMC6,-0.00015923638041295
NRXN3,-0.00015927895328927998
ATRIP,-0.0001593388157844641
CSKMT,-0.0001593489108978
NIF3L1,-0.00015935694781975
ALDH16A1,-0.0001593735405339
SLC27A2,-0.0001593974342531
NRG3,-0.00015945805104395
DCDC1,-0.00015946581544654998
WDR41,-0.00015948840803486566
PCF11,-0.00015954915708607802
MSL2,-0.00015956491269095
CRAMP1,-0.0001595776117357476
C3orf80,-0.00015957808644829715
DRG2,-0.00015962194770530001
PSMB2,-0.0001596294516742
NOTCH4,-0.00015964641740942007
KCNMA1,-0.00015964692898986916
TRAPPC6A,-0.00015968471895829502
ATPSCKMT,-0.0001597282986621
GTF2F2,-0.00015972852123989992
XRCC5,-0.00015976647882030002
CNN3,-0.00015978007518358534
FBXO16,-0.000159781864994568
AP002360.1,-0.00015979519965115
MAML3,-0.00015981207602985
MZT2B,-0.0001598272060079
EMC9,-0.0001598430036702
ATP10D,-0.00015990858571203074
ATP8B4,-0.0001599111912859
DCAF16,-0.0001599260767922
AFF3,-0.00015995433296324998
DIPK2B,-0.00015997893254527507
MCMBP,-0.0001600552516753116
MMS19,-0.0001600794721543371
DDX39A,-0.0001600888884137664
PIPOX,-0.00016012565235670002
HUWE1,-0.00016012591298594753
PRPF39,-0.00016019840690637167
CEP41,-0.0001603112041799677
SPATA33,-0.00016032992846569565
KAZN,-0.0001603638723843
PGS1,-0.00016037670471615002
N4BP2L1,-0.0001604069190523
MALSU1,-0.0001604144023416499
IFT88,-0.0001604397625314843
SAAL1,-0.00016048780608354414
PPIL2,-0.00016048928063705576
TMPO-AS1,-0.0001606353546809
PAXIP1,-0.00016063894297835
MRPL27,-0.00016064561730935
SNAP47,-0.00016065313913435
RIOK1,-0.00016070499656995689
ZNF511,-0.00016073145298845
ACAD10,-0.0001607343080390599
KSR2,-0.00016080691998684998
RNF121,-0.00016081522859689393
PLA2G12A,-0.00016087312106955
NNT-AS1,-0.000160918177248
SLBP,-0.00016093629907805
RBM14,-0.0001609433821781819
LZTS1,-0.00016096242737255
DNAJC2,-0.00016098855253649514
SSC4D,-0.00016100464595892146
MIR646HG,-0.00016107602796511776
FLT4,-0.0001611397972112
SNU13,-0.0001612737943263804
CP,-0.00016133588301151943
SIN3A,-0.00016136188755318484
GRM8,-0.000161366595826
ZNF273,-0.00016139116580045002
LEKR1,-0.0001613939153923
NBN,-0.00016139470763825516
DFFA,-0.00016153146046441198
THSD4,-0.000161604717963
QRICH1,-0.00016167541718762688
WDR3,-0.00016174402682316716
TRIQK,-0.00016174578721905001
KREMEN1,-0.00016175599882940002
ARHGEF38,-0.00016176231957137777
CXXC1,-0.00016186542425295001
CUL5,-0.0001618786200656
GNG2,-0.0001619338833336
SAC3D1,-0.0001620240581999
FBXO9,-0.00016203527671680002
ESM1,-0.0001621718290504
LMAN2L,-0.00016217446510955
AKR1A1,-0.0001622165586045
ZNF420,-0.00016222598083180054
HVCN1,-0.0001622615139705
ZNF248,-0.00016231992211715001
AP002026.1,-0.00016239764068735
POLK,-0.00016242282075539495
NFATC2IP,-0.00016247130727959968
GPR161,-0.0001624974393639
RAE1,-0.00016252530914363314
RHOBTB1,-0.00016252636619163615
TMEM64,-0.00016257032048290476
TIMM21,-0.00016257200707499485
OPCML,-0.00016258910623775
APEX1,-0.00016268577919415
ZNF177,-0.0001627708167654
NONO,-0.00016282680265875
RABGAP1,-0.00016287960437395
AMT,-0.00016289225674603067
ZNF775,-0.0001629370340695
ARHGAP39,-0.00016295993033015
AP001207.3,-0.0001630262248719
TRIM27,-0.00016302716472644998
FLAD1,-0.0001630748032204
NKD1,-0.00016311162444409863
HEXD,-0.0001631217902698
MED12L,-0.00016317494568025002
NID1,-0.0001631944650509
DYRK1B,-0.00016319829851225
FILIP1,-0.0001632601012115
MRAS,-0.00016328350363428747
FTX,-0.00016336310905408946
RCSD1,-0.0001634046435314
ADCK5,-0.00016344638439215
CHST12,-0.00016349080491445
POLR3G,-0.0001635962636290884
ZDHHC17,-0.00016363844153499847
PTPN6,-0.0001636485963525
TBXAS1,-0.00016370459252015
EXOSC10,-0.0001637434132998411
HABP4,-0.00016380905336147263
PLEKHB1,-0.00016382811970215
DEK,-0.00016383434256048686
AP001347.1,-0.0001639138565024
ARL6,-0.00016391837515580002
NADK2,-0.00016393501513701006
MAP3K20-AS1,-0.00016394859835967393
JMJD8,-0.00016397814890355
PRDX2,-0.00016398418796455
NME2,-0.0001639875990563
ATP5F1A,-0.00016403613687515
ZFPM1,-0.00016405772159275
ALDH5A1,-0.00016411062219445001
GARS-DT,-0.00016411983996010001
SELENOM,-0.0001641380318366
FAM81A,-0.0001641499972655
NOL11,-0.00016415175705875335
SKA1,-0.00016421329751285
PUS7L,-0.00016422951454289901
NLE1,-0.00016425904416834985
POLRMT,-0.00016428802992945
SGO1,-0.00016429119291080002
RASGEF1B,-0.00016430381376335
EML3,-0.00016431833356625
USP42,-0.00016433846919855
SEPTIN6,-0.00016437188486415
CHST10,-0.0001643797271714
ARMCX4,-0.00016438376920555
HDAC6,-0.0001644320885003322
TNFRSF25,-0.0001645068042586
CBFB,-0.00016452416313612327
ARHGAP4,-0.00016453563002405002
NMNAT3,-0.00016455486322900002
NDUFB6,-0.00016458036152615
IDH2,-0.00016459001015405
EXOSC2,-0.0001645903044352
SEPHS1,-0.00016464605564145
FAM120B,-0.00016471080134059998
TTC9C,-0.00016478413690445
CCDC30,-0.0001648259234681585
SH3RF2,-0.0001648297772702
NT5DC2,-0.0001648596887527
RFC2,-0.00016493135721065
NXPE3,-0.00016493929319425
PRKCSH,-0.00016494009359715
EPHA4,-0.00016494870640614746
MAATS1,-0.00016496466524975
BCL7C,-0.00016499211643595
DDX50,-0.0001650209257846346
RBM41,-0.000165034877392
HDGFL3,-0.00016511339858925
TMX3,-0.0001651266599263855
SEPTIN2,-0.00016513687161757334
BARD1,-0.00016525610620684997
KLHL32,-0.00016527439561515
DALRD3,-0.0001653472605557
GCNT1,-0.00016542061867945
WDR81,-0.00016543087315995
LRRC14,-0.00016543471385935
ESR2,-0.00016547023085824512
BTF3L4,-0.0001654909487898
NUDT1,-0.00016551453513165
SNRPD2,-0.0001655418203484
NFRKB,-0.00016554529468892998
TNFAIP8L1,-0.00016555028131039998
PRIMPOL,-0.0001655605759089
DHODH,-0.0001656151001883
EXOG,-0.0001656399964860519
ZKSCAN5,-0.0001657777313025
NCLN,-0.0001658385328363
MTFMT,-0.0001658514121798
PIGM,-0.00016585294478339998
SLC25A40,-0.0001659468035786
METTL2B,-0.00016595999699319213
MBLAC2,-0.00016597671825023422
C2orf81,-0.0001659873933018
SERGEF,-0.00016601132329006828
ALG3,-0.00016603089897105
MTG1,-0.00016604760991215
ITGA1,-0.00016609097454238308
LTV1,-0.00016615853441615
PEX3,-0.00016619934666122619
ZNF785,-0.00016620242595219296
MCMDC2,-0.00016622579731815002
CARNMT1,-0.00016631118615295
ENOX2,-0.00016631638337055
SLC35E2B,-0.00016635840845355
SNHG7,-0.00016636499032139998
TCF19,-0.00016636722787875
TOMM20,-0.00016644655432245
STAT4,-0.00016654395651599999
PODXL2,-0.00016658504235275001
MEF2C,-0.00016658968556761713
CUEDC2,-0.00016663485965384998
GTF3C2,-0.0001666562411472
C1orf109,-0.00016667058126315
FAM72A,-0.0001666926110812
MPPED2,-0.00016672371880625
MXRA8,-0.00016678690225785002
HOXA3,-0.0001667940263719
SPATA6,-0.00016681541820925
LAPTM5,-0.00016683401557705
PPP1R16B,-0.00016686652268945
CEP57L1,-0.00016698020374838638
COL6A2,-0.00016698837603752305
RASGRF2,-0.000167030410829
CASC2,-0.00016708343566230002
SAMM50,-0.00016709281141097593
NALCN,-0.00016709459416980001
FOXP4-AS1,-0.00016709767391945
DDX41,-0.00016714146649759998
IFT46,-0.00016719777197435
CERCAM,-0.00016720634773350002
SLC27A1,-0.00016726165913433873
RHOH,-0.00016731378822595
MYO1F,-0.00016739688274705
CREBZF,-0.00016740137412204998
RNF152,-0.00016745216447439998
FASTK,-0.00016747437078755
CYFIP2,-0.0001674771242385
C20orf96,-0.00016753167039655002
SDHAF4,-0.0001675610212522
HMGXB4,-0.00016756995349182294
TSTD3,-0.00016760120547225
PLXDC1,-0.00016763889626695
NFXL1,-0.00016773839269283432
C19orf44,-0.00016778640835885
NUP188,-0.0001677910142081
PTPRC,-0.00016780299881745002
ZDHHC8,-0.00016791539020047773
GYS1,-0.00016792030683826167
CSTF1,-0.000167929561062258
PHRF1,-0.00016801007490093765
ATP10A,-0.0001680478645580971
SNHG15,-0.00016805633394936684
SSB,-0.0001680777129095
RACK1,-0.0001681118537391
PPP3CB,-0.0001681221375775342
ZNF66,-0.0001681429710141
SENP3,-0.00016819792919420316
ZSWIM7,-0.0001682158839740389
PPT1,-0.00016824263876628052
DGLUCY,-0.00016828305144875002
C3orf67,-0.00016828841676343894
RNF166,-0.00016829471098815
HLCS,-0.00016829693180974998
GATA4,-0.0001683153735297
ZBTB24,-0.00016837741253528386
SYNGAP1,-0.00016840771933040002
UBASH3B,-0.0001684716576299863
ZNF69,-0.00016851463851055
PYGL,-0.0001685192976744154
RFC5,-0.00016853403358460002
IL7,-0.0001685359620225
POMT2,-0.0001685551903019656
SH2B1,-0.00016865351975780326
TIA1,-0.0001686778596105
INHBA,-0.0001687104953654
RPGR,-0.0001687512936761
TENM2,-0.00016876283313034058
TMA16,-0.00016885576921444998
DDX21,-0.00016888871775460002
TMTC4,-0.00016889760867295
AP000525.1,-0.00016889763436185
APMAP,-0.00016899779446144842
NEGR1,-0.0001690099114094093
WDR36,-0.00016902422762667666
IQCK,-0.00016907964110145002
ZNF253,-0.0001690826136886
NCBP3,-0.00016911912398980341
BOLA3,-0.00016912106340575
THEM4,-0.00016914220672565
MATN2,-0.00016915773898660001
CTTNBP2,-0.00016922257443960001
BCAS4,-0.00016935933330605
SPAG17,-0.00016937395500624998
GGCT,-0.00016940926554680002
CYB561A3,-0.00016943660104935
MRPL4,-0.0001694573938746
ICE1,-0.00016948426894100872
UTP18,-0.00016949019419346703
EXOSC5,-0.0001694982888283
RPUSD4,-0.00016954752416513942
PRELID3A,-0.00016964284750871627
ARIH2,-0.00016965851785975
SMYD5,-0.0001696774979872
NCS1,-0.00016969631489818852
TRMT6,-0.00016978959727015
BGN,-0.00016983977038095
MTIF2,-0.0001698996670925
NCOA5,-0.0001699008194059
MORC2,-0.0001699647355221267
PHACTR1,-0.0001699721504647
ZNF423,-0.00016998729499965
PCCA-DT,-0.00016999022374345
PODXL,-0.00016999851539735
NUP43,-0.0001700163271593
F8,-0.00017004211027645
ICMT,-0.00017008443503925
WDR78,-0.0001701098646548714
TRIM28,-0.00017011745544505
NECTIN1,-0.0001701268264891505
HSP90B1,-0.00017019189405971017
ZBTB4,-0.00017019221449783922
EIF4B,-0.0001702177712647392
HIF3A,-0.00017027633141514153
DCAF17,-0.0001702784138058141
MGP,-0.00017032674513944997
MTRES1,-0.0001703285823287
PJVK,-0.00017032999196825
TTC23,-0.00017048314642919185
MRM1,-0.00017053278026225
CDH13,-0.00017053562627743777
RBPJ,-0.00017057207367044411
PRRT3-AS1,-0.00017057972092965
C5orf34,-0.00017057984434955
PNPLA6,-0.0001705832260981
THEMIS,-0.0001705902808179
PANK2,-0.00017059647363482615
CSRNP3,-0.0001705972647329
LENG8,-0.00017065463224434998
KIF3B,-0.00017074859592245
PRPF31,-0.00017075358408345
PMS2,-0.00017089364564282954
MTHFS,-0.00017089754603643621
MAP3K14,-0.0001709166579479
SETD2,-0.0001709386441878706
WRN,-0.0001709893660008
PPAN,-0.00017100672090485
TMEM254,-0.0001710300790824
WDR74,-0.00017104116259005002
CDC25A,-0.0001710501044867
THOC1,-0.0001710841737573
REX1BD,-0.00017113291797515
PCNX1,-0.00017118649982841158
PALB2,-0.00017134183482511253
MCAM,-0.00017136119817165002
SPTBN4,-0.00017141028563635
PIDD1,-0.00017149795823625
ITGA9-AS1,-0.0001715773843147
NACA,-0.00017159538494035048
TNIK,-0.00017159599254029998
RAD51,-0.00017162051180020003
UNG,-0.00017162693644775
ZNF891,-0.00017164017269885
WNT11,-0.0001716734607461
RMI2,-0.00017169150172095002
CYB5RL,-0.00017174099019435
INO80E,-0.0001718105113053214
MTREX,-0.00017182752930205
AMPD2,-0.00017183940469719998
JADE2,-0.0001718446706374
CREG1,-0.00017188498200915
SHQ1,-0.00017191599671755
NUDC,-0.0001719504369124
ERCC5,-0.00017195734194335
CENPH,-0.00017198838340934998
PTP4A3,-0.00017205041366755
RABEPK,-0.00017205700706547628
HLA-DRB5,-0.0001720900518885961
CKAP2L,-0.0001721425020876
SEPHS2,-0.00017217150652420966
NAA40,-0.00017219178035555
GCC2-AS1,-0.00017226435968775
PARP2,-0.0001722944262408
PRAF2,-0.00017230205014045
WDR46,-0.0001723569439288
TIMP1,-0.00017236363768035001
DLC1,-0.00017237057282899572
MMP16,-0.00017237578053319998
INO80,-0.0001724033136441
POLG,-0.00017258919352925893
DKK2,-0.000172637060335
MRPL20,-0.0001727064520112
SLC35C2,-0.0001727127787883
SUGCT,-0.00017274203922325
CCDC40,-0.00017276963064647406
FBXL5,-0.0001728525643736521
ZNF703,-0.0001728644655233
FCRL5,-0.00017297587567599235
MOK,-0.00017307857224652557
ZBED8,-0.0001730909992872
L3MBTL2,-0.00017310331308380001
CCS,-0.00017310426204874998
HNRNPAB,-0.00017319549020319998
EPM2A,-0.00017324100501763342
GTF3C1,-0.0001732613004978476
EME2,-0.00017333768810035
PROS1,-0.0001733585224206
PIGV,-0.0001733706339854
RPF2,-0.00017344393541731198
AOPEP,-0.0001735043284027
ILF3-DT,-0.000173544982693
ADCK2,-0.00017355678193550002
ERMARD,-0.00017360534838055
TRPM7,-0.0001738020603452766
BBS2,-0.00017391568576671467
MPV17,-0.000173936613712
PCBD2,-0.00017395917184435
MCM9,-0.0001740113648574
ZNF16,-0.0001740873896254
TRMT2A,-0.00017409546019935001
NIFK-AS1,-0.0001741269508831
ZNF713,-0.00017414928568861785
MCEE,-0.00017415308979105
EBP,-0.00017416948836332
BMPR1A,-0.00017419237027016153
IMMP1L,-0.00017421400745195
WEE1,-0.00017428814569219063
FBXL14,-0.0001743391087758
SF3A3,-0.0001743962875117365
CDC25B,-0.00017443026566965
KIAA1586,-0.00017443349743234677
SETDB2,-0.0001744552017619
ST13,-0.0001744818466824
CC2D2B,-0.00017450385942415002
DNAJC9,-0.00017459376777105
NUP133,-0.000174620853025425
NFE2L3,-0.00017466265836165
CADPS,-0.00017470901259072867
TXNRD3,-0.00017471289599557075
VAV1,-0.00017471493711865185
TMOD2,-0.00017473293954475318
ZXDC,-0.00017477656831501416
ATF7IP2,-0.0001747980225325
PRDM16,-0.00017483987201511798
HSPD1,-0.00017486289140418882
RPRD1B,-0.0001748866134904029
ZBTB8A,-0.0001748877979828595
ZNF594,-0.00017494091328950002
MELTF-AS1,-0.0001749961022786
E2F3,-0.00017502683500245
LHFPL6,-0.0001750328488292341
SCCPDH,-0.00017503574234074194
RBBP4,-0.00017508933847139999
ZNF717,-0.00017518357470246347
IFITM2,-0.0001751848654395
PINX1,-0.0001752663947005
TASOR,-0.00017550430067967446
CISD2,-0.0001755679566525
CCT3,-0.0001757304523615
PIK3R1,-0.0001757865012394777
MLLT1,-0.000175842028728
NAP1L4,-0.00017586189071820002
CFAP43,-0.00017595305638525
NAF1,-0.00017607799961585002
PSRC1,-0.00017608949535486505
ZC3H7B,-0.00017622471559754007
EI24,-0.00017624159250835
DMC1,-0.0001762832022583
LTA4H,-0.00017629888437985
ZNF565,-0.0001763342985684956
CCT2,-0.00017634163987545985
URB2,-0.00017636914295164814
ZNF827,-0.0001763696410267
PARN,-0.00017641209136594186
AGO3,-0.00017641788113477861
PACS2,-0.0001764487581353
ERBB4,-0.00017652264489975
GDI2,-0.00017660764490515
RAB23,-0.00017661785926828888
DEPDC5,-0.0001766626616721
PITPNM2,-0.00017674691601148718
ATP5MC2,-0.00017676956718059997
HMGB3,-0.00017683275851235
FBLN1,-0.00017683424045155
PCDH18,-0.00017688612403815
MAST4,-0.0001769374240847
MANEA,-0.00017695681084545
COPS3,-0.00017695937606634926
GPR173,-0.0001770125526309
SLC2A11,-0.00017702305212917153
GPALPP1,-0.0001770510236368
SATB2,-0.000177052741195
ADGRV1,-0.00017707734853615
LMF2,-0.00017710359125954075
ZNF142,-0.00017712227020298611
LMCD1-AS1,-0.0001771291230716291
GOLM1,-0.00017718333889775
HPF1,-0.0001771891379215
FAM13B,-0.00017724769271249273
CS,-0.00017725014045205
ZGPAT,-0.00017726732777609999
CRYBG3,-0.0001773195388009
MICU3,-0.0001773323440487
NEU3,-0.00017734204111795
CEP95,-0.00017737608714381368
ADAMTS14,-0.0001774153814644
STX18-AS1,-0.0001775409012276
THAP7,-0.00017755489633265
FGF1,-0.00017761884414985298
NUP37,-0.0001776384954566
PREX1,-0.00017768998664425
ARMC10,-0.0001777106120384
ADCK1,-0.0001777367527152
LARS2,-0.0001777935391445081
NCKAP5L,-0.00017784180679377082
RERG,-0.00017784238904475
KPNA5,-0.00017785072222611435
MUC20,-0.00017789749825845
FAM72B,-0.00017795295080172397
EIF3E,-0.00017796751685872895
RNASET2,-0.00017797642518645
AXL,-0.00017797724773415
CD96,-0.00017800845317495
DISC1,-0.0001780661685580215
HMBS,-0.0001781101349556
DSE,-0.0001781402925708
ZNF724,-0.00017815117732355
COLGALT1,-0.00017818575466645002
PTPRU,-0.00017819705270745
PGAP3,-0.00017822682671175003
LPXN,-0.00017848273886445
STK32A,-0.0001785050593346
MASTL,-0.0001785224670098
LPCAT1,-0.00017854666372885
ERMAP,-0.00017855720250535
LSM2,-0.00017859225233376216
SDC3,-0.00017861611819025
ZNF26,-0.00017861673247770982
SRBD1,-0.000178628812781
GIGYF1,-0.00017863313659236658
ZMYM3,-0.0001786827868274
TMEM205,-0.00017871098980325
SNHG5,-0.00017873811137755
BCL11B,-0.00017876342177405
SULF1,-0.00017877838188885
POP5,-0.00017880317753925001
ZC4H2,-0.00017883457515530002
NSUN2,-0.0001788407713053666
ASPH,-0.00017885946372925393
LRRCC1,-0.00017898035252365
RAN,-0.0001789985277205
MAD2L1,-0.0001790015567073
CCDC85B,-0.0001790591560544
TUBGCP4,-0.0001791174598088
CDK5RAP3,-0.00017920018529086638
CA5B,-0.00017922009664768382
LRP12,-0.00017923022062515
SCGB2B2,-0.0001792451443146
DCAF7,-0.0001792925963719
ANO9,-0.000179297924175479
REXO4,-0.00017937207855125
CFI,-0.00017939336482559998
C11orf49,-0.00017943095049185
ST3GAL2,-0.00017947706249784998
CTSF,-0.00017947732022705
P3H1,-0.00017957630292876243
CAMKK1,-0.00017959022893267624
WDR89,-0.0001796426515291639
MED24,-0.00017968693020715
DNAJC24,-0.00017975985223245001
SERINC5,-0.00017979260329667904
ARL2,-0.00017980304234
POGLUT1,-0.00017994999951979998
SLC4A8,-0.00018003192518369998
TAZ,-0.00018003650818445
SNRNP40,-0.00018007095013279704
SLC25A32,-0.00018018908057514061
UBA2,-0.00018023436677287106
BX284668.5,-0.00018023741398705
HLA-DRB1,-0.00018029637267418108
SEMA5A,-0.00018031120449895
MAN1B1,-0.000180404638031571
AP000487.1,-0.00018040616993289998
ZC3H7A,-0.0001804262897643
GLT8D1,-0.00018046272279215
MED21,-0.00018048707162295
CATSPERE,-0.0001805713681207649
HPS4,-0.00018059668459015642
SEH1L,-0.0001806284715050197
SNRPF,-0.00018062939021105002
AKR1B1,-0.0001806678766754
TLE3,-0.000180673458954
PTOV1,-0.00018068925570235002
DLEU1,-0.00018069131389735
GPR135,-0.0001807178720504292
FAM189A1,-0.00018074737800055
OCA2,-0.0001807760577314
PRPS2,-0.00018083732836585002
PSMA3-AS1,-0.0001808780350775
TMEM39B,-0.0001808839505847
UBTF,-0.00018090456946875
YPEL1,-0.0001809163878317
NOTCH3,-0.00018095690101574999
INPPL1,-0.00018100989964172097
TOMM34,-0.0001811768561871
TOR3A,-0.0001811844065963
FOXK1,-0.00018119946072671532
SLC39A5,-0.0001812551569138
IGFBP5,-0.00018127754582439998
EFCAB7,-0.0001813816633949
CDADC1,-0.00018139618681986612
TIPIN,-0.000181407198585
TIMM9,-0.0001814703243011
ANGEL1,-0.00018147317259205
L3MBTL1,-0.0001814844612061642
ADPGK,-0.0001815727014997
KATNAL2,-0.00018157511190560214
CKS2,-0.00018157684705
C11orf74,-0.0001815881710617
BCL2L13,-0.0001816904067248743
MAP2K5,-0.0001817245698285
FOXN3,-0.0001817518442953011
MXD3,-0.000181788907171
FTCDNL1,-0.00018180047208205
RDX,-0.00018180122770272583
TAF6L,-0.00018191227026745
VEPH1,-0.00018195951103755
SEC31B,-0.0001819673005017
TXNL4A,-0.00018202712370095
SIL1,-0.00018205774276579026
POLR3E,-0.00018206707113315
COPG2,-0.00018207097425083148
APOO,-0.0001820792417195
LYZ,-0.00018209439276945
RBM39,-0.000182136323819551
JHY,-0.0001822655305850618
PHF7,-0.00018227394976914999
FRG1-DT,-0.00018231422670305
ZC3H18,-0.00018233225873965001
ADAT2,-0.00018239108197835475
EFCAB2,-0.00018243140853462344
ZNF462,-0.00018245681629049999
FERMT2,-0.00018247969879129998
NME1,-0.000182480033325
AP005262.2,-0.00018249813086635
KLHL8,-0.00018250242448965
BDNF-AS,-0.0001825788946069
UCHL5,-0.0001825983065084606
LRGUK,-0.00018264066492500002
TRDMT1,-0.00018267400480220013
KIF27,-0.0001827753214546
RMDN3,-0.00018281786387665
SLC40A1,-0.00018293066309245823
TSPAN12,-0.00018294428631675
POGLUT3,-0.000182965296755
SEMA4D,-0.0001830093943573
PHLPP2,-0.0001830291361036264
DENND6A,-0.0001830939605879689
AGAP3,-0.0001832058900034
SNRPB,-0.000183206242663951
METTL7A,-0.00018323586228544998
RBMS3,-0.00018323851092595
LRRC20,-0.00018324813708365
DDX39B,-0.00018329979138975
FZD3,-0.00018332271444645
TRIM52,-0.00018337287394685
ANKRD18A,-0.00018339665399187514
WDPCP,-0.00018340954519725
RPAP2,-0.0001834136496395902
NFYC,-0.00018349729519752972
DKK3,-0.00018353486990445
LDLRAD4,-0.0001835442379321
DOCK10,-0.0001835769605103
OAT,-0.00018362601930000001
FBL,-0.00018367042220889998
CBY1,-0.0001836909396591
ARMC1,-0.00018370414233515002
FGFR3,-0.0001837338093792
ZNF559,-0.00018378542643565797
EIF2S3,-0.00018380834807271693
YWHAE,-0.00018387027100527298
NPHP3,-0.00018392606301871603
VCAN-AS1,-0.00018394739851985
COL3A1,-0.00018405830411815
OGN,-0.00018409723102155002
WDR19,-0.00018413129609795
AGO1,-0.00018414740268871203
CENPS,-0.00018414851933685003
AP000721.2,-0.00018416449368475002
ASB9,-0.00018419585837085
GAS5,-0.00018421222858003408
SCPEP1,-0.000184244278732
TEX264,-0.00018431904607835002
TMEM107,-0.0001843302537863
NAIP,-0.0001843698123168
ZNF33B,-0.00018444014731480002
DOCK2,-0.00018444829629695
MDM1,-0.00018447809911975002
MIR181A2HG,-0.00018455628476965003
DAB1,-0.00018456629146821062
NRROS,-0.0001846197820681
ZRANB2,-0.00018465015905290462
EGFL8,-0.00018467051773119999
LIMD1,-0.00018471177845320001
KAT2B,-0.0001847518458511
DTWD2,-0.0001847660800293986
SF1,-0.0001847673605969
ADORA3,-0.00018476973646085
ZNF737,-0.00018481440899474998
PPM1G,-0.00018493537247684999
PALD1,-0.00018494537390025
ANAPC10,-0.00018497694463195003
CRTAP,-0.0001849880111518
RRP15,-0.00018501582975302022
IARS,-0.0001850585000626
CERS4,-0.000185081704205
C18orf54,-0.00018509288395860015
PFDN5,-0.0001851062193412
TUBD1,-0.00018515154686965
POLR3H,-0.00018518507541687835
ASB13,-0.0001852225978233
RGS14,-0.00018532329552045
PIGZ,-0.00018549214398355334
PCNT,-0.00018549224698675
GINS4,-0.000185555953961
MESD,-0.00018556298249184999
HLA-DQA1,-0.00018559822293874714
CHD3,-0.00018570485806545002
PARK7,-0.00018571984186380001
HSP90AA1,-0.00018575055330928564
SIPA1L3,-0.00018576263202705001
MCM3AP,-0.00018576445090064998
GGA1,-0.0001857776227352
CELF1,-0.00018577831698786228
FYB1,-0.0001859769720626
MTMR12,-0.0001860036048645
HSPA12A,-0.00018600953150983698
FHOD1,-0.00018601528898260002
RYR2,-0.00018603673898595
TYW3,-0.0001860625660386287
DDX19A,-0.00018608688595966947
PCID2,-0.0001861318175174
ANKS6,-0.00018614799905633265
MYO5A,-0.00018616304356962893
ZNF239,-0.00018621390116465
TOP1MT,-0.00018623769677905
AP003059.1,-0.00018628214084201274
HAUS4,-0.00018630770217495
SMC6,-0.0001863177280526
KLHL5,-0.00018635972082000892
PLK4,-0.00018636395367225
WDR53,-0.00018639679980765
TMEM209,-0.0001863999380936
PARP1,-0.0001865531146893
TAF1C,-0.0001865613230871
RAB40C,-0.0001865782258772
HNRNPK,-0.0001866021799494
MCC,-0.0001866138842296
CNPY2,-0.0001866975712596
ATG16L2,-0.0001867076599682
SLC27A5,-0.00018675724912795
POLR2J3,-0.000186783988264
RPIA,-0.00018678886562280002
NKRF,-0.00018679073793285002
FAM227A,-0.0001868648222029536
ZNF302,-0.0001868730832378
RNF43,-0.000186898263088
ARFGAP1,-0.0001869654009563
ERBB2,-0.00018701446033065
RPN2,-0.00018723492421279998
NPAT,-0.00018727620967815
MRPS9,-0.00018742190803755
GAS2,-0.00018746093650865
DLG5,-0.00018754281861560002
SPOP,-0.00018757176017527587
C1orf159,-0.00018766396428271704
LMNB2,-0.0001876663090483
KHDC1,-0.00018769749708705
RSBN1L,-0.00018775380117945002
GANAB,-0.00018781069871725
PAK6,-0.00018783830624865
NDUFS8,-0.0001878563057964
ANGEL2,-0.00018786363310980002
INTS8,-0.00018789185716090002
ARL13B,-0.0001878934224126
RNF169,-0.00018791635594955002
ZNF30,-0.0001879172654753193
CHID1,-0.00018796000047410002
CHKB-DT,-0.0001879628577338
UBE2Q2,-0.0001879933533894238
OLMALINC,-0.00018800008438545
SUV39H1,-0.0001880001937976
FAM49A,-0.00018801353046330003
MAN1C1,-0.0001880683090933
NAA38,-0.00018809505269095
LYRM7,-0.0001881062799913451
RARRES1,-0.0001881150766171
GTF2H3,-0.0001882052290472
SPAG16,-0.00018825081107755
PCGF6,-0.00018826146612835
SAE1,-0.00018836418752865
RABGGTB,-0.00018840769116664998
RNF212,-0.0001884292754931
C5AR1,-0.00018848437028745239
MIR503HG,-0.0001884879330659141
PUM1,-0.00018851010869322117
GALK2,-0.000188581516497
EIF2B5,-0.00018861472848795
RMDN2,-0.00018864604092460002
TADA2A,-0.0001887031258221
ZNF507,-0.00018877064350815003
CIZ1,-0.00018883023431099998
NUP214,-0.0001888457869658
ZNF736,-0.00018888610973875002
FAM210B,-0.00018898028603505
MSANTD2,-0.00018898503352842458
STK32B,-0.00018899842671174998
SYT1,-0.0001893077637195915
RCBTB2,-0.0001894263553603
PWP1,-0.0001894527595687384
SCG5,-0.00018946103646104998
SELENBP1,-0.0001894766334853
TCFL5,-0.0001895144099659
ARSE,-0.0001895548155511
INTS3,-0.0001895929504924
E2F5,-0.00018959385523715535
SGF29,-0.00018960585854045002
METTL26,-0.00018966477650565001
PLXNC1,-0.0001896981098952
DNM3,-0.00018970723274607296
RCN3,-0.00018971571349590024
PCMTD2,-0.00018977754241955
NPHP1,-0.0001899081473493
UTP23,-0.00018992081831789998
MAPK9,-0.00018994102052189316
CARF,-0.0001899477332807984
TRAIP,-0.00019009410337315
BRMS1L,-0.00019018573560304999
GPR137C,-0.00019029820545855
NUDCD2,-0.00019036681566285
RBM19,-0.0001904082148024976
SLC12A8,-0.00019041301041097653
SKP2,-0.00019049134224705
ZNF202,-0.00019049698754035
TXNRD2,-0.00019058539700094612
DDX11-AS1,-0.00019063015169225002
ARSJ,-0.0001906424338219736
DTD2,-0.00019077458355374997
SYNE1,-0.00019077789615105
FAT4,-0.00019078888573119998
BCS1L,-0.0001907934832953
SNHG9,-0.0001908252477539
BEND3,-0.00019083940736885
FXR1,-0.0001908749291196563
TSHZ1,-0.0001908978973745
TRABD,-0.00019091774892465003
FZD6,-0.0001909464772954
TP53I13,-0.00019102972123994998
ASPN,-0.0001910607840285
HACD1,-0.0001910854698721328
ADSL,-0.00019110414481742215
API5,-0.00019110797987958092
SLFN11,-0.0001911711680397
ARMCX5-GPRASP2,-0.00019125714975644999
SS18L1,-0.0001913126250020169
EXOSC8,-0.00019131287327845
NFS1,-0.00019138295895045
GPR160,-0.00019139315411275
NPC2,-0.0001914030072509
ATL2,-0.0001914310160805657
SETD3,-0.00019144333283982007
C11orf80,-0.00019148790986917935
CPNE7,-0.0001915076937173
NEURL4,-0.00019152750983309998
LRP5L,-0.00019157940579890494
COL4A2,-0.000191620979685791
ZBED3-AS1,-0.00019171220906190307
NBPF15,-0.00019171787477319696
POLM,-0.0001917557080728
RSAD1,-0.00019176971992974998
MRTFB,-0.00019180196082871817
RMI1,-0.00019181122651479998
AMOTL1,-0.00019181225107381514
CPSF3,-0.00019188081820184998
B9D1,-0.00019194904941319008
ARID1B,-0.0001919601849037
PEX7,-0.00019196310676275
MLH1,-0.0001919846105431834
FGF12,-0.00019214423162204999
GSTT2B,-0.00019215381229819998
KIF9-AS1,-0.00019215946117399823
IGF2BP1,-0.00019219031918475
CDH6,-0.00019230759081881812
MSR1,-0.00019237330216005
DARS,-0.00019237350181415874
EIF3K,-0.00019237731979400002
ASMTL,-0.00019246142887584998
PARG,-0.00019252943847515
SRSF2,-0.00019260161931495
NOL9,-0.00019266158565291075
ZP3,-0.0001927238260290945
NHS,-0.0001927504102614171
RINT1,-0.00019278333739679998
KPNB1,-0.0001929305199731
TECPR2,-0.00019301200500895002
ADGRG1,-0.00019301686988030002
BACE1,-0.00019302701220790002
BLMH,-0.0001930683253004
SLC35E2A,-0.0001931114856545
SFXN1,-0.00019324501418850146
CDHR3,-0.00019327866607015
LIME1,-0.00019331250569155
EMSY,-0.00019335331402109998
PRMT1,-0.0001933559565069
ZNF695,-0.0001935129900834
SERTAD4,-0.00019375844018515
SUMF1,-0.0001938161675727
MAPK8IP3,-0.00019385309438241645
KITLG,-0.00019387437162944897
POC5,-0.00019393552845
DENND4B,-0.00019393943304115
ANKRD13B,-0.000194006225606
SNAPC1,-0.00019414709298799486
FOXRED2,-0.00019423361771227655
UROS,-0.0001943483787625
BRF1,-0.00019434920477258376
SERPINA3,-0.000194470537037
TATDN1,-0.0001944957589597919
FAM222B,-0.0001945348489046
GABBR1,-0.00019454613408045
AARS2,-0.00019455312993130002
EEF1AKMT2,-0.00019459191007065
DUS2,-0.00019461972650185844
SASS6,-0.0001946322160376
THY1,-0.00019464197950825
DHX30,-0.0001946835946012652
PAN2,-0.00019476353707855001
TRNT1,-0.0001948679595818
NOM1,-0.00019487022262457989
ADAM28,-0.00019490930848960002
DNAAF4,-0.0001949757239784
USP28,-0.0001949806989272865
DHRS4-AS1,-0.00019500844245030273
KANSL2,-0.00019503672054108366
SPATA5,-0.00019508031761890002
PTCD2,-0.0001951772606023225
ABHD15,-0.00019518333739855
LHPP,-0.00019520719549165
ANKRD28,-0.0001952446347274219
ZNF283,-0.00019534071713065
SETD6,-0.00019540576926605
EVL,-0.0001954224590902
PRPF4B,-0.00019566596122205
TELO2,-0.0001957093895745
SCAF8,-0.00019573661735038935
PEBP1,-0.00019575309037779998
NELFCD,-0.00019579431264075
SLC19A1,-0.0001958417294503
DNM1,-0.00019586733170735
RCL1,-0.00019592227577231317
CASC4,-0.0001960817012117
CCT6A,-0.0001961878203556
TTC21B,-0.00019620016966875
MCCC1,-0.00019622092953805
AKT3,-0.00019629139098565002
AP000873.2,-0.0001963695990366
EPB41L4A,-0.000196533707927
BIVM,-0.00019653847575620001
RAB40B,-0.00019670874509915596
ECM2,-0.00019677246052
SCAMP5,-0.00019677666440874998
PKMYT1,-0.000196814782975
CEP164,-0.00019684433585332565
LGALS1,-0.000196874374916
NUDCD1,-0.00019690887319991838
PDS5A,-0.00019692972263945
DICER1,-0.0001969434266893109
CCDC77,-0.0001969466926205
ATP6AP1L,-0.0001971062071104861
TMEM14B,-0.00019722795266795327
CCNB1IP1,-0.00019722906603554999
USPL1,-0.00019725521646775309
CHST3,-0.0001972952819684088
BID,-0.00019735448089945002
PLOD1,-0.00019744010328763713
HSPA8,-0.00019744532338401543
LRRC6,-0.00019751302908765
LGR6,-0.0001975762750924
MHENCR,-0.0001976011077933
RABL6,-0.00019761531565325
IDE,-0.00019762219015029774
MAPK10,-0.00019772913145297291
DAZAP1,-0.0001977476132837
FBXO17,-0.00019775216793283966
THOP1,-0.00019780403029525
RANBP1,-0.00019781733724835
OGFOD1,-0.0001978700146513985
NUFIP1,-0.00019788350173915
TSR1,-0.00019798687104215001
HAAO,-0.00019802449559095
SECISBP2,-0.00019811163006485
SACS,-0.00019818380987948362
ARHGAP25,-0.00019818865033320002
CDRT4,-0.0001983353214165705
HCG18,-0.00019848938396005
NTN1,-0.00019851509505745
EPHX1,-0.0001985429769143
NPDC1,-0.00019857327310769999
SPC25,-0.00019859962582005
ZNF318,-0.0001986948165478
WDR5,-0.00019870429763125
TBCK,-0.00019872942138844999
RNF180,-0.00019879423930264998
NCL,-0.00019894732810485
CCDC74A,-0.00019909134055559998
NEK9,-0.000199095939889
CEP126,-0.0001991247813398
NAV3,-0.0001991564610567163
ZNF573,-0.00019918358388885
HAUS1,-0.00019920383654355
PNN,-0.00019927505964765
NSL1,-0.00019930655917905002
ALG6,-0.0001993114965968
SLC12A9,-0.00019934496493965
PCED1A,-0.0001993568910001
QSOX2,-0.0001993862525213
TCF12,-0.00019953678049996378
POP1,-0.0001995542607863
HDAC8,-0.00019971789737124749
RHPN1,-0.00019974461439595
ST6GALNAC3,-0.0001998187652473
SSX2IP,-0.00019988247894928783
OLA1,-0.0001999272244733782
RBM4,-0.0001999325784881
PRKRA,-0.00019994279758648345
THEM6,-0.00019996910518359998
SRGAP2B,-0.0002000438718571
CEP85,-0.0002000462623039
PECAM1,-0.00020014174768245
SDC2,-0.0002001683761799
UTP6,-0.0002002147902244939
TMEM108,-0.00020022723772075002
DIXDC1,-0.0002002320892943
NAE1,-0.0002003779516784
OTUD6B,-0.00020042153345252618
SRRM2,-0.00020051479180595
IMPA2,-0.00020057220747555
ZFP90,-0.00020061023772844987
MIB2,-0.0002008257343617
RUVBL2,-0.0002008507053014
PROSER3,-0.00020091329613060001
H2AFZ,-0.00020093336489365
PTCH1,-0.0002009406398635
SAPCD2,-0.00020110722973325
CRTC1,-0.0002012164426179
TBRG4,-0.00020126840300525
PPME1,-0.00020130678649053223
CABLES1,-0.00020135795235370001
SMYD2,-0.00020137934813606968
SRSF1,-0.0002013811923893
TMEM231,-0.00020153166655554998
PWWP2A,-0.0002015488419484132
SNRPA,-0.00020156729687615
TIAM2,-0.0002015820244591
CHCHD3,-0.0002015956785061
CFAP221,-0.00020164809719155002
ZSWIM9,-0.00020168097689395
SPARC,-0.00020172313875488847
ZNF445,-0.00020174811282035
AP006621.3,-0.00020175756120255
THRA,-0.00020177705814105002
PRSS23,-0.00020180654159260286
HLA-DMA,-0.00020181313106505
PGGHG,-0.00020181738610755
TYSND1,-0.00020193343446455
SLC43A1,-0.0002019472454877
CPQ,-0.00020198122059435
LAMA5,-0.00020200777340003226
TULP4,-0.00020203072113182292
CD99L2,-0.00020208202196985
SPAAR,-0.00020209477300265
STX16,-0.00020214412893965
PTCD3,-0.0002022309094885
GRAMD1B,-0.00020225032470900001
PRKAR2A,-0.0002023357778589
PDE1A,-0.0002024506402595
ASF1B,-0.00020245603307249998
TOPBP1,-0.0002026313047883
PATZ1,-0.00020264488764815
RHOJ,-0.00020268816059995
MTERF3,-0.00020271365088796143
LRRC40,-0.00020274604702127559
EHF,-0.00020279117124349997
LMO4,-0.00020285365337455
FLOT2,-0.00020295441165635
COG4,-0.00020301935794705001
NIPSNAP1,-0.00020303489989465
PASK,-0.00020305389223419998
FAM53B,-0.00020306004497035
FASN,-0.0002031369646715
SCML2,-0.00020321438608734998
SRGAP3,-0.0002032711229558
IFT81,-0.00020327340939780002
WDR6,-0.0002032995888612
PA2G4,-0.00020330829953685
ZNF704,-0.0002034113438607558
ZNF236,-0.00020343314222855
ASIC1,-0.0002034855686072
ACTL6A,-0.00020357261005915002
PPM1H,-0.00020358502391215
ELAC2,-0.00020358618058475002
RAD51D,-0.00020362454708499998
DHX9,-0.00020373839650105
PAICS,-0.00020376412140085
CYP7B1,-0.00020379419058255
DDIAS,-0.0002038868326397
POC1A,-0.00020392755888415
NEMP1,-0.0002040056077038
ELMO1,-0.0002040196897963
TRPV4,-0.00020403478419475
SUZ12,-0.00020409596022745078
ARHGAP44,-0.0002040966943485
TRIM65,-0.0002040974828048
ACADM,-0.00020411831282835
GTPBP3,-0.00020421983129915002
CIITA,-0.00020424854137926482
ITGAE,-0.00020431014589255
TEAD4,-0.00020445900529370543
RPRD2,-0.00020455517166329998
HPN,-0.00020460650711935
EMB,-0.0002046823538835
CRTC3-AS1,-0.00020469649207685
RFT1,-0.00020489783525435624
PLA2G4A,-0.0002049699423193
RUNX1T1,-0.00020501136561205
SLIT3,-0.00020503231004784998
COL1A2,-0.0002050883826635
SUCLG2-AS1,-0.00020511067514004998
ERLIN1,-0.0002051891210311
DMBT1,-0.00020524495600885
TAF3,-0.0002052947215476
ZMYM1,-0.00020532746146640965
ANKRD16,-0.00020551190631978606
PKHD1,-0.0002056635747392
TTLL3,-0.00020568965843074997
TCTN2,-0.00020570012239565
NT5DC1,-0.0002057296224848
TEX9,-0.0002057684215016
ZNF131,-0.00020580551949048322
SPTLC3,-0.00020583407509504998
RAI14,-0.00020585274023955002
RUNX2,-0.00020585969436233482
PRR12,-0.00020585995775085
HOXC6,-0.0002059372855682
AHCTF1,-0.00020593801102828453
ACTR3B,-0.00020602562417259998
WDR33,-0.00020609793759784997
ANTXR1,-0.00020610334994494999
CBX1,-0.0002061741199551
IQCH-AS1,-0.00020617940160765
BRD8,-0.00020623186217150002
ZNF107,-0.0002062614597893
CCNE2,-0.00020629590900965
PRR5L,-0.00020633072252007763
MRPS28,-0.00020641003033525
PRORP,-0.0002064581980663518
RAP1GDS1,-0.00020651571132185
SPOUT1,-0.0002066348993606
G3BP1,-0.00020664474552025056
STMN3,-0.00020668869093125
EEF1AKMT1,-0.00020669123806285353
SCD,-0.00020681731796205
CISD1,-0.00020683588589315
POLR3B,-0.00020692914853854888
VCAN,-0.0002069505174941
SUPV3L1,-0.0002069943028895
E2F2,-0.00020702321897285002
ZNF587B,-0.0002070465186975108
HMGA1P4,-0.00020716683935344997
GNA12,-0.00020717928773615
SLC43A3,-0.00020718156143939998
TAPT1-AS1,-0.00020722150353835001
VAV2,-0.00020725424543377048
SLC26A2,-0.00020733318980014606
PDE4B,-0.0002073551199342
SLC16A2,-0.00020738343089176541
ARHGAP15,-0.00020738625646639998
POLR1B,-0.00020739011436085575
TENT4A,-0.00020739351392993013
ARHGEF10L,-0.00020749960070705
ZSCAN23,-0.0002076446424647
PPM1F,-0.0002076782556590235
MMP2,-0.00020767844447995
SMARCA4,-0.0002076948725625
TUBGCP6,-0.00020776598265575
YBX3,-0.000207848870352
ANKS3,-0.00020791146766951417
PTAR1,-0.0002079253784934
KANSL1L,-0.00020800531365055002
GSTO2,-0.0002080123911575
PSME2,-0.00020804179771475
EED,-0.00020806602712065
RIDA,-0.00020810713374004998
NEMF,-0.00020819453721253588
IPO7,-0.00020831886364725084
FKBP3,-0.0002083454453837
NSRP1,-0.00020843955888065
MAP3K1,-0.0002085785848882
FAM111A,-0.00020868198454025
CHD9,-0.00020882930885115
VIM-AS1,-0.000208872348567
MTHFD1L,-0.00020890858879825993
EEF1G,-0.00020898013766988729
HOXB3,-0.0002090031801581
NLN,-0.00020912277528845605
TCTN3,-0.0002091256130176
HPS3,-0.0002091867676158625
SCN8A,-0.0002092219599092
EGFL7,-0.00020926874766385
DZIP1L,-0.0002092988267970929
TNS1,-0.00020930014669748255
MRPS26,-0.0002093055434022
DDX42,-0.00020937358420334998
MLXIPL,-0.00020938384999355
WDR92,-0.00020948053072655
ACSF2,-0.00020961939588730002
ADCY6,-0.0002096240740776
RIOX2,-0.00020964918158031715
AK2,-0.00020966974148395
H1FX,-0.0002096876681200011
CPVL,-0.00020970933000394998
RAD52,-0.000209733650067
MIPOL1,-0.00020974124658715
TONSL,-0.0002098203309692
FUBP1,-0.0002098516257091155
C11orf65,-0.00020996353997765002
GPSM2,-0.00021004726014284947
ABHD10,-0.00021004906407330002
PALLD,-0.00021014259416678806
NUP205,-0.0002102706889781808
TTC17,-0.00021029445709935
GRAMD1A,-0.00021039099236313852
TIMELESS,-0.00021040103843865
ENO2,-0.00021042143414854998
IVNS1ABP,-0.00021042751220709999
TTC28-AS1,-0.00021044708532921177
ZNF76,-0.00021044945889485
ESPL1,-0.00021054868290335
EIF4A1,-0.0002105710568909
CUL9,-0.0002105959202324
SSRP1,-0.00021060730801875
ZMIZ2,-0.00021061567836575
H2AFX,-0.0002107069435883
ESCO2,-0.0002107832094781
STX2,-0.0002108128897526162
CNTRL,-0.0002108258050929
DPH5,-0.00021086611256648194
L2HGDH,-0.00021105986257655
SUMF2,-0.00021107326157505
SLC35E3,-0.00021108370465387576
ENTR1,-0.0002111079744002
MAZ,-0.000211164476335
TMEM161A,-0.00021116666431255
PES1,-0.0002112057701796
MIR924HG,-0.0002112117412864
TXNDC16,-0.00021121640675120001
TLR5,-0.00021121875074095
RTN3,-0.00021133819595695
ERGIC2,-0.0002114217834986206
SMARCAD1,-0.00021147397722274999
TCF20,-0.0002114847973129
NR6A1,-0.00021148988965670002
FPGS,-0.00021162860443544823
ZNF875,-0.00021164789587853114
DRAM1,-0.00021172293206699107
ESD,-0.00021181124963065
AIMP2,-0.00021184145662635
ZNF783,-0.0002118454102224
DHX33,-0.00021194782715900002
MICAL3,-0.0002121102138382503
TCF7L1,-0.0002121141609709
KCNQ1,-0.000212222960954
PRPSAP1,-0.00021234229113505
CEP78,-0.00021255220097064997
MGA,-0.00021281580941840002
TYW1B,-0.00021288301378734998
CENPA,-0.00021307125632124999
TIAL1,-0.00021318619555585
LUC7L2,-0.00021319904505639998
NDUFAF8,-0.00021325676453105
PRIM1,-0.000213301192169
USP31,-0.0002133052068708592
C1orf112,-0.00021344200080525
ARSB,-0.0002134435901776
GGA2,-0.0002135039986185
ZNF721,-0.00021355013246874999
PRPF6,-0.00021355912704866347
LRR1,-0.00021363406106475
ARHGAP33,-0.00021371716774085
PI4KA,-0.0002137752307504852
WDR54,-0.00021383966394355
Z93930.2,-0.0002140177177602
NUP210,-0.00021406867292
LMLN,-0.00021415414469805
TYMS,-0.00021433047340815002
RUFY1,-0.00021440098188459697
PLOD2,-0.00021442004016386296
ARL3,-0.000214560470972
SUCLA2,-0.0002146156084174
PPP5C,-0.00021465732761825
ZNF544,-0.0002146699065777571
BAHCC1,-0.00021472277836030002
INTS11,-0.00021474485309715
ZNF124,-0.00021478820688135001
PKN3,-0.00021479099764765
PSTPIP2,-0.00021514756252170002
E2F8,-0.000215168868859
DEPTOR,-0.00021525538106045
CASD1,-0.0002154923865573047
CFAP44,-0.00021568908319135
LAS1L,-0.00021574318908925002
MTOR,-0.0002158239132485
ZEB2,-0.00021587834922125
DSCC1,-0.0002159322280313
CPT1A,-0.00021610839920315
SCLY,-0.00021627752392325002
TRPS1,-0.00021640362725970427
SALL4,-0.000216434344807
NF2,-0.0002168678317628
TMEM123,-0.00021687390116064968
RRP1B,-0.00021695535497544998
NPHP4,-0.0002169756408627173
MEIS2,-0.00021712244979184582
ING5,-0.0002171377449363
CCDC7,-0.00021718433938625
CTSH,-0.00021721367823689997
PDGFC,-0.00021736502909560002
CLUAP1,-0.0002173694974859
PPIA,-0.0002174363288183
FAM78B,-0.00021743989961635
YEATS2,-0.000217488900382651
SOBP,-0.0002175665201665324
CAPRIN2,-0.00021757996113018978
GNL3,-0.00021758617034645
CCNB2,-0.00021759847381427013
DZIP3,-0.0002177110591436
SLC39A8,-0.00021777093110445
CHD8,-0.0002178153995524
SNHG4,-0.000217829088376933
URB1,-0.00021788182792700003
PAXBP1,-0.00021796427525815
BZW2,-0.00021796545667965704
ZC3H14,-0.00021801088072375001
SLC38A11,-0.00021837874809550002
TECR,-0.0002183842409065
FRAS1,-0.000218548353547149
TUBB4B,-0.0002185505125655
DCUN1D5,-0.0002186655607035203
SUFU,-0.00021871515739235
FAM162B,-0.0002188785266036
ABCB10,-0.00021888989013354998
ERI2,-0.000219032788894
TENT4B,-0.00021919878695795002
COL4A1,-0.00021922298525705
TRAF3IP1,-0.000219240524847
SELENON,-0.00021926251377604999
SCLT1,-0.00021940406038854998
FAM185A,-0.00021960782671078422
ARHGAP18,-0.00021967819003303201
SHLD2,-0.0002196855585289106
TLR2,-0.0002197143932669
FAM234A,-0.00021978458300725
WDFY2,-0.00021991457690253774
NVL,-0.00021992475864965002
ELOA-AS1,-0.0002199777101681
NSMAF,-0.0002199919210859888
GTF2I,-0.00022001256568700002
AP3M2,-0.0002200734570583
CEP70,-0.0002201720531554
WDR7,-0.0002202268202819
COX11,-0.0002202294252402
HEXB,-0.000220278008912
BICRAL,-0.0002203350374398
COL5A2,-0.0002204442140332
WBP2NL,-0.00022049652143195
AGK,-0.000220671910302
SPDL1,-0.0002207910982559063
CHAF1A,-0.00022092218023109998
TUBG1,-0.00022102069353795
PDE8B,-0.0002211311980248
HDHD5,-0.00022119451434676654
CBR4,-0.00022120425297845
GMNN,-0.00022121379641415
ATG4C,-0.00022124551935115
BBS1,-0.00022127153543865
EEF2K,-0.000221296056511
HSCB,-0.00022130327273495003
ZNF367,-0.00022133088588415
URI1,-0.00022138495587175
HNRNPL,-0.000221533499378
ACSF3,-0.00022171552618635
STK36,-0.00022183433098390003
ATF7,-0.00022184922658793115
ST5,-0.00022189635096415
NEB,-0.00022190752974475
XYLT2,-0.00022191477045935
CAND1,-0.00022196601257825
WDR76,-0.00022215346118875
FLOT1,-0.0002221902609491
RPA1,-0.00022222363685505
APIP,-0.00022229542265836505
DMD,-0.00022233026700905
CDCA7L,-0.00022247229758165
ALCAM,-0.0002224895231113
ARHGEF39,-0.00022269912857025002
XRCC3,-0.00022278396233805
KLHDC4,-0.00022289953358230002
INPP4A,-0.00022293550964425172
SFXN4,-0.0002231543920812
HLA-DRA,-0.00022326171670825
HMGA2-AS1,-0.00022329691753195
TMEM230,-0.00022347177701590002
POLD2,-0.00022347961024735
SLC13A3,-0.00022349606730159757
CCND3,-0.00022357599203534997
PIGK,-0.00022359801481065
STEAP3,-0.00022361122179146917
DSN1,-0.00022369413914215
PLXDC2,-0.0002237100479543
APTX,-0.0002237898708666
ELP1,-0.00022381163304245928
SPICE1,-0.00022389711198554998
PRDX3,-0.00022395796394565002
PNISR,-0.0002239736503192
SRSF7,-0.00022407284717665
LTBP3,-0.00022415085275394997
ARID5B,-0.0002241603001973
COL22A1,-0.00022428763124005
GNL3L,-0.00022430646792080802
DZANK1,-0.00022431476893960002
PHKA2,-0.0002244084542766
LRP5,-0.00022441805349895
HAUS5,-0.00022451504756825
ACYP1,-0.00022451715313150003
CMC2,-0.00022465895886124998
RFWD3,-0.0002247280581314
RARS,-0.0002249935661932
DIP2C,-0.00022499463552664895
ZFYVE9,-0.00022502685340247965
RBM28,-0.00022518496171169999
EME1,-0.0002252121019991
PHPT1,-0.00022523268905394998
CEP57,-0.00022530200401124997
CIRBP,-0.00022537499973059998
UBA6-AS1,-0.0002253906419635688
ROBO1,-0.00022539596117985
GSPT1,-0.000225428114562
ABL1,-0.00022569670090485
BDP1,-0.00022569952263041312
EIF3L,-0.0002257285234214387
GLMN,-0.00022574674288705
GAS6,-0.00022595938436495
PRIM2,-0.0002260189574884037
BTBD3,-0.00022615688303122484
FANCL,-0.00022640468654310002
MSRB3,-0.00022651489414204999
PREX2,-0.0002265914009303
TBL1XR1,-0.00022661196763495002
ZNF618,-0.00022666875945525
MEGF8,-0.0002268572035724
PHTF2,-0.0002268660127611
SFSWAP,-0.000227072223781
MCM5,-0.00022710822267995
LANCL1,-0.00022716186800739998
SLC29A1,-0.00022718374649345
TRMT61B,-0.00022726603548144997
XPO6,-0.00022730847242667874
SIDT1,-0.00022733474128050003
HM13,-0.00022740507369073903
GCFC2,-0.00022744066620414998
FYN,-0.00022747202410414998
HLA-DQB1,-0.00022752135732305
INTS2,-0.00022759856427509998
ARHGAP19,-0.000227705108898
PPA2,-0.0002277081300738
KIF7,-0.00022776307726334998
NOL8,-0.0002277836010459
IMMT,-0.00022780547080477107
PKIG,-0.00022784459258570002
NRSN2-AS1,-0.00022786924736935
MLLT6,-0.00022791930094259998
AGBL4,-0.00022797287085465462
TFDP2,-0.00022805890235835
SOX2-OT,-0.00022811744749575
CTPS2,-0.00022812363988685
BUB3,-0.0002281311293571
NENF,-0.0002281941055681
COL6A3,-0.00022821251929865
TRIM37,-0.00022825155005936306
KCNE3,-0.0002283971973818187
RILPL2,-0.00022842975171195
COX10,-0.0002284567272065
C2orf27A,-0.00022850323374505003
IKBIP,-0.0002285325059579
FLI1,-0.00022855963273265
HADH,-0.0002285698349828
CNTROB,-0.00022871441285359997
PANK1,-0.00022880368498605
KIT,-0.00022882067936144998
CCNA2,-0.0002288340524973
PDZD2,-0.00022889432215316755
USP45,-0.00022913714217150002
PLSCR4,-0.0002291761406424
ZNF451,-0.00022930259775940824
CLYBL,-0.00022932371664464998
SMARCB1,-0.00022940673114767802
APBA1,-0.00022944152756585002
CWF19L2,-0.00022950253427985
UQCRH,-0.00022953966969819998
SYMPK,-0.0002296966610092
TRABD2A,-0.00022971993288175
KCNJ15,-0.00022978534145195
TET1,-0.00022984079227122812
DIS3L,-0.00022987920449090002
ANK2,-0.0002299142856066
HNRNPC,-0.00022994081229377167
PSPH,-0.0002300076987887
YBX1,-0.0002301014579718
ACACB,-0.00023011868363530003
ANKRD36B,-0.00023037964083759998
NUP42,-0.00023038782915235
SLF2,-0.0002303969536202
ASCL2,-0.00023058328309450002
CTDSPL2,-0.0002306125980234
KRI1,-0.00023065246528015
CKMT2-AS1,-0.00023083518897985
FAN1,-0.00023091580519045
NSD3,-0.00023092426813065
NPEPL1,-0.0002309545117547
DTWD1,-0.00023119014684729999
NIPSNAP2,-0.00023126028803922483
TMEM91,-0.00023128540055494999
UBE4B,-0.00023142779171160101
KLHL23,-0.000231547683327
TFAP4,-0.00023156256878425
HCG17,-0.00023167139803913732
QTRT1,-0.0002316964944241
SLC35F2,-0.0002316997326880566
ZFP36L1,-0.0002317008873288
ARHGAP24,-0.00023185681569265
SRGAP2C,-0.0002320412349395
MAN2C1,-0.00023207520512615
LRRC8C,-0.00023213236947595002
EHMT2,-0.00023233312165175002
MBD3,-0.00023242458450685
KIAA0100,-0.00023246554630785
TMEM63A,-0.00023251371197365
DCAF1,-0.0002328114549329
ZSCAN5A,-0.0002328554836432
CNOT10,-0.0002329436338253
ZNF346,-0.0002329780384911
HPRT1,-0.00023301602001990214
HULC,-0.00023304800160909997
PGAP2,-0.00023305783446025
SOAT1,-0.00023317711264354043
ATAD3A,-0.00023320327044605
ORC2,-0.00023324549741775
KIAA0825,-0.0002332787145181
FBXO42,-0.00023333786984591914
ST7L,-0.00023334489787455
GABRP,-0.00023366060661509963
PRKD1,-0.00023366155316475
UGT8,-0.0002336977461929
PFAS,-0.0002337834786183
SIMC1,-0.00023378572559415
SPATA7,-0.0002338676998973957
NOC2L,-0.00023388260277555
LRIG1,-0.0002339224621728
TMEM106C,-0.0002339446899067
SFPQ,-0.0002339628265082
NLRP1,-0.0002340826467564
ZWILCH,-0.00023416122518855
MIR17HG,-0.000234230281674
DPY19L4,-0.00023425593030175002
MINDY4,-0.00023430870450455
ORC6,-0.00023461712898315001
SHANK3,-0.00023466171194425
PDZRN3,-0.0002347035292944
PDE3B,-0.0002347149955057
ZNF532,-0.0002350411888400912
PDPR,-0.00023529649432239998
PRPF40B,-0.0002352994883079773
ORMDL1,-0.00023540638629415
SPINDOC,-0.00023542363103429997
GSE1,-0.00023545398736764999
SGSM2,-0.0002354575121028
PRPF8,-0.00023562855929549998
ZNF138,-0.00023566200485729998
POLR3A,-0.0002356868724515
XRCC6,-0.00023570757851655
FMNL3,-0.000235907504744
ELP6,-0.0002359894886939
RRP7A,-0.0002361618048208
ACSS1,-0.0002362616933437
PXMP4,-0.00023627016927845
RAPGEF5,-0.00023627213440745
RAD54L,-0.0002362790388857
NR2F2,-0.00023646898654439998
CLPB,-0.00023650647519645
AKAP11,-0.00023659001967674999
TLN2,-0.00023668932520645
TFB1M,-0.00023674705689852128
NUMA1,-0.0002367752299116
NDUFA10,-0.00023690021370205
PBK,-0.0002369598309109
UBAP2,-0.00023696251351309152
RAD51AP1,-0.000236964948115
MRPL48,-0.0002369995233054
CENPM,-0.00023713252860075
CDCA4,-0.00023714116353035003
CCDC66,-0.0002371691173946
TBC1D16,-0.0002372025382685
GSAP,-0.000237491327831969
AZIN1-AS1,-0.0002375832577258
KNSTRN,-0.00023758665175305
CSAD,-0.0002376650752856
PABPC1L,-0.000237705869706438
CENPL,-0.00023770668911735
MNAT1,-0.00023774484309094853
RCAN2,-0.00023775282211659999
ARAP3,-0.00023782072034685665
MDC1,-0.0002378429869373
DTYMK,-0.0002379641771196
FGFR4,-0.0002380046570883
KIF3A,-0.0002381546835091
MGAM2,-0.00023823444706165
ARSD,-0.00023824270786045274
FANCD2,-0.0002382536812568
HECTD2,-0.0002383242935823
ZNF84,-0.00023844837663935
VIM,-0.0002387835511551
RIMKLB,-0.00023878657343765
PTBP2,-0.00023886789737228596
TTC26,-0.00023894340455635
E2F1,-0.00023899460896675
KDM1A,-0.00023902189639943755
ACSM3,-0.00023903259667789998
KDM2B,-0.0002392258841936537
NOP2,-0.00023927113599335
RAD51C,-0.00023950233962895
MYBL1,-0.00023958085726350002
CELF2,-0.00023958315451324999
L3HYPDH,-0.00023959340637466782
CEP120,-0.0002396172394616
SPAG5,-0.00023965710650545002
ERCC6L2,-0.00023965994318082007
PPIH,-0.00023969773105429997
POT1,-0.00023979622562565002
AKAP1,-0.00023994999836795
BCAS3,-0.00024003320119315001
PRCP,-0.00024003711145245002
ABCA2,-0.00024011455069325
LRRC45,-0.00024018538813935
TAF4B,-0.00024036655022735
WDR60,-0.0002404068834504769
CASP8AP2,-0.00024041629239205
SLC16A10,-0.00024050680548969998
PDGFRB,-0.00024053312612325
NEK2,-0.00024062948545059998
INTS7,-0.0002407925271168
SHC3,-0.0002410101033927579
DKC1,-0.00024105904312325
XYLB,-0.00024108173808029998
DNAH14,-0.00024112218370882433
ASRGL1,-0.00024119377931274997
ECHDC1,-0.00024126268622055
AHCY,-0.0002412643042094
GVQW3,-0.00024129400355635
GCN1,-0.0002413369302181
NDUFAF2,-0.00024138815037655419
RUNX1,-0.00024141183175692454
ERCC3,-0.0002414179851342
MNS1,-0.00024145436173235002
NMT1,-0.00024164752524525002
MSH5,-0.0002416924837864
INVS,-0.00024179052767275846
ANKRD46,-0.00024186015980415
NINL,-0.0002419475709578506
PPAT,-0.0002419752322386
CHCHD6,-0.00024201593910628188
WDR73,-0.0002420323735168
DAP3,-0.00024205590759279999
PTMS,-0.00024215738309299998
PARVB,-0.0002421655613538892
NOL10,-0.00024217295264614998
S100PBP,-0.00024218921638874999
FAM120C,-0.00024225355347709998
NUP107,-0.00024249979044755
IFT52,-0.0002425088773685
MNX1,-0.000242573350722
MTA1,-0.00024258218669005
ASTN2,-0.00024272835078805
RXYLT1,-0.0002428553639547
CHD4,-0.00024296076808855
SLC22A15,-0.0002430556756105
CCDC88C,-0.00024309772944939998
XXYLT1,-0.0002432878009378
SSH1,-0.00024345864125000305
MCM6,-0.00024347080375475
FOXK2,-0.0002435083426581
ARMC2,-0.00024364131520385
XRRA1,-0.00024372026402528113
PMM2,-0.0002437640924804887
ZNF362,-0.00024393802064824396
PABPN1,-0.00024400564378135
C8orf37-AS1,-0.0002440310512136
IQGAP3,-0.0002448973818051
HABP2,-0.00024490941763395
PELP1,-0.0002449192419918
ACAT1,-0.00024520010201045
POLD1,-0.00024552282589255
TMEM241,-0.00024563036367345
TFCP2,-0.00024563459018955
PDE4DIP,-0.00024572802429785
TRIM59,-0.0002457352864039
SLC25A21,-0.00024588224209095004
FAM117B,-0.0002459022201124
ZGRF1,-0.00024590997418785
MIRLET7BHG,-0.000245921777328379
U2SURP,-0.00024592889584975
DHFR,-0.00024595731264965
TCTN1,-0.0002461080818889
RGMB,-0.00024615158008385
LCLAT1,-0.00024627860235215
RABEP1,-0.0002463426049883
PAXX,-0.0002463796850978
BRAT1,-0.0002466229441547
OSBPL10,-0.00024673472774847376
PEMT,-0.00024674260939075
OIP5-AS1,-0.0002468193059737
NEO1,-0.000246840852893
PDE3A,-0.00024690719331685004
NHLRC3,-0.00024693631274815
THRAP3,-0.00024696749803605
MND1,-0.0002470560594813
CEP63,-0.00024706029625715
PDXDC1,-0.00024706499229765
SNAPC4,-0.000247099398504
ZNF251,-0.00024711170293805
PTPRD,-0.00024732628245419997
MECR,-0.00024736183509305
SARS2,-0.0002473766025494
CDC7,-0.00024737899651845004
EXO1,-0.00024747912019774997
HAUS6,-0.0002475454888218146
MZT2A,-0.00024759085887765
IFT122,-0.00024765551261195
SNHG19,-0.00024769134014245
ACLY,-0.00024773408131365
EDRF1,-0.00024773715266025
C3,-0.0002480439389251
TRIT1,-0.00024812816785851904
STK33,-0.00024827969996134996
ODF2L,-0.00024832358795610145
RFC4,-0.0002483287411604
KIAA0753,-0.00024835981382444997
NAA16,-0.00024842139213685
CNIH3,-0.00024865829633142556
CLN6,-0.0002489909382873
LIN9,-0.00024920120588899997
PRKG1,-0.0002492136852386
GEMIN5,-0.00024924071754701163
HSDL2,-0.0002492585939549
TTF2,-0.0002493609470327
TOGARAM1,-0.0002494341017585848
SLC5A6,-0.00024953166099155
PAAF1,-0.00024956204438905
DCAF13,-0.0002496440336894
PDHX,-0.00024965308615029893
CADM1,-0.0002496926929556
ACBD6,-0.00024981293776335
ERCC2,-0.00024986716263240003
PHF12,-0.00025003546739615
TPD52L1,-0.00025006740887290003
CLUH,-0.00025007811398595
TRMT1,-0.0002501207535736
ORC5,-0.0002501904352199
PRC1-AS1,-0.0002503719737732
WDYHV1,-0.00025048452942615
TCF4,-0.0002507151033752
RHOT2,-0.0002508523982194
TNRC6A,-0.00025087153428055
GABPB2,-0.0002508732072048
FBXO22,-0.00025089879474445
NPM1,-0.0002510983791201
DCAKD,-0.00025110127846720003
HLA-DPA1,-0.0002512418406387
TOP3A,-0.0002512689859123
TNRC18,-0.0002513030460534
LSG1,-0.0002513718491763
OXR1,-0.0002514259711186
ZBTB25,-0.0002515978964597
CLNS1A,-0.0002516003025279
SKI,-0.0002516922085557242
CFDP1,-0.0002517885675151819
HNRNPR,-0.00025181702837565
FKTN,-0.00025218860136684996
PKD1,-0.0002524735796344
PPP2R3B,-0.00025249965427895
SRSF10,-0.00025253317387665
GRIP1,-0.00025272041395020236
ACTN1,-0.0002529425603359055
TEX2,-0.00025304985150825
CENPO,-0.00025311801690665
PLEKHS1,-0.00025313198279694997
TXLNG,-0.0002532987835685
TTC8,-0.00025333952483675
DBF4B,-0.0002533710582537
FUT8,-0.0002534480262588092
EWSR1,-0.00025353245322195
HEATR3,-0.0002535672394767804
TCEA3,-0.00025364138313890003
DHX37,-0.0002539933475154
RRM1,-0.00025407015922335
TRMT11,-0.00025409786813335
CPSF1,-0.0002541912749065
MCCC2,-0.00025419361459755
TCTEX1D2,-0.0002544486271894
CPNE1,-0.00025450583438605
NAA15,-0.00025452345052
AQP1,-0.00025455402059555
PAM16,-0.0002546894502688
UBR3,-0.0002547496513013
PTPRA,-0.000254855289857
PILRB,-0.00025522226197705
PPP1R1B,-0.00025525359683435
CDCA8,-0.00025532652390030004
WDR34,-0.00025543519710735
DDAH1,-0.00025555444429105
GLG1,-0.00025564753085971053
NUP35,-0.0002558163981384
FEN1,-0.0002561588859207
TRIM24,-0.0002566480226929
KANK1,-0.00025670116568685
ATP1A1,-0.00025673547389585
MRPL3,-0.00025685277649470004
PRRC2B,-0.00025702585282901024
DGCR8,-0.00025702629580255
NAT10,-0.00025713504632365
CD99,-0.0002571618942926
LYPLAL1,-0.00025738163010405
EIF2AK4,-0.00025742828102505
STMP1,-0.00025764322472285003
MYBBP1A,-0.0002576547457595
COMMD10,-0.00025770669147490003
SERBP1,-0.00025774534574205
SNED1,-0.00025782567459955
UPF3A,-0.0002578606389274
PPCDC,-0.000257929336594
GGH,-0.0002583504253111
NUP93,-0.0002583931094569
MUC5B,-0.000258401069511
PTPRG,-0.00025858991691955
PSIP1,-0.00025866739101035
ATIC,-0.00025891230063075974
NKTR,-0.00025924100771625
VSNL1,-0.00025926384105785
ZNF692,-0.00025930796595294997
CRACR2A,-0.00025974641776255
EDA,-0.00025974777597342864
TMEM97,-0.0002597683925829
PECR,-0.00025985467352795
IGFBP2,-0.00026008683986325
INTS13,-0.0002603974681334
DHRSX,-0.00026091481346819624
CHROMR,-0.0002610402880434607
EARS2,-0.0002612396993894
SLC9A7,-0.0002612538094928458
PSPC1,-0.0002612614768721
USP10,-0.0002613159595258186
SNTB1,-0.00026146699967155
NPIPB5,-0.00026153691635672676
DENND5A,-0.0002615624381377178
LGR5,-0.00026158614327509997
DHX57,-0.0002615952011035
ATRX,-0.00026169815820205
TGIF2,-0.000261767806834
XRCC2,-0.0002618632583125
Z94721.1,-0.00026190090237655
UNK,-0.00026194262154325
NECTIN3,-0.00026196108340005
ORC3,-0.00026246490042735
PIAS2,-0.0002624913879121
MRPS35,-0.00026257419668015
TOMM40,-0.00026288098759795
ESRRG,-0.0002630540455382
FBXL13,-0.00026317306917195
ZNF608,-0.00026325285775875005
SFXN2,-0.00026340385026165
TMEM143,-0.00026342099356485
KYAT1,-0.0002634845899201
PDSS1,-0.0002637744101243
PTK7,-0.0002638401326504912
HEATR1,-0.00026400381362424996
FAM111B,-0.00026410015110715
HERC1,-0.0002642574770793
VOPP1,-0.0002643387656181
CPSF6,-0.0002644777438163
CACHD1,-0.0002645958717624
NREP,-0.00026468140892570044
RRP12,-0.00026476355354165
RBM25,-0.00026485747707015
TNPO2,-0.00026489215424135
ACSL4,-0.0002649945561305
NOTCH1,-0.00026499699600525
CENPU,-0.0002654197795285
EEFSEC,-0.00026545216059
RFX7,-0.00026564671768495
MVB12B,-0.00026566074821035004
SMTN,-0.00026574209345715
PAK3,-0.00026582787996305
SELENOO,-0.00026601762782360003
CDK5RAP1,-0.00026603706609095
KIF26B,-0.00026618308096495
CEP89,-0.000266198379025
MCM3,-0.00026643628536495
FASTKD2,-0.00026646767931505
HACE1,-0.00026656106958055
PBLD,-0.0002665880337187
MAP3K3,-0.00026666002138265
FSD1L,-0.0002667230324254836
METTL16,-0.0002667926427894
DPYD,-0.00026682578073500003
NAALADL2,-0.00026686960798925
MRE11,-0.0002669202835409
DACH1,-0.00026692028886455
SLCO3A1,-0.00026706356853670003
C12orf45,-0.00026730966162775
CD81,-0.0002673658825256
SMPD4,-0.00026737277830045
DTL,-0.0002673934295828
ATG10,-0.0002674276869248462
DHX34,-0.00026766380196895003
CAPRIN1,-0.00026788703435365
NOC3L,-0.00026804626699645
MPHOSPH8,-0.0002680586572437
REXO5,-0.00026848568116565
COL18A1,-0.00026861219553679996
AKR1E2,-0.00026862201070114997
MAP3K4,-0.0002688428686634
WDR75,-0.00026887157609395103
EFTUD2,-0.00026893257474385
IQCB1,-0.0002689685261571
LDHB,-0.00026902317007085
GOPC,-0.0002690923926521
NUP160,-0.00026934573600305
HTRA1,-0.00026941763843515
POLA2,-0.00026960675935
TP53BP1,-0.00026963793807945
DDX17,-0.00026967647568855186
MACROD2,-0.0002698915950515
ZMYM4,-0.00026990740603465
NFIX,-0.00026993416768
ARL15,-0.00027004029601845
ADK,-0.0002700477454601
CLSPN,-0.00027010052851635
POLD3,-0.000270530239369
POLR1C,-0.00027125264545615005
PHACTR4,-0.000271354825112
MCM10,-0.00027146819411045
DBF4,-0.00027163291217075
TRIM66,-0.0002717931587758302
IRAK1BP1,-0.00027198337860025
LAMA2,-0.0002719902685831
CDCA5,-0.00027213263255695
DROSHA,-0.0002722039538228
CDC45,-0.00027259841909385
CARD8,-0.0002726627155277
NME3,-0.00027268323467685
LAPTM4B,-0.00027277379939555
SPRY4-AS1,-0.00027280123481634587
ALKBH8,-0.000273064323135
CLASP2,-0.00027318779860925
MORN1,-0.0002732395385403
CEP85L,-0.0002734432366728
CARS2,-0.00027354696665245
RTEL1,-0.00027421904270705
ULK2,-0.00027442749537
CKLF,-0.0002744603540123
EEF1D,-0.00027487567607655
PCSK6,-0.0002749021986336
DOCK8,-0.00027500216268274997
CDK10,-0.00027507432514975
EEF1E1,-0.0002752453063191
SUPT16H,-0.0002752690453513
AP002495.1,-0.0002753084068913
PGP,-0.00027534717427945003
TTC39C,-0.0002753920683092
PKDCC,-0.00027558013140275
AURKB,-0.0002756229605018
INSYN2B,-0.0002756345621613857
FBF1,-0.00027564263354305004
GMPS,-0.00027583455749175
KIF24,-0.0002758433289092
ELP4,-0.0002758568911275
SUPT3H,-0.00027586363300718334
IFT74,-0.00027599142622749997
ANKRD13D,-0.00027600638643875
FHIT,-0.00027617451243105003
SH3PXD2B,-0.00027626827741295
ADCY3,-0.0002762827401115
POLR1A,-0.0002763615402541
WDR4,-0.00027643955834065
H2AFV,-0.00027660236001265
MCM4,-0.00027683961329879995
CACNA2D1,-0.0002770947087456
SUCLG2,-0.0002773119181294
ANK3,-0.0002774367202007
IPO11,-0.0002775419082475
RECQL4,-0.00027803397252064996
METAP1D,-0.00027814800651215
PIP4K2B,-0.00027844901292965003
TBC1D32,-0.0002785299519403
ANP32E,-0.00027855482167025
ZNF133,-0.0002785939168507139
CHPT1,-0.0002786840435121
TTC12,-0.0002787717814834
PRELID2,-0.0002788393199939
PTPN4,-0.0002789176715066
CSTF3,-0.00027899111342585
IFT172,-0.00027901906876495
PLCL1,-0.00027913796694905
RIF1,-0.00027922685029235
ATAD3B,-0.00027927273599095
AARSD1,-0.00027930717944065
UBE2S,-0.00027935736246595
MGMT,-0.00027960667689559996
CHST11,-0.00027974971948519997
TTC37,-0.0002798347584249153
SF3B3,-0.0002802622117684509
ULK4,-0.0002803229027477199
DDX31,-0.0002803638466961205
NXN,-0.00028036429468133507
XPO1,-0.0002804341903399
FBXO5,-0.0002805272002345
PSMA1,-0.0002807727068756
TDRD3,-0.00028102009787805
BRI3BP,-0.0002810367219007058
SMARCA1,-0.000281072997000902
PKM,-0.0002811006877269
ZNF10,-0.00028126656931969454
PDSS2,-0.00028133796188285
CDCA3,-0.0002814330094671
SRM,-0.00028171006628395
MIPEP,-0.00028190620916635
GLIS3,-0.0002819767220856558
SLC25A12,-0.00028200620677445
SMYD4,-0.0002821172092319
CAMK1D,-0.00028224438078950005
POLG2,-0.00028224469968463604
ARGLU1,-0.0002828079636367
SNHG17,-0.00028287908151435
SKAP1,-0.00028288524135435
RTTN,-0.0002833186583774
SLC2A4RG,-0.00028334799996640003
FBXW8,-0.000283359675607
FAM20C,-0.00028339698365231617
PLCG1,-0.0002834722612498
DUXAP8,-0.00028362111231385
FILIP1L,-0.00028365651057585
MLLT10,-0.0002837265544423357
CMTM7,-0.00028387981610714997
RSL1D1,-0.00028409596104615
MACROD1,-0.00028421536038495
HLA-DPB1,-0.0002842356996657028
RILPL1,-0.00028432404581494675
LMAN1,-0.00028434682656560003
KIAA0586,-0.0002849428978149
COMT,-0.00028549889898825
TUBGCP3,-0.0002856322319184
MFSD4B,-0.00028566127839505
BAZ1B,-0.00028570554687025
SHMT1,-0.00028589219146975
PRKCA,-0.00028589228598944555
RTKN2,-0.00028596896850965
ICE2,-0.00028615785863924997
LBR,-0.00028618880430735004
QSER1,-0.00028624666824910003
ZC3H8,-0.0002864111753923
LRRC69,-0.00028666718994669997
NSD1,-0.00028676873821120003
D2HGDH,-0.0002872491343479
DEPDC1B,-0.00028729751977585
ACAD11,-0.000287298904247
BORA,-0.00028732351120129996
WIPF1,-0.00028738915304150003
GUSB,-0.0002875481212362
WDR12,-0.00028758902954956607
XPNPEP3,-0.00028769953429325004
HIBCH,-0.00028778810446785004
LRRC8D,-0.0002879175846563979
PIGU,-0.0002879810726921
CALD1,-0.0002880812059255
PDS5B,-0.0002881197519665
TROAP,-0.00028819522892615
PLA2R1,-0.00028831598509905
SMARCC1,-0.00028873638771895
TDP1,-0.00028888420921575
STXBP4,-0.00028892106035805843
TTLL5,-0.0002890706227365
XPO5,-0.00028910726755935004
RAD54B,-0.0002897071246776
PUS1,-0.00028983268732695
GABPB1-AS1,-0.00028996357694725
TRMU,-0.0002899955997042
FN1,-0.0002901790091534
DPP7,-0.0002902344247522
GALM,-0.00029028111397315
ELP2,-0.00029058850967815
RNF168,-0.00029059880415695
SNHG1,-0.00029095426332329997
ST6GAL1,-0.00029100405118115
COQ4,-0.00029115473810665
KLF12,-0.0002911837005786
CHEK2,-0.00029133307216105
KIFC1,-0.00029136173854615
ENC1,-0.00029136484263335
CDK12,-0.00029142602733795
SKA3,-0.00029170242958705
FANCC,-0.0002917673722982
UHRF2,-0.00029178055223660004
ANAPC7,-0.000291819396903
CDC20,-0.0002919061769524
SDK1,-0.00029208935815655003
CHSY1,-0.00029220481768626083
ETV5,-0.0002922492220228
BTBD2,-0.0002923551759159
DLG2,-0.0002928171388492
PCCA,-0.00029282923672524996
SDCBP2-AS1,-0.0002929543130574
ABCA1,-0.00029309369252735
KIF20A,-0.0002935908015087
BPTF,-0.00029364196603959996
CDKN3,-0.00029372004152625
SPEF2,-0.00029372364412535
ENTPD1,-0.0002937739246331
UQCC1,-0.0002942575115051716
NUP155,-0.00029431201340689996
DDX46,-0.00029505792473295
SHCBP1,-0.00029532210609469996
HNRNPH1,-0.000295337560014
DDHD1,-0.0002953444003623098
LETMD1,-0.00029546363194805003
LIMK2,-0.00029564431591995
RAD18,-0.00029564913199074997
GEN1,-0.0002957850300164
ITPA,-0.0002960585685027869
ADGRL2,-0.0002961462546119
R3HDM2,-0.0002962460649105
TCOF1,-0.000296327680851
USP36,-0.0002963333639444
MIR181A1HG,-0.00029643825640165
DPYSL2,-0.00029663584018465276
PRMT7,-0.00029666051482275
MYCBP2,-0.0002967083360175
TCERG1,-0.00029698795842698737
UHRF1,-0.00029710272050445
ZNF780B,-0.00029735520727405004
SCARB1,-0.00029764340971594997
RALGAPA2,-0.0002985539032625
METTL8,-0.0002986496501219
NEK1,-0.00029873313358630275
TAMM41,-0.00029885915460960003
PHC3,-0.00029893803062455
C15orf41,-0.00029901114822675
UTP20,-0.000299153735646
PLCE1,-0.0002992748333244
TFDP1,-0.0002997692393378
NCAPG,-0.00029982939533940004
TUBGCP5,-0.00030000303585125
UTP4,-0.00030020943419700004
IL20RA,-0.00030024134062155
PCNX2,-0.00030108443712505
SNHG25,-0.00030116907700475
UCK2,-0.0003012481145087
PRICKLE2,-0.00030133251151059367
PCNA,-0.0003014297665595
TYW1,-0.00030149323061369997
DNAJA3,-0.00030172607445684996
WARS2-AS1,-0.000302047629555
ZNF680,-0.0003022944762829
SCMH1,-0.00030231370253074995
MYO10,-0.0003023237357344
DNAAF5,-0.0003024351379256
SUGP2,-0.00030279545903205
CELSR1,-0.0003030277192990744
ZNF718,-0.00030318974297365
SLC16A1-AS1,-0.00030330406782764997
TUT4,-0.0003035778491945184
ZC2HC1A,-0.0003040068594659577
ZNF146,-0.0003040372794076429
OXCT1,-0.00030464600775025
PRTFDC1,-0.0003047323997622
ME2,-0.00030495497846945
ROR1,-0.0003052987079832255
SOX5,-0.00030544867770695
TAF1,-0.00030548079848135
PIGL,-0.00030558993037775
FKBP10,-0.00030560278387575
TTC3,-0.00030564790244105
PABPC4,-0.00030566714498415004
SKA2,-0.0003057316944925
RCN2,-0.00030582033438165
RSRC1,-0.0003058508989348
STT3B,-0.00030596291538925003
JPX,-0.00030604020389435
ADAMTS6,-0.0003061926080907
VAV3,-0.00030629854166725
GPI,-0.00030638117915135
SLC25A17,-0.00030657263778439996
RCCD1,-0.0003067233392356
DDB2,-0.0003072041972041
DNA2,-0.00030721618158155
ABCC4,-0.00030781597963495705
FGGY,-0.0003083962669345
CHSY3,-0.00030868565691684997
PDCD11,-0.00030948906969205
EYA2,-0.0003095449640959
RBBP7,-0.0003095504129184
TTK,-0.00030959576030365
G2E3,-0.00030970570872145
TTC27,-0.00030977534104565
ADGRA3,-0.00031003171503125003
ENOSF1,-0.00031008003031865
EFCAB11,-0.000310084353956
IFT140,-0.00031033089671185
IQSEC1,-0.00031042351881835
SHPRH,-0.0003104828276384
WNK2,-0.00031052755450105
PLK1,-0.0003105886358077
PLXND1,-0.0003108235777684
DTNB,-0.00031128931677595
ZCCHC7,-0.0003113608757981
RAD50,-0.00031139363537315
ODF2,-0.00031156863490945
TSC22D1,-0.00031164662255935
INTS10,-0.00031167622236769456
CHEK1,-0.0003121302018837
RASSF8,-0.00031216892269894463
NFATC3,-0.00031218730623164997
WDR35,-0.0003125927496223
CCDC171,-0.00031262779983915
RGS3,-0.00031286498041460003
LARP1,-0.00031306114214935
WWTR1,-0.0003130975388084964
TARBP1,-0.0003134432044250382
RNASEH2B,-0.0003137211323669
PRKRIP1,-0.00031375305598555
POLE2,-0.000313832355822
ECT2,-0.00031387494664255
MBTD1,-0.0003140663292982
SREK1,-0.00031453365517605
CDCA7,-0.00031485579901535
NAA25,-0.0003149206040659489
SCAI,-0.0003153765393953
FRMD4A,-0.0003154501283511
IPO5,-0.00031550631098895
C2CD5,-0.0003156365076276
LRRK1,-0.00031606056442854997
TAF15,-0.0003164668811677
SENP6,-0.0003165440331681
EIF3B,-0.00031665321319095
DNAJC11,-0.00031674917924835
CAMKMT,-0.00031679607173445
SAMD12,-0.0003168699570585
ENTPD1-AS1,-0.00031703151005724997
WDR90,-0.00031724374695415
DDX55,-0.00031731733066240003
CENPI,-0.00031733266776940003
PTTG1,-0.0003175339702236
HIF1A,-0.0003175910836384083
STIL,-0.00031764904400155
PTDSS1,-0.00031849588341325
IPO9,-0.0003186667906145
KATNAL1,-0.00031907635534085
NPRL3,-0.0003197708813636
KIF22,-0.0003199482464896
TTBK2,-0.0003200219079651774
FGFR1OP,-0.00032006464982445
HJURP,-0.00032010853902020005
NDUFV1,-0.00032028235165580004
SMC2,-0.0003203310620823
THBS1,-0.00032051871831014996
CDK5RAP2,-0.00032071533597235
CDKAL1,-0.00032099721608515
LAMTOR5-AS1,-0.00032111492358859997
TBC1D4,-0.0003211366476823
CCAR1,-0.00032118625030485
TMEM245,-0.0003212801021328
TICRR,-0.00032149747930535
TSEN2,-0.00032150901376720004
NUP153,-0.0003215294457024
CCDC34,-0.00032167292511469997
TP53,-0.00032226767660425
KIAA1328,-0.0003228178103228
MRPS25,-0.00032352179165435
IGFBP7,-0.00032405094097939997
PRH1,-0.00032419285051150004
WDR62,-0.000324264656384
FRY,-0.0003244230626087
ANKH,-0.00032480864298960004
TBC1D19,-0.00032493656005265004
HERC2,-0.0003251884969652
ERCC8,-0.00032604111875810004
HMGB2,-0.0003263184326474
ZNHIT6,-0.00032659974038330003
DUT,-0.0003266567015239
SOGA1,-0.00032666312478174997
IVD,-0.00032708382720355
TANC2,-0.0003271014870468255
TRIM44,-0.00032736100777415
CPLANE1,-0.000327812495683243
CACNA1D,-0.0003279171163086
UBE2G2,-0.00032811055072975
CENPJ,-0.00032843037968334997
ITFG2,-0.0003284503160028
HLTF,-0.00032871454460165004
PIF1,-0.0003288303565703
ATF7IP,-0.00032898722972540004
RPGRIP1L,-0.0003289931127416388
MAML2,-0.0003292142489326348
ZRANB3,-0.0003304223350629
PDK3,-0.00033054696851605
SLC39A10,-0.00033071550863405
MYBL2,-0.00033075308944680005
GTSE1,-0.0003308124053749
ATAD5,-0.0003309691071944
PKD2,-0.00033126954428715
CHTF18,-0.00033157879683989996
USP48,-0.00033180994484335
LDLRAD3,-0.00033240816353965
CEP83,-0.00033242497238095
COL1A1,-0.0003327101750607
TK1,-0.000333213908551
PCM1,-0.0003334762856204
ENAH,-0.00033353691854235
CAD,-0.00033375385350345
PPM1L,-0.00033385817885045
NBEA,-0.0003340141620627
LARS,-0.00033405322222364997
LRP8,-0.000334068885138
CNNM2,-0.0003345138301033
PCLAF,-0.0003347523272808
BUB1,-0.00033559924442975
WDHD1,-0.0003359612205693
VRK1,-0.0003365302704472
SRGAP2,-0.0003367656999173
TASOR2,-0.00033701907192145
FANCM,-0.00033773971996055
TRAF5,-0.0003377980621658
RERE,-0.0003382091535448
PIBF1,-0.00033832010183474997
MGME1,-0.0003385152567718
KAT2A,-0.00033859891889055
PAPSS2,-0.00033886394796885
ILF3,-0.00033899697482005003
PRMT3,-0.0003391318683869
DCBLD1,-0.00033936149917246
ETV1,-0.00033964656053285
RHOBTB3,-0.0003397171042913
UBE2T,-0.00034003472204285
KLHL22,-0.00034017860273305
SMC1A,-0.0003403222590206
NDUFAF6,-0.0003404471024697
NASP,-0.0003405715552748
BCL11A,-0.00034087689282315
COX10-AS1,-0.00034103105469740003
CD44,-0.0003410415389934
KPNA2,-0.00034252446529070004
PDE7A,-0.0003425763599442
UBE3C,-0.00034264519969710004
ZNF280D,-0.0003431342496218
CSPP1,-0.0003432151725409
SLF1,-0.00034388438662605
CCDC14,-0.0003440420650171
UBE3D,-0.00034415682568374997
MIS18BP1,-0.0003441945794414
MTR,-0.00034434440749855
TAF1D,-0.0003443975890369
NUP85,-0.0003444886907778
CIP2A,-0.00034454565415740004
NCAPH,-0.00034467036000035
NEIL3,-0.0003447517469855
CEP55,-0.00034496744476685004
RGS7,-0.00034544191161177743
PTPRM,-0.00034602179182115006
MCPH1,-0.0003462198002741
LRMDA,-0.00034647904079699216
CEP250,-0.0003465626857234
CRLS1,-0.00034719356052275005
SRFBP1,-0.00034791141877350005
ALMS1,-0.00034801011235219997
FUS,-0.0003483546568993
TMEM131L,-0.00034848662019245
AHI1,-0.0003495433430018
MECOM,-0.00034960159688405
NFIC,-0.00034998528198415
HDAC4,-0.00035007094017615
C19orf48,-0.0003501715512205
HELLPAR,-0.000350434000418
EBPL,-0.00035060008486205
WDR43,-0.0003511345532893
COL27A1,-0.00035180514888675
SCAPER,-0.0003518647421318
PRKAR1B,-0.0003520300917164
DPH6,-0.0003524810109046
CCNL2,-0.00035262349710629996
IFT80,-0.00035269093787835
RAD51B,-0.00035304261431065
CEP295,-0.00035416282688405
RNF216,-0.00035428460073009995
DLGAP5,-0.0003544037843737
MSH2,-0.0003546235412787
ENO1,-0.0003550923522571
CEP152,-0.0003551859920197
SULT1A1,-0.00035522460182515
LDB2,-0.00035598896574775
CUEDC1,-0.00035600401515795
USP13,-0.000356453351477697
LUC7L,-0.0003564812143972
SPG7,-0.00035655501742705
FAM168A,-0.00035665707475025
ANAPC1,-0.00035685546078774997
NCAPD3,-0.00035719206608615
DLEU2,-0.00035771953883395
LIG1,-0.00035802429074585
KANTR,-0.0003583510888169
STAG1,-0.00035891414340275
TMEM67,-0.00035929425324845
E2F7,-0.00035957934409975
ZNF337-AS1,-0.00035978458590295667
BBS9,-0.0003600892759792
CCDC138,-0.0003603467823693
KIF15,-0.00036052465251355
NR2F2-AS1,-0.00036152769535715
INCENP,-0.0003618845852068
MYB,-0.0003622220257414
CTPS1,-0.00036230991956495
CCNF,-0.00036243723995499995
MELK,-0.0003625657200625
SH3BGRL,-0.0003628811165527
FANCA,-0.00036371625977165
CCDC150,-0.0003639198176857
MYO19,-0.00036396135597610004
TGFBR2,-0.0003642876674307
SPECC1L,-0.00036442414611195
ARMC9,-0.000364765108030172
NFIB,-0.0003648386984676
BCL2,-0.00036485087293515
TASP1,-0.0003655401558635
MRPS27,-0.00036580200500959997
SYCP2,-0.00036600050034885003
LYRM4,-0.0003661613118925
FARP1,-0.00036620388773835
KIF23,-0.0003662514496583
ANKRD36,-0.0003664151069999
MTHFD1,-0.00036670786913885
ARHGAP11A,-0.00036680374870919996
KNTC1,-0.00036726778492325
LMNB1,-0.0003677133203158
TACC3,-0.00036933055671895
NUCKS1,-0.0003695285419983
BLM,-0.0003699589350662
PUS7,-0.0003700363058078
TRAP1,-0.00037060876602045
DIS3L2,-0.0003712417351842
PRC1,-0.00037157138930385
OIP5,-0.00037158055545425
XRN2,-0.0003719632862442771
DDX11,-0.0003724498314816
ESF1,-0.00037273264203554996
WDR27,-0.00037282190850619997
NCAPD2,-0.00037284473561335
RBM26,-0.00037304032635405
RFC3,-0.0003733002137379
MTBP,-0.00037338604724405
CEP290,-0.00037340150512780003
NDC1,-0.000373509333401
CEP170,-0.000373818567972582
RNFT2,-0.00037478385989725004
SRSF6,-0.000376046137474
BRCA2,-0.00037640659308755
BNC2,-0.00037716425401288157
CTSC,-0.00037746194538994997
DNMT1,-0.00037750442964629995
GOLIM4,-0.00037805443154445
EHBP1,-0.0003796972896359208
NCAPG2,-0.00037979458882075
DEPDC1,-0.00038022056385399996
CHRM3,-0.0003803135382392
STARD13,-0.0003806773064717793
CLEC2D,-0.00038126403214150005
RACGAP1,-0.00038130237740655
CDCA2,-0.0003815290449456
SRSF11,-0.00038167193233830003
REV3L,-0.0003828049976093
KIF2C,-0.0003828222758262
PLCH1,-0.00038351261433675
CDK1,-0.00038367966580180003
AIG1,-0.00038378409597920003
KIF14,-0.00038539025075365
ME3,-0.00038552794726990356
POLA1,-0.00038558946969975
TBC1D31,-0.00038577376966535
BIRC5,-0.0003863164241121
NUF2,-0.00038672009932155
UBE2C,-0.00038693748748850005
LRPPRC,-0.00038704863472575
MCM8,-0.0003871423875324
CBX5,-0.00038722276953375
EZH2,-0.00038741373168925
ANKRD26,-0.0003874186789886
STMN1,-0.00038856045304645
ERI3,-0.00038862232117635
MDN1,-0.00038964364451324996
HELLS,-0.00039089030044475
WDR70,-0.00039114156767550005
GAS2L3,-0.0003913331612646
TTC28,-0.000391506292982
FANCB,-0.00039193998236935004
PTMA,-0.00039233452853564997
CCNB1,-0.00039427929997035
NAP1L1,-0.00039539439129234995
HMGB1,-0.00039542828891315
CENPE,-0.00039580345452685
KIF11,-0.00039632128381070003
POFUT1,-0.00039675141299155
FARSB,-0.00039709433562234997
GINS1,-0.00039870437810995003
ZHX3,-0.0003989584916381
YLPM1,-0.00039900271749805
ALG8,-0.00040044920613695
ALDH7A1,-0.00040119967111635
UGGT2,-0.0004029482559262
HP1BP3,-0.00040310513418960003
XPO4,-0.0004034504006413
ATP1B1,-0.0004037564567158
FAM83D,-0.0004040969187706
SETBP1,-0.00040446026430505
DDX10,-0.0004046557546786
SNX5,-0.00040499405654295
SNRNP70,-0.00040525257307175004
IMMP2L,-0.00040579449237000003
BRIP1,-0.0004079807127465
ST3GAL6,-0.00040893203279495
PHF20,-0.00040923614965695
LRIG3,-0.000409709555855
VWA8,-0.00040997231229305
HIP1,-0.00041036633583845
CABIN1,-0.0004103991905969
MLEC,-0.0004104624575584
FANCI,-0.0004130329202889
HMMR,-0.00041365370546620004
PHF14,-0.00041376807641345
PLEKHA5,-0.00041389798269554997
BRCA1,-0.0004143401668381
LUC7L3,-0.0004147882293242
CFTR,-0.00041530519935815003
ATR,-0.00041560302433345
TMPO,-0.00041758151265235
RPTOR,-0.00041790352733395
ZNF519,-0.0004179035973394
TUBB,-0.0004181960550929
HMGN2,-0.0004185942611482
SLC4A7,-0.0004204704156305
FOXM1,-0.00042059995896034995
ACACA,-0.0004230400102527
CDC25C,-0.0004242580186097
EIF2B3,-0.00042438000077385003
TBC1D5,-0.00042629778397472115
RBM6,-0.0004263983276391
RRM2,-0.0004267763201478
MMS22L,-0.00042694068594825
ASXL1,-0.00042912176325814996
SPATS2,-0.000429425383396
CKAP5,-0.00042959146908249995
KIF20B,-0.0004298075966627
C7orf50,-0.0004298330335056
APOLD1,-0.0004302783412854
PIGR,-0.000430287702227
TTI1,-0.00043070190198605
ZNRF3,-0.00043099374168495
SMAD6,-0.00043111933001970003
FOXP1,-0.00043154254729355003
CNTLN,-0.00043156943582505
NUBPL,-0.0004324003158016
PBX1,-0.00043340783359869996
SULF2,-0.00043492241069915006
PRR11,-0.00043534102977624994
DCBLD2,-0.00043681904884540094
HMGN3,-0.0004372510183187
CENPF,-0.00043729463717845
BUB1B,-0.0004392549173845
SPIDR,-0.0004404565036566
RANBP17,-0.00044096075674815
KNL1,-0.00044107151246410004
PBX3,-0.00044391036586055
POLQ,-0.0004446475416078
KIF4A,-0.0004460240839277
AURKA,-0.00044701593130335
RBL1,-0.00044727049260565
ANAPC5,-0.0004496262522615
NARS2,-0.00045056254531189997
KIAA1324,-0.00045094684442475
CEP112,-0.0004536829446854
ADNP,-0.00045375331139890004
PTPRK,-0.00045443810275375
ASPM,-0.00045572147995925
ARHGEF28,-0.00045588421765615
NOP58,-0.0004572091079673
CKAP2,-0.0004575063750524
FTO,-0.0004607423198473
CCDC57,-0.0004608069185582
SCFD2,-0.00046146557298
TBCD,-0.0004624559997671
CMSS1,-0.00046360038321539994
ITGB3BP,-0.0004650938001029
NSD2,-0.00046702355212105
KIF18B,-0.0004673193042758
CCDC18,-0.0004685846600249
CDK6,-0.00046864783133325
GPHN,-0.00046899844347714995
ANLN,-0.00047095367921265
PUM3,-0.00047123054411170003
SGO2,-0.00047165979042575
RAB11FIP3,-0.00047185266140560003
CENPP,-0.0004718540323397
RBMX,-0.00047251012475145004
CEP192,-0.0004733760547381
MAP2K6,-0.00047390528157189996
SLC25A37,-0.0004756803009699841
CCDC88A,-0.00047637453074845
THADA,-0.00047715286358435
PMS1,-0.00047762800799174996
KIF18A,-0.00047914941024245
ST3GAL3,-0.0004802600730898
EPHB2,-0.00048476441636565
CENPK,-0.000485353272613
ARHGAP11B,-0.0004858792088539
NOP56,-0.00048633558471315003
PROM1,-0.0004872025295320035
DYNC2H1,-0.00048752628274285003
ATAD2,-0.00048885133397135
HNF1A-AS1,-0.0004929180473512999
CEP128,-0.0004931756238616
CDK14,-0.00049357736968505
TM7SF3,-0.00049362091287545
SDCCAG8,-0.000498818384357694
NUSAP1,-0.00049937418907575
FARS2,-0.0004996738091759499
ATXN10,-0.00050059417210165
KLHL42,-0.0005015028018862
CIT,-0.0005037914752526
TPX2,-0.0005050159980056501
C21orf58,-0.0005055799652878
PARPBP,-0.0005082065177426
DIAPH3,-0.00050908144050725
NDC80,-0.0005094053293887
SMC4,-0.0005124791302924499
CHD6,-0.00051266006640615
CD74,-0.00051524761479875
COA1,-0.0005166290642764999
CSE1L,-0.00051747964113405
FCHSD2,-0.00051770384220455
BICD1,-0.00051942453407655
SLC12A2,-0.00052738248213235
MKI67,-0.0005340170058258
TNS3,-0.0005390120458777
SMYD3,-0.0005405981740569
R3HDM1,-0.00054458147828665
ITPR2,-0.0005490471797935
DOCK4,-0.00055113841190095
LAMB1,-0.0005598704012424499
ATM,-0.00056131489133375
PRKDC,-0.00057659767718265
MPHOSPH9,-0.0005829611398124499
SYNE2,-0.0005854617206634
NFIA,-0.0005856285977865
PVT1,-0.0006006212984939
TOP2A,-0.0006187742433953
WWOX,-0.0006487491851836
FAF1,-0.0006508495921219
HMGA2,-0.0006595952795867
